wsd_source_id,exp_runoff_change,exp_runoff_model_agree,exp_runoff_timing_change,exp_runoff_timing_change_model_agree,exp_precip_change,exp_precip_model_agree,exp_precip_timing_change,exp_precip_timing_change_model_agree,exp_inundation_slr,exp_swi,exp_storm_surge,exp_fire_prob_change,exp_fire_model_agree,exp_drought_change,exp_drought_model_agree,exp_nearby_use_change,exp_nearby_use_model_agree,exp_temp_change,exp_auc_change,sen_visitation_trend,sen_competition,sen_wildfire_hazard,sen_flood_risk,sen_inundation_current,sen_runoff_trend,sen_precip_trend,sen_drought_trend,sen_temp_trend,sen_source_type,sen_auc_change
ABLI_WS_002_01,-18.023656862934686,70.83333333333333,12.050303452234626,0.7222222222222222,-5.132017541297637,34.72222222222222,42.558752701906045,0.7916666666666666,NA,NA,NA,74.49895215583535,100,-0.8345180883614889,82.85714285714286,61.15312223997081,100,3.284794206165401,0.00449010878978315,-1.0161012099104634,2.3064450737543367e-4,0,9.574318763836793,NA,1.617561103105546,2.842246521843799,0.00513617067528116,-0.01472596264390091,4.37963724136353,0.04381252186903899
ACAD_WS_001_01,-10.391117247395504,37.5,45.082026459789745,1,-5.578466617344954,27.77777777777778,29.918016070662112,0.7361111111111112,1.0955365982528065,1,0.14696390502283413,75.44913493961704,100,-0.6231447950706535,61.42857142857143,75.45139462422848,100,3.540257226703938,0.00499148063383261,1.1528152931937987,-2.069283413716341e-4,0,16.420476521352445,67.2987211515279,5.349990827065928,6.805156359596855,0.02340130149803885,0.05003187391493052,3.04900002479553,0.05215780881030018
ACAD_WS_002_01,-10.757425646923856,40.27777777777778,40.17260362292417,1,-5.197598322352367,29.166666666666668,30.34621096334093,0.6944444444444444,0.3050133636115646,0.2560227043411323,0.15612602734777106,75.44913493961704,100,-0.6660298843991267,62.857142857142854,75.45139462422848,100,3.4985198525117713,0.00446574942993866,1.1528152931937987,-2.069283413716341e-4,0,12.975423289771584,71.19378951684695,2.2924125106246387,3.0071767807006835,0.01423250220306478,0.05439166688082503,3.35139989852905,0.05342703332948315
ACAD_WS_003_01,-10.242827568501164,40.27777777777778,41.05362730165004,1,-5.014286594636295,27.77777777777778,30.27456802955953,0.6805555555555556,0.094178356264365,0.12096659690284116,0.1395839744837298,75.44913493961704,100,-0.6020427391594209,62.857142857142854,75.45139462422848,100,3.6122789551173504,0.00475457008724955,1.1528152931937987,-2.069283413716341e-4,0,7.781206849315328,35.84336045789504,4.231109908132836,4.236560821533203,0.021220938528953,0.05620471636454249,13.8702001571655,0.05262744843673135
ACAD_WS_004_01,-10.26713647263333,38.888888888888886,44.51647197537322,1,-5.432185213518645,27.77777777777778,29.83748135785381,0.7222222222222222,0.17181758754943388,0.03079842149565439,0.13856151545221398,75.44913493961704,100,-0.6121451740677255,61.42857142857143,75.45139462422848,100,3.5823514917275663,0.00509711743556372,1.1528152931937987,-2.069283413716341e-4,0,11.1482208557577,24.042502380130728,4.954504591045954,5.20095505673661,0.0212521400080437,0.05295096503363713,3.06324005126953,0.0520939498058633
ACAD_WS_005_01,-10.242827568501164,40.27777777777778,41.05362730165004,1,-5.014286594636295,27.77777777777778,30.27456802955953,0.6805555555555556,0.03675104392415163,0.00702145909874078,0.10631149058657637,75.44913493961704,100,-0.6020427391594209,62.857142857142854,75.45139462422848,100,3.6122789551173504,0.00475457008724955,1.1528152931937987,-2.069283413716341e-4,0,1.927041862053681,2.9605064478119822,4.231109908132836,4.236560821533203,0.021220938528953,0.05620471636454249,14.783899307251,0.05262744843673135
ACAD_WS_006_01,-10.242827568501164,40.27777777777778,41.05362730165004,1,-5.014286594636295,27.77777777777778,30.27456802955953,0.6805555555555556,0.07053660533790662,0.01868049669355435,0.15010967685970628,75.44913493961704,100,-0.6020427391594209,62.857142857142854,75.45139462422848,100,3.6122789551173504,0.00475457008724955,NA,-2.069283413716341e-4,NA,NA,32.939020957547534,4.231109908132836,4.236560821533203,0.021220938528953,0.05620471636454249,14.783899307251,0.05262744843673135
ACAD_WS_007_01,-10.79130379360643,38.888888888888886,34.60381145258684,1,-5.172766352550933,27.77777777777778,30.269122861026013,0.7083333333333334,0.1006026040927086,0.02161037686205064,0.14143437133276365,75.44913493961704,100,-0.5780589348526716,60,75.45139462422848,100,3.622826925505208,0.00369336180780461,1.1528152931937987,-2.069283413716341e-4,0,13.931625971255542,14.158257614626086,5.364539692367336,5.6154712888929454,0.0226803726483632,0.05202020715784146,60.96,0.05391391051389507
ACAD_WS_008_01,-10.242827568501164,40.27777777777778,41.05362730165004,1,-5.014286594636295,27.77777777777778,30.27456802955953,0.6805555555555556,0.08056594890156532,1,0.14587519730796908,75.44913493961704,100,-0.6020427391594209,62.857142857142854,75.45139462422848,100,3.6122789551173504,0.00475457008724955,1.1528152931937987,-2.069283413716341e-4,0,6.271401320675246,51.6816989427704,4.231109908132836,4.236560821533203,0.021220938528953,0.05620471636454249,5.48820018768311,0.05262744843673135
ACAD_WS_009_01,-10.242827568501164,40.27777777777778,41.05362730165004,1,-5.014286594636295,27.77777777777778,30.27456802955953,0.6805555555555556,0.07193931719047697,0.01702506768473473,0.15218579965565046,75.44913493961704,100,-0.6020427391594209,62.857142857142854,75.45139462422848,100,3.6122789551173504,0.00475457008724955,1.1528152931937987,-2.069283413716341e-4,0,12.937325811440736,30.02340841935608,4.231109908132836,4.236560821533203,0.021220938528953,0.05620471636454249,14.783899307251,0.05262744843673135
ACAD_WS_010_01,-10.531409625418831,41.666666666666664,39.78974406726119,1,-5.161243782776633,29.166666666666668,30.62400096425172,0.7222222222222222,0.38063571293438514,0.9591049662154418,0.15877554880415173,75.44913493961704,100,-0.6326944579975665,62.857142857142854,75.45139462422848,100,3.535283118593222,0.00449628525785441,1.1528152931937987,-2.069283413716341e-4,0,16.814395519503343,41.31104360342817,2.852094083050494,3.2980877205177572,0.01687444530973091,0.05597393922131469,5.01266431808472,0.05339529275148669
ACAD_WS_012_01,-9.658591700272568,40.27777777777778,46.42477313231322,1,-5.981909836328613,27.77777777777778,34.57826331378926,0.6527777777777778,0.19662285261391332,0.26090364073891875,0.15187746048905926,75.44913493961704,100,-0.6393597348037953,62.857142857142854,-37.60965267894629,0,3.344588053910109,0.00522571227206488,1.1528152931937987,-5.099787167472023e-4,0,68.8456706032316,67.48251469331879,3.6171643575032553,3.3453956180148663,0.03489904046814342,0.02748324076334647,3.04850006103516,0.05098596312520269
ACAD_WS_013_01,-9.5312810317182,38.888888888888886,44.816207859358315,1,-5.942495133992117,27.77777777777778,34.04714513955027,0.6527777777777778,0.3468089628272608,0.27306008967421225,0.15217186146953104,75.44913493961704,100,-0.6334140910017377,62.857142857142854,-37.60965267894629,0,3.3874110291691455,0.00472795002027055,1.1528152931937987,-5.099787167472023e-4,0,57.25378148598279,56.43200511612005,6.27226000565749,6.044530356371847,0.03586775664995037,0.02816123466987117,8.5344,0.05141764799652926
ACAD_WS_014_01,-10.253708573995343,38.888888888888886,46.56101502448249,1,-5.36910083653065,27.77777777777778,30.15612278427689,0.7083333333333334,0.7469036116275447,1,0.14743103921774717,75.44913493961704,100,-0.6180174310687133,61.42857142857143,75.45139462422848,100,3.5795003583476426,0.00527548828723081,1.1528152931937987,-2.069283413716341e-4,0,22.376296110214824,80.43453437262468,3.86643553059003,3.762750390976196,0.01970088611464678,0.05321838742210749,2.74160003662109,0.05179601903417311
ACAD_WS_015_01,-10.330325829013509,38.888888888888886,39.03814428070945,1,-5.104490505646577,27.77777777777778,30.100445287913445,0.6805555555555556,0.05920126432596362,0.01072999839209795,0.13120029437199468,75.44913493961704,100,-0.6022839108141539,61.42857142857143,75.45139462422848,100,3.620859065695809,0.00448031766587309,1.1528152931937987,-2.069283413716341e-4,0,4.491131495855423,5.101346316641752,4.834406930157264,4.87985470854206,0.02136036347923401,0.05502467685275636,14.783899307251,0.05298205858354174
ACAD_WS_016_01,-10.330325829013509,38.888888888888886,39.03814428070945,1,-5.104490505646577,27.77777777777778,30.100445287913445,0.6805555555555556,0.06474639055196896,0.01144870095945887,0.13185990759756164,75.44913493961704,100,-0.6022839108141539,61.42857142857143,75.45139462422848,100,3.620859065695809,0.00448031766587309,1.1528152931937987,-2.069283413716341e-4,0,5.158001467046894,6.959411170179941,4.834406930157264,4.87985470854206,0.02136036347923401,0.05502467685275636,14.783899307251,0.05298205858354174
ACAD_WS_017_01,-10.330325829013509,38.888888888888886,39.03814428070945,1,-5.104490505646577,27.77777777777778,30.100445287913445,0.6805555555555556,0.06025171543265895,0.0108153366781955,0.1312486252264949,75.44913493961704,100,-0.6022839108141539,61.42857142857143,75.45139462422848,100,3.620859065695809,0.00448031766587309,1.1528152931937987,-2.069283413716341e-4,0,4.564663391790372,5.392797397781416,4.834406930157264,4.87985470854206,0.02136036347923401,0.05502467685275636,14.783899307251,0.05298205858354174
ACAD_WS_018_01,-10.330325829013509,38.888888888888886,39.03814428070945,1,-5.104490505646577,27.77777777777778,30.100445287913445,0.6805555555555556,0.01192172746342612,0.00994285042429213,0.13579839352263418,75.44913493961704,100,-0.6022839108141539,61.42857142857143,75.45139462422848,100,3.620859065695809,0.00448031766587309,1.1528152931937987,-2.069283413716341e-4,0,1.6918108434817776,0.5777177029594153,4.834406930157264,4.87985470854206,0.02136036347923401,0.05502467685275636,6.09999990463257,0.05298205858354174
ACAD_WS_020_01,-10.447126593828154,41.666666666666664,41.122521096319126,1,-5.013156533460077,27.77777777777778,30.343987718725597,0.7083333333333334,0.09232098777440712,0.0442465742138112,0.1554805033814054,75.44913493961704,100,-0.6111442475559945,62.857142857142854,75.45139462422848,100,3.5830189052509525,0.00477552493686946,1.1528152931937987,-2.069283413716341e-4,0,7.085122330134322,51.66881736725066,3.7646806646276447,3.5315072044493667,0.01943494890817036,0.05455543881370905,13.8702001571655,0.05281162686605953
ACAD_WS_021_01,-10.447126593828154,41.666666666666664,41.122521096319126,1,-5.013156533460077,27.77777777777778,30.343987718725597,0.7083333333333334,0.09232037332602516,0.04352711538741182,0.15547918474482664,75.44913493961704,100,-0.6111442475559945,62.857142857142854,75.45139462422848,100,3.5830189052509525,0.00477552493686946,1.1528152931937987,-2.069283413716341e-4,0,7.077884095003744,51.52096311152808,3.7646806646276447,3.5315072044493667,0.01943494890817036,0.05455543881370905,13.8702001571655,0.05281162686605953
ACAD_WS_022_01,-10.757425646923856,40.27777777777778,40.17260362292417,1,-5.197598322352367,29.166666666666668,30.34621096334093,0.6944444444444444,0.24922564181267148,0.5251787708199573,0.15785089954468973,75.44913493961704,100,-0.6660298843991267,62.857142857142854,75.45139462422848,100,3.4985198525117713,0.00446574942993866,1.1528152931937987,-2.069283413716341e-4,0,10.301133100780795,78.91190882829133,2.2924125106246387,3.0071767807006835,0.01423250220306478,0.05439166688082503,3.35139989852905,0.05342703332948315
ACAD_WS_023_01,-10.56844306221997,41.666666666666664,36.04975340261529,1,-5.129785273218866,29.166666666666668,30.811154791441417,0.7083333333333334,0.3389501013576144,0.20421882448941445,0.15415717908428972,75.44913493961704,100,-0.623082493557432,62.857142857142854,75.45139462422848,100,3.5442171073539086,0.00407045493782951,1.1528152931937987,-2.069283413716341e-4,0,16.66779422942509,27.458539299257563,4.097601940429286,5.533666865030932,0.01556694307500672,0.056227479157624403,6.09600019454956,0.05396744213737992
ACAD_WS_024_01,-10.742269049385948,38.888888888888886,36.915978825653504,1,-5.293350511339826,27.77777777777778,30.101329029002653,0.7222222222222222,0.18390510675848049,0.45894955247918806,0.14605963360713717,75.44913493961704,100,-0.5983052380820648,60,75.45139462422848,100,3.583992061839073,0.00388318135555428,1.1528152931937987,-2.069283413716341e-4,0,11.1963396856033,35.74244112218115,6.018617219971,7.396883328755696,0.02584765335623605,0.0498925354255081,2.58485198020935,0.05359403524372948
ACAD_WS_026_01,-10.242827568501164,40.27777777777778,41.05362730165004,1,-5.014286594636295,27.77777777777778,30.27456802955953,0.6805555555555556,0.0689725848368532,0.01386488483989781,0.1525846051541767,75.44913493961704,100,-0.6020427391594209,62.857142857142854,75.45139462422848,100,3.6122789551173504,0.00475457008724955,1.1528152931937987,-2.069283413716341e-4,0,5.670365483738065,26.531377536431304,4.231109908132836,4.236560821533203,0.021220938528953,0.05620471636454249,147.5232,0.05262744843673135
ACAD_WS_027_01,-10.330325829013509,38.888888888888886,39.03814428070945,1,-5.104490505646577,27.77777777777778,30.100445287913445,0.6805555555555556,0.1462526268069908,0.16071048592684217,0.14651223886787546,75.44913493961704,100,-0.6022839108141539,61.42857142857143,75.45139462422848,100,3.620859065695809,0.00448031766587309,1.1528152931937987,-2.069283413716341e-4,0,12.937325811440736,15.083334047936612,4.834406930157264,4.87985470854206,0.02136036347923401,0.05502467685275636,3.06324005126953,0.05298205858354174
ACAD_WS_028_01,-10.26713647263333,38.888888888888886,44.51647197537322,1,-5.432185213518645,27.77777777777778,29.83748135785381,0.7222222222222222,0.18267022530394783,1,0.14794790395245572,75.44913493961704,100,-0.6121451740677255,61.42857142857143,75.45139462422848,100,3.5823514917275663,0.00509711743556372,1.1528152931937987,-2.069283413716341e-4,0,12.937325811440736,26.52192638200386,4.954504591045954,5.20095505673661,0.0212521400080437,0.05295096503363713,3.06324005126953,0.0520939498058633
ACAD_WS_029_01,-11.075067346836926,41.666666666666664,31.43711236126837,1,-4.889273784558861,27.77777777777778,31.215063209047766,0.7083333333333334,2.3560703663798197,0.02508603965384924,0.15459956939179062,75.44913493961704,100,-0.5847258578447516,62.857142857142854,75.45139462422848,100,3.64088661743796,0.0034861172492864,1.1528152931937987,-2.069283413716341e-4,0,12.937325811440736,15.860723438539988,5.147530651092529,5.5244327121310715,0.02253615279142762,0.05573513976529128,15.2399997711182,0.05416964022054949
ACAD_WS_030_01,-10.907534656203294,40.27777777777778,27.27140461034226,1,-4.939204036332223,27.77777777777778,31.696504296199617,0.7222222222222222,0.9923854069630096,0.45351559483178,0.1592193799911177,75.44913493961704,100,-0.5667077889328531,60,75.45139462422848,100,3.6409544041791992,0.00268265137924733,1.1528152931937987,-2.069283413716341e-4,0,15.168462425855022,40.09285609031333,5.418223186775492,6.371430291069878,0.02553260419118028,0.05452583662045557,32.9184,0.05501096660856177
ACAD_WS_030_02,-10.907534656203294,40.27777777777778,27.27140461034226,1,-4.939204036332223,27.77777777777778,31.696504296199617,0.7222222222222222,0.9923854069630096,0.45351559483178,0.1592193799911177,75.44913493961704,100,-0.5667077889328531,60,75.45139462422848,100,3.6409544041791992,0.00268265137924733,1.1528152931937987,-2.069283413716341e-4,0,15.168462425855022,40.09285609031333,5.418223186775492,6.371430291069878,0.02553260419118028,0.05452583662045557,21.9456,0.05501096660856177
AGFO_WS_001_01,-27.361007643079873,55.55555555555556,12.485223553044818,0.8888888888888888,-9.971423090422034,51.388888888888886,14.99948152906642,0.8055555555555556,NA,NA,NA,33.77827120262041,97.5,-1.4221447487989272,98.57142857142856,-59.072695491678786,0,3.201171930355647,0.00663146605122603,-0.7292856003398404,-0.00276924438374016,0.30376163029011416,NA,NA,0.02895128473927102,0.00406635186028227,0.01195305743158544,0.00341875994646999,0,0.02059069842345306
AGFO_WS_002_01,-27.361007643079873,55.55555555555556,12.485223553044818,0.8888888888888888,-9.971423090422034,51.388888888888886,14.99948152906642,0.8055555555555556,NA,NA,NA,33.77827120262041,97.5,-1.4221447487989272,98.57142857142856,-59.072695491678786,0,3.201171930355647,0.00812984189176324,-0.7292856003398404,-0.00276924438374016,0.3036156030596461,NA,NA,0.02895128473927102,0.00406635186028227,0.01195305743158544,0.00341875994646999,6.71360397338867,0.01844346161414697
AGFO_WS_003_01,-27.361007643079873,55.55555555555556,12.485223553044818,0.8888888888888888,-9.971423090422034,51.388888888888886,14.99948152906642,0.8055555555555556,NA,NA,NA,33.77827120262041,97.5,-1.4221447487989272,98.57142857142856,-59.072695491678786,0,3.201171930355647,0.00812984189176324,-0.7292856003398404,-0.00276924438374016,0.15185858800343466,NA,NA,0.02895128473927102,0.00406635186028227,0.01195305743158544,0.00341875994646999,9.14200019836426,0.01844346161414697
AGFO_WS_004_01,-27.361007643079873,55.55555555555556,12.485223553044818,0.8888888888888888,-9.971423090422034,51.388888888888886,14.99948152906642,0.8055555555555556,NA,NA,NA,33.77827120262041,97.5,-1.4221447487989272,98.57142857142856,-59.072695491678786,0,3.201171930355647,0.00812984189176324,-0.7292856003398404,-0.00276924438374016,0.15185931090563468,NA,NA,0.02895128473927102,0.00406635186028227,0.01195305743158544,0.00341875994646999,43.891200000000005,0.01844346161414697
AGFO_WS_006_01,-27.361007643079873,55.55555555555556,12.485223553044818,0.8888888888888888,-9.971423090422034,51.388888888888886,14.99948152906642,0.8055555555555556,NA,NA,NA,33.77827120262041,97.5,-1.4221447487989272,98.57142857142856,-59.072695491678786,0,3.201171930355647,0.00812984189176324,-0.7292856003398404,-0.00276924438374016,0.30376163029011416,NA,NA,0.02895128473927102,0.00406635186028227,0.01195305743158544,0.00341875994646999,7.01000022888184,0.01844346161414697
ALFL_WS_001_01,-11.636384295994052,56.94444444444444,11.862266847319706,0.75,-13.707161016442592,83.33333333333333,12.183011041306113,0.8055555555555556,NA,NA,NA,20.804407387084385,72.5,-1.539424940455996,100,-31.550033960842615,0,3.295168526853427,0.00473554120462553,2.6631103681130996,-0.00123862969878359,93.6304123134425,NA,NA,-0.00946204720074849,-1.1465004107668135,-0.02021861484870505,0.00756951534386858,14.2536697387695,0.01601960394484614
ALPO_WS_003_01,-13.676434347082711,56.94444444444444,8.913214158819791,0.6111111111111112,-3.3349702254546503,18.055555555555557,53.17245067509267,0.7638888888888888,NA,NA,NA,62.4324505063456,100,-0.884321331648551,74.28571428571429,-24.13898745287508,0,3.4212860578277215,0.00378423967542845,0.7419199900243465,-0.00289380923542664,0,7.544351569710056,NA,2.2474020414882205,1.129949192941922,0.00367065577034323,0.01515100620411058,146.304,0.03593123965851894
AMIS_WS_001_01,-23.018556619533864,38.888888888888886,22.95656619791291,0.5972222222222222,-15.865230110756404,58.333333333333336,17.772959347461306,0.5416666666666666,NA,NA,NA,25.38735821956945,52.5,-1.1864292179635076,100,49.10492713878894,70,2.883295403728919,0.01099984473479847,-0.7213175477394087,-5.732683152067579e-5,0.15170593698854326,31.115667434959448,NA,0.34502958360734176,2.625592652878729,0.00543035065918894,0.02122797328684826,73.152,0.01532466306150107
AMIS_WS_002_01,-23.091834525087013,44.44444444444444,19.071150883964368,0.5138888888888888,-16.0837440870263,66.66666666666667,17.778233157111107,0.5694444444444444,NA,NA,NA,25.38735821956945,52.5,-1.2336529812728043,100,49.10492713878894,70,2.7968726334273697,0.00734775480904272,-0.7213175477394087,-5.732683152067579e-5,0,6.405020740788755,NA,0.1531618164606497,3.2147785807686917,0.00116004404248572,0.02576229896074385,152.4,0.01245583085124057
AMIS_WS_003_01,-24.707774649038956,40.27777777777778,23.44982708397856,0.6388888888888888,-16.28826006580105,56.94444444444444,18.067485521115746,0.5416666666666666,NA,NA,NA,25.38735821956945,52.5,-1.1435963775751847,98.57142857142856,49.10492713878894,70,2.8911744233195584,0.01018212315510355,-0.7213175477394087,-5.732683152067579e-5,0,45.75253122205106,NA,0.2579631520451136,2.202212351000202,0.00234771481660099,0.02850549687784185,119.72544,0.01435473515228577
AMIS_WS_004_01,-24.707774649038956,40.27777777777778,23.44982708397856,0.6388888888888888,-16.28826006580105,56.94444444444444,18.067485521115746,0.5416666666666666,NA,NA,NA,25.38735821956945,52.5,-1.1435963775751847,98.57142857142856,49.10492713878894,70,2.8911744233195584,0.01018212315510355,-0.7213175477394087,-5.732683152067579e-5,0,50.65293163054273,NA,0.2579631520451136,2.202212351000202,0.00234771481660099,0.02850549687784185,119.4816,0.01435473515228577
AMIS_WS_005_01,-24.707774649038956,40.27777777777778,23.44982708397856,0.6388888888888888,-16.28826006580105,56.94444444444444,18.067485521115746,0.5416666666666666,NA,NA,NA,25.38735821956945,52.5,-1.1435963775751847,98.57142857142856,49.10492713878894,70,2.8911744233195584,0.01018212315510355,-0.7213175477394087,-5.732683152067579e-5,0,66.80205225174502,NA,0.2579631520451136,2.202212351000202,0.00234771481660099,0.02850549687784185,126.7968,0.01435473515228577
ANDE_WS_002_01,-17.05505189972502,48.611111111111114,12.05842205412388,0.5972222222222222,-5.40096405548054,40.27777777777778,40.70338162658501,0.625,NA,NA,NA,38.90114143397416,100,-0.5545534097585141,64.28571428571429,225.088090128147,100,2.543254548266134,4.330914608172351e-4,-2.1582840373968697,-0.00110297349452248,62.196050909023384,4.761231279356492,NA,0.8894913975397742,5.259197154574931,0.01897269472767538,-0.00966813829210089,17.4484558105469,0.02994448508853262
ANTI_WS_001_01,-20.73346725066697,69.44444444444444,12.52851187754219,0.6388888888888888,-3.635001441262965,20.833333333333332,54.82664294110171,0.6944444444444444,NA,NA,NA,62.4324505063456,100,-0.8725909795681428,87.14285714285714,-31.523820245677964,0,3.42813782015914,8.541188800750485e-4,1.2479947765621742,0.00293246964312149,0,NA,NA,2.70176370938619,1.5436394214630127,0.01615268022451448,0.01757784242983195,13.7159996032715,0.04078362689169974
ANTI_WS_002_01,-20.73346725066697,69.44444444444444,12.52851187754219,0.6388888888888888,-3.635001441262965,20.833333333333332,54.82664294110171,0.6944444444444444,NA,NA,NA,62.4324505063456,100,-0.8725909795681428,87.14285714285714,-31.523820245677964,0,3.42813782015914,8.541188800750485e-4,1.2479947765621742,0.00293246964312149,0,NA,NA,2.70176370938619,1.5436394214630127,0.01615268022451448,0.01757784242983195,7.61999988555908,0.04078362689169974
ANTI_WS_003_01,-20.73346725066697,69.44444444444444,12.52851187754219,0.6388888888888888,-3.635001441262965,20.833333333333332,54.82664294110171,0.6944444444444444,NA,NA,NA,62.4324505063456,100,-0.8725909795681428,87.14285714285714,-31.523820245677964,0,3.42813782015914,8.541188800750485e-4,1.2479947765621742,0.00293246964312149,0,NA,NA,2.70176370938619,1.5436394214630127,0.01615268022451448,0.01757784242983195,16.7620010375977,0.04078362689169974
ANTI_WS_004_01,-21.845264572963018,70.83333333333333,11.669341833332204,0.6111111111111112,-3.1687756673350824,20.833333333333332,50.90429980464396,0.6805555555555556,NA,NA,NA,62.4324505063456,100,-0.876197515474117,88.57142857142857,-31.523820245677964,0,3.430041018305241,6.639270526231159e-4,1.2479947765621742,0.00293246964312149,0,NA,NA,2.1562129038351543,0.7558582358890078,0.01049562034927429,0.02273326449924062,12.1909999847412,0.0409272004329346
ANTI_WS_005_01,-20.73346725066697,69.44444444444444,12.52851187754219,0.6388888888888888,-3.635001441262965,20.833333333333332,54.82664294110171,0.6944444444444444,NA,NA,NA,62.4324505063456,100,-0.8725909795681428,87.14285714285714,-31.523820245677964,0,3.42813782015914,8.541188800750485e-4,1.2479947765621742,0.00293246964312149,0,NA,NA,2.70176370938619,1.5436394214630127,0.01615268022451448,0.01757784242983195,10.2091007232666,0.04078362689169974
ANTI_WS_006_01,-20.73346725066697,69.44444444444444,12.52851187754219,0.6388888888888888,-3.635001441262965,20.833333333333332,54.82664294110171,0.6944444444444444,NA,NA,NA,62.4324505063456,100,-0.8725909795681428,87.14285714285714,-31.523820245677964,0,3.42813782015914,8.541188800750485e-4,1.2479947765621742,0.00293246964312149,0,NA,NA,2.70176370938619,1.5436394214630127,0.01615268022451448,0.01757784242983195,13.7159996032715,0.04078362689169974
APCO_WS_001_01,-21.928648137819955,69.44444444444444,16.923262075219302,0.5833333333333334,-4.372004419360826,23.61111111111111,70.52622705571387,0.5972222222222222,NA,NA,NA,47.89627854271006,100,-0.6740853397669333,77.14285714285714,53.757318402813006,100,3.360049479561278,7.064319516279643e-4,-2.3248787823339168,7.6776301027967e-5,0,NA,NA,1.453321403063438,2.328683522012497,0.01253028876284114,-9.854634602834976e-5,14.6367769241333,0.03962519881457418
APCO_WS_002_01,-21.928648137819955,69.44444444444444,16.923262075219302,0.5833333333333334,-4.372004419360826,23.61111111111111,70.52622705571387,0.5972222222222222,NA,NA,NA,47.89627854271006,100,-0.6740853397669333,77.14285714285714,53.757318402813006,100,3.360049479561278,7.064319516279643e-4,-2.3248787823339168,7.6776301027967e-5,0,2.9542530870400334,NA,1.453321403063438,2.328683522012497,0.01253028876284114,-9.854634602834976e-5,14.7017040252686,0.03962519881457418
APIS_WS_001_01,-25.26238902535593,73.61111111111111,27.644580189221703,0.9861111111111112,-4.842799814221003,43.05555555555556,20.672431853036073,0.7916666666666666,NA,NA,NA,92.04177862525292,100,-1.0438187925734927,87.14285714285714,-91.94235481771769,0,4.218718031496225,0.00285599182008004,1.5512333188007614,0.00238166221189866,0,1.463089249222751,NA,-5.2056081143340895,-6.690267276763916,-0.04245609297263148,-0.01156062844358859,6.09600019454956,0.05084239114072799
APIS_WS_002_01,-26.16546921734942,76.38888888888889,24.216234837631056,0.9722222222222222,-5.258220453305561,40.27777777777778,19.355024119337315,0.8055555555555556,NA,NA,NA,92.23214567090162,100,-1.1376473715603204,87.14285714285714,-91.94235481771769,0,4.198530710655016,0.0025901088178922,1.5512333188007614,0.00238166221189866,0,NA,NA,-2.6019097837534817,-2.964852853254841,-0.03480621791578098,-0.00961695777045346,13.5650005340576,0.05166540742216061
APIS_WS_003_01,-28.21577388874246,79.16666666666667,26.081149646681997,0.9583333333333334,-5.128148610655347,43.05555555555556,19.432292511454076,0.7777777777777778,NA,NA,NA,92.04177862525292,100,-1.038138435029518,87.14285714285714,192.20228977082988,100,4.227254320460592,0.00261409939921754,1.5512333188007614,4.975186953798119e-4,0,2.9860501014470553,NA,-2.8535298173705104,-3.7802295768470104,-0.03431308516049047,-0.02034752915947982,0,0.05171729427172425
APIS_WS_004_01,-25.908331462460534,77.77777777777777,27.147679325422683,0.9861111111111112,-5.213567119558204,41.666666666666664,20.155190406729577,0.7916666666666666,NA,NA,NA,92.04177862525292,100,-1.1014612658574958,85.71428571428571,-91.94235481771769,0,4.266434153253365,0.00297628109320924,1.5512333188007614,0.00238166221189866,0,NA,NA,-4.358170724761338,-5.67640952771651,-0.03731425713494142,-0.01701880560980899,14.874240000000002,0.05155978480758894
APIS_WS_005_01,-28.97584684755406,79.16666666666667,23.93161748491919,0.9583333333333334,-5.463161540992888,43.05555555555556,17.545654274894762,0.7916666666666666,NA,NA,NA,92.04177862525292,100,-1.1036034740787015,87.14285714285714,192.20228977082988,100,4.198741129602107,0.00235671168475688,1.5512333188007614,4.975186953798119e-4,0,1.9978071789214449,NA,-3.971251119802029,-4.924304510045931,-0.03483229202534844,-0.01150249551843718,65.10528000000001,0.05100390308248461
APIS_WS_006_01,-26.955157029935563,80.55555555555556,31.31985788932722,0.9861111111111112,-4.884015596985188,44.44444444444444,19.837750535976873,0.7777777777777778,NA,NA,NA,92.04177862525292,100,-1.214905110398764,88.57142857142857,-91.94235481771769,0,4.285713983550579,0.00323606903422003,1.5512333188007614,0.00238166221189866,0,NA,NA,-3.74316419743829,-4.810115151935156,-0.03143276809726086,-0.0127615677682976,0,0.05140146015035719
APIS_WS_007_01,-25.788994174870695,76.38888888888889,28.508317126237984,0.9861111111111112,-4.983351541930319,43.05555555555556,20.11968542230203,0.7777777777777778,NA,NA,NA,92.04177862525292,100,-1.025218866402949,85.71428571428571,-91.94235481771769,0,4.245524279960168,0.00301191987050709,1.5512333188007614,0.00238166221189866,0,1.5959174478314606,NA,-4.386747668487857,-5.666723077947443,-0.0360183429163072,-0.02227089621803977,22.433280000000003,0.05159157069730416
APIS_WS_008_01,-27.07353775902725,83.33333333333333,26.8731448999964,0.9861111111111112,-5.63179417379905,44.44444444444444,19.70999081754695,0.7777777777777778,NA,NA,NA,92.04177862525292,100,-1.2342073945764855,87.14285714285714,-91.94235481771769,0,4.227219106048666,0.00285442170288444,1.5512333188007614,0.00238166221189866,0,NA,NA,-1.3241564493488376,-2.0532012144724545,-0.0286346913486614,-0.01396961212158203,0,0.05167944836149847
APIS_WS_009_01,-26.088717300489986,77.77777777777777,26.83338301217839,0.9861111111111112,-5.03735478124641,40.27777777777778,19.92835225197914,0.7777777777777778,NA,NA,NA,92.04177862525292,100,-1.027406309362078,87.14285714285714,192.20228977082988,100,4.235680266567931,0.00281413029560739,1.5512333188007614,4.975186953798119e-4,0,2.4598104344160334,NA,-3.738134234039876,-5.136643144819459,-0.03444907509967581,-0.02269808451334642,37.7952,0.05181322335948384
APIS_WS_010_01,-26.088717300489986,77.77777777777777,26.83338301217839,0.9861111111111112,-5.03735478124641,40.27777777777778,19.92835225197914,0.7777777777777778,NA,NA,NA,92.04177862525292,100,-1.027406309362078,87.14285714285714,192.20228977082988,100,4.235680266567931,0.00281413029560739,1.5512333188007614,4.975186953798119e-4,0,2.4598104344160334,NA,-3.738134234039876,-5.136643144819459,-0.03444907509967581,-0.02269808451334642,11.3062324523926,0.05181322335948384
APIS_WS_011_01,-26.088717300489986,77.77777777777777,26.83338301217839,0.9861111111111112,-5.03735478124641,40.27777777777778,19.92835225197914,0.7777777777777778,NA,NA,NA,92.04177862525292,100,-1.027406309362078,87.14285714285714,192.20228977082988,100,4.235680266567931,0.00165350199419908,1.5512333188007614,4.975186953798119e-4,0,2.4598104344160334,NA,-3.738134234039876,-5.136643144819459,-0.03444907509967581,-0.02269808451334642,0,0.03286333309820563
APIS_WS_012_01,-26.295294756416165,77.77777777777777,25.69585332380567,0.9861111111111112,-5.308007608939698,41.666666666666664,19.788754322944445,0.7916666666666666,NA,NA,NA,92.04177862525292,100,-1.1323885246034968,85.71428571428571,-91.94235481771769,0,4.230521246144042,0.0027139797699351,1.5512333188007614,0.00238166221189866,0,NA,NA,-4.040205997134011,-5.014955792162148,-0.0353910124403023,-0.01351979573567714,37.063680000000005,0.05160482064229193
APIS_WS_013_01,-28.21577388874246,79.16666666666667,26.081149646681997,0.9583333333333334,-5.128148610655347,43.05555555555556,19.432292511454076,0.7777777777777778,NA,NA,NA,92.04177862525292,100,-1.038138435029518,87.14285714285714,192.20228977082988,100,4.227254320460592,0.00261409939921754,1.5512333188007614,4.975186953798119e-4,0,4.428964100834026,NA,-2.8535298173705104,-3.7802295768470104,-0.03431308516049047,-0.02034752915947982,41.4528,0.05171729427172425
APIS_WS_014_01,-26.006250127287625,80.55555555555556,27.757913818156567,0.9861111111111112,-5.444622090262537,43.05555555555556,20.07262932433127,0.7777777777777778,NA,NA,NA,92.04177862525292,100,-1.1703403398155099,88.57142857142857,-91.94235481771769,0,4.286277958853982,0.00298268001021113,1.5512333188007614,0.00238166221189866,0,NA,NA,-4.188772937986585,-5.627539562456537,-0.03720307919627472,-0.01273470873024031,36.576,0.05132875368540911
APIS_WS_015_01,-25.53071709214476,79.16666666666667,27.91420717908911,0.9861111111111112,-5.344952886532696,41.666666666666664,20.304190785136687,0.7777777777777778,NA,NA,NA,92.04177862525292,100,-1.1261373470740406,88.57142857142857,-91.94235481771769,0,4.2738229530544105,0.00301979549127291,1.5512333188007614,0.00238166221189866,0,NA,NA,-4.640489329894386,-5.854136963336786,-0.03804966108543973,-0.01310439703841796,29.50464000000001,0.05125508274366443
APPA_WS_002_01,-10.265177139886704,48.611111111111114,9.66277246148524,0.5694444444444444,-3.219001799626706,23.61111111111111,93.36407549630054,0.6527777777777778,0,NA,NA,61.56437497390367,100,-0.5710305618052618,58.57142857142857,105.39821320465352,100,3.3422543537754414,NA,NA,-0.00135428669154383,44.793519901793275,6.583562890918686,0,5.22518930170271,6.246939396171414,0.04291035202649001,0.03049263869129916,30.48,NA
APPA_WS_003_01,-6.890814423933211,40.27777777777778,54.14493525657293,1,-1.172207356826112,16.666666666666668,26.794003531163916,0.5,NA,NA,NA,75.44913493961704,100,-0.3982256509979625,50,-31.720776602322548,0,3.7978165347183994,NA,NA,-2.440170697748223e-5,0,NA,NA,9.781493832366634,7.223356658337159,0.04713063205593407,0.01335351261091825,30.48,NA
APPA_WS_004_01,-10.4404225102873,47.22222222222222,10.219340360331955,0.5694444444444444,-2.859272370210173,23.61111111111111,94.89083461643726,0.6388888888888888,0,NA,NA,68.37393133052862,100,-0.5764185721605809,58.57142857142857,105.39821320465352,100,3.3342075643668583,NA,NA,-0.00135428669154383,41.78590479926431,NA,0,5.112759378221301,6.472405778037171,0.04020898078857504,0.02427982938462422,6.06676006317139,NA
APPA_WS_005_01,-13.194773478228674,45.833333333333336,8.573108586486002,0.5694444444444444,-3.4179820847821363,23.61111111111111,75.42748648688453,0.6527777777777778,NA,NA,NA,62.4324505063456,100,-0.6618536404622117,58.57142857142857,-10.728575616089296,0,3.356368874326165,NA,NA,-0.00189873996611245,0,NA,NA,6.38379299334991,8.078338701125475,0.03868375866152526,0.01524889910662643,12.9021835327148,NA
APPA_WS_006_01,-10.4404225102873,47.22222222222222,10.219340360331955,0.5694444444444444,-2.859272370210173,23.61111111111111,94.89083461643726,0.6388888888888888,0,NA,NA,61.56437497390367,100,-0.5764185721605809,58.57142857142857,105.39821320465352,100,3.3342075643668583,NA,NA,-0.00135428669154383,41.46968911593674,NA,0,5.112759378221301,6.472405778037171,0.04020898078857504,0.02427982938462422,34.1376,NA
APPA_WS_007_01,-11.637286958837915,51.388888888888886,7.5236982191195825,0.5138888888888888,-3.923742001940473,27.77777777777778,75.45200237706418,0.6805555555555556,0,NA,NA,68.37393133052862,100,-0.6498857084295725,62.857142857142854,22.350198348133585,40,3.627161936330776,NA,NA,-0.00100836712961218,0,NA,0,3.844886249966104,4.8866156320723295,0.04265157008172968,-0.01040668252073684,6.09899997711182,NA
APPA_WS_008_01,-11.016541395910712,45.833333333333336,10.297799744865458,0.6111111111111112,-3.525407305356977,23.61111111111111,83.9616964305896,0.7222222222222222,0,NA,NA,68.37393133052862,100,-0.6295251516703609,60,-23.060603003035517,0,3.44943351073362,NA,NA,-0.00303231111190842,9.73063705802672,1.7859210298481327,0,5.310101153358579,6.057033992948986,0.04281057071498425,0.0279217296176486,95.0976,NA
APPA_WS_009_01,-11.016541395910712,45.833333333333336,10.297799744865458,0.6111111111111112,-3.525407305356977,23.61111111111111,83.9616964305896,0.7222222222222222,0,NA,NA,68.37393133052862,100,-0.6295251516703609,60,105.39821320465352,100,3.44943351073362,NA,NA,-0.00135428669154383,26.865746154305597,5.354056488808591,0,5.310101153358579,6.057033992948986,0.04281057071498425,0.0279217296176486,30.48,NA
ARCH_WS_001_01,-7.341463812060031,27.77777777777778,91.14156249400752,0.8888888888888888,-13.86801095970732,51.388888888888886,77.38782294247018,0.6388888888888888,NA,NA,NA,31.28802133993632,77.5,-2.254597957543299,100,60.783442981246736,60,3.761921974065908,0.0017486993268478,2.569722273426763,1.053019973028472e-4,0,NA,NA,-0.15638678235672235,-2.579368309999901,-0.0515730787461466,0.02426978217230898,268.224,0.01755230168611604
ARCH_WS_002_01,-11.545521633124768,27.77777777777778,132.0935103293656,0.8611111111111112,-13.452591075028772,47.22222222222222,76.46448476734778,0.6666666666666666,NA,NA,NA,31.28802133993632,77.5,-2.310840831507818,100,60.783442981246736,60,3.713014521431704,0.0020142274149929,2.569722273426763,1.053019973028472e-4,0,6.728678291959827,NA,-0.14499795756114975,-1.647200616579209,-0.03577530088272617,0.00252357765480333,41.94048,0.01820051199845143
ARPO_WS_001_01,-22.431211520247896,66.66666666666667,10.662322833567636,0.6388888888888888,-7.599083330779466,48.611111111111114,20.020501721606877,0.5694444444444444,NA,NA,NA,70.76194434242261,100,-0.8047606417569382,81.42857142857143,506.9324015780555,100,2.6815997171762795,0.00461193409078473,-2.119488977604154,0.06786121825712293,0,80.27818449663147,NA,0.9975604301028784,1.8706069827079772,-3.4042809664906656e-4,-0.01178068938078666,142.15872000000002,0.02950341420422069
ASIS_WS_001_01,-18.23652840732094,73.61111111111111,10.105484439056257,0.5277777777777778,-3.3899739667370463,37.5,138.63893475299744,0.5416666666666666,9.297899977772715,1,0.08367458291420458,54.14139171997924,100,-0.7614825419719624,78.57142857142857,46.25192909178702,100,3.0093882676582098,0.00341237018091102,0.7255354947068898,4.3597519010147526e-4,0,62.986735155572006,81.84353647219686,2.005677763932671,3.4321832215344443,0.01218238845877727,0.02278099423363095,1.8869903087616,0.05080313110270249
ASIS_WS_001_02,-18.23652840732094,73.61111111111111,10.105484439056257,0.5277777777777778,-3.3899739667370463,37.5,138.63893475299744,0.5416666666666666,9.297899977772715,1,0.08367458291420458,54.14139171997924,100,-0.7614825419719624,78.57142857142857,46.25192909178702,100,3.0093882676582098,0.00341237018091102,0.7255354947068898,4.3597519010147526e-4,0,62.986735155572006,81.84353647219686,2.005677763932671,3.4321832215344443,0.01218238845877727,0.02278099423363095,1.8869903087616,0.05080313110270249
ASIS_WS_002_01,-18.23652840732094,73.61111111111111,10.105484439056257,0.5277777777777778,-3.3899739667370463,37.5,138.63893475299744,0.5416666666666666,14.559970585180878,1,0.08380365586724058,54.14139171997924,100,-0.7614825419719624,78.57142857142857,46.25192909178702,100,3.0093882676582098,0.00341237018091102,0.7255354947068898,4.3597519010147526e-4,0,NA,57.73326260304309,2.005677763932671,3.4321832215344443,0.01218238845877727,0.02278099423363095,75.10272,0.05080313110270249
ASIS_WS_003_01,-22.570201647269055,75,12.020710390258722,0.5833333333333334,-4.0504952694104555,36.111111111111114,164.9223879457993,0.5,7.583520750931996,1,0.083870936348335,54.14139171997924,100,-0.7416784290201888,82.85714285714286,151.78263231270515,100,2.9879713146062734,0.00388632081980461,0.7255354947068898,4.616197042518383e-4,0,89.68177420070127,75.28641437336574,1.7525204287634966,5.638776688348669,0.01719487418641934,0.03049119313557947,1.62116801738739,0.04965938500059146
ASIS_WS_004_01,-22.570201647269055,75,12.020710390258722,0.5833333333333334,-4.0504952694104555,36.111111111111114,164.9223879457993,0.5,7.366638716633773,1,0.0838915875314686,54.14139171997924,100,-0.7416784290201888,82.85714285714286,151.78263231270515,100,2.9879713146062734,0.00388632081980461,0.7255354947068898,4.616197042518383e-4,0,99.19200172486708,76.11678149871405,1.7525204287634966,5.638776688348669,0.01719487418641934,0.03049119313557947,1.62116801738739,0.04965938500059146
BIBE_WS_001_01,-20.50396101671971,52.77777777777778,9.059901207415486,0.5277777777777778,-19.19280350415509,59.72222222222222,9.584014018893368,0.5,NA,NA,NA,25.38735821956945,52.5,-2.018630898336689,100,18.735498130555865,55,2.892773973709179,0.01036772269219099,1.5375670492322706,5.237203643675381e-6,0.13924597415483872,NA,NA,-0.04497164414109056,-0.8512470056103828,-0.01823400609508553,0.01536404645001425,24.384,0.03183278349663008
BIBE_WS_001_02,-20.50396101671971,52.77777777777778,9.059901207415486,0.5277777777777778,-19.19280350415509,59.72222222222222,9.584014018893368,0.5,NA,NA,NA,25.38735821956945,52.5,-2.018630898336689,100,18.735498130555865,55,2.892773973709179,0.01036772269219099,1.5375670492322706,5.237203643675381e-6,0.15389904065481672,NA,NA,-0.04497164414109056,-0.8512470056103828,-0.01823400609508553,0.01536404645001425,9.7536,0.03183278349663008
BIBE_WS_001_03,-20.50396101671971,52.77777777777778,9.059901207415486,0.5277777777777778,-19.19280350415509,59.72222222222222,9.584014018893368,0.5,NA,NA,NA,25.38735821956945,52.5,-2.018630898336689,100,18.735498130555865,55,2.892773973709179,0.01036772269219099,1.5375670492322706,5.237203643675381e-6,0.13924597415483872,NA,NA,-0.04497164414109056,-0.8512470056103828,-0.01823400609508553,0.01536404645001425,24.62784000000001,0.03183278349663008
BIBE_WS_002_01,-13.860841914864713,54.166666666666664,9.170034430972535,0.6388888888888888,-17.490783835123008,65.27777777777777,10.15047054127696,0.5555555555555556,NA,NA,NA,25.38735821956945,52.5,-1.8329800335122943,100,18.735498130555865,55,2.698379114822103,0.00961915723286732,1.5375670492322706,5.237203643675381e-6,0,NA,NA,-0.00589975488176689,-0.1179951526868466,-0.00613394662585032,0.01002885195542708,0,0.02995847773602147
BIBE_WS_003_01,-21.652918180941477,51.388888888888886,10.500134266349535,0.5833333333333334,-17.975341036939245,63.888888888888886,8.148380664284158,0.5555555555555556,NA,NA,NA,25.38735821956945,52.5,-1.6425743612331476,100,18.735498130555865,55,2.64436865436846,0.00937703527074976,1.5375670492322706,5.237203643675381e-6,5.436134015341161,NA,NA,-0.11281339841446383,-1.7554670225860736,-0.01533844030542644,0.00883766456886592,25.4500999450684,0.03117829799075123
BIBE_WS_006_01,-16.180920103217577,55.55555555555556,9.429581405189074,0.6111111111111112,-17.476528012331553,69.44444444444444,10.55999784616528,0.6111111111111112,NA,NA,NA,25.38735821956945,52.5,-1.7428168570417768,100,18.735498130555865,55,2.702462493779887,0.00980905751774436,1.5375670492322706,5.237203643675381e-6,3.191857300051283,NA,NA,-0.0712695620262936,-1.4253912458698892,-0.01885766956122055,0.01580578839337434,82.9056,0.03035322233617307
BIBE_WS_006_02,-16.180920103217577,55.55555555555556,9.429581405189074,0.6111111111111112,-17.476528012331553,69.44444444444444,10.55999784616528,0.6111111111111112,NA,NA,NA,25.38735821956945,52.5,-1.7428168570417768,100,18.735498130555865,55,2.702462493779887,0.00980905751774436,1.5375670492322706,5.237203643675381e-6,3.012574651592522,NA,NA,-0.0712695620262936,-1.4253912458698892,-0.01885766956122055,0.01580578839337434,37.7952,0.03035322233617307
BIBE_WS_006_03,-18.32930036640957,59.72222222222222,10.036411870265471,0.5972222222222222,-17.914832351001888,68.05555555555556,9.284279864344144,0.6111111111111112,NA,NA,NA,25.38735821956945,52.5,-1.652647672623975,100,18.735498130555865,55,2.643070948166656,0.00991149535728143,1.5375670492322706,5.237203643675381e-6,4.4826990675132645,NA,NA,-0.08826809869734238,-1.2916044075212432,-0.01730292581118197,0.01553611149863546,151.1808,0.03032298245751008
BIBE_WS_007_01,-16.54935067219082,44.44444444444444,9.532974918396206,0.625,-18.58080970180255,55.55555555555556,10.290094073688486,0.6111111111111112,NA,NA,NA,25.38735821956945,52.5,-1.921484109918772,100,18.735498130555865,55,2.803214822428867,0.00935792922014036,1.5375670492322706,5.237203643675381e-6,0,NA,NA,-0.03713356021699729,-0.7349302566403324,-0.01520353921634858,0.02508095949275023,9.7536,0.02795321402050837
BIBE_WS_008_01,-16.217064223715465,45.833333333333336,8.707474590991847,0.5972222222222222,-17.875195426952246,58.333333333333336,9.329792968605387,0.5694444444444444,NA,NA,NA,25.38735821956945,52.5,-2.029449684088606,100,18.735498130555865,55,2.7936104921077387,0.00952445134239019,1.5375670492322706,5.237203643675381e-6,0,NA,NA,-5.343133169741776e-4,-0.01068607966104195,-0.00369417097978272,0.02397896723492189,194.58432000000005,0.02784067036109284
BICA_WS_002_01,-21.328961985258974,61.111111111111114,14.354625042318478,1,-6.0572388007502616,43.05555555555556,22.427782068519917,0.8888888888888888,NA,NA,NA,37.24894404528107,100,-1.83426756518719,98.57142857142856,7.767151844852323,20,3.556724943306664,0.00608475207384433,-1.182430998304087,0.00108378728891567,7.730552183159436,0,NA,-0.26325223795414104,-1.3099467245832312,-0.00227398299926176,-0.02281072404649531,0,0.02834326452312749
BICA_WS_003_01,-2.8477071546924755,20.833333333333332,15.915156109933054,0.9027777777777778,-6.500433228172617,47.22222222222222,17.377271421626173,0.8472222222222222,NA,NA,NA,37.24894404528107,100,-2.3271100754351344,100,-11.947393125827666,0,3.542959496800237,0.00532121052761893,-1.182430998304087,-0.00456793656008096,0,12.813907962458954,NA,-0.04105222031379263,-0.8797863854302292,0.00532581450346401,-0.01291343648597674,0,0.01789494967402148
BICA_WS_004_01,-32.389528442895774,68.05555555555556,18.77929966288655,0.9583333333333334,-8.15208240432223,47.22222222222222,25.03648570255257,0.9027777777777778,NA,NA,NA,37.24894404528107,100,-1.391931327185977,97.14285714285714,18.081142264394835,65,3.6720805391758287,0.00551328317821328,-1.182430998304087,4.6418267276891745e-4,1.7025896254563573,NA,NA,-0.4776195678598569,-2.3157332794010976,-0.01143515919540287,-0.04318283543442232,126.7968,0.03080310284949531
BICA_WS_005_01,-32.00247738968741,68.05555555555556,18.351945027232997,0.9861111111111112,-7.905696960768066,44.44444444444444,25.658109700230035,0.9027777777777778,NA,NA,NA,37.24894404528107,100,-1.2861387359173042,97.14285714285714,18.081142264394835,65,3.675819618062924,0.00576526592486522,-1.182430998304087,4.6418267276891745e-4,2.4974677835749097,NA,NA,-0.5209015032840485,-2.590614885662709,-0.01363147140611339,-0.04377302176221853,0,0.0315974650881812
BICA_WS_005_02,-32.00247738968741,68.05555555555556,18.351945027232997,0.9861111111111112,-7.905696960768066,44.44444444444444,25.658109700230035,0.9027777777777778,NA,NA,NA,37.24894404528107,100,-1.2861387359173042,97.14285714285714,18.081142264394835,65,3.675819618062924,0.00576526592486522,-1.182430998304087,4.6418267276891745e-4,2.4974677835749097,NA,NA,-0.5209015032840485,-2.590614885662709,-0.01363147140611339,-0.04377302176221853,49.49952,0.0315974650881812
BICA_WS_006_01,-2.8477071546924755,20.833333333333332,15.915156109933054,0.9027777777777778,-6.500433228172617,47.22222222222222,17.377271421626173,0.8472222222222222,NA,NA,NA,37.24894404528107,100,-2.3271100754351344,100,-11.947393125827666,0,3.542959496800237,0.00532121052761893,-1.182430998304087,-0.00456793656008096,0,12.623699732117846,NA,-0.04105222031379263,-0.8797863854302292,0.00532581450346401,-0.01291343648597674,25.115520000000004,0.01789494967402148
BICY_WS_001_01,-48.70399142856274,69.44444444444444,19.415357687072103,0.5416666666666666,-15.96191149344,75,15.69016100117297,0.8194444444444444,0,0.02963524950585512,NA,26.001798898456652,100,-1.0805002060901818,80,45.64621549031186,95,2.148359171995743,-0.00604644102449324,4.533263961463573,0.00126567081088907,91.87243228240185,54.3101885692706,0,1.6164361725723932,7.454574740790068,0.0285730364657419,-0.00745135358935409,146.304,0.03220646961456301
BICY_WS_002_01,-45.3339726771957,75,19.836449643828363,0.6805555555555556,-16.348926463694628,69.44444444444444,11.456453044212198,0.8055555555555556,NA,NA,NA,26.001798898456652,100,-1.1770410406951364,85.71428571428571,129.33060711311214,100,2.3421910873498177,-0.0051206992457765,4.533263961463573,0.00126447649555538,1.7242023806084896,99.01521871303372,NA,0.5750602071333423,3.65050741036733,0.01391368940311755,0.0098104437682854009,1.09071099758148,0.0292153398146848
BICY_WS_003_01,-50.79911799460286,73.61111111111111,15.46885665342832,0.6388888888888888,-15.40234650168406,66.66666666666667,11.352965863911033,0.875,42.94614636323472,0.01909653158566799,0.08619700233357361,26.001798898456652,100,-1.088540858765242,75.71428571428571,129.33060711311214,100,2.257404052275959,-0.00589242584633203,4.533263961463573,0.00126447649555538,55.816198514821494,99.97390346899752,10.47419633473105,4.041433367464277,6.258072325476898,0.02990517614050328,0.01587709606203282,0.774704039096832,0.03826321885007949
BICY_WS_004_01,-50.97065348746705,73.61111111111111,14.986757298896984,0.625,-15.539076577758514,69.44444444444444,11.389587968887428,0.8611111111111112,25.47721528018836,0.01498033226768755,0.0832408369898955,26.001798898456652,100,-1.109965784282246,75.71428571428571,129.33060711311214,100,2.2368696505973062,-0.00612699011958464,4.533263961463573,0.00126447649555538,27.300598835174593,99.9787474442836,0.01730008104903587,4.201096500669205,4.578964307573097,0.0249215177350037,0.00887620400008831,0.761857628822327,0.0376985620942959
BICY_WS_005_01,-49.478133601329446,80.55555555555556,16.782643813385405,0.5416666666666666,-14.900362814929055,76.38888888888889,13.752584358067873,0.8194444444444444,0,0.00434687069801027,0.04974662109344915,26.001798898456652,100,-1.0787806454923952,78.57142857142857,129.33060711311214,100,2.2579729555138357,-0.00655397918806704,4.533263961463573,0.00126447649555538,69.35023569829222,99.99999999999972,0,2.6641136766259175,5.023540865187442,0.01608084897767009,5.751892372414247e-4,0.779716491699219,0.03550811247444648
BICY_WS_006_01,-49.74896167126425,79.16666666666667,14.367071891385208,0.5277777777777778,-14.356505876484258,76.38888888888889,13.191183492731884,0.8055555555555556,0,0.00350177416855892,NA,26.001798898456652,100,-1.123688347690922,80,129.33060711311214,100,2.2567837094937815,-0.00636954127427786,4.533263961463573,0.00126447649555538,21.59212741721545,99.99999999999908,0,2.256918410253193,4.313451513648033,0.0204319539702595,9.755735044123526e-4,1.01429808139801,0.03442689102406576
BICY_WS_007_01,-51.664028836209795,73.61111111111111,14.54795933868104,0.5972222222222222,-15.32836229223279,72.22222222222223,10.941695290664253,0.8055555555555556,0,0.00897907904492314,0.07936778112489738,26.001798898456652,100,-1.138569245028117,74.28571428571429,129.33060711311214,100,2.2897546250048215,-0.00618795321529078,4.533263961463573,0.00126447649555538,51.48961676065144,99.20737692093176,0,4.791438790751092,6.549301235764107,0.02542869206590667,0.01514043925720957,0.779716491699219,0.03828547638703834
BICY_WS_008_01,-50.79911799460286,73.61111111111111,15.46885665342832,0.6388888888888888,-15.40234650168406,66.66666666666667,11.352965863911033,0.875,29.400962682161815,0.016867139194955,0.09088599600769014,26.001798898456652,100,-1.088540858765242,75.71428571428571,129.33060711311214,100,2.257404052275959,-0.00589242584633203,4.533263961463573,0.00126447649555538,73.27449080497902,99.45274971618714,3.148920496737712,4.041433367464277,6.258072325476898,0.02990517614050328,0.01587709606203282,0.774704039096832,0.03826321885007949
BICY_WS_009_01,-51.208705596252265,73.61111111111111,15.59192380195772,0.6527777777777778,-15.4623451092992,73.61111111111111,10.856959552590432,0.8333333333333334,29.556114866499858,0.01568642524195921,0.08989670383238567,26.001798898456652,100,-1.0732216521996445,72.85714285714286,129.33060711311214,100,2.279423293769242,-0.00591402831805394,4.533263961463573,0.00126447649555538,54.04438719666539,99.75247596952424,0.00711513604172161,4.95448163350423,7.213770174840743,0.02842847269434049,0.01665828538977581,0.774704039096832,0.03870779438774222
BICY_WS_010_01,-51.208705596252265,73.61111111111111,15.59192380195772,0.6527777777777778,-15.4623451092992,73.61111111111111,10.856959552590432,0.8333333333333334,32.710432689695864,0.01619082028544551,0.0903130846503537,26.001798898456652,100,-1.0732216521996445,72.85714285714286,129.33060711311214,100,2.279423293769242,-0.00591402831805394,4.533263961463573,0.00126447649555538,54.35627269521394,99.76473322739471,0.02155411758163762,4.95448163350423,7.213770174840743,0.02842847269434049,0.01665828538977581,0.774704039096832,0.03870779438774222
BICY_WS_011_01,-47.808988086603634,75,15.900652195478605,0.5138888888888888,-16.498332696970422,76.38888888888889,14.828877635337504,0.8194444444444444,0,0.03990915532387062,0.04499903774459696,26.001798898456652,100,-1.1284056102190976,81.42857142857143,82.10012427049074,100,2.1646712836114013,-0.0064047488278752,4.533263961463573,3.5907650938322224e-4,83.20970620264625,99.99999999999986,0,2.0036727840773727,6.797483042623215,0.02609922814588051,-0.00719346725401079,48.768,0.03333571573814495
BICY_WS_012_01,-48.553131012290606,72.22222222222223,16.80055404172006,0.5138888888888888,-16.335049757578673,75,14.852297935595738,0.8055555555555556,0,0.03836466560882081,0.04374063098195166,26.001798898456652,100,-1.1075062757539464,81.42857142857143,82.10012427049074,100,2.1885454849340427,-0.0064266176444208,4.533263961463573,3.5907650938322224e-4,81.82387381084932,100.00000000000188,0,2.100247598993473,6.505108160131118,0.0263379760233713,-0.00685684769241885,0.808066368103027,0.03290236636501924
BICY_WS_013_01,-48.73795509617631,77.77777777777777,17.88131428531993,0.6111111111111112,-15.85538184314047,73.61111111111111,13.64752423748043,0.8055555555555556,0,0.01355507626909864,0.06739695061052835,26.001798898456652,100,-1.0760067535457891,77.14285714285714,129.33060711311214,100,2.2582015269593576,-0.00635623729304798,4.533263961463573,0.00126447649555538,66.48149240841974,99.9999999999772,0,2.993287305282468,3.946964920891651,0.01219530206938925,-0.00132447701913296,1.00936675071716,0.03621665037781901
BICY_WS_014_01,-48.73795509617631,77.77777777777777,17.88131428531993,0.6111111111111112,-15.85538184314047,73.61111111111111,13.64752423748043,0.8055555555555556,0,0.01259653031919065,0.0651643978037749,26.001798898456652,100,-1.0760067535457891,77.14285714285714,129.33060711311214,100,2.2582015269593576,-0.00635623729304798,4.533263961463573,0.00126447649555538,72.30338663246275,99.98358628866548,0,2.993287305282468,3.946964920891651,0.01219530206938925,-0.00132447701913296,48.768,0.03621665037781901
BICY_WS_015_01,-49.302705947889606,79.16666666666667,15.894836159803004,0.5416666666666666,-16.536016993700297,73.61111111111111,14.295351820537832,0.8055555555555556,0,0.00867459075074941,0.05080152637269772,26.001798898456652,100,-1.121482601918639,81.42857142857143,129.33060711311214,100,2.2490958660924107,-0.00664836596320431,4.533263961463573,0.00126447649555538,79.4827340852163,100.00000000000112,0,2.820644985470507,4.963288200207251,0.01664768858555321,-0.00407259552567085,0.788791656494141,0.0340377038062529
BICY_WS_016_01,-47.9798316420961,79.16666666666667,17.59274100078106,0.5972222222222222,-15.96377983207616,72.22222222222223,13.25487980991094,0.8055555555555556,0,0.00991962756122309,0.05656911163569523,26.001798898456652,100,-1.0949569502956746,78.57142857142857,129.33060711311214,100,2.263168466751054,-0.00618712634630381,4.533263961463573,0.00126447649555538,74.06187740569749,100.00000000000054,0,2.8603812161064326,3.785528122274968,0.01157000583111613,-0.00255570588288556,1.0414559841156,0.03531081703159712
BICY_WS_017_01,-47.9798316420961,79.16666666666667,17.59274100078106,0.5972222222222222,-15.96377983207616,72.22222222222223,13.25487980991094,0.8055555555555556,0,0.00991962756122309,0.05656911163569523,26.001798898456652,100,-1.0949569502956746,78.57142857142857,129.33060711311214,100,2.263168466751054,-0.00618712634630381,4.533263961463573,0.00126447649555538,69.35023569829222,99.99999999999972,0,2.8603812161064326,3.785528122274968,0.01157000583111613,-0.00255570588288556,1.0414559841156,0.03531081703159712
BICY_WS_018_01,-50.79911799460286,73.61111111111111,15.46885665342832,0.6388888888888888,-15.40234650168406,66.66666666666667,11.352965863911033,0.875,40.07203277207384,0.01852673621641603,0.08590684920219747,26.001798898456652,100,-1.088540858765242,75.71428571428571,129.33060711311214,100,2.257404052275959,-0.00589242584633203,4.533263961463573,0.00126447649555538,72.65359383515711,99.98320645620242,18.209652013131144,4.041433367464277,6.258072325476898,0.02990517614050328,0.01587709606203282,0.760699331760406,0.03826321885007949
BICY_WS_019_01,-49.9475645866801,70.83333333333333,15.712938097304797,0.6527777777777778,-15.941767028685277,66.66666666666667,11.844910016507766,0.8472222222222222,44.44445691436744,0.03066159010134144,0.0902583537274227,26.001798898456652,100,-1.036644950952546,72.85714285714286,129.33060711311214,100,2.2699109407973346,-0.00590205751260597,4.533263961463573,0.00126447649555538,74.86771439961326,99.9941357587515,46.04346801384589,4.373401722790283,7.623403881435043,0.0281383332310892,0.01869725984801028,0.774704039096832,0.03844716767681282
BICY_WS_020_01,-49.9475645866801,70.83333333333333,15.712938097304797,0.6527777777777778,-15.941767028685277,66.66666666666667,11.844910016507766,0.8472222222222222,44.12957023424642,0.03245132053817157,0.09062982032310622,26.001798898456652,100,-1.036644950952546,72.85714285714286,129.33060711311214,100,2.2699109407973346,-0.00590205751260597,4.533263961463573,0.00126447649555538,69.35023569829222,99.99999999999972,47.21159295745631,4.373401722790283,7.623403881435043,0.0281383332310892,0.01869725984801028,0.774704039096832,0.03844716767681282
BICY_WS_021_01,-50.79911799460286,73.61111111111111,15.46885665342832,0.6388888888888888,-15.40234650168406,66.66666666666667,11.352965863911033,0.875,41.8137879862555,0.02061885937065902,0.08698976679170568,26.001798898456652,100,-1.088540858765242,75.71428571428571,129.33060711311214,100,2.257404052275959,-0.00589242584633203,4.533263961463573,0.00126447649555538,38.82184783992025,99.83941704844683,4.683469782224748,4.041433367464277,6.258072325476898,0.02990517614050328,0.01587709606203282,0.774704039096832,0.03826321885007949
BICY_WS_022_01,-51.208705596252265,73.61111111111111,15.59192380195772,0.6527777777777778,-15.4623451092992,73.61111111111111,10.856959552590432,0.8333333333333334,7.14653228989221,0.01308148095651504,0.08705867347245737,26.001798898456652,100,-1.0732216521996445,72.85714285714286,129.33060711311214,100,2.279423293769242,-0.00591402831805394,4.533263961463573,0.00126447649555538,64.030144144041,98.7167270139258,0,4.95448163350423,7.213770174840743,0.02842847269434049,0.01665828538977581,0.774704039096832,0.03870779438774222
BIHO_WS_001_01,-11.27342064008126,65.27777777777777,28.577550474284863,1,-6.105629346713234,36.111111111111114,31.52062418021162,0.7916666666666666,NA,NA,NA,40.48777881271475,100,-1.2211930056713365,97.14285714285714,7.88933908815195,20,3.3567989523407955,0.00924044150545765,-1.200617441493354,-0.00162424974705121,21.55850643794564,0,NA,-0.04776535897205392,-0.9537000004042966,-0.0149632202181279,0.00824073508933739,60.96,0.03763432331497568
BISC_WS_001_01,-36.19346209616457,56.94444444444444,33.50578685969075,0.7083333333333334,-15.902713797278686,63.888888888888886,19.077524373647105,0.875,5.772404357113572,1,0.09577006479330788,26.001798898456652,100,-0.9906831896732784,80,45.64621549031186,95,2.0907041120700107,-0.0010124911765535,1.2042524803560104,0.00126567081088907,0,98.13173234355855,89.99574514462725,0.2825016255180041,1.5149165047539612,6.791783200717594e-5,-0.0055984920925578,0,0.00811968783380525
BISC_WS_002_01,-36.19346209616457,56.94444444444444,33.50578685969075,0.7083333333333334,-15.902713797278686,63.888888888888886,19.077524373647105,0.875,5.772404357113572,1,0.09577006479330788,26.001798898456652,100,-0.9906831896732784,80,45.64621549031186,95,2.0907041120700107,-0.0010124911765535,1.2042524803560104,0.00126567081088907,0,98.13173234355855,89.99574514462725,0.2825016255180041,1.5149165047539612,6.791783200717594e-5,-0.0055984920925578,0,0.00811968783380525
BISC_WS_002_02,-36.19346209616457,56.94444444444444,33.50578685969075,0.7083333333333334,-15.902713797278686,63.888888888888886,19.077524373647105,0.875,5.81228971135117,1,0.0958678490808276,26.001798898456652,100,-0.9906831896732784,80,45.64621549031186,95,2.0907041120700107,0.00322543308716479,1.2042524803560104,0.00126567081088907,0,97.75254840946312,89.91889498848946,0.2825016255180041,1.5149165047539612,6.791783200717594e-5,-0.0055984920925578,0,0.01366047583638156
BISC_WS_003_01,-35.95894308618028,56.94444444444444,33.49780334065537,0.6805555555555556,-15.760449105750476,70.83333333333333,19.53382451716838,0.8611111111111112,2.3601819211074826,1,0.07882860758707902,26.001798898456652,100,-0.9850492054696296,81.42857142857143,45.64621549031186,95,2.1204810014335074,0.0033015780643977,1.2042524803560104,0.00126567081088907,0.14667715961873923,76.32259936853562,96.64021691583254,0.49366985013087583,2.8678810050090107,0.01188366468713087,0.00171316237676677,0,0.01325505371758967
BISC_WS_003_02,-35.95894308618028,56.94444444444444,33.49780334065537,0.6805555555555556,-15.760449105750476,70.83333333333333,19.53382451716838,0.8611111111111112,2.3601819211074826,1,0.07882860758707902,26.001798898456652,100,-0.9850492054696296,81.42857142857143,45.64621549031186,95,2.1204810014335074,-0.0010124911765535,1.2042524803560104,0.00126567081088907,0.14667715961873923,76.32259936853562,96.64021691583254,0.49366985013087583,2.8678810050090107,0.01188366468713087,0.00171316237676677,0,0.00811968783380525
BISC_WS_005_01,-36.6119070524712,56.94444444444444,34.51705499601003,0.6944444444444444,-15.723196834116363,68.05555555555556,19.331345863854057,0.8472222222222222,3.68114122538644,1,0.27740809054268767,26.001798898456652,100,-0.9840609038797056,80,45.64621549031186,95,2.1112753911562834,0.00753042388365863,1.2042524803560104,0.00126567081088907,0,91.88141347682944,91.00503933292924,0.681290352786029,3.157972993906481,0.00877786913182352,-0.00105342509583634,45.110400000000006,0.02266576436981562
BISC_WS_006_01,-36.6119070524712,56.94444444444444,34.51705499601003,0.6944444444444444,-15.723196834116363,68.05555555555556,19.331345863854057,0.8472222222222222,3.68114122538644,1,0.27740809054268767,26.001798898456652,100,-0.9840609038797056,80,45.64621549031186,95,2.1112753911562834,0.00753042388365863,1.2042524803560104,0.00126567081088907,0,91.88141347682944,91.00503933292924,0.681290352786029,3.157972993906481,0.00877786913182352,-0.00105342509583634,45.110400000000006,0.02266576436981562
BISO_WS_001_01,-15.07125860510622,61.111111111111114,6.984083715821402,0.6111111111111112,-3.765475942316768,33.333333333333336,27.290762744295176,0.5972222222222222,NA,NA,NA,70.34108075925674,100,-0.6712512707475894,74.28571428571429,56.06398077662584,95,3.0045282251566174,2.6850003498710834e-4,-0.4701497965373496,3.041778183510489e-5,0.0590096364997118,1.1067816821932808,NA,2.558438318407433,4.994735081990567,0.01423218875288328,9.214747729964858e-4,12.0392999649048,0.03594692817333226
BISO_WS_002_01,-15.603287923282185,59.72222222222222,6.879992117716942,0.6111111111111112,-3.841686447778745,31.944444444444443,28.20755932173111,0.5833333333333334,NA,NA,NA,70.34108075925674,100,-0.6855949392375436,71.42857142857143,56.06398077662584,95,3.0299888808430087,3.757786237726657e-4,-0.4701497965373496,3.041778183510489e-5,0.14836065035540388,0.23004583864839895,NA,2.5679636054568844,4.62353873631311,0.01372595950226071,0.00425513492457817,8.04138565063477,0.03606357365777604
BITH_WS_001_01,-26.39824818865962,73.61111111111111,19.938803231250382,0.6111111111111112,-12.2145300138425,68.05555555555556,82.54108778992112,0.5277777777777778,0,NA,NA,53.11653679573669,100,-0.8433567832094984,88.57142857142857,-90.06397903365065,0,2.5866611001976736,0.00234029439350839,3.56110883843785,-0.01334657928958812,11.613953433226971,36.49863518540622,0,4.05307235982683,4.624669213580284,0.00442513748645384,0.02547874503011411,82.9056,0.03079023302317128
BITH_WS_002_01,-25.425382255497876,65.27777777777777,20.170876263366583,0.5972222222222222,-12.011381339956923,68.05555555555556,81.02928583441583,0.5833333333333334,0,NA,NA,53.11653679573669,100,-0.8338333732598716,88.57142857142857,-90.06397903365065,0,2.5546977567938605,0.00303613791381526,3.56110883843785,-0.01334657928958812,23.664103548677307,2.0260299032731544,0,5.0259530279371445,5.563954263557624,0.00442256908066406,0.02549189108389349,48.768,0.03040254812195043
BITH_WS_005_01,-25.425382255497876,65.27777777777777,20.170876263366583,0.5972222222222222,-12.011381339956923,68.05555555555556,81.02928583441583,0.5833333333333334,0,NA,NA,53.11653679573669,100,-0.8338333732598716,88.57142857142857,-90.06397903365065,0,2.5546977567938605,0.00303613791381526,3.56110883843785,-0.01334657928958812,23.664103548677307,2.0260299032731544,0,5.0259530279371445,5.563954263557624,0.00442256908066406,0.02549189108389349,73.152,0.03040254812195043
BITH_WS_007_01,-31.33313120091205,76.38888888888889,22.66465378796633,0.5555555555555556,-12.98791224083172,65.27777777777777,126.86180539306372,0.5555555555555556,0,NA,NA,53.11653679573669,100,-0.8343628041467137,91.42857142857144,122.08344358397432,100,2.7665848504115473,0.00388556472350367,3.56110883843785,8.524769075872479e-5,0.8777115829405155,16.882040638578673,0,3.996722032740655,2.9412058194478163,8.889087580578797e-4,0.02651776914243413,7.92360019683838,0.0314909746461161
BLRI_WS_001_01,-11.435682595774365,63.888888888888886,9.59047316896038,0.6388888888888888,-2.8740930198357044,33.333333333333336,33.05839746037453,0.5833333333333334,NA,NA,NA,60.91994008082783,100,-0.5260750527600742,67.14285714285714,169.44217750702367,100,2.9105496489636113,-9.039028184154654e-4,-0.6013972281368738,3.1203420536074814e-4,2.7788306815507093,NA,NA,-0.45658424827787486,0.5858681682696493,0.00623537791079947,-0.00520525645817255,4.42457675933838,0.03916647277418741
BLRI_WS_002_01,-11.770620699593485,65.27777777777777,10.980502327034142,0.6805555555555556,-3.3163003027598523,31.944444444444443,30.94182838896086,0.5833333333333334,NA,NA,NA,60.91994008082783,100,-0.4950538579779114,68.57142857142857,169.44217750702367,100,2.9038129264450987,-7.847230542878392e-4,-0.6013972281368738,3.1203420536074814e-4,18.447586160005663,NA,NA,-1.9606857867467915,-0.7414315172106255,-0.0050474251977986,0.00802634910300934,6.37184381484985,0.03812117443817032
BLRI_WS_003_01,-11.770620699593485,65.27777777777777,10.980502327034142,0.6805555555555556,-3.3163003027598523,31.944444444444443,30.94182838896086,0.5833333333333334,NA,NA,NA,60.91994008082783,100,-0.4950538579779114,68.57142857142857,169.44217750702367,100,2.9038129264450987,-7.847230542878392e-4,-0.6013972281368738,3.1203420536074814e-4,6.20773860460471,NA,NA,-1.9606857867467915,-0.7414315172106255,-0.0050474251977986,0.00802634910300934,10.1419887542725,0.03812117443817032
BLRI_WS_004_01,-14.808459683797304,65.27777777777777,13.093526216472965,0.5416666666666666,-1.5845061798201436,26.38888888888889,41.68228914573673,0.6388888888888888,NA,NA,NA,60.91994008082783,100,-0.5439265135070818,74.28571428571429,206.40209583738832,100,3.028855855367137,8.59564195396234e-6,-0.6013972281368738,9.576055368001264e-4,0,0.275284587790734,NA,0.11035620993461832,0.30680787626397976,0.00929389409493828,-0.0133868087956934,28.041600000000003,0.03663925339460645
BLRI_WS_005_01,-11.733042001775823,56.94444444444444,13.860916539090752,0.6111111111111112,-1.5638351480894386,18.055555555555557,63.5487604860172,0.5972222222222222,NA,NA,NA,60.91994008082783,100,-0.48404482077658206,64.28571428571429,206.40209583738832,100,2.9485687155117795,1.2488086474977955e-4,-0.6013972281368738,9.576055368001264e-4,0,0,NA,-1.9575542490929363,-0.723689486408794,-0.00782240475508212,-0.004457285374771,60.96,0.03466988070975937
BLRI_WS_006_01,-11.733042001775823,56.94444444444444,13.860916539090752,0.6111111111111112,-1.5638351480894386,18.055555555555557,63.5487604860172,0.5972222222222222,NA,NA,NA,60.91994008082783,100,-0.48404482077658206,64.28571428571429,206.40209583738832,100,2.9485687155117795,1.2488086474977955e-4,-0.6013972281368738,9.576055368001264e-4,0,0,NA,-1.9575542490929363,-0.723689486408794,-0.00782240475508212,-0.004457285374771,68.2752,0.03466988070975937
BLRI_WS_007_01,-11.785469504398831,58.333333333333336,13.489745546508075,0.5972222222222222,-1.618318329614487,19.444444444444443,67.31416934619571,0.5972222222222222,NA,NA,NA,60.91994008082783,100,-0.456117446767287,62.857142857142854,66.08178659843614,100,2.932777822753529,-4.845650718551808e-6,-0.6013972281368738,-3.0083086874482757e-4,0,0,NA,-1.44210513432821,-0.0064084264967164,-0.0018519334826673,-0.00591055159706144,12.1909999847412,0.03466966580934632
BLRI_WS_008_01,-11.01753815441792,52.77777777777778,13.159479206143322,0.5416666666666666,-1.7476739425562424,20.833333333333332,57.28705160862733,0.6527777777777778,NA,NA,NA,60.91994008082783,100,-0.4668873057516464,61.42857142857143,236.2533209776996,100,2.9616315560433932,-1.7061046262235868e-4,-0.6013972281368738,5.633967816231415e-4,0,3.3701898363928957,NA,-2.1362859408060655,-0.06165038214789677,-0.00508012340169126,-0.01265199449327259,11.0741138458252,0.0349800109665996
BLRI_WS_009_01,-11.251671159755844,58.333333333333336,13.713613497968009,0.5277777777777778,-2.0860882629077246,18.055555555555557,40.3615620552242,0.5416666666666666,NA,NA,NA,60.91994008082783,100,-0.49946070310063245,68.57142857142857,NA,NA,3.0677620706117654,-4.5728491344045746e-4,-0.6013972281368738,1.4948947697839042e-4,0,0.11927936896409816,NA,-0.35735525076205915,2.821973225427054,0.01162963188153965,-0.01146750164847081,3.04900002479553,0.03521238840744873
BLRI_WS_010_01,-13.7125770177814,68.05555555555556,10.732968236962432,0.5138888888888888,-1.982121762680827,23.61111111111111,39.13127572040538,0.5555555555555556,NA,NA,NA,60.91994008082783,100,-0.5697140561272197,72.85714285714286,NA,NA,3.047914432225973,2.1097395334496863e-4,-0.6013972281368738,1.4948947697839042e-4,0,0,NA,1.357324598012146,2.030618604024255,0.01151888073715793,-0.01694733010014089,8.99079990386963,0.03603188519117208
BLRI_WS_011_01,-13.7125770177814,68.05555555555556,10.732968236962432,0.5138888888888888,-1.982121762680827,23.61111111111111,39.13127572040538,0.5555555555555556,NA,NA,NA,60.91994008082783,100,-0.5697140561272197,72.85714285714286,NA,NA,3.047914432225973,2.1097395334496863e-4,-0.6013972281368738,1.4948947697839042e-4,0,0.04408997767225923,NA,1.357324598012146,2.030618604024255,0.01151888073715793,-0.01694733010014089,8.53219985961914,0.03603188519117208
BLRI_WS_012_01,-13.7125770177814,68.05555555555556,10.732968236962432,0.5138888888888888,-1.982121762680827,23.61111111111111,39.13127572040538,0.5555555555555556,NA,NA,NA,60.91994008082783,100,-0.5697140561272197,72.85714285714286,NA,NA,3.047914432225973,2.1097395334496863e-4,-0.6013972281368738,1.4948947697839042e-4,0,0.3081949745037816,NA,1.357324598012146,2.030618604024255,0.01151888073715793,-0.01694733010014089,10.0980243682861,0.03603188519117208
BLRI_WS_013_01,-14.236784017769857,66.66666666666667,12.317239629240673,0.5,-1.567265649663342,23.61111111111111,37.13529949086022,0.6388888888888888,NA,NA,NA,60.91994008082783,100,-0.5513009153154419,75.71428571428571,NA,NA,3.0489890994136903,-4.1367443286165206e-5,-0.6013972281368738,1.4948947697839042e-4,0,0.20757585997716577,NA,1.312682807887044,1.786054880641124,0.01167830716200603,-0.01431619149667256,6.09800004959106,0.03649123379830232
BLRI_WS_014_01,-11.922773049031994,52.77777777777778,11.652195641814748,0.5277777777777778,-1.5771898807253637,22.22222222222222,65.77327007501212,0.5555555555555556,NA,NA,NA,60.91994008082783,100,-0.4522081449116914,61.42857142857143,19.83095520948216,40,2.8005365270013005,-0.00185127993282144,-0.6013972281368738,-0.00115117294210637,7.261764275074654,0.7269687658250206,NA,3.408027325147461,3.1747905372554417,0.00273834916451213,0.01422894795735665,2.60778307914734,0.03793287361409454
BLRI_WS_015_01,-10.49481309996716,54.166666666666664,14.170197285685752,0.5277777777777778,-1.8291716273085956,25,64.30950888544737,0.5277777777777778,NA,NA,NA,60.91994008082783,100,-0.4041689368110831,64.28571428571429,229.69095688751855,100,2.8156492716759978,-9.947195350023391e-4,-0.6013972281368738,1.2123696816998144e-4,5.287745615995937,0.7122383191589076,NA,6.775801717499146,7.549973938200196,0.01257343632738158,0.02811935373428298,89.00160000000001,0.03591925792759196
BLRI_WS_016_01,-18.04452645461642,63.888888888888886,12.78785597703481,0.5555555555555556,-4.5111795015770175,20.833333333333332,108.391753137714,0.5972222222222222,NA,NA,NA,47.89627854271006,100,-0.6327919287679312,80,184.36339715521132,100,3.154494832635921,-0.00100375554192359,-0.6013972281368738,-5.997883989796414e-4,0.439876347210721,NA,NA,2.7975533377556587,4.000401838326171,0.018085512932849,-0.00725401290739423,85.34400000000001,0.03981872876903601
BLRI_WS_017_01,-19.301924954588372,63.888888888888886,13.473477555524696,0.5555555555555556,-4.202168044559882,23.61111111111111,101.05020426882712,0.6111111111111112,NA,NA,NA,47.89627854271006,100,-0.6728631170457291,80,184.36339715521132,100,3.2159796050230085,-0.0014173967195844,-0.6013972281368738,-5.997883989796414e-4,0.1315309937618794,NA,NA,3.4442822214156843,5.621153812782442,0.01998388569903895,-0.0092694721524676,49.9872,0.04013350328748242
BLRI_WS_018_01,-17.27414260879801,63.888888888888886,12.844650360749204,0.5138888888888888,-4.000575288645605,22.22222222222222,101.77030126538448,0.6111111111111112,NA,NA,NA,62.4324505063456,100,-0.650573666843024,78.57142857142857,NA,NA,3.191277306187157,-0.00112711148598778,-0.6013972281368738,-7.610330518422834e-4,0.26784395019722224,NA,NA,3.675146112407462,5.6678001827663875,0.02001289510464437,-0.00751346002810825,38.03904000000001,0.03870438582134149
BLRI_WS_019_01,-11.475558926462414,61.111111111111114,10.980839795278431,0.5277777777777778,-1.571227432823546,25,59.58523331155605,0.5416666666666666,NA,NA,NA,60.91994008082783,100,-0.49514315060313696,65.71428571428571,285.4566249460591,100,2.9419867674794524,-7.372753188483946e-4,-0.6013972281368738,0.00568418844067864,6.661271449248445,3.933436330110835,NA,1.898964628761203,2.8771837779453824,0.00508308152735291,0.00952287367832512,8.22979927062988,0.03658843779118374
BLRI_WS_020_01,-11.3428046531223,61.111111111111114,10.389679665358877,0.5,-1.4716178595105431,27.77777777777778,45.17220664094188,0.5138888888888888,NA,NA,NA,60.91994008082783,100,-0.47425153012210225,65.71428571428571,285.4566249460591,100,2.9139900204196287,-6.636897525750876e-4,-0.6013972281368738,0.00568418844067864,6.642161545549707,3.646569031620414,NA,2.6069615205129004,3.0213567208552674,0.00416761567679748,0.01260583194685575,8.9906005859375,0.03692557183892191
BLRI_WS_021_01,-11.475558926462414,61.111111111111114,10.980839795278431,0.5277777777777778,-1.571227432823546,25,59.58523331155605,0.5416666666666666,NA,NA,NA,60.91994008082783,100,-0.49514315060313696,65.71428571428571,134.5445778522506,95,2.9419867674794524,-7.372753188483946e-4,-0.6013972281368738,3.003186182311682e-4,7.370973080278606,3.5198664156880692,NA,1.898964628761203,2.8771837779453824,0.00508308152735291,0.00952287367832512,98.7552,0.03658843779118374
BLRI_WS_022_01,-11.475558926462414,61.111111111111114,10.980839795278431,0.5277777777777778,-1.571227432823546,25,59.58523331155605,0.5416666666666666,NA,NA,NA,60.91994008082783,100,-0.49514315060313696,65.71428571428571,285.4566249460591,100,2.9419867674794524,-7.372753188483946e-4,-0.6013972281368738,0.00568418844067864,6.661271472199486,3.933436354370204,NA,1.898964628761203,2.8771837779453824,0.00508308152735291,0.00952287367832512,8.22979927062988,0.03658843779118374
BLRI_WS_023_01,-13.648355708302248,54.166666666666664,21.39724910378819,0.7777777777777778,-4.343694227455663,25,91.92688931683368,0.5972222222222222,NA,NA,NA,62.4324505063456,100,-0.6315721083709368,61.42857142857143,NA,NA,3.181336071423827,0.00115621492538026,-0.6013972281368738,0.00104213628642712,0,1.568199770201094,NA,-3.4007620679007644,-2.6608003369084146,-0.01287670658483718,0.01902686225043481,9.44969940185547,0.03392060115988266
BLRI_WS_024_01,-12.653440650039286,54.166666666666664,20.7545933578396,0.8055555555555556,-4.240601510822762,23.61111111111111,129.4525976014809,0.6111111111111112,NA,NA,NA,62.4324505063456,100,-0.666293197312445,61.42857142857143,145.36950747992458,100,3.1456866076342944,0.00152461715962385,-0.6013972281368738,3.311438017216085e-4,0,1.114087646184949,NA,-5.207481550133747,-3.310920503404418,-0.01927738240035879,0.00809624565972207,19.5072,0.03479477768615992
BLRI_WS_025_01,-13.932057153656343,58.333333333333336,16.52187140931451,0.625,-4.462942487302817,20.833333333333332,96.35682427903194,0.5833333333333334,NA,NA,NA,62.4324505063456,100,-0.6223882961964049,68.57142857142857,NA,NA,3.211608191734765,-5.373142393155089e-5,-0.6013972281368738,0.00104213628642712,0,0.901938139037054,NA,0.9501962283300956,0.9652978465670604,-0.00425775179537593,0.02171212655526622,29.260800000000003,0.03591745489490205
BLRI_WS_026_01,-13.932057153656343,58.333333333333336,16.52187140931451,0.625,-4.462942487302817,20.833333333333332,96.35682427903194,0.5833333333333334,NA,NA,NA,62.4324505063456,100,-0.6223882961964049,68.57142857142857,NA,NA,3.211608191734765,-5.373142393155089e-5,-0.6013972281368738,0.00104213628642712,0.14679060227882962,2.2498578292700904,NA,0.9501962283300956,0.9652978465670604,-0.00425775179537593,0.02171212655526622,65.8368,0.03591745489490205
BLRI_WS_027_01,-10.825820999724098,55.55555555555556,12.27788500049322,0.5138888888888888,-3.1715219333827713,19.444444444444443,114.25922430625312,0.5972222222222222,NA,NA,NA,60.91994008082783,100,-0.4464375622113368,60,248.20570978532888,100,2.881753232174308,-0.00131301139282351,-0.6013972281368738,-0.00429874760687957,1.8213816257058144,0,NA,5.925403861842529,3.863320323174877,0.01049988520213847,0.00149708935338204,0.10232400149107,0.03468693460873802
BLRI_WS_028_01,-10.825820999724098,55.55555555555556,12.27788500049322,0.5138888888888888,-3.1715219333827713,19.444444444444443,114.25922430625312,0.5972222222222222,NA,NA,NA,60.91994008082783,100,-0.4464375622113368,60,248.20570978532888,100,2.881753232174308,-0.00131301139282351,-0.6013972281368738,-0.00429874760687957,1.8660448879293627,0,NA,5.925403861842529,3.863320323174877,0.01049988520213847,0.00149708935338204,97.536,0.03468693460873802
BLRI_WS_029_01,-13.277449318531728,61.111111111111114,12.412156707251544,0.5138888888888888,-2.4811992951688624,29.166666666666668,36.21881609069811,0.5416666666666666,NA,NA,NA,60.91994008082783,100,-0.5114801646771412,68.57142857142857,-55.626764822798336,0,2.8902237896708467,-8.074647024366791e-4,-0.6013972281368738,0.02866801056056807,1.0490356316526246,0.06838654234776748,NA,5.364026336537466,5.919101036919488,0.02216506509288402,-3.588641131364993e-4,4.97940969467163,0.03451658251175411
BLRI_WS_029_02,-13.277449318531728,61.111111111111114,12.412156707251544,0.5138888888888888,-2.4811992951688624,29.166666666666668,36.21881609069811,0.5416666666666666,NA,NA,NA,60.91994008082783,100,-0.5114801646771412,68.57142857142857,-55.626764822798336,0,2.8902237896708467,-8.074647024366791e-4,-0.6013972281368738,0.02866801056056807,1.0544543801390185,0.05573525976911159,NA,5.364026336537466,5.919101036919488,0.02216506509288402,-3.588641131364993e-4,134.112,0.03451658251175411
BLRI_WS_031_01,-17.437276796587987,62.5,12.23392593499747,0.5277777777777778,-2.91341592091205,20.833333333333332,60.14214980307501,0.625,NA,NA,NA,62.4324505063456,100,-0.5943138523995554,70,NA,NA,3.1994537723724292,-6.56343908000602e-4,-0.6013972281368738,-7.610330518422834e-4,0,0.29119534221233606,NA,-1.4962343234641902,0.3811585069193253,6.903482453337209e-4,0.00831668053144281,34.1376,0.03688351569580389
BLRI_WS_031_02,-17.437276796587987,62.5,12.23392593499747,0.5277777777777778,-2.91341592091205,20.833333333333332,60.14214980307501,0.625,NA,NA,NA,62.4324505063456,100,-0.5943138523995554,70,NA,NA,3.1994537723724292,-6.56343908000602e-4,-0.6013972281368738,-7.610330518422834e-4,0,0.28918005366211147,NA,-1.4962343234641902,0.3811585069193253,6.903482453337209e-4,0.00831668053144281,5.51778030395508,0.03688351569580389
BLRI_WS_032_01,-17.437276796587987,62.5,12.23392593499747,0.5277777777777778,-2.91341592091205,20.833333333333332,60.14214980307501,0.625,NA,NA,NA,62.4324505063456,100,-0.5943138523995554,70,NA,NA,3.1994537723724292,-6.56343908000602e-4,-0.6013972281368738,-7.610330518422834e-4,0,0.22057809435496048,NA,-1.4962343234641902,0.3811585069193253,6.903482453337209e-4,0.00831668053144281,5.39081144332886,0.03688351569580389
BLRI_WS_033_01,-11.530956881334742,62.5,10.184420260380987,0.5416666666666666,-1.4338751579386209,27.77777777777778,48.22420072232149,0.5833333333333334,NA,NA,NA,60.91994008082783,100,-0.5071445894904013,67.14285714285714,129.68564779767684,100,3.0594879201758385,-8.39516611725058e-4,-0.6013972281368738,4.92978207168545e-4,3.938279867437349,1.9610760821457975,NA,2.1925160594192556,3.892896137540317,0.01453504591938505,0.00128053735803712,36.576,0.03459679283184901
BLRI_WS_034_01,-17.00735871849701,68.05555555555556,13.925028164368426,0.5555555555555556,-2.8345073727415495,25,55.08063090065977,0.5972222222222222,NA,NA,NA,60.91994008082783,100,-0.5989816669203701,78.57142857142857,85.66707021339724,100,3.1210640543535497,-0.00115830501594663,-0.6013972281368738,1.9532272096254175e-4,0,1.6414437486722426,NA,0.00282826143152573,2.620997018284271,0.00588307283691971,-0.00337554790355509,59.7408,0.03944984747656361
BLRI_WS_035_01,-13.200875793530344,58.333333333333336,11.161130608863802,0.5138888888888888,-2.5078730066309896,26.38888888888889,56.76737882898234,0.5138888888888888,NA,NA,NA,60.91994008082783,100,-0.5085890091375356,61.42857142857143,70.72515617957836,100,3.1698532182350903,-3.871203287922134e-4,-0.6013972281368738,1.7602041790446067e-4,0,0.4123653023334051,NA,-2.8468494263906257,0.5016536977556143,-0.00662078780904672,0.00354032163266785,24.384,0.0357507798993142
BLRI_WS_036_01,-13.200875793530344,58.333333333333336,11.161130608863802,0.5138888888888888,-2.5078730066309896,26.38888888888889,56.76737882898234,0.5138888888888888,NA,NA,NA,60.91994008082783,100,-0.5085890091375356,61.42857142857143,70.72515617957836,100,3.1698532182350903,-3.871203287922134e-4,-0.6013972281368738,1.7602041790446067e-4,0,0.6497720912414815,NA,-2.8468494263906257,0.5016536977556143,-0.00662078780904672,0.00354032163266785,7.91013145446777,0.0357507798993142
BLRI_WS_037_01,-13.662093107959612,61.111111111111114,11.484593546668842,0.5277777777777778,-2.3474014185795555,27.77777777777778,61.73743485628012,0.5555555555555556,NA,NA,NA,60.91994008082783,100,-0.5361221174594094,70,70.72515617957836,100,3.152954850240518,-3.737396514382138e-4,-0.6013972281368738,1.7602041790446067e-4,0,0.5419325410211822,NA,-1.980232197140887,1.17228978777689,-0.00106174790848867,-0.00438859727647572,7.99518966674805,0.03729272393495302
BLRI_WS_038_01,-10.977335327504274,59.72222222222222,15.072542395204165,0.5138888888888888,-2.4013424128922467,19.444444444444443,31.481549108809837,0.5138888888888888,NA,NA,NA,60.91994008082783,100,-0.4744896855538138,62.857142857142854,70.72515617957836,100,3.1502843241632714,1.0462090571083243e-4,-0.6013972281368738,1.7602041790446067e-4,0.14622367512279222,1.296364126644352,NA,-2.100308740403916,2.547784615678402,0.00184521079058665,0.00391642252604174,58.52160000000001,0.03387764059817637
BLRI_WS_039_01,-12.765410541474594,59.72222222222222,14.264971391718714,0.5277777777777778,-2.7221810281555334,20.833333333333332,33.533497715704016,0.5277777777777778,NA,NA,NA,60.91994008082783,100,-0.5158947217041192,64.28571428571429,70.72515617957836,100,3.170161413367836,-8.734245831547305e-5,-0.6013972281368738,1.7602041790446067e-4,0.10035547076140831,1.171298497733107,NA,-2.633513274818959,1.9294695206630577,0.00131756337298427,7.517235910789839e-4,84.12480000000001,0.03488391350602402
BLRI_WS_040_01,-11.543379506594787,54.166666666666664,13.28054669082364,0.5277777777777778,-1.7444500354250798,18.055555555555557,54.32058644418798,0.6527777777777778,NA,NA,NA,60.91994008082783,100,-0.4416716418909792,58.57142857142857,236.2533209776996,100,2.975233003182602,-2.4877159040609387e-4,-0.6013972281368738,5.633967816231415e-4,0.4126012548355438,1.4058061328758131,NA,-1.8469963479925129,1.0375838809543438,-0.00475851233635613,-0.0087904088637407,13.7219047546387,0.0356894682543829
BLRI_WS_041_01,-11.55684783811484,54.166666666666664,12.840603378331732,0.5277777777777778,-2.1670012059748323,19.444444444444443,59.04283666612652,0.6388888888888888,NA,NA,NA,60.91994008082783,100,-0.46512972613469783,60,66.08178659843614,100,2.994751908208496,-1.4172195914346347e-4,-0.6013972281368738,-3.0083086874482757e-4,2.289493526921994,0.4651737822449399,NA,0.13342834465087453,1.5279494873200912,2.377902600953818e-6,-0.01381421972204144,104.8512,0.03544796121704063
BLRI_WS_042_01,-11.530956881334742,62.5,10.184420260380987,0.5416666666666666,-1.4338751579386209,27.77777777777778,48.22420072232149,0.5833333333333334,NA,NA,NA,60.91994008082783,100,-0.5071445894904013,67.14285714285714,129.68564779767684,100,3.0594879201758385,-8.39516611725058e-4,-0.6013972281368738,4.92978207168545e-4,4.963954030326985,1.029118566727843,NA,2.1925160594192556,3.892896137540317,0.01453504591938505,0.00128053735803712,60.96,0.03459679283184901
BLRI_WS_043_01,-12.561188489590064,65.27777777777777,9.933851550566686,0.5138888888888888,-1.4909056889332022,29.166666666666668,42.490141327460805,0.5555555555555556,NA,NA,NA,60.91994008082783,100,-0.5254582614798264,68.57142857142857,285.4566249460591,100,3.01614580682339,-4.809804405194948e-4,-0.6013972281368738,0.00568418844067864,11.972275587590476,0.3729273325978075,NA,1.8794635225225376,3.1792096224698154,0.01332263401145564,0.00671443232783555,8.13815975189209,0.03413667841174129
BOWA_WS_001_01,-22.158840392753294,68.05555555555556,14.397017350902289,0.5555555555555556,-3.64337856153443,25,61.167435418190074,0.5555555555555556,NA,NA,NA,47.89627854271006,100,-0.7713040805876991,80,85.66707021339724,100,3.292162043836571,0.00113572863956487,0.23415814253070988,1.9532272096254175e-4,0,NA,NA,0.11067345296895326,1.70007111702436,0.00442026985870381,0.00681426882976204,30.723840000000006,0.0388692457540227
BOWA_WS_002_01,-22.158840392753294,68.05555555555556,14.397017350902289,0.5555555555555556,-3.64337856153443,25,61.167435418190074,0.5555555555555556,NA,NA,NA,47.89627854271006,100,-0.7713040805876991,80,85.66707021339724,100,3.292162043836571,0.00113572863956487,0.23415814253070988,1.9532272096254175e-4,0,NA,NA,0.11067345296895326,1.70007111702436,0.00442026985870381,0.00681426882976204,14.0444221496582,0.0388692457540227
BOWA_WS_003_01,-26.85866094634422,81.94444444444444,15.359288118675792,0.6388888888888888,-3.4586958486285297,25,45.06703021394619,0.625,NA,NA,NA,61.32960230030893,100,-0.8091705733775467,84.28571428571429,9.293753874308198,35,3.3568710178457266,5.561849651624581e-4,0.23415814253070988,-0.00544995494230039,0,12.957416493551529,NA,-3.335310887407372,-0.215826896384912,-0.01316248245678201,0.03304585115409209,10.5750827789307,0.03730355967062962
BRCA_WS_001_01,-31.005842111820854,51.388888888888886,41.4558441479363,0.9722222222222222,-15.193082591484588,48.611111111111114,54.499890945216954,0.5416666666666666,NA,NA,NA,31.28802133993632,77.5,-1.6642689600822256,100,23.577178001463103,35,3.4511547327896173,0.00769332900474208,2.852014636478355,1.3121683535825007e-4,38.79222128447395,NA,NA,0.27651617692780867,-2.235828816890717,-0.02904355653494419,0.01842998805637331,13.5635995864868,0.02608941869580654
BRCA_WS_002_01,-29.11839679670981,55.55555555555556,40.59645950753396,0.9861111111111112,-16.403875049062055,52.77777777777778,54.70988261564366,0.5138888888888888,NA,NA,NA,52.95764922510357,100,-1.5246418557807262,100,-6.805855921182237,0,3.3875099321799844,0.00752505756726823,2.852014636478355,-3.2565639765778486e-4,1.1457129993085506,NA,NA,-0.6683114894296386,-4.451033132118093,-0.03604148076482113,0.01897551758876294,12.67968,0.02965867211382987
BRCA_WS_002_02,-29.11839679670981,55.55555555555556,40.59645950753396,0.9861111111111112,-16.403875049062055,52.77777777777778,54.70988261564366,0.5138888888888888,NA,NA,NA,52.95764922510357,100,-1.5246418557807262,100,-6.805855921182237,0,3.3875099321799844,0.00752505756726823,2.852014636478355,-3.2565639765778486e-4,1.1463142458568545,NA,NA,-0.6683114894296386,-4.451033132118093,-0.03604148076482113,0.01897551758876294,21.9456,0.02965867211382987
BUFF_WS_001_01,-22.541194226030992,77.77777777777777,18.809457520768383,0.6527777777777778,-5.805165195638023,44.44444444444444,60.69364529140262,0.7638888888888888,NA,NA,NA,74.1784611412459,100,-0.723887047528945,90,103.93924282770494,100,3.231047557198824,0.00139411620625864,2.1736361007328284,9.04557848347596e-5,0,NA,NA,6.182341959741393,5.466709570451216,0.03269211270416508,0.00407752605399703,38.2597770690918,0.04551112299057454
BUFF_WS_002_01,-22.541194226030992,77.77777777777777,18.809457520768383,0.6527777777777778,-5.805165195638023,44.44444444444444,60.69364529140262,0.7638888888888888,NA,NA,NA,74.1784611412459,100,-0.723887047528945,90,103.93924282770494,100,3.231047557198824,0.00139411620625864,2.1736361007328284,9.04557848347596e-5,0,NA,NA,6.182341959741393,5.466709570451216,0.03269211270416508,0.00407752605399703,7.61999988555908,0.04551112299057454
BUFF_WS_003_01,-22.765410777131923,76.38888888888889,17.054823850486887,0.6527777777777778,-5.2298147670819395,45.833333333333336,59.28487295616712,0.7222222222222222,NA,NA,NA,74.1784611412459,100,-0.74666724627445,91.42857142857144,103.93924282770494,100,3.277889063851095,0.00169941129103912,2.1736361007328284,9.04557848347596e-5,0.2917481904256264,NA,NA,4.195925870269697,4.665527428521051,0.02244797333359101,0.00177852638051281,16.2686996459961,0.0455556567527795
BUFF_WS_004_01,-21.758408714599927,77.77777777777777,18.43142702785974,0.6805555555555556,-5.319834658707382,43.05555555555556,59.13461227414959,0.7777777777777778,NA,NA,NA,74.1784611412459,100,-0.7413952660659325,90,103.93924282770494,100,3.2463926016596005,0.00144743098391864,2.1736361007328284,9.04557848347596e-5,0.14587471745096597,NA,NA,6.257349407166437,5.276753814132121,0.03293621249742393,0.00107645936521319,33.4860687255859,0.04554660032569748
BUFF_WS_005_01,-21.758408714599927,77.77777777777777,18.43142702785974,0.6805555555555556,-5.319834658707382,43.05555555555556,59.13461227414959,0.7777777777777778,NA,NA,NA,74.1784611412459,100,-0.7413952660659325,90,103.93924282770494,100,3.2463926016596005,0.00144743098391864,2.1736361007328284,9.04557848347596e-5,0.14587478754140093,NA,NA,6.257349407166437,5.276753814132121,0.03293621249742393,0.00107645936521319,33.4860687255859,0.04554660032569748
BUFF_WS_006_01,-22.935390864602933,73.61111111111111,18.17947922170786,0.6805555555555556,-5.591730849007122,40.27777777777778,51.48451665138776,0.75,NA,NA,NA,74.1784611412459,100,-0.7734899783310081,88.57142857142857,21.267074430126613,60,3.1777476672393217,9.16211260478028e-4,2.1736361007328284,3.465503724070154e-5,0,NA,NA,7.402767780092026,7.453976567586267,0.04079437083558057,0.00844187795380039,40.4012413024902,0.04538041258828698
BUFF_WS_007_01,-22.96875957769948,76.38888888888889,18.71624747983637,0.6666666666666666,-5.541844545104295,41.666666666666664,52.95911668498783,0.75,NA,NA,NA,74.1784611412459,100,-0.78612243747135635,88.57142857142857,21.267074430126613,60,3.175819435047469,0.0010724998916245,2.1736361007328284,3.465503724070154e-5,0,NA,NA,7.133545143263679,7.28408313932873,0.03984945841557888,0.00706186647768376,12.616678237915,0.04513732943413635
BUFF_WS_009_01,-22.96875957769948,76.38888888888889,18.71624747983637,0.6666666666666666,-5.541844545104295,41.666666666666664,52.95911668498783,0.75,NA,NA,NA,74.1784611412459,100,-0.78612243747135635,88.57142857142857,21.267074430126613,60,3.175819435047469,0.0010724998916245,2.1736361007328284,3.465503724070154e-5,0,NA,NA,7.133545143263679,7.28408313932873,0.03984945841557888,0.00706186647768376,21.7024040222168,0.04513732943413635
BUFF_WS_010_01,-24.04351913552908,76.38888888888889,17.86296644635498,0.6944444444444444,-6.274814499756867,37.5,53.78436632669702,0.7361111111111112,NA,NA,NA,74.1784611412459,100,-0.8056286172975415,90,21.267074430126613,60,3.1795727763219652,0.0012759316761878,2.1736361007328284,3.465503724070154e-5,0.14599042291651051,NA,NA,6.584845277998184,5.996220841367019,0.03123301453229513,0.00894671716604807,4.57149982452393,0.04432193082232819
BUFF_WS_011_01,-22.726543173444185,72.22222222222223,18.134966087727815,0.6388888888888888,-6.917496606021135,44.44444444444444,51.955814168624585,0.7361111111111112,NA,NA,NA,70.8283829700801,100,-0.8346384276477218,88.57142857142857,73.83505521304122,100,3.1809696129525804,0.0015117070186143,2.1736361007328284,1.1725751558570712e-5,0,NA,NA,4.289647184477914,3.071363290150953,0.01586968928882244,0.01096141956470617,304.8,0.04213071223382027
BUFF_WS_013_01,-23.408287111397925,77.77777777777777,17.617783500577712,0.6805555555555556,-6.751166598779311,45.833333333333336,48.05011607543595,0.7361111111111112,NA,NA,NA,74.1784611412459,100,-0.8550441464120878,91.42857142857144,73.83505521304122,100,3.1681831828724683,0.00165410682858616,2.1736361007328284,1.1725751558570712e-5,0,NA,NA,4.896047272947101,2.4940696292453595,0.01067243935360912,0.00183303267867476,9.9060001373291,0.04188038216175536
BUFF_WS_014_01,-23.408287111397925,77.77777777777777,17.617783500577712,0.6805555555555556,-6.751166598779311,45.833333333333336,48.05011607543595,0.7361111111111112,NA,NA,NA,74.1784611412459,100,-0.8550441464120878,91.42857142857144,73.83505521304122,100,3.1681831828724683,0.00165410682858616,2.1736361007328284,1.1725751558570712e-5,0,NA,NA,4.896047272947101,2.4940696292453595,0.01067243935360912,0.00183303267867476,9.9060001373291,0.04188038216175536
BUFF_WS_015_01,-24.340051428799757,76.38888888888889,16.908119690576626,0.6388888888888888,-6.8915867452066095,45.833333333333336,48.90252674711144,0.7638888888888888,NA,NA,NA,74.1784611412459,100,-0.8482459209229122,95.71428571428572,73.83505521304122,100,3.177284395727966,0.00157431960381188,2.1736361007328284,1.1725751558570712e-5,0,NA,NA,4.789599275588989,3.2335700247022827,0.01333525803944685,9.8047950715388e-4,20.1071758270264,0.04281511086381542
BUFF_WS_016_01,-22.734579449228463,72.22222222222223,16.35439307135398,0.625,-6.8970782894686,44.44444444444444,51.187165548117086,0.7638888888888888,NA,NA,NA,70.8283829700801,100,-0.8066905263262952,90,73.83505521304122,100,3.1687356461475993,0.00181262641514669,2.1736361007328284,1.1725751558570712e-5,0,NA,NA,3.990591515435108,2.6643152651579483,0.01203725762513788,0.00819727579752607,5.38201665878296,0.0422026012550465
BUFF_WS_017_01,-24.8813281459329,79.16666666666667,17.927591724190133,0.6944444444444444,-7.160629172289094,47.22222222222222,44.838888195162895,0.7361111111111112,NA,NA,NA,74.1784611412459,100,-0.8653632100569799,95.71428571428572,73.83505521304122,100,3.1715007823380468,0.00177970003269443,2.1736361007328284,1.1725751558570712e-5,0,NA,NA,5.420342842737834,2.852539985898943,0.00952453699195234,-0.00118915801899209,4.80563545227051,0.04211505571318954
BUFF_WS_018_01,-24.8813281459329,79.16666666666667,17.927591724190133,0.6944444444444444,-7.160629172289094,47.22222222222222,44.838888195162895,0.7361111111111112,NA,NA,NA,74.1784611412459,100,-0.8653632100569799,95.71428571428572,73.83505521304122,100,3.1715007823380468,0.00177970003269443,2.1736361007328284,1.1725751558570712e-5,0,NA,NA,5.420342842737834,2.852539985898943,0.00952453699195234,-0.00118915801899209,0,0.04211505571318954
BUFF_WS_019_01,-24.8813281459329,79.16666666666667,17.927591724190133,0.6944444444444444,-7.160629172289094,47.22222222222222,44.838888195162895,0.7361111111111112,NA,NA,NA,74.1784611412459,100,-0.8653632100569799,95.71428571428572,73.83505521304122,100,3.1715007823380468,0.00177970003269443,2.1736361007328284,1.1725751558570712e-5,0,NA,NA,5.420342842737834,2.852539985898943,0.00952453699195234,-0.00118915801899209,0,0.04211505571318954
BUFF_WS_020_01,-23.83948300746611,75,15.86664431521,0.6111111111111112,-6.791667271907315,45.833333333333336,49.31886289610786,0.75,NA,NA,NA,74.1784611412459,100,-0.7984509237157138,94.28571428571428,73.83505521304122,100,3.1683650646775607,0.0018559829408172,2.1736361007328284,1.1725751558570712e-5,0,NA,NA,4.240122637218899,2.5650722009164326,0.01098900749055562,0.00165381254973236,7.98186779022217,0.04255908885653201
BUFF_WS_021_01,-23.83948300746611,75,15.86664431521,0.6111111111111112,-6.791667271907315,45.833333333333336,49.31886289610786,0.75,NA,NA,NA,74.1784611412459,100,-0.7984509237157138,94.28571428571428,73.83505521304122,100,3.1683650646775607,0.0018559829408172,2.1736361007328284,1.1725751558570712e-5,0,NA,NA,4.240122637218899,2.5650722009164326,0.01098900749055562,0.00165381254973236,7.98186779022217,0.04255908885653201
CACH_WS_002_01,-28.391894975829945,66.66666666666667,73.36145014681401,0.9583333333333334,-15.530550937793947,63.888888888888886,35.85283901128981,0.5972222222222222,NA,NA,NA,22.82530264308381,62.5,-2.5033057132370926,100,54.32776194968444,75,3.457960024671884,0.00480594820696657,-0.20513187908916972,-5.824710950614974e-5,0,1.6983478710977835,NA,-0.2564286213472041,-2.665935476963771,-0.05038516065929176,0.02530701562700965,29.260800000000003,0.01450896068447635
CACO_WS_001_01,-11.489649009992874,63.888888888888886,28.702494398290973,1,-6.987368376733838,36.111111111111114,42.13258394445763,0.7083333333333334,0.2277073930771607,0.417454692502589,0.30292527569341215,68.37393133052862,100,-0.7971580448371146,82.85714285714286,43.02779454033192,95,3.0975985977812055,0.00851843246758998,-0.8796595055535631,0.00168183654920594,0,24.619037041720947,52.870069683244935,2.560435480541653,3.3745737005163163,0.02093368335058664,0.01588290650167584,20.4832992553711,0.04541813240992085
CACO_WS_002_01,-11.34217014587558,62.5,29.861255359838353,1,-7.181362887816693,36.111111111111114,43.164002966171175,0.7083333333333334,8.941102241898879,0.12812417330071058,0.3554061415621466,68.37393133052862,100,-0.7962043497676268,82.85714285714286,43.02779454033192,95,3.095048419997683,0.00872397522541108,-0.8796595055535631,0.00168183654920594,0,20.079872688840226,16.977390557707025,3.105580690171996,3.404765527715123,0.01678423381657942,0.01691826184590672,9.94992256164551,0.04528025783273779
CACO_WS_003_01,-11.34217014587558,62.5,29.861255359838353,1,-7.181362887816693,36.111111111111114,43.164002966171175,0.7083333333333334,6.431737937698056,0.09202596997920132,0.30003174484485273,68.37393133052862,100,-0.7962043497676268,82.85714285714286,43.02779454033192,95,3.095048419997683,0.00872397522541108,-0.8796595055535631,0.00168183654920594,0,18.80435498817272,25.11092092969803,3.105580690171996,3.404765527715123,0.01678423381657942,0.01691826184590672,7.31500005722046,0.04528025783273779
CACO_WS_004_01,-11.51467629101738,62.5,27.32213143537656,1,-6.702339681504505,36.111111111111114,40.73832288796933,0.6805555555555556,0.18425215236451464,0.19181774980538524,0.30501835370774505,68.37393133052862,100,-0.7981705168401392,81.42857142857143,43.02779454033192,95,3.0946151833014195,0.008291882205277,-0.8796595055535631,0.00168183654920594,0,11.324239484165624,59.551990466491866,3.263224027774953,4.341545680212595,0.02232000171301243,0.01407350812639496,6.05080032348633,0.04575041939064168
CACO_WS_005_01,-11.47741144882857,65.27777777777777,30.078095119610083,1,-6.655794471146086,38.888888888888886,47.32238916708142,0.6666666666666666,0.4148707585660034,1,0.44499734743367103,68.37393133052862,100,-0.7981844426673763,81.42857142857143,43.02779454033192,95,3.076096124058191,0.00871307188711381,-0.8796595055535631,0.00168183654920594,0,19.654478501481297,60.2821467550019,1.995489414292148,1.9713341712951604,0.01108940932918744,0.02305784679594489,6.09122180938721,0.04535053104710768
CACO_WS_006_01,-11.47741144882857,65.27777777777777,30.078095119610083,1,-6.655794471146086,38.888888888888886,47.32238916708142,0.6666666666666666,0.7380027091323029,1,0.4479447185353562,68.37393133052862,100,-0.7981844426673763,81.42857142857143,43.02779454033192,95,3.076096124058191,0.00871307188711381,-0.8796595055535631,0.00168183654920594,0,24.97394048333558,51.02631770399039,1.995489414292148,1.9713341712951604,0.01108940932918744,0.02305784679594489,6.096,0.04535053104710768
CACO_WS_007_01,-11.372551855789172,63.888888888888886,28.564980554918545,1,-7.01687579433251,36.111111111111114,42.44838603836767,0.7083333333333334,8.82279627617195,0.4185104450109866,0.3637927188902021,68.37393133052862,100,-0.7939153507472396,82.85714285714286,43.02779454033192,95,3.090744699079197,0.00851915902729721,-0.8796595055535631,0.00168183654920594,0,17.246285838085132,50.021800807920116,3.0207090907626672,3.512996037801107,0.02083436967328227,0.0158753571686922,1.2195999622345,0.04550238771168205
CACO_WS_008_01,-11.549310235901748,62.5,30.8907989162026,1,-6.9399846005163885,37.5,45.68453103046957,0.6944444444444444,2.097475869246111,0.23632860793711172,0.3068878165431765,68.37393133052862,100,-0.8071068679185851,81.42857142857143,43.02779454033192,95,3.0942880178722714,0.00880351372659662,-0.8796595055535631,0.00168183654920594,0,18.022181061553177,50.95311986393888,2.377664043789821,2.22814061402013,0.01446982715238854,0.02008289761013468,15.8496,0.04521180638845426
CACO_WS_008_02,-11.549310235901748,62.5,30.8907989162026,1,-6.9399846005163885,37.5,45.68453103046957,0.6944444444444444,2.080046822712198,0.24334409480575053,0.3070252553604758,68.37393133052862,100,-0.8071068679185851,81.42857142857143,43.02779454033192,95,3.0942880178722714,0.00880351372659662,-0.8796595055535631,0.00168183654920594,0,17.90430041231267,51.08863072045814,2.377664043789821,2.22814061402013,0.01446982715238854,0.02008289761013468,15.8496,0.04521180638845426
CACO_WS_009_01,-11.549310235901748,62.5,30.8907989162026,1,-6.9399846005163885,37.5,45.68453103046957,0.6944444444444444,1.8720878581566964,0.35250346439842983,0.3064697072626717,68.37393133052862,100,-0.8071068679185851,81.42857142857143,43.02779454033192,95,3.0942880178722714,0.00880351372659662,-0.8796595055535631,0.00168183654920594,0,16.207925785274348,52.48457082145321,2.377664043789821,2.22814061402013,0.01446982715238854,0.02008289761013468,7.61999988555908,0.04521180638845426
CACO_WS_010_01,-11.576857409063171,62.5,30.450196924550585,1,-7.051793034731451,37.5,44.51909558635859,0.7083333333333334,8.5363495682003,0.23485580590211128,0.3631256631719077,68.37393133052862,100,-0.8008924740063567,81.42857142857143,43.02779454033192,95,3.0940702088631173,0.00879385653478841,NA,0.00168183654920594,NA,NA,50.31240722364439,3.0637287522992507,3.0349906843308108,0.01771457976112856,0.01763537724812831,0,0.04527207203898306
CACO_WS_011_01,-11.47741144882857,65.27777777777777,30.078095119610083,1,-6.655794471146086,38.888888888888886,47.32238916708142,0.6666666666666666,0.4672573446139552,1,0.4452772149216506,68.37393133052862,100,-0.7981844426673763,81.42857142857143,43.02779454033192,95,3.076096124058191,0.00871307188711381,-0.8796595055535631,0.00168183654920594,0,21.850669058181545,60.82626074212244,1.995489414292148,1.9713341712951604,0.01108940932918744,0.02305784679594489,4.23978853225708,0.04535053104710768
CACO_WS_012_01,-11.549310235901748,62.5,30.8907989162026,1,-6.9399846005163885,37.5,45.68453103046957,0.6944444444444444,1.7522084584060025,0.5166190887220992,0.3084416821137729,68.37393133052862,100,-0.8071068679185851,81.42857142857143,43.02779454033192,95,3.0942880178722714,0.00880351372659662,-0.8796595055535631,0.00168183654920594,0,15.282769796161814,53.69490531205059,2.377664043789821,2.22814061402013,0.01446982715238854,0.02008289761013468,9.14400005340576,0.04521180638845426
CACO_WS_013_01,-11.576857409063171,62.5,30.450196924550585,1,-7.051793034731451,37.5,44.51909558635859,0.7083333333333334,8.5363495682003,0.23485580590211128,0.3631256631719077,68.37393133052862,100,-0.8008924740063567,81.42857142857143,43.02779454033192,95,3.0940702088631173,0.00879385653478841,-0.8796595055535631,0.00168183654920594,0,24.619037041720947,50.31240722364439,3.0637287522992507,3.0349906843308108,0.01771457976112856,0.01763537724812831,0,0.04527207203898306
CACO_WS_014_01,-11.51467629101738,62.5,27.32213143537656,1,-6.702339681504505,36.111111111111114,40.73832288796933,0.6805555555555556,0.17959347401333758,0.441952861792041,0.3083546287822384,68.37393133052862,100,-0.7981705168401392,81.42857142857143,43.02779454033192,95,3.0946151833014195,0.008291882205277,-0.8796595055535631,0.00168183654920594,0,8.115503621452925,59.138732339178105,3.263224027774953,4.341545680212595,0.02232000171301243,0.01407350812639496,23.1648,0.04575041939064168
CACO_WS_015_01,-11.576857409063171,62.5,30.450196924550585,1,-7.051793034731451,37.5,44.51909558635859,0.7083333333333334,8.5363495682003,0.23485580590211128,0.3631256631719077,68.37393133052862,100,-0.8008924740063567,81.42857142857143,43.02779454033192,95,3.0940702088631173,0.00879385653478841,-0.8796595055535631,0.00168183654920594,0,24.619037041720947,50.31240722364439,3.0637287522992507,3.0349906843308108,0.01771457976112856,0.01763537724812831,0,0.04527207203898306
CACO_WS_016_01,-11.47741144882857,65.27777777777777,30.078095119610083,1,-6.655794471146086,38.888888888888886,47.32238916708142,0.6666666666666666,0.6205944846675493,1,0.44476274798984666,68.37393133052862,100,-0.7981844426673763,81.42857142857143,43.02779454033192,95,3.076096124058191,0.00871307188711381,-0.8796595055535631,0.00168183654920594,0,23.688037685771427,50.850747539413554,1.995489414292148,1.9713341712951604,0.01108940932918744,0.02305784679594489,2.37578916549683,0.04535053104710768
CACO_WS_017_01,-11.47741144882857,65.27777777777777,30.078095119610083,1,-6.655794471146086,38.888888888888886,47.32238916708142,0.6666666666666666,0.6462324332115017,0.24437490970132456,0.440242774347488,68.37393133052862,100,-0.7981844426673763,81.42857142857143,43.02779454033192,95,3.076096124058191,0.00871307188711381,-0.8796595055535631,0.00168183654920594,0,15.18289175328166,47.37951775933683,1.995489414292148,1.9713341712951604,0.01108940932918744,0.02305784679594489,8.83920001983643,0.04535053104710768
CACO_WS_018_01,-11.51467629101738,62.5,27.32213143537656,1,-6.702339681504505,36.111111111111114,40.73832288796933,0.6805555555555556,0.17980148120718553,0.3996450059889128,0.3090936647637886,68.37393133052862,100,-0.7981705168401392,81.42857142857143,43.02779454033192,95,3.0946151833014195,0.008291882205277,-0.8796595055535631,0.00168183654920594,0,9.070476955643592,59.931538098933714,3.263224027774953,4.341545680212595,0.02232000171301243,0.01407350812639496,10.1499195098877,0.04575041939064168
CACO_WS_019_01,-11.47741144882857,65.27777777777777,30.078095119610083,1,-6.655794471146086,38.888888888888886,47.32238916708142,0.6666666666666666,0.5611516312528906,0.5595617318795277,0.443571926576939,68.37393133052862,100,-0.7981844426673763,81.42857142857143,43.02779454033192,95,3.076096124058191,0.00871307188711381,-0.8796595055535631,0.00168183654920594,0,22.677064700020917,50.070069008446914,1.995489414292148,1.9713341712951604,0.01108940932918744,0.02305784679594489,6.80213356018066,0.04535053104710768
CACO_WS_020_01,-11.576857409063171,62.5,30.450196924550585,1,-7.051793034731451,37.5,44.51909558635859,0.7083333333333334,8.5363495682003,0.23485580590211128,0.3631256631719077,68.37393133052862,100,-0.8008924740063567,81.42857142857143,43.02779454033192,95,3.0940702088631173,0.00879385653478841,-0.8796595055535631,0.00168183654920594,0,24.619037041720947,50.31240722364439,3.0637287522992507,3.0349906843308108,0.01771457976112856,0.01763537724812831,0,0.04527207203898306
CACO_WS_021_01,-11.34217014587558,62.5,29.861255359838353,1,-7.181362887816693,36.111111111111114,43.164002966171175,0.7083333333333334,0.4530306075464523,0.1641208980211872,0.30583784922966895,68.37393133052862,100,-0.7962043497676268,82.85714285714286,43.02779454033192,95,3.095048419997683,0.00872397522541108,-0.8796595055535631,0.00168183654920594,0,10.94676097433358,38.7803876906259,3.105580690171996,3.404765527715123,0.01678423381657942,0.01691826184590672,3.51427984237671,0.04528025783273779
CACO_WS_022_01,-11.549310235901748,62.5,30.8907989162026,1,-6.9399846005163885,37.5,45.68453103046957,0.6944444444444444,1.9853183744683491,0.27148284897668046,0.30549975773667354,68.37393133052862,100,-0.8071068679185851,81.42857142857143,43.02779454033192,95,3.0942880178722714,0.00880351372659662,-0.8796595055535631,0.00168183654920594,0,17.11480307793579,51.4752088710947,2.377664043789821,2.22814061402013,0.01446982715238854,0.02008289761013468,7.37003231048584,0.04521180638845426
CACO_WS_022_02,-11.549310235901748,62.5,30.8907989162026,1,-6.9399846005163885,37.5,45.68453103046957,0.6944444444444444,2.005040880637054,0.26176173823893023,0.30580965412682365,68.37393133052862,100,-0.8071068679185851,81.42857142857143,43.02779454033192,95,3.0942880178722714,0.00880351372659662,-0.8796595055535631,0.00168183654920594,0,17.25433905573097,51.316444342716,2.377664043789821,2.22814061402013,0.01446982715238854,0.02008289761013468,9.14400005340576,0.04521180638845426
CACO_WS_023_01,-11.489649009992874,63.888888888888886,28.702494398290973,1,-6.987368376733838,36.111111111111114,42.13258394445763,0.7083333333333334,0.4544831226151729,0.3738634594622789,0.30730278106574094,68.37393133052862,100,-0.7971580448371146,82.85714285714286,43.02779454033192,95,3.0975985977812055,0.00851843246758998,-0.8796595055535631,0.00168183654920594,0,10.517636568654222,48.740501205736294,2.560435480541653,3.3745737005163163,0.02093368335058664,0.01588290650167584,13.4111995697021,0.04541813240992085
CACO_WS_024_01,-11.576857409063171,62.5,30.450196924550585,1,-7.051793034731451,37.5,44.51909558635859,0.7083333333333334,8.5363495682003,0.23485580590211128,0.3631256631719077,68.37393133052862,100,-0.8008924740063567,81.42857142857143,43.02779454033192,95,3.0940702088631173,0.00879385653478841,-0.8796595055535631,0.00168183654920594,0,24.619037041720947,50.31240722364439,3.0637287522992507,3.0349906843308108,0.01771457976112856,0.01763537724812831,0,0.04527207203898306
CACO_WS_025_01,-11.47741144882857,65.27777777777777,30.078095119610083,1,-6.655794471146086,38.888888888888886,47.32238916708142,0.6666666666666666,0.6610831797601264,1,0.4465915078667956,68.37393133052862,100,-0.7981844426673763,81.42857142857143,43.02779454033192,95,3.076096124058191,0.00871307188711381,-0.8796595055535631,0.00168183654920594,0,24.28958155189517,51.015661735402304,1.995489414292148,1.9713341712951604,0.01108940932918744,0.02305784679594489,2.01625204086304,0.04535053104710768
CACO_WS_026_01,-11.576857409063171,62.5,30.450196924550585,1,-7.051793034731451,37.5,44.51909558635859,0.7083333333333334,8.5363495682003,0.23485580590211128,0.3631256631719077,68.37393133052862,100,-0.8008924740063567,81.42857142857143,43.02779454033192,95,3.0940702088631173,0.00879385653478841,-0.8796595055535631,0.00168183654920594,0,24.619037041720947,50.31240722364439,3.0637287522992507,3.0349906843308108,0.01771457976112856,0.01763537724812831,0,0.04527207203898306
CACO_WS_027_01,-11.576857409063171,62.5,30.450196924550585,1,-7.051793034731451,37.5,44.51909558635859,0.7083333333333334,6.5081012328136545,0.21537238086967897,0.358247784362109,68.37393133052862,100,-0.8008924740063567,81.42857142857143,43.02779454033192,95,3.0940702088631173,0.00879385653478841,-0.8796595055535631,0.00168183654920594,0,24.27387644989715,31.65157913503474,3.0637287522992507,3.0349906843308108,0.01771457976112856,0.01763537724812831,8.54900932312012,0.04527207203898306
CACO_WS_028_01,-11.372551855789172,63.888888888888886,28.564980554918545,1,-7.01687579433251,36.111111111111114,42.44838603836767,0.7083333333333334,0.6185213757053134,1,0.3112754160947083,68.37393133052862,100,-0.7939153507472396,82.85714285714286,43.02779454033192,95,3.090744699079197,0.00851915902729721,-0.8796595055535631,0.00168183654920594,0,8.551525153467855,45.80902090864093,3.0207090907626672,3.512996037801107,0.02083436967328227,0.0158753571686922,0,0.04550238771168205
CACO_WS_029_01,-11.51467629101738,62.5,27.32213143537656,1,-6.702339681504505,36.111111111111114,40.73832288796933,0.6805555555555556,0.1773368735185059,0.24897060146466135,0.30637275680444553,68.37393133052862,100,-0.7981705168401392,81.42857142857143,43.02779454033192,95,3.0946151833014195,0.008291882205277,-0.8796595055535631,0.00168183654920594,0,12.230737359982715,61.42074302184317,3.263224027774953,4.341545680212595,0.02232000171301243,0.01407350812639496,6.47599983215332,0.04575041939064168
CACO_WS_030_01,-11.47741144882857,65.27777777777777,30.078095119610083,1,-6.655794471146086,38.888888888888886,47.32238916708142,0.6666666666666666,2.425144939985465,0.5182662281857674,0.4448432751687025,68.37393133052862,100,-0.7981844426673763,81.42857142857143,43.02779454033192,95,3.076096124058191,0.00871307188711381,-0.8796595055535631,0.00168183654920594,0,24.619037041720947,44.972732663346456,1.995489414292148,1.9713341712951604,0.01108940932918744,0.02305784679594489,6.45530319213867,0.04535053104710768
CACO_WS_031_01,-11.51467629101738,62.5,27.32213143537656,1,-6.702339681504505,36.111111111111114,40.73832288796933,0.6805555555555556,0.1808304571996544,0.3335848896095633,0.30402618978538853,68.37393133052862,100,-0.7981705168401392,81.42857142857143,43.02779454033192,95,3.0946151833014195,0.008291882205277,-0.8796595055535631,0.00168183654920594,0,7.50646297499296,56.00246066509158,3.263224027774953,4.341545680212595,0.02232000171301243,0.01407350812639496,15.2399997711182,0.04575041939064168
CACO_WS_032_01,-11.576857409063171,62.5,30.450196924550585,1,-7.051793034731451,37.5,44.51909558635859,0.7083333333333334,8.5363495682003,0.23485580590211128,0.3631256631719077,68.37393133052862,100,-0.8008924740063567,81.42857142857143,43.02779454033192,95,3.0940702088631173,0.00879385653478841,-0.8796595055535631,0.00168183654920594,0,24.619037041720947,50.31240722364439,3.0637287522992507,3.0349906843308108,0.01771457976112856,0.01763537724812831,0,0.04527207203898306
CACO_WS_033_01,-11.47741144882857,65.27777777777777,30.078095119610083,1,-6.655794471146086,38.888888888888886,47.32238916708142,0.6666666666666666,0.6600078315724289,0.24564447960199703,0.4406814364297319,68.37393133052862,100,-0.7981844426673763,81.42857142857143,43.02779454033192,95,3.076096124058191,0.00871307188711381,-0.8796595055535631,0.00168183654920594,0,23.56743869067292,46.26733907870704,1.995489414292148,1.9713341712951604,0.01108940932918744,0.02305784679594489,6.06437110900879,0.04535053104710768
CACO_WS_034_01,-11.34217014587558,62.5,29.861255359838353,1,-7.181362887816693,36.111111111111114,43.164002966171175,0.7083333333333334,8.9520513463383935,1,0.3632386345536991,68.37393133052862,100,-0.7962043497676268,82.85714285714286,43.02779454033192,95,3.095048419997683,0.00872397522541108,-0.8796595055535631,0.00168183654920594,0,24.619037041720947,35.422402905954826,3.105580690171996,3.404765527715123,0.01678423381657942,0.01691826184590672,9.94992256164551,0.04528025783273779
CACO_WS_035_01,-11.576857409063171,62.5,30.450196924550585,1,-7.051793034731451,37.5,44.51909558635859,0.7083333333333334,8.5363495682003,0.23485580590211128,0.3631256631719077,68.37393133052862,100,-0.8008924740063567,81.42857142857143,43.02779454033192,95,3.0940702088631173,0.00879385653478841,-0.8796595055535631,0.00168183654920594,0,24.619037041720947,50.31240722364439,3.0637287522992507,3.0349906843308108,0.01771457976112856,0.01763537724812831,0,0.04527207203898306
CACO_WS_036_01,-11.228992940913384,62.5,30.87115729862509,1,-7.080126792790244,37.5,44.814129785612785,0.7083333333333334,2.443040226063161,0.1436809045209737,0.3053553549481904,68.37393133052862,100,-0.80144194130281,82.85714285714286,43.02779454033192,95,3.0974150444017106,0.00888874468250777,-0.8796595055535631,0.00168183654920594,0,16.784083481739035,39.649797377770504,1.8077904693925064,2.0230072280507,0.01673272244099047,0.01595654609875788,8.656320000000001,0.04509193705522835
CACO_WS_037_01,-11.34217014587558,62.5,29.861255359838353,1,-7.181362887816693,36.111111111111114,43.164002966171175,0.7083333333333334,8.903754420902796,0.08901268012110215,0.29823876214332246,68.37393133052862,100,-0.7962043497676268,82.85714285714286,43.02779454033192,95,3.095048419997683,0.00872397522541108,-0.8796595055535631,0.00168183654920594,0,21.36634338655775,13.32450427304618,3.105580690171996,3.404765527715123,0.01678423381657942,0.01691826184590672,17.4433364868164,0.04528025783273779
CACO_WS_038_01,-11.47741144882857,65.27777777777777,30.078095119610083,1,-6.655794471146086,38.888888888888886,47.32238916708142,0.6666666666666666,0.7053811981846678,1,0.44728237892018174,68.37393133052862,100,-0.7981844426673763,81.42857142857143,43.02779454033192,95,3.076096124058191,0.00871307188711381,-0.8796595055535631,0.00168183654920594,0,24.67377447615168,50.83297579486798,1.995489414292148,1.9713341712951604,0.01108940932918744,0.02305784679594489,12.67968,0.04535053104710768
CACO_WS_039_01,-11.576857409063171,62.5,30.450196924550585,1,-7.051793034731451,37.5,44.51909558635859,0.7083333333333334,8.5363495682003,0.23485580590211128,0.3631256631719077,68.37393133052862,100,-0.8008924740063567,81.42857142857143,43.02779454033192,95,3.0940702088631173,0.00879385653478841,-0.8796595055535631,0.00168183654920594,0,24.619037041720947,50.31240722364439,3.0637287522992507,3.0349906843308108,0.01771457976112856,0.01763537724812831,0,0.04527207203898306
CACO_WS_040_01,-11.34217014587558,62.5,29.861255359838353,1,-7.181362887816693,36.111111111111114,43.164002966171175,0.7083333333333334,2.515867575080179,0.15413172857348278,0.3034515159596528,68.37393133052862,100,-0.7962043497676268,82.85714285714286,43.02779454033192,95,3.095048419997683,0.00872397522541108,-0.8796595055535631,0.00168183654920594,0,13.359217474901946,37.306498583031335,3.105580690171996,3.404765527715123,0.01678423381657942,0.01691826184590672,8.68695068359375,0.04528025783273779
CACO_WS_041_01,-11.549310235901748,62.5,30.8907989162026,1,-6.9399846005163885,37.5,45.68453103046957,0.6944444444444444,3.1717820885266192,0.14801785135678133,0.3583400728112266,68.37393133052862,100,-0.8071068679185851,81.42857142857143,43.02779454033192,95,3.0942880178722714,0.00880351372659662,-0.8796595055535631,0.00168183654920594,0,21.81527619963844,49.19291381296357,2.377664043789821,2.22814061402013,0.01446982715238854,0.02008289761013468,5.89788007736206,0.04521180638845426
CACO_WS_041_02,-11.549310235901748,62.5,30.8907989162026,1,-6.9399846005163885,37.5,45.68453103046957,0.6944444444444444,3.170982298441672,0.1475192005446296,0.3582802044437801,68.37393133052862,100,-0.8071068679185851,81.42857142857143,43.02779454033192,95,3.0942880178722714,0.00880351372659662,-0.8796595055535631,0.00168183654920594,0,21.81827306292991,49.174746412204264,2.377664043789821,2.22814061402013,0.01446982715238854,0.02008289761013468,5.89788007736206,0.04521180638845426
CACO_WS_042_01,-11.576857409063171,62.5,30.450196924550585,1,-7.051793034731451,37.5,44.51909558635859,0.7083333333333334,8.5363495682003,0.23485580590211128,0.3631256631719077,68.37393133052862,100,-0.8008924740063567,81.42857142857143,43.02779454033192,95,3.0940702088631173,0.00879385653478841,-0.8796595055535631,0.00168183654920594,0,24.619037041720947,50.31240722364439,3.0637287522992507,3.0349906843308108,0.01771457976112856,0.01763537724812831,0,0.04527207203898306
CACO_WS_043_01,-11.34217014587558,62.5,29.861255359838353,1,-7.181362887816693,36.111111111111114,43.164002966171175,0.7083333333333334,9.223493718921,0.1100391218407343,0.3559315749435583,68.37393133052862,100,-0.7962043497676268,82.85714285714286,43.02779454033192,95,3.095048419997683,0.00872397522541108,-0.8796595055535631,0.00168183654920594,0,23.136034782642888,16.01805170891187,3.105580690171996,3.404765527715123,0.01678423381657942,0.01691826184590672,9.02208,0.04528025783273779
CACO_WS_044_01,-11.549310235901748,62.5,30.8907989162026,1,-6.9399846005163885,37.5,45.68453103046957,0.6944444444444444,2.645009315943568,0.6965899433431803,0.3633671846030913,68.37393133052862,100,-0.8071068679185851,81.42857142857143,43.02779454033192,95,3.0942880178722714,0.00880351372659662,-0.8796595055535631,0.00168183654920594,0,23.68416154060622,46.249374500931594,2.377664043789821,2.22814061402013,0.01446982715238854,0.02008289761013468,6.87218523025513,0.04521180638845426
CACO_WS_045_01,-11.47741144882857,65.27777777777777,30.078095119610083,1,-6.655794471146086,38.888888888888886,47.32238916708142,0.6666666666666666,0.3457246644190235,0.9119425119927675,0.4458033248689561,68.37393133052862,100,-0.7981844426673763,81.42857142857143,43.02779454033192,95,3.076096124058191,0.00871307188711381,-0.8796595055535631,0.00168183654920594,0,14.244786855191952,54.98031871034603,1.995489414292148,1.9713341712951604,0.01108940932918744,0.02305784679594489,3.04900002479553,0.04535053104710768
CACO_WS_046_01,-11.47741144882857,65.27777777777777,30.078095119610083,1,-6.655794471146086,38.888888888888886,47.32238916708142,0.6666666666666666,0.34745740699670336,1,0.44365041417834816,68.37393133052862,100,-0.7981844426673763,81.42857142857143,43.02779454033192,95,3.076096124058191,0.00871307188711381,-0.8796595055535631,0.00168183654920594,0,12.977096735404045,54.24985630834664,1.995489414292148,1.9713341712951604,0.01108940932918744,0.02305784679594489,20.482560000000003,0.04535053104710768
CACO_WS_048_01,-11.576857409063171,62.5,30.450196924550585,1,-7.051793034731451,37.5,44.51909558635859,0.7083333333333334,8.5363495682003,0.23485580590211128,0.3631256631719077,68.37393133052862,100,-0.8008924740063567,81.42857142857143,43.02779454033192,95,3.0940702088631173,0.00879385653478841,-0.8796595055535631,0.00168183654920594,0,24.619037041720947,50.31240722364439,3.0637287522992507,3.0349906843308108,0.01771457976112856,0.01763537724812831,0,0.04527207203898306
CACO_WS_049_01,-11.34217014587558,62.5,29.861255359838353,1,-7.181362887816693,36.111111111111114,43.164002966171175,0.7083333333333334,6.96269722881275,0.06772010375788788,0.29674488125656817,68.37393133052862,100,-0.7962043497676268,82.85714285714286,43.02779454033192,95,3.095048419997683,0.00872397522541108,-0.8796595055535631,0.00168183654920594,0,18.61357622815556,17.13033980798787,3.105580690171996,3.404765527715123,0.01678423381657942,0.01691826184590672,18.531840000000003,0.04528025783273779
CACO_WS_050_01,-11.34217014587558,62.5,29.861255359838353,1,-7.181362887816693,36.111111111111114,43.164002966171175,0.7083333333333334,2.4157317417665496,0.1855635832589118,0.3053055259358709,68.37393133052862,100,-0.7962043497676268,82.85714285714286,43.02779454033192,95,3.095048419997683,0.00872397522541108,-0.8796595055535631,0.00168183654920594,0,12.070385947092472,38.68578171141663,3.105580690171996,3.404765527715123,0.01678423381657942,0.01691826184590672,19.5072,0.04528025783273779
CACO_WS_051_01,-11.34217014587558,62.5,29.861255359838353,1,-7.181362887816693,36.111111111111114,43.164002966171175,0.7083333333333334,2.3032418952618485,0.19806040796922816,0.3067787270492666,68.37393133052862,100,-0.7962043497676268,82.85714285714286,43.02779454033192,95,3.095048419997683,0.00872397522541108,-0.8796595055535631,0.00168183654920594,0,12.343616493681928,39.500768079800494,3.105580690171996,3.404765527715123,0.01678423381657942,0.01691826184590672,18.1055603027344,0.04528025783273779
CACO_WS_052_01,-11.51467629101738,62.5,27.32213143537656,1,-6.702339681504505,36.111111111111114,40.73832288796933,0.6805555555555556,0.17231226727884064,0.18290643140174703,0.30500164247482076,68.37393133052862,100,-0.7981705168401392,81.42857142857143,43.02779454033192,95,3.0946151833014195,0.008291882205277,-0.8796595055535631,0.00168183654920594,0,17.42216030637465,66.08972933892913,3.263224027774953,4.341545680212595,0.02232000171301243,0.01407350812639496,7.02780055999756,0.04575041939064168
CACO_WS_053_01,-11.228992940913384,62.5,30.87115729862509,1,-7.080126792790244,37.5,44.814129785612785,0.7083333333333334,0.8372118887201125,0.9203547863497796,0.30587231079201627,68.37393133052862,100,-0.80144194130281,82.85714285714286,43.02779454033192,95,3.0974150444017106,0.00888874468250777,-0.8796595055535631,0.00168183654920594,0,11.96362671251724,51.51906871036138,1.8077904693925064,2.0230072280507,0.01673272244099047,0.01595654609875788,9.98921775817871,0.04509193705522835
CACO_WS_054_01,-11.34217014587558,62.5,29.861255359838353,1,-7.181362887816693,36.111111111111114,43.164002966171175,0.7083333333333334,5.622960945929549,0.08691349601798583,0.30154514474679583,68.37393133052862,100,-0.7962043497676268,82.85714285714286,43.02779454033192,95,3.095048419997683,0.00872397522541108,-0.8796595055535631,0.00168183654920594,0,24.619037041720947,27.10464164788556,3.105580690171996,3.404765527715123,0.01678423381657942,0.01691826184590672,19.2448539733887,0.04528025783273779
CACO_WS_055_01,-11.549310235901748,62.5,30.8907989162026,1,-6.9399846005163885,37.5,45.68453103046957,0.6944444444444444,1.7692933645344198,0.44644335016446907,0.3072920404511714,68.37393133052862,100,-0.8071068679185851,81.42857142857143,43.02779454033192,95,3.0942880178722714,0.00880351372659662,-0.8796595055535631,0.00168183654920594,0,15.489741252154838,53.25210138269085,2.377664043789821,2.22814061402013,0.01446982715238854,0.02008289761013468,8.98960018157959,0.04521180638845426
CACO_WS_056_01,-11.51467629101738,62.5,27.32213143537656,1,-6.702339681504505,36.111111111111114,40.73832288796933,0.6805555555555556,0.28212297405122655,0.14091892945231302,0.2995207415637431,68.37393133052862,100,-0.7981705168401392,81.42857142857143,43.02779454033192,95,3.0946151833014195,0.008291882205277,-0.8796595055535631,0.00168183654920594,0,24.619037041720947,51.208202663030434,3.263224027774953,4.341545680212595,0.02232000171301243,0.01407350812639496,20.0196323394775,0.04575041939064168
CACO_WS_057_01,-11.34217014587558,62.5,29.861255359838353,1,-7.181362887816693,36.111111111111114,43.164002966171175,0.7083333333333334,5.650172001485984,0.08636112015355131,0.30138439055999733,68.37393133052862,100,-0.7962043497676268,82.85714285714286,43.02779454033192,95,3.095048419997683,0.00872397522541108,-0.8796595055535631,0.00168183654920594,0,17.350025911692303,26.92541840526963,3.105580690171996,3.404765527715123,0.01678423381657942,0.01691826184590672,18.5914001464844,0.04528025783273779
CACO_WS_058_01,-11.576857409063171,62.5,30.450196924550585,1,-7.051793034731451,37.5,44.51909558635859,0.7083333333333334,8.5363495682003,0.23485580590211128,0.3631256631719077,68.37393133052862,100,-0.8008924740063567,81.42857142857143,43.02779454033192,95,3.0940702088631173,0.00879385653478841,-0.8796595055535631,0.00168183654920594,0,24.619037041720947,50.31240722364439,3.0637287522992507,3.0349906843308108,0.01771457976112856,0.01763537724812831,0,0.04527207203898306
CACO_WS_059_01,-11.47741144882857,65.27777777777777,30.078095119610083,1,-6.655794471146086,38.888888888888886,47.32238916708142,0.6666666666666666,1.5903258894890655,1,0.44608337534228615,68.37393133052862,100,-0.7981844426673763,81.42857142857143,43.02779454033192,95,3.076096124058191,0.00871307188711381,-0.8796595055535631,0.00168183654920594,0,28.163896503710777,43.423088167141785,1.995489414292148,1.9713341712951604,0.01108940932918744,0.02305784679594489,0,0.04535053104710768
CACO_WS_060_01,-11.576857409063171,62.5,30.450196924550585,1,-7.051793034731451,37.5,44.51909558635859,0.7083333333333334,8.5363495682003,0.23485580590211128,0.3631256631719077,68.37393133052862,100,-0.8008924740063567,81.42857142857143,43.02779454033192,95,3.0940702088631173,0.00879385653478841,-0.8796595055535631,0.00168183654920594,0,24.619037041720947,50.31240722364439,3.0637287522992507,3.0349906843308108,0.01771457976112856,0.01763537724812831,0,0.04527207203898306
CACO_WS_061_01,-11.576857409063171,62.5,30.450196924550585,1,-7.051793034731451,37.5,44.51909558635859,0.7083333333333334,8.5363495682003,0.23485580590211128,0.3631256631719077,68.37393133052862,100,-0.8008924740063567,81.42857142857143,43.02779454033192,95,3.0940702088631173,0.00879385653478841,-0.8796595055535631,0.00168183654920594,0,24.619037041720947,50.31240722364439,3.0637287522992507,3.0349906843308108,0.01771457976112856,0.01763537724812831,0,0.04527207203898306
CACO_WS_062_01,-11.51467629101738,62.5,27.32213143537656,1,-6.702339681504505,36.111111111111114,40.73832288796933,0.6805555555555556,0.2731402318689504,0.19372964440659696,0.30778460502169985,68.37393133052862,100,-0.7981705168401392,81.42857142857143,43.02779454033192,95,3.0946151833014195,0.008291882205277,-0.8796595055535631,0.00168183654920594,0,9.692222828996549,53.045493657792754,3.263224027774953,4.341545680212595,0.02232000171301243,0.01407350812639496,3.91120052337646,0.04575041939064168
CACO_WS_063_01,-11.489649009992874,63.888888888888886,28.702494398290973,1,-6.987368376733838,36.111111111111114,42.13258394445763,0.7083333333333334,0.5040045700453888,0.22075052417036184,0.30533395907503685,68.37393133052862,100,-0.7971580448371146,82.85714285714286,43.02779454033192,95,3.0975985977812055,0.00851843246758998,-0.8796595055535631,0.00168183654920594,0,11.503291820647432,46.47229356827768,2.560435480541653,3.3745737005163163,0.02093368335058664,0.01588290650167584,12.939380645752,0.04541813240992085
CACO_WS_064_01,-11.576857409063171,62.5,30.450196924550585,1,-7.051793034731451,37.5,44.51909558635859,0.7083333333333334,8.5363495682003,0.23485580590211128,0.3631256631719077,68.37393133052862,100,-0.8008924740063567,81.42857142857143,43.02779454033192,95,3.0940702088631173,0.00879385653478841,-0.8796595055535631,0.00168183654920594,0,24.619037041720947,50.31240722364439,3.0637287522992507,3.0349906843308108,0.01771457976112856,0.01763537724812831,0,0.04527207203898306
CACO_WS_065_01,-11.576857409063171,62.5,30.450196924550585,1,-7.051793034731451,37.5,44.51909558635859,0.7083333333333334,8.5363495682003,0.23485580590211128,0.3631256631719077,68.37393133052862,100,-0.8008924740063567,81.42857142857143,43.02779454033192,95,3.0940702088631173,0.00879385653478841,-0.8796595055535631,0.00168183654920594,0,24.619037041720947,50.31240722364439,3.0637287522992507,3.0349906843308108,0.01771457976112856,0.01763537724812831,0,0.04527207203898306
CACO_WS_066_01,-11.228992940913384,62.5,30.87115729862509,1,-7.080126792790244,37.5,44.814129785612785,0.7083333333333334,1.6530406156200783,0.5587101777690356,0.30823019858324996,68.37393133052862,100,-0.80144194130281,82.85714285714286,43.02779454033192,95,3.0974150444017106,0.00888874468250777,-0.8796595055535631,0.00168183654920594,0,10.40871805988675,47.05052617663421,1.8077904693925064,2.0230072280507,0.01673272244099047,0.01595654609875788,0.939999997615814,0.04509193705522835
CACO_WS_067_01,-11.489649009992874,63.888888888888886,28.702494398290973,1,-6.987368376733838,36.111111111111114,42.13258394445763,0.7083333333333334,0.33507057880949986,0.5055178156839173,0.31039359900553815,68.37393133052862,100,-0.7971580448371146,82.85714285714286,43.02779454033192,95,3.0975985977812055,0.00851843246758998,-0.8796595055535631,0.00168183654920594,0,9.079941281489347,48.07517170871907,2.560435480541653,3.3745737005163163,0.02093368335058664,0.01588290650167584,30.609447479248,0.04541813240992085
CACO_WS_068_01,-11.51467629101738,62.5,27.32213143537656,1,-6.702339681504505,36.111111111111114,40.73832288796933,0.6805555555555556,0.2468317720581581,0.14060881114407736,0.3022114830081024,68.37393133052862,100,-0.7981705168401392,81.42857142857143,43.02779454033192,95,3.0946151833014195,0.008291882205277,-0.8796595055535631,0.00168183654920594,0,24.619037041720947,51.89869163219038,3.263224027774953,4.341545680212595,0.02232000171301243,0.01407350812639496,13.8782634735107,0.04575041939064168
CACO_WS_069_01,-11.34217014587558,62.5,29.861255359838353,1,-7.181362887816693,36.111111111111114,43.164002966171175,0.7083333333333334,2.5694983996742096,0.17356699217292487,0.3075180701065751,68.37393133052862,100,-0.7962043497676268,82.85714285714286,43.02779454033192,95,3.095048419997683,0.00872397522541108,-0.8796595055535631,0.00168183654920594,0,12.117075371309992,37.657422556494176,3.105580690171996,3.404765527715123,0.01678423381657942,0.01691826184590672,0,0.04528025783273779
CACO_WS_070_01,-11.47741144882857,65.27777777777777,30.078095119610083,1,-6.655794471146086,38.888888888888886,47.32238916708142,0.6666666666666666,0.4307412076821109,0.30562341988251757,0.44084436820886497,68.37393133052862,100,-0.7981844426673763,81.42857142857143,43.02779454033192,95,3.076096124058191,0.00871307188711381,-0.8796595055535631,0.00168183654920594,0,20.73193142013977,50.58470677529768,1.995489414292148,1.9713341712951604,0.01108940932918744,0.02305784679594489,16.09344,0.04535053104710768
CAHA_WS_001_01,-17.922835594842983,50,15.411210253667068,0.5138888888888888,-5.256133697648268,40.27777777777778,33.10297949995201,0.625,7.016836709632486,1,0.3809902250481768,40.709352461331704,100,-0.6103990078353513,61.42857142857143,109.47975778966914,100,2.653821324789398,0.00308507048374735,0.5157021944431145,1.4210602543835945e-4,2.109089960096644,51.38779389865539,81.04503465871495,-2.298276759960023,-0.624707566367249,-0.01377608962011445,0.00553991855719168,0,0.04130787482388465
CAHA_WS_002_01,-14.942576918888006,47.22222222222222,15.224135292623924,0.6111111111111112,-4.595633833823164,43.05555555555556,41.35198486276895,0.625,3.319012900014897,0.32902014748425834,0.3723900703259854,40.709352461331704,100,-0.5083879689895043,62.857142857142854,109.47975778966914,100,2.5465389003890415,0.00319349160638444,0.5157021944431145,1.4210602543835945e-4,18.016066698325854,46.193004333827695,54.42055283702243,-3.0336256027221715,0.27146429485744505,-0.01379279108693479,0.00531186930338535,12.192,0.04098117308971386
CAHA_WS_002_02,-14.942576918888006,47.22222222222222,15.224135292623924,0.6111111111111112,-4.595633833823164,43.05555555555556,41.35198486276895,0.625,3.313624428386049,0.33874143713806204,0.37266895809512474,40.709352461331704,100,-0.5083879689895043,62.857142857142854,109.47975778966914,100,2.5465389003890415,0.00319349160638444,0.5157021944431145,1.4210602543835945e-4,18.08369724432405,45.70005207468004,54.25285134913243,-3.0336256027221715,0.27146429485744505,-0.01379279108693479,0.00531186930338535,12.192,0.04098117308971386
CAHA_WS_002_03,-14.942576918888006,47.22222222222222,15.224135292623924,0.6111111111111112,-4.595633833823164,43.05555555555556,41.35198486276895,0.625,3.3097862130336893,0.35106524776232584,0.3729405242792839,40.709352461331704,100,-0.5083879689895043,62.857142857142854,109.47975778966914,100,2.5465389003890415,0.00319349160638444,0.5157021944431145,1.4210602543835945e-4,18.209160005705584,45.042664259478634,53.93825514356409,-3.0336256027221715,0.27146429485744505,-0.01379279108693479,0.00531186930338535,12.192,0.04098117308971386
CAHA_WS_007_01,-15.870461317973684,51.388888888888886,14.923153108508892,0.5694444444444444,-6.172812169560157,50,48.70630868041569,0.6111111111111112,5.625816741738177,0,0.04776918152673618,40.709352461331704,100,-0.5315406018912331,61.42857142857143,129.64765991216768,100,2.3566435278957485,0.00378465702170488,0.5157021944431145,9.019888690688712e-5,2.6765901532574943,51.69941883067833,90.45062250213228,-3.3342378110061444,-1.5808803921654138,-0.02213926040086527,2.869782624424191e-4,0,0.04044224754937654
CAJO_WS_001_01,-18.70662208462221,68.05555555555556,12.93005785423265,0.5694444444444444,-3.706232698867604,37.5,44.9129041411216,0.5972222222222222,10.419924210647771,0.5920954246899693,0.13120959142277333,47.04503869805253,100,-0.6415236363760934,75.71428571428571,118.0781016251984,100,3.1413393622135946,NA,NA,2.6752323703028264e-4,0,NA,36.587577204543514,1.8770416180292753,6.703187942504883,0.0121251843847908,0.02970890692102965,5.48999977111816,NA
CALO_WS_001_01,-14.411282312679022,54.166666666666664,16.90431890129641,0.5277777777777778,-3.771169672999749,50,29.66854435329641,0.5972222222222222,5.890728247054682,0,0.0847909133061372,40.709352461331704,100,-0.490178390636883,68.57142857142857,156.21840696437906,100,2.4728446797230745,0.00352180662771332,1.133961756628769,2.6758697380799236e-4,3.1146078403034436,40.19027217642831,85.2127197663126,-0.2393531534406874,-0.13201687071058643,-0.00911989806334052,0.00774528041030432,112.1664,0.03365839459913666
CALO_WS_002_01,-14.411282312679022,54.166666666666664,16.90431890129641,0.5277777777777778,-3.771169672999749,50,29.66854435329641,0.5972222222222222,4.5994933132606945,0,0.08474615273842258,40.709352461331704,100,-0.490178390636883,68.57142857142857,156.21840696437906,100,2.4728446797230745,0.00352180662771332,1.133961756628769,2.6758697380799236e-4,2.145033633670979,27.2435182364529,87.77480244473497,-0.2393531534406874,-0.13201687071058643,-0.00911989806334052,0.00774528041030432,3.65939998626709,0.03365839459913666
CALO_WS_003_01,-14.411282312679022,54.166666666666664,16.90431890129641,0.5277777777777778,-3.771169672999749,50,29.66854435329641,0.5972222222222222,5.8868893924146874,0,0.08476303467470932,40.709352461331704,100,-0.490178390636883,68.57142857142857,156.21840696437906,100,2.4728446797230745,0.00352180662771332,1.133961756628769,2.6758697380799236e-4,1.0676918604338848,48.59050066996496,85.22556625425894,-0.2393531534406874,-0.13201687071058643,-0.00911989806334052,0.00774528041030432,3.96624183654785,0.03365839459913666
CALO_WS_005_01,-14.837010010748472,59.72222222222222,16.959735927929113,0.5555555555555556,-4.207711330090393,51.388888888888886,25.124314451761418,0.6111111111111112,8.012041827197322,0,0.08471116144363752,40.709352461331704,100,-0.5368880375059888,70,156.21840696437906,100,2.5111505890725745,0.00298950736538056,1.133961756628769,2.6758697380799236e-4,3.3763722743332716,52.686208091635,88.94697003910028,-3.0975878636042276,-0.5707409352432049,-0.01415748455493766,0.01070562998453761,29.260800000000003,0.03469301083881525
CALO_WS_006_01,-16.232208151138387,65.27777777777777,18.648587015791332,0.5694444444444444,-4.89001548744423,52.77777777777778,25.86086633995119,0.5972222222222222,4.767123519530145,1,0.08474847504065086,40.709352461331704,100,-0.5514312146549613,68.57142857142857,156.21840696437906,100,2.568063378707908,0.00221872320677967,1.133961756628769,2.6758697380799236e-4,2.4153394420841843,51.79856590894117,93.6046678747142,-4.957787176919363,-0.5402827868385884,-0.01528716874898572,0.01983912785847981,1.36979997158051,0.03481087408551552
CALO_WS_007_01,-14.993907417177155,52.77777777777778,19.17243091502203,0.5555555555555556,-5.221454908021139,44.44444444444444,36.54759163623708,0.6666666666666666,12.450677662488872,0.678367612683352,0.08171333249352693,40.709352461331704,100,-0.4947451890266783,64.28571428571429,156.21840696437906,100,2.2153752872379897,0.00225868065764449,1.133961756628769,2.6758697380799236e-4,8.36630932391961,87.25649633334477,84.86489705686634,-2.3599311712557687,-1.309210958934971,-0.01955787946023059,-8.678925343049789e-4,1.2195999622345,0.03489033781089084
CALO_WS_008_01,-14.993907417177155,52.77777777777778,19.17243091502203,0.5555555555555556,-5.221454908021139,44.44444444444444,36.54759163623708,0.6666666666666666,12.450677662488872,0.678367612683352,0.08171333249352693,40.709352461331704,100,-0.4947451890266783,64.28571428571429,156.21840696437906,100,2.2153752872379897,0.00225868065764449,1.133961756628769,2.6758697380799236e-4,8.36630932391961,87.25649633334477,84.86489705686634,-2.3599311712557687,-1.309210958934971,-0.01955787946023059,-8.678925343049789e-4,1.2195999622345,0.03489033781089084
CALO_WS_009_01,-14.993907417177155,52.77777777777778,19.17243091502203,0.5555555555555556,-5.221454908021139,44.44444444444444,36.54759163623708,0.6666666666666666,12.450677662488872,0.678367612683352,0.08171333249352693,40.709352461331704,100,-0.4947451890266783,64.28571428571429,156.21840696437906,100,2.2153752872379897,0.00225868065764449,1.133961756628769,2.6758697380799236e-4,8.36630932391961,87.25649633334477,84.86489705686634,-2.3599311712557687,-1.309210958934971,-0.01955787946023059,-8.678925343049789e-4,1.2195999622345,0.03489033781089084
CANA_WS_001_01,-31.74351264354407,48.611111111111114,47.63576820765896,0.8194444444444444,-12.149980914785678,51.388888888888886,20.873792445116948,0.7916666666666666,8.234067909209209,1,0.09368325623916622,33.34824303419208,100,-0.6240510792192675,68.57142857142857,14.7905311247069,20,2.216514671628623,0.00821580327612621,1.4677131758271815,-0.00462422546999238,21.692213303004227,NA,53.68448892815252,1.1462927050888538,-0.5602699209142656,-0.01019438738946302,0.02668356895446821,1.2883358001709,0.01971848491809377
CANA_WS_003_01,-31.74351264354407,48.611111111111114,47.63576820765896,0.8194444444444444,-12.149980914785678,51.388888888888886,20.873792445116948,0.7916666666666666,5.382197746787551,0.11097773637807508,0.08706005711400368,33.34824303419208,100,-0.6240510792192675,68.57142857142857,14.7905311247069,20,2.216514671628623,0.00821580327612621,1.4677131758271815,-0.00462422546999238,55.125432853068226,NA,10.76547532284939,1.1462927050888538,-0.5602699209142656,-0.01019438738946302,0.02668356895446821,1.2883358001709,0.01971848491809377
CANA_WS_006_01,-31.424369683326653,52.77777777777778,44.589582809929205,0.8194444444444444,-12.566014460515875,52.77777777777778,19.345209631042273,0.7638888888888888,3.254072794417173,0.08304112967959949,0.08480838342124683,33.34824303419208,100,-0.6217933028421463,70,14.7905311247069,20,2.203591030131104,0.00809131150286708,1.4677131758271815,-0.00462422546999238,62.074061904039226,NA,4.9632059227329854,1.5535381343629624,-1.4502953260372875,-0.01299589874506886,0.02892071131325559,1.2883358001709,0.02028230150211219
CANY_WS_002_01,-11.647037937926624,37.5,80.54318184244941,0.9027777777777778,-14.344609751757249,55.55555555555556,51.04718693577525,0.6111111111111112,NA,NA,NA,31.28802133993632,77.5,-2.462494945517479,100,-17.111916296518697,0,3.633681738533282,0.00255887630648334,2.274705085695884,-4.5909969867016495e-5,0,NA,NA,-0.10313288953707175,-1.4302816576427873,-0.05718146505418481,0.03132326102551097,19.019520000000004,0.01608860914507144
CARE_WS_001_01,-18.491095492841563,36.111111111111114,26.410152793925157,0.8611111111111112,-18.853520363139044,45.833333333333336,39.26004361841628,0.7222222222222222,NA,NA,NA,31.28802133993632,77.5,-2.6730891706383395,100,92.00462120329156,100,3.767223360480564,0.00834867597102941,2.450595239543676,0.00112558118501708,0,NA,NA,-0.12355316487760629,-1.4466188422271185,-0.0226118447232755,-0.01328202235845873,0,0.01470454393901524
CARE_WS_001_02,-25.51249094515551,45.833333333333336,30.16286550477335,0.7916666666666666,-17.665388396133345,43.05555555555556,44.16065223450686,0.7083333333333334,NA,NA,NA,31.28802133993632,77.5,-2.3495094744827787,100,92.00462120329156,100,3.7516583883634183,0.0091922373548011,2.450595239543676,0.00112558118501708,0,NA,NA,-0.14461237198441937,-1.6930907989541677,-0.02151249062731912,-0.01330783043378739,19.5072,0.02061410980534882
CARE_WS_002_01,-13.85687460066871,31.944444444444443,29.52662894369877,0.9166666666666666,-19.538572450467782,50,37.691819493996825,0.6944444444444444,NA,NA,NA,31.28802133993632,77.5,-2.516193773118883,100,92.00462120329156,100,3.7617889393472623,0.00812918296887525,2.450595239543676,0.00112558118501708,0.48545762937244674,NA,NA,-0.07064387408958779,-0.6085273218743608,-0.02249512258640647,0.00244532691107823,24.384,0.01536657830998477
CASA_WS_001_01,-13.75470855654653,48.611111111111114,79.25205164899909,0.6388888888888888,-5.051082456045568,41.666666666666664,20.046286071961713,0.5972222222222222,7.624423390224258,1,0.7087259048282136,33.34824303419208,100,-0.43568292154889177,65.71428571428571,192.48482583317747,100,2.429406124631136,0.00657955657868029,-0.13790496520134302,-0.00147573703046399,3.3310205417291563,60.839149863563456,38.61566028236406,1.7905315302036418,2.5865807860505368,0.02144528032072402,0.02632930822539741,8.54640197753906,0.0184175865054301
CASA_WS_003_01,-13.75470855654653,48.611111111111114,79.25205164899909,0.6388888888888888,-5.051082456045568,41.666666666666664,20.046286071961713,0.5972222222222222,7.62477300504213,1,0.7087259756984295,33.34824303419208,100,-0.43568292154889177,65.71428571428571,192.48482583317747,100,2.429406124631136,0.00657955657868029,-0.13790496520134302,-0.00147573703046399,3.3307158092563203,60.83989933225723,38.619975803698225,1.7905315302036418,2.5865807860505368,0.02144528032072402,0.02632930822539741,8.54640197753906,0.0184175865054301
CATO_WS_001_01,-14.631317135029438,52.77777777777778,14.473063349668289,0.7222222222222222,-3.0105239352488913,19.444444444444443,84.9376539348743,0.6805555555555556,NA,NA,NA,61.56437497390367,100,-0.7179433824564803,70,53.389953864399075,95,3.32247208181675,8.153060989649352e-4,-1.8061608864450045,0.00162091217213407,0,NA,NA,2.6325015910187637,4.3187483390172305,0.01275993719939718,0.02098045820071507,5.73023986816406,0.03229457105700249
CATO_WS_001_02,-14.631317135029438,52.77777777777778,14.473063349668289,0.7222222222222222,-3.0105239352488913,19.444444444444443,84.9376539348743,0.6805555555555556,NA,NA,NA,61.56437497390367,100,-0.7179433824564803,70,53.389953864399075,95,3.32247208181675,8.153060989649352e-4,-1.8061608864450045,0.00162091217213407,0,NA,NA,2.6325015910187637,4.3187483390172305,0.01275993719939718,0.02098045820071507,5.73023986816406,0.03229457105700249
CATO_WS_002_01,-14.631317135029438,52.77777777777778,14.473063349668289,0.7222222222222222,-3.0105239352488913,19.444444444444443,84.9376539348743,0.6805555555555556,NA,NA,NA,62.4324505063456,100,-0.7179433824564803,70,53.389953864399075,95,3.32247208181675,8.153060989649352e-4,-1.8061608864450045,0.00162091217213407,0,NA,NA,2.6325015910187637,4.3187483390172305,0.01275993719939718,0.02098045820071507,9.75180053710938,0.03229457105700249
CATO_WS_002_02,-14.631317135029438,52.77777777777778,14.473063349668289,0.7222222222222222,-3.0105239352488913,19.444444444444443,84.9376539348743,0.6805555555555556,NA,NA,NA,62.4324505063456,100,-0.7179433824564803,70,53.389953864399075,95,3.32247208181675,8.153060989649352e-4,-1.8061608864450045,0.00162091217213407,0,NA,NA,2.6325015910187637,4.3187483390172305,0.01275993719939718,0.02098045820071507,9.75180053710938,0.03229457105700249
CATO_WS_002_03,-14.631317135029438,52.77777777777778,14.473063349668289,0.7222222222222222,-3.0105239352488913,19.444444444444443,84.9376539348743,0.6805555555555556,NA,NA,NA,62.4324505063456,100,-0.7179433824564803,70,53.389953864399075,95,3.32247208181675,8.153060989649352e-4,-1.8061608864450045,0.00162091217213407,0,NA,NA,2.6325015910187637,4.3187483390172305,0.01275993719939718,0.02098045820071507,9.75180053710938,0.03229457105700249
CATO_WS_003_01,-14.631317135029438,52.77777777777778,14.473063349668289,0.7222222222222222,-3.0105239352488913,19.444444444444443,84.9376539348743,0.6805555555555556,NA,NA,NA,62.4324505063456,100,-0.7179433824564803,70,53.389953864399075,95,3.32247208181675,8.153060989649352e-4,-1.8061608864450045,0.00162091217213407,0,NA,NA,2.6325015910187637,4.3187483390172305,0.01275993719939718,0.02098045820071507,8.26004028320312,0.03229457105700249
CATO_WS_003_02,-14.631317135029438,52.77777777777778,14.473063349668289,0.7222222222222222,-3.0105239352488913,19.444444444444443,84.9376539348743,0.6805555555555556,NA,NA,NA,62.4324505063456,100,-0.7179433824564803,70,53.389953864399075,95,3.32247208181675,8.153060989649352e-4,-1.8061608864450045,0.00162091217213407,0,NA,NA,2.6325015910187637,4.3187483390172305,0.01275993719939718,0.02098045820071507,8.26004028320312,0.03229457105700249
CATO_WS_004_01,-14.631317135029438,52.77777777777778,14.473063349668289,0.7222222222222222,-3.0105239352488913,19.444444444444443,84.9376539348743,0.6805555555555556,NA,NA,NA,61.56437497390367,100,-0.7179433824564803,70,53.389953864399075,95,3.32247208181675,8.153060989649352e-4,-1.8061608864450045,0.00162091217213407,0,NA,NA,2.6325015910187637,4.3187483390172305,0.01275993719939718,0.02098045820071507,11.3997592926025,0.03229457105700249
CATO_WS_005_01,-14.631317135029438,52.77777777777778,14.473063349668289,0.7222222222222222,-3.0105239352488913,19.444444444444443,84.9376539348743,0.6805555555555556,NA,NA,NA,62.4324505063456,100,-0.7179433824564803,70,53.389953864399075,95,3.32247208181675,8.153060989649352e-4,-1.8061608864450045,0.00162091217213407,0,NA,NA,2.6325015910187637,4.3187483390172305,0.01275993719939718,0.02098045820071507,9.75180053710938,0.03229457105700249
CATO_WS_006_01,-14.631317135029438,52.77777777777778,14.473063349668289,0.7222222222222222,-3.0105239352488913,19.444444444444443,84.9376539348743,0.6805555555555556,NA,NA,NA,62.4324505063456,100,-0.7179433824564803,70,53.389953864399075,95,3.32247208181675,8.153060989649352e-4,-1.8061608864450045,0.00162091217213407,0,NA,NA,2.6325015910187637,4.3187483390172305,0.01275993719939718,0.02098045820071507,5.42409992218018,0.03229457105700249
CATO_WS_007_01,-14.631317135029438,52.77777777777778,14.473063349668289,0.7222222222222222,-3.0105239352488913,19.444444444444443,84.9376539348743,0.6805555555555556,NA,NA,NA,62.4324505063456,100,-0.7179433824564803,70,53.389953864399075,95,3.32247208181675,8.153060989649352e-4,-1.8061608864450045,0.00162091217213407,0,NA,NA,2.6325015910187637,4.3187483390172305,0.01275993719939718,0.02098045820071507,9.21920013427734,0.03229457105700249
CAVE_WS_001_01,-27.892926705765497,34.72222222222222,12.29029881967796,0.6388888888888888,-18.102206325774407,58.333333333333336,8.971393792798114,0.5277777777777778,NA,NA,NA,24.694400243439187,52.5,-1.5583843719782855,100,23.061009016448057,15,3.0862621517591577,0.00704571640074233,-1.783603108417674,-0.00112796191415273,0,7.027724556028514,NA,-0.165062718901748,-2.6724830487536053,-0.04052666004494823,0.01785091117576276,1.75,0.01499423135534366
CAVO_WS_001_01,-29.860965995434007,58.333333333333336,6.767341808190798,0.5694444444444444,-13.12738332586522,75,8.236330662406932,0.6527777777777778,NA,NA,NA,23.148891383048465,55,-1.7031697282056577,100,-37.30088160227109,0,3.130868368251349,0.00133938426912556,0.2926864820584636,-9.719256776370268e-4,2.9746437252889684,0,NA,0.10569378174564216,0.99708607263035,0.00822628876820707,-0.00649047528625157,165.8112,0.01463754010339124
CEBE_WS_001_01,-19.030191207461737,66.66666666666667,16.098067219262543,0.6805555555555556,-2.8633000003101348,16.666666666666668,40.58921331506424,0.5972222222222222,NA,NA,NA,62.4324505063456,100,-0.8572410878960814,87.14285714285714,NA,NA,3.3385480659884426,NA,NA,6.785425554892117e-4,0,10.017361639318947,NA,1.5332284726393544,1.8296662198172728,0.01278136281611665,0.01373440673158325,12.1909999847412,NA
CEBE_WS_002_01,-19.030191207461737,66.66666666666667,16.098067219262543,0.6805555555555556,-2.8633000003101348,16.666666666666668,40.58921331506424,0.5972222222222222,NA,NA,NA,62.4324505063456,100,-0.8572410878960814,87.14285714285714,NA,NA,3.3385480659884426,NA,NA,6.785425554892117e-4,0,10.017361639318947,NA,1.5332284726393544,1.8296662198172728,0.01278136281611665,0.01373440673158325,12.1909999847412,NA
CEBE_WS_003_01,-19.030191207461737,66.66666666666667,16.098067219262543,0.6805555555555556,-2.8633000003101348,16.666666666666668,40.58921331506424,0.5972222222222222,NA,NA,NA,62.4324505063456,100,-0.8572410878960814,87.14285714285714,NA,NA,3.3385480659884426,NA,NA,6.785425554892117e-4,0,7.725453113101978,NA,1.5332284726393544,1.8296662198172728,0.01278136281611665,0.01373440673158325,7.52104139328003,NA
CEBR_WS_001_01,-25.01693633870951,77.77777777777777,38.53530025413175,1,-11.286715748937436,58.333333333333336,34.85322774820006,0.6944444444444444,NA,NA,NA,52.95764922510357,100,-1.1084605839841888,91.42857142857144,0.9152200978828732,15,3.457863843189391,0.00449697742927401,0.98505975627229,5.479953205195908e-4,28.237581337911156,NA,NA,-5.302240385816842,-6.051378548747359,-0.03818317941638512,0.01811677438241443,106.680000305176,0.03106448511382703
CHCU_WS_001_01,-11.934716739096835,38.888888888888886,30.789303665558307,0.9027777777777778,-14.745354503933855,66.66666666666667,26.165130208719983,0.6805555555555556,NA,NA,NA,22.82530264308381,62.5,-2.731242258602131,100,-6.162568218732757,10,3.45139206163155,0.00596213404361831,-2.5926241097797127,-0.00101412473593359,0,1.3330264561670375,NA,-0.09471382973209748,-1.872637362339039,-0.04220622071350509,0.010770786575406621,755.904,0.01353796757753411
CHIC_WS_002_01,-40.10763073629035,90.27777777777776,57.91947513167085,0.7638888888888888,-7.945906140933968,63.888888888888886,39.76724692174109,0.6666666666666666,NA,NA,NA,38.68548903983199,100,-0.7461350594977084,97.14285714285714,25.15316563900192,55,3.08318688821052,0.00455273639255901,-0.20558492279036367,-1.9298662092500653e-4,0.4440229986355589,4.004184664135237,NA,-0.22273446333528824,-1.294533345002482,-0.00573644217625195,-2.5440145421895544e-4,4.68641185760498,0.03382585675967691
CHIC_WS_003_01,-40.97088435693663,87.5,60.12318353230314,0.8194444444444444,-7.564027708464248,69.44444444444444,39.24300812863672,0.6805555555555556,NA,NA,NA,38.68548903983199,100,-0.7799326331904808,97.14285714285714,25.15316563900192,55,3.108171108897963,0.00461820189130174,-0.20558492279036367,-1.9298662092500653e-4,0,25.29069979410626,NA,-0.419344875547619,-0.8296896545296022,-0.00700353981109558,-1.82663952862816e-4,0,0.03283015244846938
CHIC_WS_006_01,-40.10763073629035,90.27777777777776,57.91947513167085,0.7638888888888888,-7.945906140933968,63.888888888888886,39.76724692174109,0.6666666666666666,NA,NA,NA,38.68548903983199,100,-0.7461350594977084,97.14285714285714,25.15316563900192,55,3.08318688821052,0.00455273639255901,-0.20558492279036367,-1.9298662092500653e-4,0.4440208676391401,4.035160570301874,NA,-0.22273446333528824,-1.294533345002482,-0.00573644217625195,-2.5440145421895544e-4,4.08854579925537,0.03382585675967691
CHIC_WS_007_01,-40.10763073629035,90.27777777777776,57.91947513167085,0.7638888888888888,-7.945906140933968,63.888888888888886,39.76724692174109,0.6666666666666666,NA,NA,NA,38.68548903983199,100,-0.7461350594977084,97.14285714285714,25.15316563900192,55,3.08318688821052,0.00455273639255901,-0.20558492279036367,-1.9298662092500653e-4,0.4440258563088233,4.061485450778888,NA,-0.22273446333528824,-1.294533345002482,-0.00573644217625195,-2.5440145421895544e-4,190.1952,0.03382585675967691
CHIR_WS_001_01,-59.66922642958307,79.16666666666667,39.712308163317935,0.8611111111111112,-22.506801006594166,66.66666666666667,27.414509526113363,0.6388888888888888,NA,NA,NA,30.85387666875794,62.5,-1.7531042995067176,100,43.36897563855654,30,3.04097677188677,0.01287636541330976,-1.851443718203838,8.214184895994932e-4,18.766647185175213,0,NA,-0.66149038625707135,-5.185191067438276,-0.03664911866822842,0.00109689702432631,28.285440000000005,0.02247519456356753
CHIR_WS_002_01,-59.66922642958307,79.16666666666667,39.712308163317935,0.8611111111111112,-22.506801006594166,66.66666666666667,27.414509526113363,0.6388888888888888,NA,NA,NA,30.85387666875794,62.5,-1.7531042995067176,100,43.36897563855654,30,3.04097677188677,0.01287636541330976,-1.851443718203838,8.214184895994932e-4,8.624476336144374,0,NA,-0.66149038625707135,-5.185191067438276,-0.03664911866822842,0.00109689702432631,29.260800000000003,0.02247519456356753
CHIS_WS_004_01,-37.259938308630744,50,11.700718116812466,0.6388888888888888,-19.295734089591924,65.27777777777777,8.145322694133496,0.6111111111111112,0.01779399172482954,1,0.25356525524539647,27.402692297152825,65,-1.1319268298110596,97.14285714285714,12.108184507240834,20,2.518955929518599,0.00380091747375748,-1.1601942462465118,-0.00393129837063972,9.625441654768968,0,58.31906091506083,-0.09226142390735366,-0.9582128170619058,-0.02321419127707817,0.0122507318132623,13.4112,0.04788371181383453
CHIS_WS_005_01,-36.01269882414052,50,11.515493836744865,0.625,-18.975042804320765,63.888888888888886,8.06288168548417,0.6111111111111112,0.04341005994849922,0.12527727509661857,0.23046390286155244,27.402692297152825,65,-1.1076095331991818,97.14285714285714,12.108184507240834,20,2.537672327197157,0.00377265764902956,-1.1601942462465118,-0.00393129837063972,9.20316080819712,0,43.873544453588075,-0.06437199303275244,-0.5507844897049164,-0.02555384564607342,0.0123854743109809,19.019520000000004,0.04815968637987966
CHIS_WS_006_01,-35.63237599943399,50,11.738165238864031,0.625,-18.97259412051979,63.888888888888886,8.312965069347774,0.5972222222222222,0.03888826903106235,0.28661194278867264,0.6529682171663151,27.402692297152825,65,-1.1310104655939426,97.14285714285714,12.108184507240834,20,2.4805155069597316,0.0039646365147942,-1.1601942462465118,-0.00393129837063972,43.19217838985604,12.634472171041352,33.72278820010352,-0.06142191572497387,-0.3949172700341376,-0.01876947934671734,0.01178013248208128,8.37808609008789,0.04821370292343985
CHIS_WS_008_01,-33.689882373806135,48.611111111111114,11.128177800220907,0.6111111111111112,-17.74192130064717,65.27777777777777,8.614467538978543,0.5416666666666666,0.17574401257309802,0.00816895449009439,0.3082696452673833,27.402692297152825,65,-1.2209063306762624,97.14285714285714,12.108184507240834,20,2.31930491582467,0.00475671445326958,-1.1601942462465118,-0.00393129837063972,1.2821743333952818,0,45.52611662538359,0.03348512358074913,0.19572476683943785,-2.9515884916240544e-4,-0.0070480982462564,5.608320000000001,0.04637800497889655
CHIS_WS_009_01,-33.8783649490475,48.611111111111114,10.329118547071689,0.6111111111111112,-18.696927093423383,62.5,7.833360305853423,0.5277777777777778,0.05862029925803114,0.04409349006466182,0.35069855187043414,27.402692297152825,65,-1.116035264514193,97.14285714285714,12.108184507240834,20,2.3264486571793928,0.00384506859745932,-1.1601942462465118,-0.00393129837063972,9.817384269438575,0,40.54682187257892,0.05367340456714764,0.16912395641621694,0.00179643569905879,-0.00267130533854143,4.20624017715454,0.04833627720980909
CHIS_WS_009_02,-33.8783649490475,48.611111111111114,10.329118547071689,0.6111111111111112,-18.696927093423383,62.5,7.833360305853423,0.5277777777777778,0.05862029925803114,0.04409349006466182,0.35069855187043414,27.402692297152825,65,-1.116035264514193,97.14285714285714,12.108184507240834,20,2.3264486571793928,0.00384506859745932,-1.1601942462465118,-0.00393129837063972,9.817384269438575,0,40.54682187257892,0.05367340456714764,0.16912395641621694,0.00179643569905879,-0.00267130533854143,4.20624017715454,0.04833627720980909
CHOH_WS_001_01,-20.24346722343448,68.05555555555556,12.604857593015955,0.6666666666666666,-3.372530883279448,20.833333333333332,53.567413270366785,0.6944444444444444,NA,NA,NA,62.4324505063456,100,-0.8487688335773069,90,-31.523820245677964,0,3.4192327413365255,3.64432531209935e-4,2.990347188595902,0.00293246964312149,0,NA,NA,2.526210938181196,1.4674989700317382,0.01539786044239087,0.0175959417926869,8.36185646057129,0.03684222431135769
CHOH_WS_002_01,-20.24346722343448,68.05555555555556,12.604857593015955,0.6666666666666666,-3.372530883279448,20.833333333333332,53.567413270366785,0.6944444444444444,NA,NA,NA,62.4324505063456,100,-0.8487688335773069,90,-31.523820245677964,0,3.4192327413365255,3.64432531209935e-4,2.990347188595902,0.00293246964312149,0,NA,NA,2.526210938181196,1.4674989700317382,0.01539786044239087,0.0175959417926869,7.315200000000001,0.03684222431135769
CHOH_WS_003_01,-11.255302288823978,54.166666666666664,14.9297739929273,0.75,-2.0231208073548066,13.88888888888889,36.84796327304615,0.75,NA,NA,NA,62.4324505063456,100,-0.7187745130916204,87.14285714285714,51.32827576268243,75,3.232470605630697,0.00119539710009778,2.990347188595902,-0.00136723914212739,0,13.043169145942176,NA,2.3094445617386534,2.7394307189517613,0.01825711423714272,0.01589300949329383,7.92239999771118,0.03578830624115713
CHOH_WS_004_01,-19.42121010240879,70.83333333333333,10.10077878417372,0.5972222222222222,-3.2443928110774656,16.666666666666668,46.333392101889594,0.6527777777777778,NA,NA,NA,61.56437497390367,100,-0.8649144617645436,88.57142857142857,53.389953864399075,95,3.3908863161152354,-2.132645098615188e-4,2.990347188595902,0.00162091217213407,0,NA,NA,3.0379549518779476,3.7226963894707814,0.02159093844769391,-0.02337844283492473,8.22979927062988,0.03587958324312735
CHOH_WS_005_01,-21.845264572963018,70.83333333333333,11.669341833332204,0.6111111111111112,-3.1687756673350824,20.833333333333332,50.90429980464396,0.6805555555555556,NA,NA,NA,62.4324505063456,100,-0.876197515474117,88.57142857142857,-31.523820245677964,0,3.430041018305241,3.926074381111408e-4,2.990347188595902,0.00293246964312149,0,NA,NA,2.1562129038351543,0.7558582358890078,0.01049562034927429,0.02273326449924062,12.1920003890991,0.03713745320683501
CHOH_WS_006_01,-12.864425684812948,55.55555555555556,17.49855064828127,0.8333333333333334,-1.932432272381752,16.666666666666668,40.67950973902395,0.7083333333333334,NA,NA,NA,62.4324505063456,100,-0.7432370835975313,84.28571428571429,-31.523820245677964,0,3.185310511938466,0.00149624202245416,2.990347188595902,0.00293246964312149,0,11.436354580267276,NA,2.1931479923261543,1.799751222398545,0.0120519067142862,0.02230665418836812,10.3696098327637,0.03543770940296584
CHOH_WS_007_01,-19.42121010240879,70.83333333333333,10.10077878417372,0.5972222222222222,-3.2443928110774656,16.666666666666668,46.333392101889594,0.6527777777777778,NA,NA,NA,61.56437497390367,100,-0.8649144617645436,88.57142857142857,53.389953864399075,95,3.3908863161152354,-2.132645098615188e-4,2.990347188595902,0.00162091217213407,0,NA,NA,3.0379549518779476,3.7226963894707814,0.02159093844769391,-0.02337844283492473,6.69157981872559,0.03587958324312735
CHOH_WS_008_01,-18.685657423593092,68.05555555555556,10.892112836878844,0.6388888888888888,-1.991719726776038,22.22222222222222,40.86192879891938,0.6111111111111112,NA,0.01039337458953458,NA,61.56437497390367,100,-0.7670708838001109,84.28571428571429,-77.57024974598176,0,3.357213973429328,-8.911254984152878e-5,2.990347188595902,0.0606071842771583,0,NA,NA,4.83083443254487,4.779864858358328,0.03275209540916414,-0.00726584307768242,9.10871124267578,0.0355273473505583
CHOH_WS_009_01,-21.1602027613472,70.83333333333333,11.251453065188556,0.5972222222222222,-2.494966277261533,20.833333333333332,50.89826008733653,0.6944444444444444,NA,NA,NA,62.4324505063456,100,-0.8786877026778614,87.14285714285714,-31.523820245677964,0,3.436835066676853,8.277678851261738e-4,2.990347188595902,0.00293246964312149,0,NA,NA,1.320976077130548,1.2683078977796869,0.00910867840338127,0.02166571440520115,11.6719198226929,0.03740816968855144
CHOH_WS_010_01,-11.782637589455447,54.166666666666664,16.20949843745971,0.7638888888888888,-1.97012261959839,15.27777777777778,36.49315183409538,0.7361111111111112,NA,NA,NA,62.4324505063456,100,-0.707742143256882,87.14285714285714,51.32827576268243,75,3.193509115635374,0.00147741343807803,2.990347188595902,-0.00136723914212739,0,13.55923985574958,NA,2.523831337088286,2.8318388451470264,0.0167299383371153,0.01867029906580672,9.14200019836426,0.03559923884675087
CHOH_WS_011_01,-16.032652845395138,52.77777777777778,11.218124109239827,0.6666666666666666,-2.0400463087229084,18.055555555555557,39.3835618009869,0.8055555555555556,NA,NA,NA,62.4324505063456,100,-0.9169197465560692,84.28571428571429,51.32827576268243,75,3.2747167129053256,0.00114602491951816,2.990347188595902,-0.00136723914212739,0,NA,NA,1.0220808034751845,2.9807177119784853,0.01768813630920219,0.019748471107012,7.86568832397461,0.03782253145447126
CHOH_WS_012_01,-12.222302155313688,50,16.064033974107495,0.7777777777777778,-1.827886858507299,15.27777777777778,37.551246911856595,0.7777777777777778,NA,NA,NA,62.4324505063456,100,-0.7369771974507972,85.71428571428571,51.32827576268243,75,3.192959554876193,0.00144689314950096,2.990347188595902,-0.00136723914212739,0,12.715305160659533,NA,2.2885244361228416,2.881053500705304,0.01660296813477805,0.01767225477430557,14.630400000000002,0.03590979289256402
CHOH_WS_013_01,-16.751643431352896,65.27777777777777,13.121258571410408,0.6805555555555556,-2.139170907686257,20.833333333333332,52.48855539820784,0.6944444444444444,NA,NA,NA,62.4324505063456,100,-0.8263262975321602,87.14285714285714,-31.523820245677964,0,3.357051429925143,6.612796395531959e-4,2.990347188595902,0.00293246964312149,0,12.644831950704214,NA,0.6045637616404823,1.8137497009589711,0.00546596948849542,0.02448652997428986,7.31760025024414,0.03681039619016873
CHOH_WS_014_01,-17.89171901735934,66.66666666666667,10.846578991700245,0.6388888888888888,-2.1763809655711115,18.055555555555557,42.2329423525924,0.6111111111111112,NA,0.01308292649797653,NA,61.56437497390367,100,-0.7623165930962401,82.85714285714286,-77.57024974598176,0,3.3849720439318407,-1.1899369158252517e-4,2.990347188595902,0.0606071842771583,0,41.29336477547544,NA,4.948574045248198,5.825263844596013,0.03457852887441873,-0.0014144049750433,5.62446022033691,0.0356785373279983
CHOH_WS_015_01,-21.845264572963018,70.83333333333333,11.669341833332204,0.6111111111111112,-3.1687756673350824,20.833333333333332,50.90429980464396,0.6805555555555556,NA,NA,NA,62.4324505063456,100,-0.876197515474117,88.57142857142857,-31.523820245677964,0,3.430041018305241,3.926074381111408e-4,2.990347188595902,0.00293246964312149,0,NA,NA,2.1562129038351543,0.7558582358890078,0.01049562034927429,0.02273326449924062,7.61999988555908,0.03713745320683501
CHOH_WS_016_01,-20.52888376457524,70.83333333333333,12.083967378967396,0.6388888888888888,-3.518145890942316,19.444444444444443,51.79606760004174,0.6527777777777778,NA,NA,NA,62.4324505063456,100,-0.8379144491545384,90,-31.523820245677964,0,3.409704879525645,2.463959911491176e-4,2.990347188595902,0.00293246964312149,0,NA,NA,1.7350004135616195,1.532418864113944,0.01148351227007079,0.0235351279929834,12.6801376342773,0.03668618204557428
CHOH_WS_017_01,-17.84893843243595,70.83333333333333,10.371035322030156,0.6111111111111112,-2.6501199733884686,16.666666666666668,42.94711689196639,0.6527777777777778,NA,NA,NA,61.56437497390367,100,-0.8278081361130473,84.28571428571429,53.389953864399075,95,3.3939053026246437,1.6466594265511503e-5,2.990347188595902,0.00162091217213407,0,NA,NA,4.385154362078064,4.648874070909285,0.02853331519623165,-0.02286436459077995,9.14200019836426,0.03546608642541727
CHOH_WS_018_01,-11.72524875607196,51.388888888888886,16.530998035069036,0.7638888888888888,-2.039048874115778,16.666666666666668,40.122411419908886,0.7361111111111112,NA,NA,NA,62.4324505063456,100,-0.7379116074470645,84.28571428571429,51.32827576268243,75,3.1874662937751452,0.00163636299480659,2.990347188595902,-0.00136723914212739,0,12.335085210900678,NA,2.474957287311554,2.4926112038748607,0.01632842327993941,0.01971722638165502,13.104100227356,0.03565035977534811
CHOH_WS_019_01,-16.032652845395138,52.77777777777778,11.218124109239827,0.6666666666666666,-2.0400463087229084,18.055555555555557,39.3835618009869,0.8055555555555556,NA,NA,NA,62.4324505063456,100,-0.9169197465560692,84.28571428571429,51.32827576268243,75,3.2747167129053256,0.00114602491951816,2.990347188595902,-0.00136723914212739,0,16.634827729321007,NA,1.0220808034751845,2.9807177119784853,0.01768813630920219,0.019748471107012,6.09800004959106,0.03782253145447126
CHOH_WS_020_01,-19.445333559011264,68.05555555555556,11.295272563861406,0.5833333333333334,-2.410726718191193,18.055555555555557,53.05562330945136,0.7083333333333334,NA,NA,NA,62.4324505063456,100,-0.8574263425356528,84.28571428571429,-31.523820245677964,0,3.436990232972782,8.016751954509835e-4,2.990347188595902,0.00293246964312149,0,NA,NA,0.8385907101134471,0.5383181704415279,0.00418135913111109,0.01884340356897462,5.05663204193115,0.03732363636553253
CHOH_WS_021_01,-21.845264572963018,70.83333333333333,11.669341833332204,0.6111111111111112,-3.1687756673350824,20.833333333333332,50.90429980464396,0.6805555555555556,NA,NA,NA,62.4324505063456,100,-0.876197515474117,88.57142857142857,-31.523820245677964,0,3.430041018305241,3.926074381111408e-4,2.990347188595902,0.00293246964312149,0,NA,NA,2.1562129038351543,0.7558582358890078,0.01049562034927429,0.02273326449924062,7.31760025024414,0.03713745320683501
CHOH_WS_022_01,-12.617834016921622,55.55555555555556,17.809054155409257,0.7777777777777778,-2.1010693522216606,19.444444444444443,45.21235669265007,0.6944444444444444,NA,NA,NA,62.4324505063456,100,-0.7678467101486895,85.71428571428571,-31.523820245677964,0,3.1798084756379463,0.00156893650100338,2.990347188595902,0.00293246964312149,0,9.87210996515558,NA,1.3916905191209588,1.9700215657552136,0.01380511962513069,0.02687478443932927,9.14200019836426,0.03572829684163717
CHOH_WS_023_01,-12.93236614962678,58.333333333333336,14.574700066252582,0.75,-1.9647940603226504,18.055555555555557,48.19735005561465,0.6944444444444444,NA,NA,NA,62.4324505063456,100,-0.7707352040129921,82.85714285714286,-31.523820245677964,0,3.271063963619657,9.704311784873854e-4,2.990347188595902,0.00293246964312149,0,15.337719187015036,NA,0.8524759610493968,2.0118592676490255,0.00375281754698006,0.0269313449828904,9.60060024261475,0.03590688204613974
CHOH_WS_024_01,-12.736065604342569,56.94444444444444,16.09897554206963,0.75,-1.718222578546948,16.666666666666668,45.64915824371058,0.6805555555555556,NA,NA,NA,62.4324505063456,100,-0.7645671041405256,84.28571428571429,-31.523820245677964,0,3.221703092969303,0.00117873259921646,2.990347188595902,0.00293246964312149,0,10.989635927565852,NA,1.0632090261805132,1.7075886678214005,0.01024652543881912,0.02671972910563158,6.23239612579346,0.03611040164213844
CHOH_WS_025_01,-17.165415043181994,63.888888888888886,11.24154625038592,0.6111111111111112,-2.4365731812826565,15.27777777777778,51.473503246311765,0.5555555555555556,NA,0.02594671360339962,NA,61.56437497390367,100,-0.7151800932041563,82.85714285714286,-77.57024974598176,0,3.3175432948845884,-2.6337478809874276e-4,2.990347188595902,0.0606071842771583,0,17.2655898098204,NA,5.300285306241761,6.40914115520438,0.03626447864562873,0.01683722601996535,10.6685009002686,0.03649457851130225
CHOH_WS_026_01,-17.622649782896723,68.05555555555556,10.972914878051652,0.6388888888888888,-2.2460272967137835,16.666666666666668,43.4376582275144,0.6111111111111112,NA,0.01556303002646935,NA,61.56437497390367,100,-0.7490610036893435,84.28571428571429,-77.57024974598176,0,3.3965326333985963,-2.0044706340822255e-4,2.990347188595902,0.0606071842771583,0,NA,NA,5.402859206994376,6.448505681658552,0.03638329666749643,0.0046402613321943,0,0.03572430729922341
CHOH_WS_027_01,-19.78097615896078,69.44444444444444,12.196564732168117,0.6527777777777778,-3.206969552756004,20.833333333333332,50.189102259439984,0.6527777777777778,NA,NA,NA,62.4324505063456,100,-0.8405288415688696,90,-31.523820245677964,0,3.4087392059942943,1.8509007764876e-4,2.990347188595902,0.00293246964312149,0,NA,NA,2.307728170477159,1.9614643142336865,0.01185618525488749,0.01279481756624153,12.1448783874512,0.03658487428981633
CHOH_WS_028_01,-16.751643431352896,65.27777777777777,13.121258571410408,0.6805555555555556,-2.139170907686257,20.833333333333332,52.48855539820784,0.6944444444444444,NA,NA,NA,62.4324505063456,100,-0.8263262975321602,87.14285714285714,-31.523820245677964,0,3.357051429925143,6.612796395531959e-4,2.990347188595902,0.00293246964312149,0,12.717171849586004,NA,0.6045637616404823,1.8137497009589711,0.00546596948849542,0.02448652997428986,13.7159996032715,0.03681039619016873
CHOH_WS_029_01,-17.831807308207974,70.83333333333333,10.397667448019316,0.6388888888888888,-2.177105842005159,18.055555555555557,37.810075153365936,0.6388888888888888,NA,NA,NA,61.56437497390367,100,-0.7838691136206989,84.28571428571429,-77.57024974598176,0,3.373993412568149,-2.2498362479543563e-4,2.990347188595902,0.0606071842771583,0,NA,NA,4.5537290363981,4.715327103932708,0.03100671014188401,-0.01910242151331011,8.44952774047852,0.03544321585018899
CHOH_WS_030_01,-16.751643431352896,65.27777777777777,13.121258571410408,0.6805555555555556,-2.139170907686257,20.833333333333332,52.48855539820784,0.6944444444444444,NA,NA,NA,62.4324505063456,100,-0.8263262975321602,87.14285714285714,-31.523820245677964,0,3.357051429925143,6.612796395531959e-4,2.990347188595902,0.00293246964312149,0,16.49127846828772,NA,0.6045637616404823,1.8137497009589711,0.00546596948849542,0.02448652997428986,73.152,0.03681039619016873
CHOH_WS_031_01,-16.751643431352896,65.27777777777777,13.121258571410408,0.6805555555555556,-2.139170907686257,20.833333333333332,52.48855539820784,0.6944444444444444,NA,NA,NA,62.4324505063456,100,-0.8263262975321602,87.14285714285714,-31.523820245677964,0,3.357051429925143,6.612796395531959e-4,2.990347188595902,0.00293246964312149,0,14.160738938690685,NA,0.6045637616404823,1.8137497009589711,0.00546596948849542,0.02448652997428986,10.3302173614502,0.03681039619016873
CHOH_WS_032_01,-21.1602027613472,70.83333333333333,11.251453065188556,0.5972222222222222,-2.494966277261533,20.833333333333332,50.89826008733653,0.6944444444444444,NA,NA,NA,62.4324505063456,100,-0.8786877026778614,87.14285714285714,-31.523820245677964,0,3.436835066676853,8.277678851261738e-4,2.990347188595902,0.00293246964312149,0,NA,NA,1.320976077130548,1.2683078977796869,0.00910867840338127,0.02166571440520115,7.23899984359741,0.03740816968855144
CHOH_WS_033_01,-11.255302288823978,54.166666666666664,14.9297739929273,0.75,-2.0231208073548066,13.88888888888889,36.84796327304615,0.75,NA,NA,NA,62.4324505063456,100,-0.7187745130916204,87.14285714285714,51.32827576268243,75,3.232470605630697,0.00119539710009778,2.990347188595902,-0.00136723914212739,0,13.042372766452312,NA,2.3094445617386534,2.7394307189517613,0.01825711423714272,0.01589300949329383,20.7264,0.03578830624115713
CHOH_WS_034_01,-14.147055534481826,52.77777777777778,12.03806822768146,0.6666666666666666,-1.8701925313673675,13.88888888888889,37.59629915456847,0.7638888888888888,NA,NA,NA,62.4324505063456,100,-0.8650072612253552,85.71428571428571,51.32827576268243,75,3.263317365847657,0.0010597010882426,2.990347188595902,-0.00136723914212739,0,14.722688972232692,NA,0.746976498274777,2.50865499178569,0.0166027739162453,0.0153335964430166,8.85270977020264,0.03743803288329738
CHOH_WS_035_01,-12.74714987903194,54.166666666666664,12.350998525941804,0.6805555555555556,-2.034818953373713,15.27777777777778,36.18410655485597,0.7638888888888888,NA,NA,NA,62.4324505063456,100,-0.7992990642328749,87.14285714285714,51.32827576268243,75,3.268950368483578,0.00112024133975538,2.990347188595902,-0.00136723914212739,0,24.51050255514483,NA,0.92814738220639,2.5896546840667725,0.016624219881066,0.01407914555650162,9.14200019836426,0.03704583612956947
CHOH_WS_036_01,-11.255302288823978,54.166666666666664,14.9297739929273,0.75,-2.0231208073548066,13.88888888888889,36.84796327304615,0.75,NA,NA,NA,62.4324505063456,100,-0.7187745130916204,87.14285714285714,51.32827576268243,75,3.232470605630697,0.00119539710009778,2.990347188595902,-0.00136723914212739,0,12.097343742961348,NA,2.3094445617386534,2.7394307189517613,0.01825711423714272,0.01589300949329383,8.01235771179199,0.03578830624115713
CHOH_WS_037_01,-11.1756867113715,50,14.83352863363963,0.7361111111111112,-2.254642113500923,13.88888888888889,36.16222391673724,0.7638888888888888,NA,NA,NA,62.4324505063456,100,-0.7280863498700418,87.14285714285714,51.32827576268243,75,3.225048635215789,0.00144823971265688,2.990347188595902,-0.00136723914212739,0,12.980309982729985,NA,1.8049109800897492,2.7655658914585293,0.01744293867930482,0.0178441648130061,7.92239999771118,0.03614328144120692
CHOH_WS_038_01,-16.032652845395138,52.77777777777778,11.218124109239827,0.6666666666666666,-2.0400463087229084,18.055555555555557,39.3835618009869,0.8055555555555556,NA,NA,NA,62.4324505063456,100,-0.9169197465560692,84.28571428571429,51.32827576268243,75,3.2747167129053256,0.00114602491951816,2.990347188595902,-0.00136723914212739,0,10.107686771026852,NA,1.0220808034751845,2.9807177119784853,0.01768813630920219,0.019748471107012,22.67712,0.03782253145447126
CHOH_WS_039_01,-11.782637589455447,54.166666666666664,16.20949843745971,0.7638888888888888,-1.97012261959839,15.27777777777778,36.49315183409538,0.7361111111111112,NA,NA,NA,62.4324505063456,100,-0.707742143256882,87.14285714285714,51.32827576268243,75,3.193509115635374,0.00147741343807803,2.990347188595902,-0.00136723914212739,0,11.08961401356406,NA,2.523831337088286,2.8318388451470264,0.0167299383371153,0.01867029906580672,7.61999988555908,0.03559923884675087
CHOH_WS_040_01,-11.88103852776499,54.166666666666664,13.903015336507025,0.7083333333333334,-2.0507677895035914,15.27777777777778,35.75255054841774,0.75,NA,NA,NA,62.4324505063456,100,-0.7641847771399459,87.14285714285714,51.32827576268243,75,3.2580679819338005,0.00116561130114986,2.990347188595902,-0.00136723914212739,0,12.916091461655576,NA,1.5252775295436016,2.8992270267370994,0.0187622635263779,0.01591514304832166,6.09600019454956,0.03634012841865967
CHOH_WS_041_01,-19.40807525269596,72.22222222222223,10.529746329080602,0.5694444444444444,-2.0622142773425103,20.833333333333332,37.85839873536175,0.6527777777777778,NA,NA,NA,61.56437497390367,100,-0.759454697369301,84.28571428571429,-77.57024974598176,0,3.336637082920282,-5.249297735154396e-4,2.990347188595902,0.0606071842771583,0,23.918247759336182,NA,3.6735010331379607,3.6808274163140142,0.02597655216142082,-0.02483345045193993,6.40040016174316,0.03521590121145643
CHOH_WS_042_01,-12.617834016921622,55.55555555555556,17.809054155409257,0.7777777777777778,-2.1010693522216606,19.444444444444443,45.21235669265007,0.6944444444444444,NA,NA,NA,62.4324505063456,100,-0.7678467101486895,85.71428571428571,-31.523820245677964,0,3.1798084756379463,0.00156893650100338,2.990347188595902,0.00293246964312149,0,12.604974680389876,NA,1.3916905191209588,1.9700215657552136,0.01380511962513069,0.02687478443932927,8.62792015075684,0.03572829684163717
CHOH_WS_043_01,-12.74714987903194,54.166666666666664,12.350998525941804,0.6805555555555556,-2.034818953373713,15.27777777777778,36.18410655485597,0.7638888888888888,NA,NA,NA,62.4324505063456,100,-0.7992990642328749,87.14285714285714,51.32827576268243,75,3.268950368483578,0.00112024133975538,2.990347188595902,-0.00136723914212739,0,18.57814145165984,NA,0.92814738220639,2.5896546840667725,0.016624219881066,0.01407914555650162,5.81578540802002,0.03704583612956947
CHOH_WS_044_01,-21.845264572963018,70.83333333333333,11.669341833332204,0.6111111111111112,-3.1687756673350824,20.833333333333332,50.90429980464396,0.6805555555555556,NA,NA,NA,62.4324505063456,100,-0.876197515474117,88.57142857142857,-31.523820245677964,0,3.430041018305241,3.926074381111408e-4,2.990347188595902,0.00293246964312149,0,NA,NA,2.1562129038351543,0.7558582358890078,0.01049562034927429,0.02273326449924062,16.7620010375977,0.03713745320683501
CHYO_WS_001_01,-20.20580996134756,70.83333333333333,9.970622290181684,0.6388888888888888,-3.3512461155078013,30.555555555555557,33.455692925372894,0.9305555555555556,NA,NA,NA,79.34401526208855,100,-0.9009462851908324,84.28571428571429,91.3275649198428,100,3.623865265525323,NA,-7.286252254163572,6.198935084342343e-4,0,5.017874737835158,NA,1.3679112262196027,3.04068150183167,0.00885600754846326,0.0179441240098741,8.80055046081543,NA
CHYO_WS_002_01,-20.20580996134756,70.83333333333333,9.970622290181684,0.6388888888888888,-3.3512461155078013,30.555555555555557,33.455692925372894,0.9305555555555556,NA,NA,NA,79.34401526208855,100,-0.9009462851908324,84.28571428571429,91.3275649198428,100,3.623865265525323,NA,-7.286252254163572,6.198935084342343e-4,0,5.1365009015197,NA,1.3679112262196027,3.04068150183167,0.00885600754846326,0.0179441240098741,8.80055046081543,NA
CIRO_WS_001_01,-15.332411386342102,66.66666666666667,42.4268545260478,1,-8.458266539165638,38.888888888888886,28.207125577811187,0.7361111111111112,NA,NA,NA,32.34593612765245,100,-1.4416961169995266,100,36.13941606937321,60,3.773748283507767,1.6910130299877674e-4,1.3529546683344722,-0.00484053333809429,91.94700692398212,NA,NA,1.0179755361026397,-0.3223414089944612,-0.00921183786292015,0.00642878214518214,19.5072,0.0370280539154247
CIRO_WS_002_01,-21.28049491153778,68.05555555555556,39.95785608871721,1,-9.386917866110942,40.27777777777778,44.893218498889055,0.7222222222222222,NA,NA,NA,32.34593612765245,100,-1.7161389642286875,100,36.13941606937321,60,3.763225819902182,-2.9501159981502184e-4,1.3529546683344722,-0.00484053333809429,59.484662095508675,NA,NA,0.18962096738870476,-1.575950264151579,-0.01607910629177614,0.00760167439778642,57.54624,0.04255785400779788
CONG_WS_001_01,-18.239511391878263,55.55555555555556,15.889653789283813,0.5972222222222222,-4.490624474987006,31.944444444444443,28.12262328763004,0.5277777777777778,NA,NA,NA,38.90114143397416,100,-0.6150260828519174,70,-52.31093502577791,0,2.9322362095176935,6.164893035521257e-4,3.786543376521158,4.05139520189432e-4,31.98114530303632,61.425184757458375,NA,-2.040919305257548,-3.8748862831680904,-0.02557290876148532,0.02543254367011387,5.79120016098022,0.02268929085837599
CONG_WS_002_01,-18.239511391878263,55.55555555555556,15.889653789283813,0.5972222222222222,-4.490624474987006,31.944444444444443,28.12262328763004,0.5277777777777778,NA,NA,NA,38.90114143397416,100,-0.6150260828519174,70,-52.31093502577791,0,2.9322362095176935,6.164893035521257e-4,3.786543376521158,4.05139520189432e-4,34.06971226405776,56.95174359893629,NA,-2.040919305257548,-3.8748862831680904,-0.02557290876148532,0.02543254367011387,5.4736967086792,0.02268929085837599
CONG_WS_003_01,-18.239511391878263,55.55555555555556,15.889653789283813,0.5972222222222222,-4.490624474987006,31.944444444444443,28.12262328763004,0.5277777777777778,NA,NA,NA,38.90114143397416,100,-0.6150260828519174,70,-52.31093502577791,0,2.9322362095176935,6.164893035521257e-4,3.786543376521158,4.05139520189432e-4,31.98114530303632,61.425184757458375,NA,-2.040919305257548,-3.8748862831680904,-0.02557290876148532,0.02543254367011387,5.79120016098022,0.02268929085837599
CORO_WS_001_01,-42.684367528751054,70.83333333333333,19.55324189746722,0.75,-18.91025843804223,66.66666666666667,16.74523590143217,0.6666666666666666,NA,NA,NA,30.85387666875794,62.5,-1.4731209876548574,97.14285714285714,43.36897563855654,30,2.88274571445538,0.00705999615113968,2.118631506785853,8.214184895994932e-4,26.819023468165387,0,NA,-0.15316550412745172,-1.8703238998869904,-0.01605584804191385,0.00675582885742276,167.0304,0.01588146513297448
CRLA_WS_001_01,-10.07008998510826,69.44444444444444,35.251128986001106,1,-6.0187798660034195,52.77777777777778,5.369695191238418,0.5555555555555556,NA,NA,NA,97.55920443685238,100,-0.5733789408149791,77.14285714285714,27.844364026371675,65,2.941206161361537,0.01395696289380995,0.9418348152734272,-4.7100332093555586e-4,6.425211649491196,0,NA,-1.2185226984513169,0.21542713984296016,-0.00856526141529261,0.00802421326229247,7.96836042404175,0.01461869643259819
CRLA_WS_002_01,-12.811875848081378,79.16666666666667,39.428530131123026,1,-6.430813627690375,51.388888888888886,5.737610806873587,0.5833333333333334,NA,NA,NA,97.55920443685238,100,-0.6730367144767762,82.85714285714286,27.844364026371675,65,2.971891288783908,0.01388221699061151,0.9418348152734272,-4.7100332093555586e-4,2.201254527741398,0,NA,-1.7350530357824423,-0.875580370357189,-0.01080584471578834,0.00612919097797639,0,0.0193238038707229
CRLA_WS_003_01,-10.07008998510826,69.44444444444444,35.251128986001106,1,-6.0187798660034195,52.77777777777778,5.369695191238418,0.5555555555555556,NA,NA,NA,97.55920443685238,100,-0.5733789408149791,77.14285714285714,27.844364026371675,65,2.941206161361537,0.01395696289380995,0.9418348152734272,-4.7100332093555586e-4,6.425211649491196,0,NA,-1.2185226984513169,0.21542713984296016,-0.00856526141529261,0.00802421326229247,7.96836042404175,0.01461869643259819
CRLA_WS_003_02,-10.07008998510826,69.44444444444444,35.251128986001106,1,-6.0187798660034195,52.77777777777778,5.369695191238418,0.5555555555555556,NA,NA,NA,97.55920443685238,100,-0.5733789408149791,77.14285714285714,27.844364026371675,65,2.941206161361537,0.01395696289380995,0.9418348152734272,-4.7100332093555586e-4,6.425211649491196,0,NA,-1.2185226984513169,0.21542713984296016,-0.00856526141529261,0.00802421326229247,7.96836042404175,0.01461869643259819
CRMO_WS_001_01,-12.77802380489387,34.72222222222222,32.8812702577132,1,-7.257895336752293,27.77777777777778,16.002238206962577,0.5694444444444444,NA,NA,NA,27.53595885385392,100,-1.307111840653115,100,20.783981944952163,40,3.5575390751976164,0.00756386567821501,0.6657763372931121,-0.00149016586910148,0,NA,NA,-0.8723996880740454,-2.5546505421767987,-0.0223862922910307,0.0177039570278592,29.7562370300293,0.04750971541046625
CRMO_WS_001_02,-12.77802380489387,34.72222222222222,32.8812702577132,1,-7.257895336752293,27.77777777777778,16.002238206962577,0.5694444444444444,NA,NA,NA,27.53595885385392,100,-1.307111840653115,100,20.783981944952163,40,3.5575390751976164,0.00756386567821501,0.6657763372931121,-0.00149016586910148,0,NA,NA,-0.8723996880740454,-2.5546505421767987,-0.0223862922910307,0.0177039570278592,29.7562370300293,0.04750971541046625
CUGA_WS_004_01,-12.78691388323654,59.72222222222222,6.423482899137862,0.5138888888888888,-2.2197537761236537,23.61111111111111,30.396116745364697,0.6527777777777778,NA,NA,NA,68.94665547260077,97.5,-0.5864811318285484,70,-13.51041264818465,5,3.084006500263129,0.00233888424059228,-1.01151194441909,-2.352127258691268e-4,4.261385848064616,1.0342734946225631,NA,-0.3047938633848067,-0.495320463180542,-0.00705251839062221,0.02206610991095865,6.65189170837402,0.03769746466944326
CUGA_WS_005_01,-11.40896424975056,54.166666666666664,6.258818570613172,0.5833333333333334,-2.1220640069889076,23.61111111111111,29.509136439643004,0.6111111111111112,NA,NA,NA,68.94665547260077,97.5,-0.5704684522337227,72.85714285714286,-13.51041264818465,5,3.0388450908357036,0.00179256528346746,-1.01151194441909,-2.352127258691268e-4,0.8716802679478183,4.8251451893762995,NA,0.6086232642332703,0.606489531199145,1.1513670827443256e-4,0.02276133219401039,43.891200000000005,0.03897811175334956
CUIS_WS_001_01,-13.778211471016563,37.5,109.3400645626846,0.5277777777777778,-4.289388276675328,40.27777777777778,16.956777902758503,0.5694444444444444,4.046947139625473,0.30452520851320064,0.10935729959681384,40.709352461331704,100,-0.48710802774918266,65.71428571428571,-55.48750697953929,0,2.585923158210953,0.00576608850183275,1.58106828641696,-0.00406380740051953,20.837661838875007,68.13791870859508,61.17040024719975,-1.9462188084920344,-1.978512366612752,-0.01471305223401114,0.01305241054958727,3.59832000732422,0.02079670167231507
CUIS_WS_002_01,-13.627340167521249,37.5,110.95608651859614,0.5,-4.50832429286709,38.888888888888886,16.603561878494663,0.5555555555555556,1.54303694532112,1,0.11165109719369942,40.709352461331704,100,-0.49370218209829464,64.28571428571429,-55.48750697953929,0,2.586047488111557,0.00566595718835223,1.58106828641696,-0.00406380740051953,17.17949898153186,53.24028369125862,48.48608013657779,-2.942978927583407,-3.0383651662755864,-0.01534003645280737,0.01119166244695198,4.14844989776611,0.02058204822532514
CUIS_WS_003_01,-13.627340167521249,37.5,110.95608651859614,0.5,-4.50832429286709,38.888888888888886,16.603561878494663,0.5555555555555556,4.975085015183453,1,0.2721593129225551,33.34824303419208,100,-0.49370218209829464,64.28571428571429,-55.48750697953929,0,2.586047488111557,0.00566595718835223,1.58106828641696,-0.00406380740051953,29.447822040919053,79.6262074925013,70.10201822012998,-2.942978927583407,-3.0383651662755864,-0.01534003645280737,0.01119166244695198,3.41680788993835,0.02058204822532514
CUIS_WS_004_01,-12.647709776913835,34.72222222222222,99.40767457927126,0.5277777777777778,-3.912144938004806,36.111111111111114,19.27191387576522,0.5833333333333334,1.4489355248902598,1,0.8494841920437932,40.709352461331704,100,-0.4493827003039838,62.857142857142854,-55.48750697953929,0,2.5799348173282475,0.00645547109127917,1.58106828641696,-0.00406380740051953,9.8740630737998,53.91167794830304,72.16143674522316,-2.673091809270243,-3.012330426110149,-0.01775007486729911,0.00955619812011718,2.7630922794342,0.01998759595566427
CUIS_WS_005_01,-14.30369328010633,31.944444444444443,115.98768644763328,0.5277777777777778,-4.4973581926434445,37.5,20.650900536008745,0.5694444444444444,3.167211231690004,1,0.8495598194766364,40.709352461331704,100,-0.4226207813375823,62.857142857142854,-55.48750697953929,0,2.565543770095779,0.00643560776984136,1.58106828641696,-0.00406380740051953,13.210397705937488,69.43981260790952,80.58341411989058,-2.8722114769461884,-3.0468084547254737,-0.01949970870695235,0.01051629673350941,3.59832000732422,0.01953682490823221
CUIS_WS_006_01,-14.30369328010633,31.944444444444443,115.98768644763328,0.5277777777777778,-4.4973581926434445,37.5,20.650900536008745,0.5694444444444444,3.163926315390839,1,0.8474225504771846,40.709352461331704,100,-0.4226207813375823,62.857142857142854,-55.48750697953929,0,2.565543770095779,0.00643560776984136,1.58106828641696,-0.00406380740051953,13.364204440665786,69.84620874850118,80.1671915550541,-2.8722114769461884,-3.0468084547254737,-0.01949970870695235,0.01051629673350941,3.59832000732422,0.01953682490823221
CUIS_WS_007_01,-12.647709776913835,34.72222222222222,99.40767457927126,0.5277777777777778,-3.912144938004806,36.111111111111114,19.27191387576522,0.5833333333333334,1.4491016660891205,1,0.8494887410757467,40.709352461331704,100,-0.4493827003039838,62.857142857142854,-55.48750697953929,0,2.5799348173282475,0.00645547109127917,NA,-0.00406380740051953,NA,NA,72.17150377459788,-2.673091809270243,-3.012330426110149,-0.01775007486729911,0.00955619812011718,2.7630922794342,0.01998759595566427
CUIS_WS_008_01,-12.150090153599882,36.111111111111114,99.22515234139064,0.5277777777777778,-4.36758222516875,37.5,17.43236893782498,0.5694444444444444,1.2012361558115074,1,0.8504636946471019,40.709352461331704,100,-0.48550770980139113,62.857142857142854,-55.48750697953929,0,2.5871495019150466,0.00625223723728942,1.58106828641696,-0.00406380740051953,18.81972880968079,60.87373968532086,53.17134799366667,-2.295445126831216,-2.710742355597135,-0.01539534773987376,0.01278811030917707,4.14844989776611,0.02059483171960289
CUIS_WS_009_01,-12.647709776913835,34.72222222222222,99.40767457927126,0.5277777777777778,-3.912144938004806,36.111111111111114,19.27191387576522,0.5833333333333334,2.794082318995578,1,0.8484963461256568,40.709352461331704,100,-0.4493827003039838,62.857142857142854,-55.48750697953929,0,2.5799348173282475,0.00645547109127917,1.58106828641696,-0.00406380740051953,13.45837831314224,67.44859577990113,78.9074724972493,-2.673091809270243,-3.012330426110149,-0.01775007486729911,0.00955619812011718,2.65959596633911,0.01998759595566427
CUIS_WS_010_01,-13.778211471016563,37.5,109.3400645626846,0.5277777777777778,-4.289388276675328,40.27777777777778,16.956777902758503,0.5694444444444444,3.747663143749861,0.29630209770424565,0.10929795165278754,40.709352461331704,100,-0.48710802774918266,65.71428571428571,-55.48750697953929,0,2.585923158210953,0.00576608850183275,1.58106828641696,-0.00406380740051953,20.583869867867737,67.85517599027612,60.70206316762538,-1.9462188084920344,-1.978512366612752,-0.01471305223401114,0.01305241054958727,4.17023706436157,0.02079670167231507
CUIS_WS_011_01,-12.647709776913835,34.72222222222222,99.40767457927126,0.5277777777777778,-3.912144938004806,36.111111111111114,19.27191387576522,0.5833333333333334,1.4489355248902598,1,0.8494841920437932,40.709352461331704,100,-0.4493827003039838,62.857142857142854,-55.48750697953929,0,2.5799348173282475,0.00645547109127917,1.58106828641696,-0.00406380740051953,9.8740630737998,53.91167794830304,72.16143674522316,-2.673091809270243,-3.012330426110149,-0.01775007486729911,0.00955619812011718,2.7630922794342,0.01998759595566427
CUIS_WS_012_01,-12.150090153599882,36.111111111111114,99.22515234139064,0.5277777777777778,-4.36758222516875,37.5,17.43236893782498,0.5694444444444444,1.2384679484047751,1,0.8497894723356946,40.709352461331704,100,-0.48550770980139113,62.857142857142854,-55.48750697953929,0,2.5871495019150466,0.00625223723728942,1.58106828641696,-0.00406380740051953,19.710807391117807,60.95128848486874,53.39162042410781,-2.295445126831216,-2.710742355597135,-0.01539534773987376,0.01278811030917707,4.14844989776611,0.02059483171960289
CUIS_WS_013_01,-12.647709776913835,34.72222222222222,99.40767457927126,0.5277777777777778,-3.912144938004806,36.111111111111114,19.27191387576522,0.5833333333333334,1.40562726011116,1,0.8463039523877943,40.709352461331704,100,-0.4493827003039838,62.857142857142854,-55.48750697953929,0,2.5799348173282475,0.00645547109127917,1.58106828641696,-0.00406380740051953,9.121829077552295,50.9849729958668,72.71758945997951,-2.673091809270243,-3.012330426110149,-0.01775007486729911,0.00955619812011718,2.7630922794342,0.01998759595566427
CUIS_WS_015_01,-12.647709776913835,34.72222222222222,99.40767457927126,0.5277777777777778,-3.912144938004806,36.111111111111114,19.27191387576522,0.5833333333333334,0.9499044349711953,1,0.8449836298461992,40.709352461331704,100,-0.4493827003039838,62.857142857142854,-55.48750697953929,0,2.5799348173282475,0.00645547109127917,1.58106828641696,-0.00406380740051953,8.249867441817633,35.73573649778903,62.867922296453536,-2.673091809270243,-3.012330426110149,-0.01775007486729911,0.00955619812011718,12.1920003890991,0.01998759595566427
CUIS_WS_016_01,-12.647709776913835,34.72222222222222,99.40767457927126,0.5277777777777778,-3.912144938004806,36.111111111111114,19.27191387576522,0.5833333333333334,0.9323523571132596,1,0.8445267242612164,40.709352461331704,100,-0.4493827003039838,62.857142857142854,-55.48750697953929,0,2.5799348173282475,0.00645547109127917,1.58106828641696,-0.00406380740051953,7.892320271758242,37.39361905328806,65.01893572579083,-2.673091809270243,-3.012330426110149,-0.01775007486729911,0.00955619812011718,3.38233995437622,0.01998759595566427
CUIS_WS_017_01,-12.647709776913835,34.72222222222222,99.40767457927126,0.5277777777777778,-3.912144938004806,36.111111111111114,19.27191387576522,0.5833333333333334,3.12219049616526,1,0.8484672231362046,40.709352461331704,100,-0.4493827003039838,62.857142857142854,-55.48750697953929,0,2.5799348173282475,0.00645547109127917,1.58106828641696,-0.00406380740051953,13.801047787363633,70.58029034956044,79.12951835675379,-2.673091809270243,-3.012330426110149,-0.01775007486729911,0.00955619812011718,4.34931755065918,0.01998759595566427
CUIS_WS_018_01,-12.647709776913835,34.72222222222222,99.40767457927126,0.5277777777777778,-3.912144938004806,36.111111111111114,19.27191387576522,0.5833333333333334,3.019084070115369,1,0.8506437071108579,40.709352461331704,100,-0.4493827003039838,62.857142857142854,-55.48750697953929,0,2.5799348173282475,0.00645547109127917,1.58106828641696,-0.00406380740051953,13.915328070777688,70.74606026109169,78.70995328790704,-2.673091809270243,-3.012330426110149,-0.01775007486729911,0.00955619812011718,3.04850006103516,0.01998759595566427
CUIS_WS_019_01,-12.150090153599882,36.111111111111114,99.22515234139064,0.5277777777777778,-4.36758222516875,37.5,17.43236893782498,0.5694444444444444,1.158904287509344,0.14111523633043885,0.8166464395664327,40.709352461331704,100,-0.48550770980139113,62.857142857142854,-55.48750697953929,0,2.5871495019150466,0.00625223723728942,1.58106828641696,-0.00406380740051953,9.59217200273515,39.492643904967736,45.04923562707497,-2.295445126831216,-2.710742355597135,-0.01539534773987376,0.01278811030917707,4.14844989776611,0.02059483171960289
CURE_WS_001_01,-41.673831654773466,72.22222222222223,12.344053766550893,0.625,-9.166989534924278,41.666666666666664,24.875336941788795,0.5833333333333334,NA,NA,NA,47.74457262577411,100,-2.05214504650389,100,28.66917722500512,75,3.667659655788987,0.00368798769710483,-0.3842237220539565,0.00616032735430305,0,0.13758683241001143,NA,0.1398103064910948,-0.40573150213853953,-0.01106293899836261,-0.00353288650512692,29.6712379455566,0.03028745447918778
CURE_WS_002_01,-42.75487246327944,76.38888888888889,12.88283713756406,0.5833333333333334,-8.444325403285877,44.44444444444444,32.45677699368552,0.6111111111111112,NA,NA,NA,47.74457262577411,100,-2.0287685969062776,100,28.66917722500512,75,3.70016662011532,0.00313172461927651,-0.3842237220539565,0.00616032735430305,0,0.4666873477486712,NA,0.3929746073550334,-0.518119113312828,-0.0057853210178243,-0.01056083396629046,30.48,0.03223412610540156
CURE_WS_003_01,-42.21711645670512,81.94444444444444,12.202992689678824,0.7638888888888888,-8.595281801619894,43.05555555555556,43.26020106286939,0.5277777777777778,NA,NA,NA,47.74457262577411,100,-1.8681290963286228,100,28.66917722500512,75,3.651240574582455,0.00334032370159479,-0.3842237220539565,0.00616032735430305,0,0.03815125715523393,NA,0.1456770266120761,-0.5582701376880763,-0.00841763034474028,-0.007450998565297,29.260800000000003,0.03217864463756439
CURE_WS_004_01,-20.323307049649845,83.33333333333333,19.494279855178284,1,-7.146539113077872,48.611111111111114,39.549113459990274,0.5833333333333334,NA,NA,NA,47.74457262577411,100,-0.9910605955330488,87.14285714285714,28.66917722500512,75,3.666009619173323,0.00671040969649209,-0.3842237220539565,0.00616032735430305,9.75504251735247,0,NA,0.3775146539943961,-0.7285698967418465,-8.743444661700347e-4,-0.00872822296925081,17.0688,0.01699102917819754
CURE_WS_005_01,-40.82553648910011,79.16666666666667,13.225786865661924,0.7777777777777778,-9.046866829733297,44.44444444444444,44.602523767395034,0.5833333333333334,NA,NA,NA,47.74457262577411,100,-1.890235923496848,100,28.66917722500512,75,3.686204534894868,0.00346768561248683,-0.3842237220539565,0.00616032735430305,0,0.09878543209185084,NA,0.12887001444231985,-0.6540606539799926,-0.01162233782607869,0.00260405481597522,34.1376,0.03163923747089008
CURE_WS_006_01,-26.753454251020653,79.16666666666667,26.54326489318876,1,-8.266222206029193,38.888888888888886,92.74568539581016,0.5555555555555556,NA,NA,NA,31.28802133993632,77.5,-1.1232519176425475,95.71428571428572,4.528832736103624,15,3.620502088778239,0.00734349339647742,-0.3842237220539565,0.00109425571893021,14.597445140173043,3.8975997654834815,NA,-0.1332836333248366,-1.0053750860924793,-0.00637752582587288,3.0051337348090275e-4,18.77568,0.03038486186984285
CURE_WS_007_01,-39.640031980620485,77.77777777777777,13.526925623782075,0.7777777777777778,-9.06455783292293,44.44444444444444,44.24158096453427,0.5694444444444444,NA,NA,NA,47.74457262577411,100,-1.845049874831524,100,28.66917722500512,75,3.672820852387717,0.00368744608009924,-0.3842237220539565,0.00616032735430305,0,0,NA,0.14542747726299482,-0.4533386328981987,-0.01046784026405421,0.00229180104447987,17.0688,0.03147316007952296
CURE_WS_008_01,-24.909347091348017,77.77777777777777,24.23448371129639,1,-9.1170145514036,43.05555555555556,77.63992629156859,0.5972222222222222,NA,NA,NA,47.74457262577411,100,-1.1233225117076229,97.14285714285714,28.66917722500512,75,3.637834376236775,0.00601316887801728,-0.3842237220539565,0.00616032735430305,3.5520157788304503,0,NA,-0.14014662173844308,-0.24355869192295035,-0.00267784640158092,-0.01014106656298219,19.5072,0.02391171978746209
CURE_WS_009_01,-32.37044197468201,73.61111111111111,23.71678046371881,1,-9.022405946831093,40.27777777777778,115.81893792900188,0.5555555555555556,NA,NA,NA,31.28802133993632,77.5,-1.2929739731091383,98.57142857142856,4.528832736103624,15,3.5385423801610862,0.00555218101724556,-0.3842237220539565,0.00109425571893021,12.586117936110512,1.801052804337507,NA,-0.5713638084795741,-1.5202025837368427,-0.01210824064332592,0.00611139226842816,17.0688,0.03777058565839465
CURE_WS_010_01,-40.82553648910011,79.16666666666667,13.225786865661924,0.7777777777777778,-9.046866829733297,44.44444444444444,44.602523767395034,0.5833333333333334,NA,NA,NA,47.74457262577411,100,-1.890235923496848,100,28.66917722500512,75,3.686204534894868,0.00346768561248683,-0.3842237220539565,0.00616032735430305,0,0,NA,0.12887001444231985,-0.6540606539799926,-0.01162233782607869,0.00260405481597522,48.768,0.03163923747089008
CURE_WS_010_02,-40.82553648910011,79.16666666666667,13.225786865661924,0.7777777777777778,-9.046866829733297,44.44444444444444,44.602523767395034,0.5833333333333334,NA,NA,NA,47.74457262577411,100,-1.890235923496848,100,28.66917722500512,75,3.686204534894868,0.00346768561248683,-0.3842237220539565,0.00616032735430305,0,0,NA,0.12887001444231985,-0.6540606539799926,-0.01162233782607869,0.00260405481597522,64.12992,0.03163923747089008
CURE_WS_011_01,-40.82553648910011,79.16666666666667,13.225786865661924,0.7777777777777778,-9.046866829733297,44.44444444444444,44.602523767395034,0.5833333333333334,NA,NA,NA,47.74457262577411,100,-1.890235923496848,100,28.66917722500512,75,3.686204534894868,0.00346768561248683,-0.3842237220539565,0.00616032735430305,0,0,NA,0.12887001444231985,-0.6540606539799926,-0.01162233782607869,0.00260405481597522,11.704320000000004,0.03163923747089008
CUVA_WS_004_01,-21.96021588899822,77.77777777777777,9.235367257096758,0.6805555555555556,-5.39760002989546,27.77777777777778,38.55469591105364,0.8055555555555556,NA,NA,NA,67.96414319885355,100,-1.0739216307950654,90,-20.645206686112523,0,3.546175281918888,0.00355942951414606,-0.681375868621335,-0.00324400672896895,0,6.228122559668535,NA,-3.0688772622985065,-3.0265654457939943,-0.02445842021479415,-0.01369205521948539,2.9260800000000007,0.03301778757504717
CUVA_WS_005_01,-24.95943173829924,83.33333333333333,10.682184271342337,0.7083333333333334,-6.014331732161137,34.72222222222222,39.48371705230727,0.8055555555555556,NA,NA,NA,67.96414319885355,100,-1.1053729633969176,91.42857142857144,-18.870463445283324,0,3.629777377176836,0.00338679464109133,-0.681375868621335,-0.00951308190470155,0,7.70380241402408,NA,-2.9822506280172427,-2.5029395875476657,-0.02303549689493479,-8.414939597804404e-4,3.29687261581421,0.03345923957436225
CUVA_WS_011_01,-23.85186330006834,80.55555555555556,10.281696475855552,0.6944444444444444,-6.198034439870065,34.72222222222222,40.23733577610926,0.8055555555555556,NA,NA,NA,67.96414319885355,100,-1.1270418038507912,90,-20.645206686112523,0,3.625032475297548,0.00338068832018349,-0.681375868621335,-0.00324400672896895,0,9.208807345458007,NA,-3.387536149554785,-2.681845725528778,-0.02299848680953982,-0.00847729341483442,13.8691997528076,0.03331085152764591
CUVA_WS_012_01,-23.85186330006834,80.55555555555556,10.281696475855552,0.6944444444444444,-6.198034439870065,34.72222222222222,40.23733577610926,0.8055555555555556,NA,NA,NA,67.96414319885355,100,-1.1270418038507912,90,-20.645206686112523,0,3.625032475297548,0.00338068832018349,-0.681375868621335,-0.00324400672896895,0,9.208807345458007,NA,-3.387536149554785,-2.681845725528778,-0.02299848680953982,-0.00847729341483442,13.8691997528076,0.03331085152764591
CUVA_WS_013_01,-24.95943173829924,83.33333333333333,10.682184271342337,0.7083333333333334,-6.014331732161137,34.72222222222222,39.48371705230727,0.8055555555555556,NA,NA,NA,67.96414319885355,100,-1.1053729633969176,91.42857142857144,-20.645206686112523,0,3.629777377176836,0.00338679464109133,-0.681375868621335,-0.00324400672896895,0,5.403332317672667,NA,-2.9822506280172427,-2.5029395875476657,-0.02303549689493479,-8.414939597804404e-4,10.9714002609253,0.03345923957436225
CUVA_WS_014_01,-23.077893350109303,80.55555555555556,10.009073643500738,0.7083333333333334,-5.7748183054127145,33.333333333333336,39.59251675411589,0.8055555555555556,NA,NA,NA,67.96414319885355,100,-1.098857683806361,90,-20.645206686112523,0,3.587948121667525,0.00344992601268189,-0.681375868621335,-0.00324400672896895,0,7.460503830375977,NA,-2.8278718988100686,-2.682974624633789,-0.02071440998516534,-0.00646909077962241,6.09800004959106,0.03314211783088216
CUVA_WS_023_01,-24.95943173829924,83.33333333333333,10.682184271342337,0.7083333333333334,-6.014331732161137,34.72222222222222,39.48371705230727,0.8055555555555556,NA,NA,NA,67.96414319885355,100,-1.1053729633969176,91.42857142857144,-20.645206686112523,0,3.629777377176836,0.00338679464109133,-0.681375868621335,-0.00324400672896895,0,5.420086193964332,NA,-2.9822506280172427,-2.5029395875476657,-0.02303549689493479,-8.414939597804404e-4,0,0.03345923957436225
CUVA_WS_028_01,-22.832844894961575,80.55555555555556,10.410092149006871,0.6944444444444444,-6.0226770146732775,33.333333333333336,38.61804249935415,0.8055555555555556,NA,NA,NA,67.96414319885355,100,-1.1041996857729068,90,-20.645206686112523,0,3.575378057872191,0.00339229391220416,-0.681375868621335,-0.00324400672896895,0,5.825249604459089,NA,-2.78267470634345,-2.5210920666891448,-0.01998596787431068,-0.01538556887779707,11.5226068496704,0.03308314441070576
CUVA_WS_036_01,-23.85186330006834,80.55555555555556,10.281696475855552,0.6944444444444444,-6.198034439870065,34.72222222222222,40.23733577610926,0.8055555555555556,NA,NA,NA,67.96414319885355,100,-1.1270418038507912,90,-20.645206686112523,0,3.625032475297548,0.00338068832018349,-0.681375868621335,-0.00324400672896895,0,5.637207796970331,NA,-3.387536149554785,-2.681845725528778,-0.02299848680953982,-0.00847729341483442,3.90559482574463,0.03331085152764591
CUVA_WS_038_01,-23.077893350109303,80.55555555555556,10.009073643500738,0.7083333333333334,-5.7748183054127145,33.333333333333336,39.59251675411589,0.8055555555555556,NA,NA,NA,67.96414319885355,100,-1.098857683806361,90,-20.645206686112523,0,3.587948121667525,0.00344992601268189,-0.681375868621335,-0.00324400672896895,0,4.615764482963056,NA,-2.8278718988100686,-2.682974624633789,-0.02071440998516534,-0.00646909077962241,9.14200019836426,0.03314211783088216
DEPO_WS_001_01,-14.915913128033878,59.72222222222222,44.44101279448665,1,-12.25503027461894,61.111111111111114,6.826078303592077,0.5277777777777778,NA,NA,NA,48.20886953501758,100,-0.7337123825411533,91.42857142857144,198.6444031266508,55,3.191971281428397,0.0059461699084034,-0.3954636343281074,-0.01003019593488704,37.84360775618281,0,NA,4.990332129928804,5.960051709327148,0.01212225410992544,0.02578198468243631,48.768,0.03451474384667893
DESO_WS_001_01,-32.98011347701687,52.77777777777778,23.66127978430081,0.7361111111111112,-9.000449661914534,45.833333333333336,14.073087654167455,0.7222222222222222,7.444638805199929,1,0.10053060887013976,33.34824303419208,100,-0.6797748786255189,62.857142857142854,53.95908660242657,90,2.2998216324050063,0.00200341009391222,0.3103528593884684,-0.0020114468200508,0.14564421949669046,55.27325939095702,61.83664906036482,-3.453878559617915,-5.894097770963397,-0.03474770141299038,0.00838866057219335,24.384,0.02596775619717059
DETO_WS_001_01,-39.42858851606821,86.11111111111111,10.596532362780614,0.7083333333333334,-8.29479637692096,51.388888888888886,19.410664451936142,0.8472222222222222,NA,NA,NA,33.77827120262041,97.5,-1.27006769963124,100,-28.655264637046464,0,3.505262537716587,0.00197207156617362,0.4885032121340057,-1.7751332757280657e-4,0,NA,NA,0.7117085172006308,3.970942934930035,0.05252931651450515,-0.02822842421355081,19.6566314697266,0.04152131922381714
DETO_WS_002_01,-39.42858851606821,86.11111111111111,10.596532362780614,0.7083333333333334,-8.29479637692096,51.388888888888886,19.410664451936142,0.8472222222222222,NA,NA,NA,33.77827120262041,97.5,-1.27006769963124,100,-28.655264637046464,0,3.505262537716587,0.00197207156617362,0.4885032121340057,-1.7751332757280657e-4,0,NA,NA,0.7117085172006308,3.970942934930035,0.05252931651450515,-0.02822842421355081,326.98944,0.04152131922381714
DEVA_WS_001_01,-26.442537055010146,47.22222222222222,39.529625289768425,0.5277777777777778,-20.74891462023795,59.72222222222222,41.24388018622055,0.5416666666666666,NA,NA,NA,38.02559015641314,60,-2.858325653711685,100,-11.916983592846814,5,3.003490528657778,0.00755941267213748,0.9606081174703058,-4.479429914027265e-5,0,0,NA,-0.05006603087780317,-0.8195962786076613,-0.04515104092728574,0.0346342016149439,8.84146499633789,0.02164885898825836
DEVA_WS_002_01,-43.73114850784654,63.888888888888886,34.000296089189476,0.9583333333333334,-16.306175891948836,55.55555555555556,22.23353180659778,0.5277777777777778,NA,NA,NA,38.02559015641314,60,-2.0781852864278565,100,-11.916983592846814,5,3.16554129755103,0.00502540801619681,0.9606081174703058,-4.479429914027265e-5,0,0,NA,-0.20008212295198277,-1.7634951526310008,-0.04318701250854057,0.04328290523324954,31.956636428833,0.03547316776326428
DEVA_WS_003_01,-26.442537055010146,47.22222222222222,39.529625289768425,0.5277777777777778,-20.74891462023795,59.72222222222222,41.24388018622055,0.5416666666666666,NA,NA,NA,38.02559015641314,60,-2.858325653711685,100,-11.916983592846814,5,3.003490528657778,0.00755941267213748,0.9606081174703058,-4.479429914027265e-5,0,0,NA,-0.05006603087780317,-0.8195962786076613,-0.04515104092728574,0.0346342016149439,8.84146499633789,0.02164885898825836
DEVA_WS_003_02,-24.32029515407147,47.22222222222222,36.24210341053751,0.5,-21.1767592011514,58.333333333333336,40.30210685604495,0.5555555555555556,NA,NA,NA,38.02559015641314,60,-2.9647763538708,100,-11.916983592846814,5,2.963447587227069,0.00651025681026801,0.9606081174703058,-4.479429914027265e-5,0,0.07954467485003879,NA,-0.04083206542593017,-0.7619379210641865,-0.04642893046595481,0.03560020810081862,13.4417877197266,0.0219034003961058
DEVA_WS_003_03,-24.32029515407147,47.22222222222222,36.24210341053751,0.5,-21.1767592011514,58.333333333333336,40.30210685604495,0.5555555555555556,NA,NA,NA,38.02559015641314,60,-2.9647763538708,100,-11.916983592846814,5,2.963447587227069,0.00651025681026801,0.9606081174703058,-4.479429914027265e-5,0,0,NA,-0.04083206542593017,-0.7619379210641865,-0.04642893046595481,0.03560020810081862,23.0557022094727,0.0219034003961058
DEVA_WS_004_01,-33.983963631949344,58.333333333333336,31.645021634149614,0.7638888888888888,-17.74572530758471,61.111111111111114,20.508137227161857,0.5416666666666666,NA,NA,NA,38.02559015641314,60,-2.6567411167743886,100,-11.916983592846814,5,3.1697219760709423,0.00817261170489892,0.9606081174703058,-4.479429914027265e-5,0,0,NA,-0.05068629166234061,-1.2147103276356686,-0.03310651323783206,0.0165746241440002,15.110671043396,0.02468491738853893
DEVA_WS_005_01,-33.983963631949344,58.333333333333336,31.645021634149614,0.7638888888888888,-17.74572530758471,61.111111111111114,20.508137227161857,0.5416666666666666,NA,NA,NA,38.02559015641314,60,-2.6567411167743886,100,-11.916983592846814,5,3.1697219760709423,0.00817261170489892,0.9606081174703058,-4.479429914027265e-5,0,0,NA,-0.05068629166234061,-1.2147103276356686,-0.03310651323783206,0.0165746241440002,26.6414909362793,0.02468491738853893
DEVA_WS_006_01,-31.25987098669187,55.55555555555556,29.485777474430247,0.6805555555555556,-19.02738361971336,62.5,21.382169411861327,0.5972222222222222,NA,NA,NA,38.02559015641314,60,-2.999670876382757,100,-11.916983592846814,5,3.1792893108263875,0.00770223332452319,0.9606081174703058,-4.479429914027265e-5,0,0,NA,-0.01337252963784875,-0.3662448620312234,-0.04686653332338821,0.04129423918547466,53.6448,0.03062258892389976
DEVA_WS_007_01,-33.983963631949344,58.333333333333336,31.645021634149614,0.7638888888888888,-17.74572530758471,61.111111111111114,20.508137227161857,0.5416666666666666,NA,NA,NA,38.02559015641314,60,-2.6567411167743886,100,-11.916983592846814,5,3.1697219760709423,0.00817261170489892,0.9606081174703058,-4.479429914027265e-5,0,0,NA,-0.05068629166234061,-1.2147103276356686,-0.03310651323783206,0.0165746241440002,69.1103515625,0.02468491738853893
DEVA_WS_008_01,-40.42666068344041,63.888888888888886,32.519263225566135,0.9305555555555556,-14.4662371298008,51.388888888888886,23.48394397743097,0.5555555555555556,NA,NA,NA,38.02559015641314,60,-2.1754341239021673,100,-11.916983592846814,5,3.1610120356866247,0.00524236028217944,0.9606081174703058,-4.479429914027265e-5,0,0,NA,-0.2580701894210822,-1.9206203149130552,-0.0452065372464271,0.0436248402536652,11.8265018463135,0.03456078692490384
DEWA_WS_001_01,-12.332050096720756,44.44444444444444,9.256521813423522,0.5138888888888888,-3.31902188226746,29.166666666666668,81.44199263402214,0.6388888888888888,NA,NA,NA,62.4324505063456,100,-0.680757152142379,57.142857142857146,182.4789214655896,100,3.299135020509368,0.00601472314306315,-0.2615152037601466,2.547245587168762e-4,26.576339880644127,NA,NA,7.921720113073077,6.418432765536835,0.04265786890758378,0.00911318461100272,3.56807994842529,0.02942075200801246
DEWA_WS_002_01,-11.961661455177548,45.833333333333336,11.09675296663897,0.5416666666666666,-3.0730877735920057,27.77777777777778,70.50634845809385,0.6666666666666666,NA,NA,NA,62.4324505063456,100,-0.5649252418346803,61.42857142857143,107.19747982754112,100,3.2972586048119386,0.00625264165290766,-0.2615152037601466,-4.371419520008926e-4,50.19154882439949,NA,NA,5.402444958686829,5.059435879742645,0.03002672914695292,0.00729769039777373,5.79059982299805,0.02878362673473426
DEWA_WS_003_01,-11.961661455177548,45.833333333333336,11.09675296663897,0.5416666666666666,-3.0730877735920057,27.77777777777778,70.50634845809385,0.6666666666666666,NA,NA,NA,62.4324505063456,100,-0.5649252418346803,61.42857142857143,107.19747982754112,100,3.2972586048119386,0.00625264165290766,-0.2615152037601466,-4.371419520008926e-4,47.63975017301399,NA,NA,5.402444958686829,5.059435879742645,0.03002672914695292,0.00729769039777373,4.57200002670288,0.02878362673473426
DEWA_WS_004_01,-11.961661455177548,45.833333333333336,11.09675296663897,0.5416666666666666,-3.0730877735920057,27.77777777777778,70.50634845809385,0.6666666666666666,NA,NA,NA,62.4324505063456,100,-0.5649252418346803,61.42857142857143,107.19747982754112,100,3.2972586048119386,0.00625264165290766,-0.2615152037601466,-4.371419520008926e-4,46.94429774173367,NA,NA,5.402444958686829,5.059435879742645,0.03002672914695292,0.00729769039777373,5.30176019668579,0.02878362673473426
DEWA_WS_005_01,-12.332050096720756,44.44444444444444,9.256521813423522,0.5138888888888888,-3.31902188226746,29.166666666666668,81.44199263402214,0.6388888888888888,NA,NA,NA,62.4324505063456,100,-0.680757152142379,57.142857142857146,182.4789214655896,100,3.299135020509368,0.00601472314306315,-0.2615152037601466,2.547245587168762e-4,26.576339880644127,NA,NA,7.921720113073077,6.418432765536835,0.04265786890758378,0.00911318461100272,3.56807994842529,0.02942075200801246
DEWA_WS_006_01,-12.40733741083088,45.833333333333336,10.32270499187504,0.5277777777777778,-3.540636260701154,25,99.9224310231414,0.6527777777777778,NA,NA,NA,73.46342290754026,100,-0.7514755969749657,58.57142857142857,182.4789214655896,100,3.294136033738006,0.00569044047154507,-0.2615152037601466,2.547245587168762e-4,6.112950492995466,NA,NA,8.27141495174832,5.507575564914276,0.04433122591209394,0.00565034371835171,4.26859998703003,0.0301420001465883
DEWA_WS_007_01,-12.91386779553369,45.833333333333336,9.940448512425972,0.5138888888888888,-4.0048707342481515,30.555555555555557,78.94327651756386,0.6388888888888888,NA,NA,NA,73.46342290754026,100,-0.7033224336209568,58.57142857142857,182.4789214655896,100,3.271746241585852,0.00597344926790745,-0.2615152037601466,2.547245587168762e-4,13.115706625828704,NA,NA,6.899299751296355,6.097495926751037,0.04121694468863739,0.01387003742197835,60.96,0.0300727987441478
DEWA_WS_008_01,-12.40733741083088,45.833333333333336,10.32270499187504,0.5277777777777778,-3.540636260701154,25,99.9224310231414,0.6527777777777778,NA,NA,NA,62.4324505063456,100,-0.7514755969749657,58.57142857142857,209.07616954645377,100,3.294136033738006,0.00569044047154507,-0.2615152037601466,0.00202360572924751,8.194441227890128,NA,NA,8.27141495174832,5.507575564914276,0.04433122591209394,0.00565034371835171,82.9056,0.0301420001465883
DEWA_WS_009_01,-12.40733741083088,45.833333333333336,10.32270499187504,0.5277777777777778,-3.540636260701154,25,99.9224310231414,0.6527777777777778,NA,NA,NA,62.4324505063456,100,-0.7514755969749657,58.57142857142857,209.07616954645377,100,3.294136033738006,0.00569044047154507,-0.2615152037601466,0.00202360572924751,7.518171399282999,NA,NA,8.27141495174832,5.507575564914276,0.04433122591209394,0.00565034371835171,3.04999995231628,0.0301420001465883
DEWA_WS_010_01,-12.40733741083088,45.833333333333336,10.32270499187504,0.5277777777777778,-3.540636260701154,25,99.9224310231414,0.6527777777777778,NA,NA,NA,62.4324505063456,100,-0.7514755969749657,58.57142857142857,182.4789214655896,100,3.294136033738006,0.00569044047154507,-0.2615152037601466,2.547245587168762e-4,26.576339880644127,NA,NA,8.27141495174832,5.507575564914276,0.04433122591209394,0.00565034371835171,7.23880004882812,0.0301420001465883
DEWA_WS_011_01,-12.40733741083088,45.833333333333336,10.32270499187504,0.5277777777777778,-3.540636260701154,25,99.9224310231414,0.6527777777777778,NA,NA,NA,73.46342290754026,100,-0.7514755969749657,58.57142857142857,182.4789214655896,100,3.294136033738006,0.00569044047154507,-0.2615152037601466,2.547245587168762e-4,5.621850234556197,NA,NA,8.27141495174832,5.507575564914276,0.04433122591209394,0.00565034371835171,73.152,0.0301420001465883
DEWA_WS_012_01,-9.719886323473068,47.22222222222222,10.664581461811974,0.5833333333333334,-2.81289873785877,26.38888888888889,75.57031448026194,0.6944444444444444,NA,NA,NA,73.46342290754026,100,-0.5684077612647256,60,182.4789214655896,100,3.337120120813058,0.00588335241649937,-0.2615152037601466,2.547245587168762e-4,21.86127047298475,NA,NA,7.429187748167252,5.9356968726640895,0.03669062563105994,-0.01548156738281285,4.57050037384033,0.02792451976470349
DEWA_WS_013_01,-12.332050096720756,44.44444444444444,9.256521813423522,0.5138888888888888,-3.31902188226746,29.166666666666668,81.44199263402214,0.6388888888888888,NA,NA,NA,62.4324505063456,100,-0.680757152142379,57.142857142857146,107.19747982754112,100,3.2577530560100403,0.00601472314306315,-0.2615152037601466,-4.371419520008926e-4,26.576339880644127,NA,NA,7.921720113073077,6.418432765536835,0.04265786890758378,0.00911318461100272,6.09600019454956,0.02942075200801246
DEWA_WS_014_01,-12.332050096720756,44.44444444444444,9.256521813423522,0.5138888888888888,-3.31902188226746,29.166666666666668,81.44199263402214,0.6388888888888888,NA,NA,NA,62.4324505063456,100,-0.680757152142379,57.142857142857146,107.19747982754112,100,3.2577530560100403,0.00601472314306315,-0.2615152037601466,-4.371419520008926e-4,26.576339880644127,NA,NA,7.921720113073077,6.418432765536835,0.04265786890758378,0.00911318461100272,6.09600019454956,0.02942075200801246
DEWA_WS_015_01,-12.29169129801691,47.22222222222222,11.11468869039363,0.5694444444444444,-3.561308840738843,26.38888888888889,98.89017679763224,0.6666666666666666,NA,NA,NA,62.4324505063456,100,-0.7799030421021688,58.57142857142857,5.912948674361035,25,3.2719616502084268,0.00553364399308165,-0.2615152037601466,3.300999591907272e-4,44.28828033156545,10.560953406624254,NA,6.739113170003135,5.121126068962951,0.03952472270986403,0.00670381239902839,17.0688,0.03045073520629446
DEWA_WS_016_01,-12.332050096720756,44.44444444444444,9.256521813423522,0.5138888888888888,-3.31902188226746,29.166666666666668,81.44199263402214,0.6388888888888888,NA,NA,NA,62.4324505063456,100,-0.680757152142379,57.142857142857146,107.19747982754112,100,3.256621237866483,0.00601472314306315,-0.2615152037601466,-4.371419520008926e-4,26.576339880644127,NA,NA,7.921720113073077,6.418432765536835,0.04265786890758378,0.00911318461100272,7.31760025024414,0.02942075200801246
DEWA_WS_017_01,-11.961661455177548,45.833333333333336,11.09675296663897,0.5416666666666666,-3.0730877735920057,27.77777777777778,70.50634845809385,0.6666666666666666,NA,NA,NA,62.4324505063456,100,-0.5649252418346803,61.42857142857143,107.19747982754112,100,3.2972586048119386,0.00625264165290766,-0.2615152037601466,-4.371419520008926e-4,47.359819293618585,NA,NA,5.402444958686829,5.059435879742645,0.03002672914695292,0.00729769039777373,5.17999982833862,0.02878362673473426
DEWA_WS_018_01,-11.961661455177548,45.833333333333336,11.09675296663897,0.5416666666666666,-3.0730877735920057,27.77777777777778,70.50634845809385,0.6666666666666666,NA,NA,NA,73.46342290754026,100,-0.5649252418346803,61.42857142857143,182.4789214655896,100,3.2972586048119386,0.00625264165290766,-0.2615152037601466,2.547245587168762e-4,21.71390397091921,NA,NA,5.402444958686829,5.059435879742645,0.03002672914695292,0.00729769039777373,6.09899997711182,0.02878362673473426
DEWA_WS_019_01,-11.961661455177548,45.833333333333336,11.09675296663897,0.5416666666666666,-3.0730877735920057,27.77777777777778,70.50634845809385,0.6666666666666666,NA,NA,NA,73.46342290754026,100,-0.5649252418346803,61.42857142857143,182.4789214655896,100,3.2972586048119386,0.00625264165290766,-0.2615152037601466,2.547245587168762e-4,19.103459490333336,NA,NA,5.402444958686829,5.059435879742645,0.03002672914695292,0.00729769039777373,6.70539999008179,0.02878362673473426
DEWA_WS_020_01,-11.320195980852692,45.833333333333336,9.953649386432682,0.5277777777777778,-3.19016453018679,27.77777777777778,72.6740049814431,0.6527777777777778,NA,NA,NA,73.46342290754026,100,-0.5994720620617445,58.57142857142857,182.4789214655896,100,3.3185557699070554,0.00617677534687878,-0.2615152037601466,2.547245587168762e-4,8.037556299378268,NA,NA,7.62430993186103,6.043479399247603,0.04166298106115432,0.00293505633318862,11.5805997848511,0.02842895987591292
DEWA_WS_021_01,-11.961661455177548,45.833333333333336,11.09675296663897,0.5416666666666666,-3.0730877735920057,27.77777777777778,70.50634845809385,0.6666666666666666,NA,NA,NA,62.4324505063456,100,-0.5649252418346803,61.42857142857143,182.4789214655896,100,3.2972586048119386,0.00625264165290766,-0.2615152037601466,2.547245587168762e-4,24.470593559175143,NA,NA,5.402444958686829,5.059435879742645,0.03002672914695292,0.00729769039777373,3.88499999046326,0.02878362673473426
DEWA_WS_022_01,-12.332050096720756,44.44444444444444,9.256521813423522,0.5138888888888888,-3.31902188226746,29.166666666666668,81.44199263402214,0.6388888888888888,NA,NA,NA,62.4324505063456,100,-0.680757152142379,57.142857142857146,182.4789214655896,100,3.299135020509368,0.00601472314306315,-0.2615152037601466,2.547245587168762e-4,26.576339880644127,NA,NA,7.921720113073077,6.418432765536835,0.04265786890758378,0.00911318461100272,3.56807994842529,0.02942075200801246
DEWA_WS_023_01,-11.961661455177548,45.833333333333336,11.09675296663897,0.5416666666666666,-3.0730877735920057,27.77777777777778,70.50634845809385,0.6666666666666666,NA,NA,NA,73.46342290754026,100,-0.5649252418346803,61.42857142857143,182.4789214655896,100,3.2972586048119386,0.00625264165290766,-0.2615152037601466,2.547245587168762e-4,21.77254026450538,NA,NA,5.402444958686829,5.059435879742645,0.03002672914695292,0.00729769039777373,6.09899997711182,0.02878362673473426
DEWA_WS_024_01,-12.332050096720756,44.44444444444444,9.256521813423522,0.5138888888888888,-3.31902188226746,29.166666666666668,81.44199263402214,0.6388888888888888,NA,NA,NA,62.4324505063456,100,-0.680757152142379,57.142857142857146,182.4789214655896,100,3.299135020509368,0.00601472314306315,-0.2615152037601466,2.547245587168762e-4,26.576339880644127,NA,NA,7.921720113073077,6.418432765536835,0.04265786890758378,0.00911318461100272,3.56807994842529,0.02942075200801246
DEWA_WS_025_01,-12.332050096720756,44.44444444444444,9.256521813423522,0.5138888888888888,-3.31902188226746,29.166666666666668,81.44199263402214,0.6388888888888888,NA,NA,NA,62.4324505063456,100,-0.680757152142379,57.142857142857146,182.4789214655896,100,3.299135020509368,0.00601472314306315,-0.2615152037601466,2.547245587168762e-4,26.576339880644127,NA,NA,7.921720113073077,6.418432765536835,0.04265786890758378,0.00911318461100272,3.56807994842529,0.02942075200801246
DEWA_WS_026_01,-12.033723963290086,45.833333333333336,11.50676459333929,0.5416666666666666,-3.128808883725773,26.38888888888889,108.08780223808294,0.6527777777777778,NA,NA,NA,62.4324505063456,100,-0.7054119637444277,55.714285714285715,5.912948674361035,25,3.2891880512617373,0.0051936663546452,-0.2615152037601466,3.300999591907272e-4,26.576339880644127,NA,NA,6.798063151420109,5.100946732509303,0.03662569431456069,-0.00517251473885984,3.04900002479553,0.03022263134889209
DEWA_WS_027_01,-12.23782051370526,45.833333333333336,10.04239946665641,0.5277777777777778,-3.679485730006809,27.77777777777778,72.68030125608821,0.6527777777777778,NA,NA,NA,62.4324505063456,100,-0.6271125617489273,58.57142857142857,182.4789214655896,100,3.2810279009400123,0.00613854391833322,-0.2615152037601466,2.547245587168762e-4,26.576339880644127,NA,NA,6.2308300838135855,5.205478155124955,0.03651034683669186,0.01163774655189016,3.1094799041748,0.02933099582617092
DEWA_WS_028_01,-12.332050096720756,44.44444444444444,9.256521813423522,0.5138888888888888,-3.31902188226746,29.166666666666668,81.44199263402214,0.6388888888888888,NA,NA,NA,62.4324505063456,100,-0.680757152142379,57.142857142857146,182.4789214655896,100,3.299135020509368,0.00601472314306315,-0.2615152037601466,2.547245587168762e-4,26.576339880644127,NA,NA,7.921720113073077,6.418432765536835,0.04265786890758378,0.00911318461100272,3.56807994842529,0.02942075200801246
DEWA_WS_029_01,-10.478106855345096,50,11.326685947634322,0.5694444444444444,-2.321632534346066,26.38888888888889,70.7117115211101,0.6527777777777778,NA,NA,NA,62.4324505063456,100,-0.5581733434370341,60,107.19747982754112,100,3.309821810726149,0.00577350297307521,-0.2615152037601466,-4.371419520008926e-4,31.887067881964633,NA,NA,6.66184443102942,5.274532487657325,0.03298336168696205,-0.00135440067662788,6.89554977416992,0.02841297669665118
DEWA_WS_030_01,-12.921837216577586,45.833333333333336,10.119280520557336,0.5416666666666666,-3.4090265936073347,26.38888888888889,77.12263640875545,0.6388888888888888,NA,NA,NA,62.4324505063456,100,-0.7469866273114231,60,5.912948674361035,25,3.2498295898695755,0.0058680943393485,-0.2615152037601466,3.300999591907272e-4,62.165809045849784,NA,NA,6.443177819252014,5.479315878852966,0.03518992477219228,0.02261786486105941,9.14000034332275,0.03040249989169275
DEWA_WS_032_01,-12.332050096720756,44.44444444444444,9.256521813423522,0.5138888888888888,-3.31902188226746,29.166666666666668,81.44199263402214,0.6388888888888888,NA,NA,NA,62.4324505063456,100,-0.680757152142379,57.142857142857146,182.4789214655896,100,3.299135020509368,0.00601472314306315,-0.2615152037601466,2.547245587168762e-4,26.576339880644127,NA,NA,7.921720113073077,6.418432765536835,0.04265786890758378,0.00911318461100272,3.56807994842529,0.02942075200801246
DEWA_WS_033_01,-12.101038257247032,45.833333333333336,11.634684236615588,0.5416666666666666,-3.472220050189334,26.38888888888889,104.9839937730916,0.6666666666666666,NA,NA,NA,62.4324505063456,100,-0.760455447333929,57.142857142857146,209.07616954645377,100,3.30195981845681,0.00523706533037713,-0.2615152037601466,0.00202360572924751,26.576339880644127,NA,NA,7.038559288041204,5.357383323438233,0.04498002232439063,-0.00678618631245164,7.29380035400391,0.0302821117354561
DEWA_WS_034_01,-12.101038257247032,45.833333333333336,11.634684236615588,0.5416666666666666,-3.472220050189334,26.38888888888889,104.9839937730916,0.6666666666666666,NA,NA,NA,62.4324505063456,100,-0.760455447333929,57.142857142857146,209.07616954645377,100,3.30195981845681,0.00523706533037713,-0.2615152037601466,0.00202360572924751,26.576339880644127,NA,NA,7.038559288041204,5.357383323438233,0.04498002232439063,-0.00678618631245164,7.42275619506836,0.0302821117354561
DEWA_WS_035_01,-12.29169129801691,47.22222222222222,11.11468869039363,0.5694444444444444,-3.561308840738843,26.38888888888889,98.89017679763224,0.6666666666666666,NA,NA,NA,62.4324505063456,100,-0.7799030421021688,58.57142857142857,209.07616954645377,100,3.2719616502084268,0.00553364399308165,-0.2615152037601466,0.00202360572924751,26.576339880644127,NA,NA,6.739113170003135,5.121126068962951,0.03952472270986403,0.00670381239902839,4.57000017166138,0.03045073520629446
DEWA_WS_036_01,-12.29169129801691,47.22222222222222,11.11468869039363,0.5694444444444444,-3.561308840738843,26.38888888888889,98.89017679763224,0.6666666666666666,NA,NA,NA,62.4324505063456,100,-0.7799030421021688,58.57142857142857,209.07616954645377,100,3.2719616502084268,0.00553364399308165,-0.2615152037601466,0.00202360572924751,26.576339880644127,NA,NA,6.739113170003135,5.121126068962951,0.03952472270986403,0.00670381239902839,3.12503671646118,0.03045073520629446
DEWA_WS_037_01,-12.332050096720756,44.44444444444444,9.256521813423522,0.5138888888888888,-3.31902188226746,29.166666666666668,81.44199263402214,0.6388888888888888,NA,NA,NA,62.4324505063456,100,-0.680757152142379,57.142857142857146,182.4789214655896,100,3.299135020509368,0.00601472314306315,-0.2615152037601466,2.547245587168762e-4,26.576339880644127,NA,NA,7.921720113073077,6.418432765536835,0.04265786890758378,0.00911318461100272,3.56807994842529,0.02942075200801246
DEWA_WS_038_01,-11.961661455177548,45.833333333333336,11.09675296663897,0.5416666666666666,-3.0730877735920057,27.77777777777778,70.50634845809385,0.6666666666666666,NA,NA,NA,62.4324505063456,100,-0.5649252418346803,61.42857142857143,107.19747982754112,100,3.2972586048119386,0.00625264165290766,-0.2615152037601466,-4.371419520008926e-4,43.2274515536376,NA,NA,5.402444958686829,5.059435879742645,0.03002672914695292,0.00729769039777373,7.61999988555908,0.02878362673473426
DEWA_WS_039_01,-11.961661455177548,45.833333333333336,11.09675296663897,0.5416666666666666,-3.0730877735920057,27.77777777777778,70.50634845809385,0.6666666666666666,NA,NA,NA,62.4324505063456,100,-0.5649252418346803,61.42857142857143,107.19747982754112,100,3.2972586048119386,0.00625264165290766,-0.2615152037601466,-4.371419520008926e-4,40.10821965492275,NA,NA,5.402444958686829,5.059435879742645,0.03002672914695292,0.00729769039777373,12.1199998855591,0.02878362673473426
DEWA_WS_040_01,-12.332050096720756,44.44444444444444,9.256521813423522,0.5138888888888888,-3.31902188226746,29.166666666666668,81.44199263402214,0.6388888888888888,NA,NA,NA,62.4324505063456,100,-0.680757152142379,57.142857142857146,182.4789214655896,100,3.299135020509368,0.00601472314306315,-0.2615152037601466,2.547245587168762e-4,26.576339880644127,NA,NA,7.921720113073077,6.418432765536835,0.04265786890758378,0.00911318461100272,3.56807994842529,0.02942075200801246
DEWA_WS_041_01,-12.033723963290086,45.833333333333336,11.50676459333929,0.5416666666666666,-3.128808883725773,26.38888888888889,108.08780223808294,0.6527777777777778,NA,NA,NA,62.4324505063456,100,-0.7054119637444277,55.714285714285715,5.912948674361035,25,3.2891880512617373,0.0051936663546452,-0.2615152037601466,3.300999591907272e-4,1.0400479480284237,10.306102388219708,NA,6.798063151420109,5.100946732509303,0.03662569431456069,-0.00517251473885984,6.22603225708008,0.03022263134889209
DEWA_WS_042_01,-11.961661455177548,45.833333333333336,11.09675296663897,0.5416666666666666,-3.0730877735920057,27.77777777777778,70.50634845809385,0.6666666666666666,NA,NA,NA,62.4324505063456,100,-0.5649252418346803,61.42857142857143,107.19747982754112,100,3.2972586048119386,0.00625264165290766,-0.2615152037601466,-4.371419520008926e-4,48.69601420990105,NA,NA,5.402444958686829,5.059435879742645,0.03002672914695292,0.00729769039777373,5.10500001907349,0.02878362673473426
DEWA_WS_043_01,-11.320195980852692,45.833333333333336,9.953649386432682,0.5277777777777778,-3.19016453018679,27.77777777777778,72.6740049814431,0.6527777777777778,NA,NA,NA,73.46342290754026,100,-0.5994720620617445,58.57142857142857,182.4789214655896,100,3.3185557699070554,0.00617677534687878,-0.2615152037601466,2.547245587168762e-4,12.805580438386643,NA,NA,7.62430993186103,6.043479399247603,0.04166298106115432,0.00293505633318862,4.57100009918213,0.02842895987591292
DEWA_WS_044_01,-12.332050096720756,44.44444444444444,9.256521813423522,0.5138888888888888,-3.31902188226746,29.166666666666668,81.44199263402214,0.6388888888888888,NA,NA,NA,62.4324505063456,100,-0.680757152142379,57.142857142857146,182.4789214655896,100,3.299135020509368,0.00601472314306315,-0.2615152037601466,2.547245587168762e-4,26.576339880644127,NA,NA,7.921720113073077,6.418432765536835,0.04265786890758378,0.00911318461100272,3.56807994842529,0.02942075200801246
DEWA_WS_045_01,-12.332050096720756,44.44444444444444,9.256521813423522,0.5138888888888888,-3.31902188226746,29.166666666666668,81.44199263402214,0.6388888888888888,NA,NA,NA,62.4324505063456,100,-0.680757152142379,57.142857142857146,182.4789214655896,100,3.299135020509368,0.00601472314306315,-0.2615152037601466,2.547245587168762e-4,26.576339880644127,NA,NA,7.921720113073077,6.418432765536835,0.04265786890758378,0.00911318461100272,3.56807994842529,0.02942075200801246
DEWA_WS_046_01,-10.478106855345096,50,11.326685947634322,0.5694444444444444,-2.321632534346066,26.38888888888889,70.7117115211101,0.6527777777777778,NA,NA,NA,62.4324505063456,100,-0.5581733434370341,60,182.4789214655896,100,3.309821810726149,0.00577350297307521,-0.2615152037601466,2.547245587168762e-4,24.84214377385449,NA,NA,6.66184443102942,5.274532487657325,0.03298336168696205,-0.00135440067662788,65.59296,0.02841297669665118
DEWA_WS_047_01,-12.91386779553369,45.833333333333336,9.940448512425972,0.5138888888888888,-4.0048707342481515,30.555555555555557,78.94327651756386,0.6388888888888888,NA,NA,NA,62.4324505063456,100,-0.7033224336209568,58.57142857142857,5.912948674361035,25,3.271746241585852,0.00597344926790745,-0.2615152037601466,3.300999591907272e-4,54.89303068663101,NA,NA,6.899299751296355,6.097495926751037,0.04121694468863739,0.01387003742197835,4.51051998138428,0.0300727987441478
DEWA_WS_048_01,-10.478106855345096,50,11.326685947634322,0.5694444444444444,-2.321632534346066,26.38888888888889,70.7117115211101,0.6527777777777778,NA,NA,NA,62.4324505063456,100,-0.5581733434370341,60,107.19747982754112,100,3.309821810726149,0.00577350297307521,-0.2615152037601466,-4.371419520008926e-4,29.30915083033613,NA,NA,6.66184443102942,5.274532487657325,0.03298336168696205,-0.00135440067662788,9.30000019073486,0.02841297669665118
DEWA_WS_049_01,-11.961661455177548,45.833333333333336,11.09675296663897,0.5416666666666666,-3.0730877735920057,27.77777777777778,70.50634845809385,0.6666666666666666,NA,NA,NA,62.4324505063456,100,-0.5649252418346803,61.42857142857143,107.19747982754112,100,3.2972586048119386,0.00625264165290766,-0.2615152037601466,-4.371419520008926e-4,46.71455838570153,NA,NA,5.402444958686829,5.059435879742645,0.03002672914695292,0.00729769039777373,5.50500011444092,0.02878362673473426
DEWA_WS_050_01,-9.719886323473068,47.22222222222222,10.664581461811974,0.5833333333333334,-2.81289873785877,26.38888888888889,75.57031448026194,0.6944444444444444,NA,NA,NA,62.4324505063456,100,-0.5684077612647256,60,107.19747982754112,100,3.337120120813058,0.00588335241649937,-0.2615152037601466,-4.371419520008926e-4,35.8871388861796,NA,NA,7.429187748167252,5.9356968726640895,0.03669062563105994,-0.01548156738281285,3.94548010826111,0.02792451976470349
DEWA_WS_051_01,-12.332050096720756,44.44444444444444,9.256521813423522,0.5138888888888888,-3.31902188226746,29.166666666666668,81.44199263402214,0.6388888888888888,NA,NA,NA,62.4324505063456,100,-0.680757152142379,57.142857142857146,182.4789214655896,100,3.299135020509368,0.00601472314306315,-0.2615152037601466,2.547245587168762e-4,26.576339880644127,NA,NA,7.921720113073077,6.418432765536835,0.04265786890758378,0.00911318461100272,3.56807994842529,0.02942075200801246
DEWA_WS_052_01,-12.033723963290086,45.833333333333336,11.50676459333929,0.5416666666666666,-3.128808883725773,26.38888888888889,108.08780223808294,0.6527777777777778,NA,NA,NA,62.4324505063456,100,-0.7054119637444277,55.714285714285715,-76.6572625339516,0,3.2891880512617373,0.0051936663546452,-0.2615152037601466,-0.02848232038022892,0.6668060197985931,NA,NA,6.798063151420109,5.100946732509303,0.03662569431456069,-0.00517251473885984,8.45660018920898,0.03022263134889209
DEWA_WS_053_01,-11.961661455177548,45.833333333333336,11.09675296663897,0.5416666666666666,-3.0730877735920057,27.77777777777778,70.50634845809385,0.6666666666666666,NA,NA,NA,62.4324505063456,100,-0.5649252418346803,61.42857142857143,107.19747982754112,100,3.2972586048119386,0.00625264165290766,-0.2615152037601466,-4.371419520008926e-4,46.22323373317636,NA,NA,5.402444958686829,5.059435879742645,0.03002672914695292,0.00729769039777373,0,0.02878362673473426
DEWA_WS_054_01,-10.478106855345096,50,11.326685947634322,0.5694444444444444,-2.321632534346066,26.38888888888889,70.7117115211101,0.6527777777777778,NA,NA,NA,62.4324505063456,100,-0.5581733434370341,60,107.19747982754112,100,3.309821810726149,0.00577350297307521,-0.2615152037601466,-4.371419520008926e-4,36.40770533309758,NA,NA,6.66184443102942,5.274532487657325,0.03298336168696205,-0.00135440067662788,6.09700012207031,0.02841297669665118
DEWA_WS_055_01,-12.332050096720756,44.44444444444444,9.256521813423522,0.5138888888888888,-3.31902188226746,29.166666666666668,81.44199263402214,0.6388888888888888,NA,NA,NA,62.4324505063456,100,-0.680757152142379,57.142857142857146,182.4789214655896,100,3.299135020509368,0.00601472314306315,-0.2615152037601466,2.547245587168762e-4,26.576339880644127,NA,NA,7.921720113073077,6.418432765536835,0.04265786890758378,0.00911318461100272,3.56807994842529,0.02942075200801246
DEWA_WS_056_01,-12.23782051370526,45.833333333333336,10.04239946665641,0.5277777777777778,-3.679485730006809,27.77777777777778,72.68030125608821,0.6527777777777778,NA,NA,NA,73.46342290754026,100,-0.6271125617489273,58.57142857142857,182.4789214655896,100,3.2810279009400123,0.00613854391833322,-0.2615152037601466,2.547245587168762e-4,16.009011898948625,NA,NA,6.2308300838135855,5.205478155124955,0.03651034683669186,0.01163774655189016,122.89536000000004,0.02933099582617092
DEWA_WS_057_01,-9.719886323473068,47.22222222222222,10.664581461811974,0.5833333333333334,-2.81289873785877,26.38888888888889,75.57031448026194,0.6944444444444444,NA,NA,NA,73.46342290754026,100,-0.5684077612647256,60,182.4789214655896,100,3.337120120813058,0.00588335241649937,-0.2615152037601466,2.547245587168762e-4,40.40304394568102,NA,NA,7.429187748167252,5.9356968726640895,0.03669062563105994,-0.01548156738281285,9.75270080566406,0.02792451976470349
DEWA_WS_058_01,-10.508223974450756,48.611111111111114,11.16638081858031,0.5416666666666666,-2.7831743600377705,26.38888888888889,72.17281812498611,0.6527777777777778,NA,NA,NA,73.46342290754026,100,-0.5742259705208858,61.42857142857143,182.4789214655896,100,3.32776592604813,0.0060690452762134,-0.2615152037601466,2.547245587168762e-4,26.576339880644127,NA,NA,7.157351120018666,5.687906706068247,0.03581147962386578,-0.00391762344925528,8.92090797424316,0.02800368278162523
DEWA_WS_059_01,-10.508223974450756,48.611111111111114,11.16638081858031,0.5416666666666666,-2.7831743600377705,26.38888888888889,72.17281812498611,0.6527777777777778,NA,NA,NA,73.46342290754026,100,-0.5742259705208858,61.42857142857143,182.4789214655896,100,3.32776592604813,0.0060690452762134,-0.2615152037601466,2.547245587168762e-4,11.984647933979629,NA,NA,7.157351120018666,5.687906706068247,0.03581147962386578,-0.00391762344925528,9.14200019836426,0.02800368278162523
DEWA_WS_060_01,-10.508223974450756,48.611111111111114,11.16638081858031,0.5416666666666666,-2.7831743600377705,26.38888888888889,72.17281812498611,0.6527777777777778,NA,NA,NA,73.46342290754026,100,-0.5742259705208858,61.42857142857143,182.4789214655896,100,3.32776592604813,0.0060690452762134,-0.2615152037601466,2.547245587168762e-4,11.984647933979629,NA,NA,7.157351120018666,5.687906706068247,0.03581147962386578,-0.00391762344925528,9.14200019836426,0.02800368278162523
DEWA_WS_061_01,-12.91386779553369,45.833333333333336,9.940448512425972,0.5138888888888888,-4.0048707342481515,30.555555555555557,78.94327651756386,0.6388888888888888,NA,NA,NA,62.4324505063456,100,-0.7033224336209568,58.57142857142857,107.19747982754112,100,3.271746241585852,0.00597344926790745,-0.2615152037601466,-4.371419520008926e-4,39.69119196961184,NA,NA,6.899299751296355,6.097495926751037,0.04121694468863739,0.01387003742197835,8.53219985961914,0.0300727987441478
DEWA_WS_062_01,-12.332050096720756,44.44444444444444,9.256521813423522,0.5138888888888888,-3.31902188226746,29.166666666666668,81.44199263402214,0.6388888888888888,NA,NA,NA,62.4324505063456,100,-0.680757152142379,57.142857142857146,182.4789214655896,100,3.299135020509368,0.00601472314306315,-0.2615152037601466,2.547245587168762e-4,26.576339880644127,NA,NA,7.921720113073077,6.418432765536835,0.04265786890758378,0.00911318461100272,3.56807994842529,0.02942075200801246
DEWA_WS_063_01,-12.40733741083088,45.833333333333336,10.32270499187504,0.5277777777777778,-3.540636260701154,25,99.9224310231414,0.6527777777777778,NA,NA,NA,73.46342290754026,100,-0.7514755969749657,58.57142857142857,209.07616954645377,100,3.294136033738006,0.00569044047154507,-0.2615152037601466,0.00202360572924751,0.14862498938766486,NA,NA,8.27141495174832,5.507575564914276,0.04433122591209394,0.00565034371835171,6.65036773681641,0.0301420001465883
DEWA_WS_064_01,-12.033723963290086,45.833333333333336,11.50676459333929,0.5416666666666666,-3.128808883725773,26.38888888888889,108.08780223808294,0.6527777777777778,NA,NA,NA,62.4324505063456,100,-0.7054119637444277,55.714285714285715,-76.6572625339516,0,3.2891880512617373,0.0051936663546452,-0.2615152037601466,-0.02848232038022892,26.576339880644127,NA,NA,6.798063151420109,5.100946732509303,0.03662569431456069,-0.00517251473885984,12.0050001144409,0.03022263134889209
DEWA_WS_065_01,-12.29169129801691,47.22222222222222,11.11468869039363,0.5694444444444444,-3.561308840738843,26.38888888888889,98.89017679763224,0.6666666666666666,NA,NA,NA,62.4324505063456,100,-0.7799030421021688,58.57142857142857,209.07616954645377,100,3.2719616502084268,0.00553364399308165,-0.2615152037601466,0.00202360572924751,11.573273111011858,11.44555815076514,NA,6.739113170003135,5.121126068962951,0.03952472270986403,0.00670381239902839,16.33728,0.03045073520629446
DEWA_WS_066_01,-12.332050096720756,44.44444444444444,9.256521813423522,0.5138888888888888,-3.31902188226746,29.166666666666668,81.44199263402214,0.6388888888888888,NA,NA,NA,62.4324505063456,100,-0.680757152142379,57.142857142857146,182.4789214655896,100,3.299135020509368,0.00601472314306315,-0.2615152037601466,2.547245587168762e-4,26.576339880644127,NA,NA,7.921720113073077,6.418432765536835,0.04265786890758378,0.00911318461100272,3.56807994842529,0.02942075200801246
DEWA_WS_067_01,-12.332050096720756,44.44444444444444,9.256521813423522,0.5138888888888888,-3.31902188226746,29.166666666666668,81.44199263402214,0.6388888888888888,NA,NA,NA,62.4324505063456,100,-0.680757152142379,57.142857142857146,182.4789214655896,100,3.299135020509368,0.00601472314306315,-0.2615152037601466,2.547245587168762e-4,26.576339880644127,NA,NA,7.921720113073077,6.418432765536835,0.04265786890758378,0.00911318461100272,3.56807994842529,0.02942075200801246
DEWA_WS_068_01,-12.332050096720756,44.44444444444444,9.256521813423522,0.5138888888888888,-3.31902188226746,29.166666666666668,81.44199263402214,0.6388888888888888,NA,NA,NA,62.4324505063456,100,-0.680757152142379,57.142857142857146,182.4789214655896,100,3.299135020509368,0.00601472314306315,-0.2615152037601466,2.547245587168762e-4,26.576339880644127,NA,NA,7.921720113073077,6.418432765536835,0.04265786890758378,0.00911318461100272,3.56807994842529,0.02942075200801246
DEWA_WS_069_01,-12.42152786013715,45.833333333333336,10.653119137243072,0.5416666666666666,-3.7192211617173063,27.77777777777778,70.06846450583288,0.6388888888888888,NA,NA,NA,62.4324505063456,100,-0.5940548467531773,60,107.19747982754112,100,3.274164969158667,0.00635673409731673,-0.2615152037601466,-4.371419520008926e-4,45.12688493265895,NA,NA,4.446574665251238,3.936192088656981,0.02609878129399834,0.02075433003876468,10.5139999389648,0.02933573145688323
DEWA_WS_070_01,-12.332050096720756,44.44444444444444,9.256521813423522,0.5138888888888888,-3.31902188226746,29.166666666666668,81.44199263402214,0.6388888888888888,NA,NA,NA,62.4324505063456,100,-0.680757152142379,57.142857142857146,182.4789214655896,100,3.299135020509368,0.00601472314306315,-0.2615152037601466,2.547245587168762e-4,26.576339880644127,NA,NA,7.921720113073077,6.418432765536835,0.04265786890758378,0.00911318461100272,3.56807994842529,0.02942075200801246
DEWA_WS_071_01,-11.961661455177548,45.833333333333336,11.09675296663897,0.5416666666666666,-3.0730877735920057,27.77777777777778,70.50634845809385,0.6666666666666666,NA,NA,NA,62.4324505063456,100,-0.5649252418346803,61.42857142857143,107.19747982754112,100,3.2972586048119386,0.00625264165290766,-0.2615152037601466,-4.371419520008926e-4,49.030545217366665,NA,NA,5.402444958686829,5.059435879742645,0.03002672914695292,0.00729769039777373,7.61999988555908,0.02878362673473426
DEWA_WS_072_01,-11.961661455177548,45.833333333333336,11.09675296663897,0.5416666666666666,-3.0730877735920057,27.77777777777778,70.50634845809385,0.6666666666666666,NA,NA,NA,62.4324505063456,100,-0.5649252418346803,61.42857142857143,107.19747982754112,100,3.2972586048119386,0.00625264165290766,-0.2615152037601466,-4.371419520008926e-4,48.55041280194915,NA,NA,5.402444958686829,5.059435879742645,0.03002672914695292,0.00729769039777373,7.68048000335693,0.02878362673473426
DEWA_WS_073_01,-12.332050096720756,44.44444444444444,9.256521813423522,0.5138888888888888,-3.31902188226746,29.166666666666668,81.44199263402214,0.6388888888888888,NA,NA,NA,62.4324505063456,100,-0.680757152142379,57.142857142857146,182.4789214655896,100,3.299135020509368,0.00601472314306315,-0.2615152037601466,2.547245587168762e-4,26.576339880644127,NA,NA,7.921720113073077,6.418432765536835,0.04265786890758378,0.00911318461100272,3.56807994842529,0.02942075200801246
DEWA_WS_074_01,-12.29169129801691,47.22222222222222,11.11468869039363,0.5694444444444444,-3.561308840738843,26.38888888888889,98.89017679763224,0.6666666666666666,NA,NA,NA,62.4324505063456,100,-0.7799030421021688,58.57142857142857,5.912948674361035,25,3.2719616502084268,0.00553364399308165,-0.2615152037601466,3.300999591907272e-4,18.774618317289686,11.124193864212945,NA,6.739113170003135,5.121126068962951,0.03952472270986403,0.00670381239902839,5.48729991912842,0.03045073520629446
DEWA_WS_075_01,-11.961661455177548,45.833333333333336,11.09675296663897,0.5416666666666666,-3.0730877735920057,27.77777777777778,70.50634845809385,0.6666666666666666,NA,NA,NA,62.4324505063456,100,-0.5649252418346803,61.42857142857143,107.19747982754112,100,3.2972586048119386,0.00625264165290766,-0.2615152037601466,-4.371419520008926e-4,52.20427777658355,NA,NA,5.402444958686829,5.059435879742645,0.03002672914695292,0.00729769039777373,7.02818775177002,0.02878362673473426
DEWA_WS_076_01,-12.91386779553369,45.833333333333336,9.940448512425972,0.5138888888888888,-4.0048707342481515,30.555555555555557,78.94327651756386,0.6388888888888888,NA,NA,NA,62.4324505063456,100,-0.7033224336209568,58.57142857142857,182.4789214655896,100,3.271746241585852,0.00597344926790745,-0.2615152037601466,2.547245587168762e-4,26.576339880644127,NA,NA,6.899299751296355,6.097495926751037,0.04121694468863739,0.01387003742197835,4.38948631286621,0.0300727987441478
DEWA_WS_077_01,-12.29169129801691,47.22222222222222,11.11468869039363,0.5694444444444444,-3.561308840738843,26.38888888888889,98.89017679763224,0.6666666666666666,NA,NA,NA,62.4324505063456,100,-0.7799030421021688,58.57142857142857,5.912948674361035,25,3.2719616502084268,0.00553364399308165,-0.2615152037601466,3.300999591907272e-4,32.03533178189505,NA,NA,6.739113170003135,5.121126068962951,0.03952472270986403,0.00670381239902839,5.24127960205078,0.03045073520629446
DEWA_WS_078_01,-12.40733741083088,45.833333333333336,10.32270499187504,0.5277777777777778,-3.540636260701154,25,99.9224310231414,0.6527777777777778,NA,NA,NA,62.4324505063456,100,-0.7514755969749657,58.57142857142857,209.07616954645377,100,3.294136033738006,0.00569044047154507,-0.2615152037601466,0.00202360572924751,26.576339880644127,NA,NA,8.27141495174832,5.507575564914276,0.04433122591209394,0.00565034371835171,9.59969997406006,0.0301420001465883
DEWA_WS_079_01,-12.23782051370526,45.833333333333336,10.04239946665641,0.5277777777777778,-3.679485730006809,27.77777777777778,72.68030125608821,0.6527777777777778,NA,NA,NA,62.4324505063456,100,-0.6271125617489273,58.57142857142857,107.19747982754112,100,3.2810279009400123,0.00613854391833322,-0.2615152037601466,-4.371419520008926e-4,53.719062761043745,NA,NA,6.2308300838135855,5.205478155124955,0.03651034683669186,0.01163774655189016,7.61999988555908,0.02933099582617092
DEWA_WS_080_01,-12.91386779553369,45.833333333333336,9.940448512425972,0.5138888888888888,-4.0048707342481515,30.555555555555557,78.94327651756386,0.6388888888888888,NA,NA,NA,62.4324505063456,100,-0.7033224336209568,58.57142857142857,5.912948674361035,25,3.271746241585852,0.00597344926790745,-0.2615152037601466,3.300999591907272e-4,48.65342543848564,NA,NA,6.899299751296355,6.097495926751037,0.04121694468863739,0.01387003742197835,6.48999977111816,0.0300727987441478
DEWA_WS_081_01,-10.508223974450756,48.611111111111114,11.16638081858031,0.5416666666666666,-2.7831743600377705,26.38888888888889,72.17281812498611,0.6527777777777778,NA,NA,NA,73.46342290754026,100,-0.5742259705208858,61.42857142857143,182.4789214655896,100,3.32776592604813,0.0060690452762134,-0.2615152037601466,2.547245587168762e-4,13.564985186859218,NA,NA,7.157351120018666,5.687906706068247,0.03581147962386578,-0.00391762344925528,8.47824382781982,0.02800368278162523
DEWA_WS_082_01,-12.332050096720756,44.44444444444444,9.256521813423522,0.5138888888888888,-3.31902188226746,29.166666666666668,81.44199263402214,0.6388888888888888,NA,NA,NA,62.4324505063456,100,-0.680757152142379,57.142857142857146,182.4789214655896,100,3.299135020509368,0.00601472314306315,-0.2615152037601466,2.547245587168762e-4,26.576339880644127,NA,NA,7.921720113073077,6.418432765536835,0.04265786890758378,0.00911318461100272,3.56807994842529,0.02942075200801246
DINO_WS_001_01,-23.467435409279194,45.833333333333336,31.076891432715172,0.7083333333333334,-10.578297387193452,47.22222222222222,76.54509385666562,0.5694444444444444,NA,NA,NA,37.61737077559128,100,-1.8419499430276267,100,-29.536831840038996,0,3.8361516321669136,0.00693850293762521,-1.7653150514841045,-0.00127436365700351,12.991622183479802,0.8959165360829286,NA,-0.26114259809145723,-3.1479500399695723,-0.0418916668548735,0.0197205720124419,219.456,0.02900248550442234
DINO_WS_002_01,-37.19330527534621,68.05555555555556,26.1175170904806,0.8055555555555556,-7.866685426642142,45.833333333333336,99.76583314883555,0.6111111111111112,NA,NA,NA,37.61737077559128,100,-1.78364807454019,100,-29.536831840038996,0,3.712871140001875,0.00573985497280211,-1.7653150514841045,-0.00127436365700351,38.55035847382297,NA,NA,-0.4624570103025893,-1.121529624575666,-0.02241633723152332,0.02250609221281827,14.630400000000002,0.04008429243465895
DINO_WS_003_01,-24.68273959712797,44.44444444444444,33.641809634253114,0.5138888888888888,-8.625366670876415,41.666666666666664,134.0484255300876,0.5833333333333334,NA,NA,NA,37.61737077559128,100,-2.0536592756148715,100,18.482788688343497,50,3.904197824495049,0.00562128386967228,-1.7653150514841045,8.387140247712029e-4,4.682677594699274,3.796902948993313,NA,-0.1132983379526438,-2.0875593869038545,-0.03526777547311812,0.0123354240700052,12.192,0.03065160965019306
DINO_WS_004_01,-37.79418443708811,68.05555555555556,22.148774312108692,0.6805555555555556,-9.044680330583253,41.666666666666664,107.25249277740464,0.5833333333333334,NA,NA,NA,37.61737077559128,100,-1.7288233135835875,100,-29.536831840038996,0,3.8377533208464607,0.00544500666600326,-1.7653150514841045,-0.00127436365700351,20.511827541976565,NA,NA,-0.5026895248512213,-2.5208303480066787,-0.03927752379972708,0.0303897554912264,19.75104,0.03746822076183595
DINO_WS_005_01,-30.5636745090847,52.77777777777778,29.7456690208732,0.5416666666666666,-6.94949809384028,40.27777777777778,96.81462305519264,0.5555555555555556,NA,NA,NA,37.61737077559128,100,-1.8907289308392403,100,18.482788688343497,50,3.95495543148545,0.00619484829607907,-1.7653150514841045,8.387140247712029e-4,0.20887031241093287,6.117655845742247,NA,-0.14395781631243323,-2.386842633050581,-0.03675814496834921,0.01577532732928244,12.192,0.03100311315586061
DINO_WS_006_01,-40.7242986484964,75,21.180580428496288,0.625,-10.45915316286533,40.27777777777778,63.76479592684365,0.625,NA,NA,NA,37.63766696770466,97.5,-1.8523954152149535,100,-29.536831840038996,0,3.79897285362298,0.00484926436026264,-1.7653150514841045,-0.00127436365700351,22.033487358104857,NA,NA,-0.37372004998420993,-1.0952365814693366,-0.04505869093307775,0.03145332336425781,12.192,0.03590634786055185
EBLA_WS_001_01,-32.00963840079019,86.11111111111111,13.72463149363634,0.8611111111111112,-6.8621988474362805,75,8.917932259402379,0.5972222222222222,0.17032357517432217,0.07551721190484015,0.0244629230527095,74.9014557212095,100,-1.6366259440631217,100,73.58425774563386,100,2.7219134069258164,NA,NA,9.464837172537838e-4,0,49.25426935876797,48.45403172362128,0.09525775743855291,0.5285657539702279,-0.00728113386361178,0.01746368408203125,54.864,NA
EBLA_WS_002_01,-31.11759103440381,86.11111111111111,13.209799827598086,0.8611111111111112,-7.111985189360137,75,9.108232031129344,0.5694444444444444,0.15278525136091048,0.04432028287704591,0.02462507918404512,74.9014557212095,100,-1.6647006164927087,100,73.58425774563386,100,2.7273595799302175,NA,NA,9.464837172537838e-4,0,29.269912842145143,32.65865786692772,-0.0943397695040393,0.5251861344213071,-0.0112776614067324,0.02044365419978985,7.315200000000001,NA
EBLA_WS_003_01,-31.11759103440381,86.11111111111111,13.209799827598086,0.8611111111111112,-7.111985189360137,75,9.108232031129344,0.5694444444444444,0.1155366537061724,0.03529844765348788,0.02445434792723073,74.9014557212095,100,-1.6647006164927087,100,73.58425774563386,100,2.7273595799302175,NA,NA,9.464837172537838e-4,0,22.60137416023872,19.475599771952908,-0.0943397695040393,0.5251861344213071,-0.0112776614067324,0.02044365419978985,15.605760000000002,NA
EFMO_WS_001_01,-32.609652834153316,81.94444444444444,16.13574174644277,0.6388888888888888,-5.1921953142887975,43.05555555555556,16.810597205481965,0.875,NA,NA,NA,90.4373883291926,100,-1.0225657175819107,91.42857142857144,-96.14553639379606,0,4.216408669212717,-0.00301058041417139,-1.5220041901426598,0.01472648688478659,0,NA,NA,2.7224473373757547,4.817285395076126,0.02434256561443751,-0.0288607514934774,34.381440000000005,0.03500140129477377
ELMA_WS_003_01,-34.379767798323286,59.72222222222222,39.26801820289662,0.75,-15.107716705485286,61.111111111111114,37.99271016884023,0.6527777777777778,NA,NA,NA,22.82530264308381,62.5,-1.96757985348011,100,NA,NA,3.373882812743453,0.00663112281280497,2.109984265447493,-1.3597658238436695e-5,0.15913001230456528,0,NA,-0.5420276118758367,-2.891926280234334,-0.04043147394509459,-0.00727067170319739,65.8368,0.01644232716826712
ELMO_WS_001_01,-36.21867476551142,56.94444444444444,45.67762037088647,0.8333333333333334,-15.317308243435502,62.5,35.08913086686427,0.625,NA,NA,NA,22.82530264308381,62.5,-1.92563622269172,100,NA,NA,3.3859483312677447,0.00464163236856927,-1.4786188331735666,-1.3597658238436695e-5,0.15919736120995617,0,NA,-0.4376900570296232,-2.6693019601066523,-0.03719692076163115,-0.01187687626591405,50.718720000000005,0.01623773575081852
ELRO_WS_002_01,-9.799299772226895,43.05555555555556,9.784225135006992,0.5,-2.2150789145206264,20.833333333333332,93.80055718426702,0.625,0.0139138220815691,NA,NA,68.37393133052862,100,-0.5464854149819903,57.142857142857146,105.39821320465352,100,3.329137481811369,-0.00360521028879506,-3.1596835235864034,-0.00135428669154383,27.30437378689068,NA,3.0453794704823536,8.992852325792668,8.173430789600719,0.05569740364626089,-0.00384380199291126,3.07974004745483,0.04757541394698317
EVER_WS_001_01,-44.90638657682035,66.66666666666667,22.48756209657805,0.625,-16.569671847808603,66.66666666666667,20.21014360322778,0.9027777777777778,0,0.01142525573584508,0.04448594333226294,26.001798898456652,100,-0.9678809941675304,80,45.64621549031186,95,2.1522267941980395,-0.00202892059730649,-0.2668450532110365,0.00126567081088907,94.83117016759978,99.9999999999996,0,2.995791226310074,6.334020179178974,0.02564282617758876,0.00251847726327447,0.549018502235413,0.03319294423093848
EVER_WS_002_01,-47.82975246785671,68.05555555555556,17.112191843389954,0.5277777777777778,-16.486403967128318,75,17.05617086375718,0.8472222222222222,0,0.00928958093420118,0.03312831789394722,26.001798898456652,100,-1.0470703215292612,81.42857142857143,45.64621549031186,95,2.1268991309302336,-0.00184692866724046,-0.2668450532110365,0.00126567081088907,97.49633334607296,100.00000000000296,0,1.4875232349847247,6.016800525011841,0.02246923584678777,-0.00477765603040225,0.549018502235413,0.0327365251497318
EVER_WS_003_01,-46.65601953225887,65.27777777777777,25.59903639770115,0.7222222222222222,-17.806280080244864,63.888888888888886,17.946046299454128,0.8055555555555556,32.712484382523925,1,0.13256649078508553,26.001798898456652,100,-1.0389267540395128,75.71428571428571,82.10012427049074,100,2.17399900767111,-0.00142801492924949,-0.2668450532110365,3.5907650938322224e-4,0.982187715281515,100.00000000000544,64.81435267225199,-0.6583507863091838,-3.948991987440326,-0.02773269122221372,0.0172830454508464,9.7536,0.03468939283802615
EVER_WS_003_02,-46.65601953225887,65.27777777777777,25.59903639770115,0.7222222222222222,-17.806280080244864,63.888888888888886,17.946046299454128,0.8055555555555556,32.64173354160319,1,0.132525929055544,26.001798898456652,100,-1.0389267540395128,75.71428571428571,82.10012427049074,100,2.17399900767111,-0.00142801492924949,-0.2668450532110365,3.5907650938322224e-4,0.9551870309610316,99.99999999994486,64.88453235025146,-0.6583507863091838,-3.948991987440326,-0.02773269122221372,0.0172830454508464,9.7536,0.03468939283802615
EVER_WS_004_01,-45.752962776188745,69.44444444444444,18.63323593841481,0.5833333333333334,-16.66779410856428,70.83333333333333,18.807758977846003,0.8888888888888888,0,0.01061207806367728,0.04069047903640035,26.001798898456652,100,-1.0132038045072889,78.57142857142857,45.64621549031186,95,2.13656223736546,-0.00183427141043854,-0.2668450532110365,0.00126567081088907,95.81658870098993,99.99999999999989,0,2.1487814012974025,5.9320819819415265,0.02183799405049305,-5.34917613349127e-5,23.1648,0.032951574409481633
EVER_WS_005_01,-48.878850028285505,77.77777777777777,14.879199856368649,0.5277777777777778,-16.73224424160859,75,13.646829994605136,0.8055555555555556,0,0.0429225484778879,0.04716480206118996,26.001798898456652,100,-1.1618397535736276,82.85714285714286,82.10012427049074,100,2.196351376912922,-0.00308696876682082,-0.2668450532110365,3.5907650938322224e-4,89.06189027839096,99.99999999999886,0,2.048571201827791,6.090338168512794,0.02283614630957962,-0.0057022659866901,0.54745352268219,0.03522629279885057
EVER_WS_006_01,-47.77022715580492,68.05555555555556,21.080671202236186,0.5138888888888888,-17.170439120228334,75,16.038360002211284,0.8472222222222222,0,0.00958273987781668,NA,26.001798898456652,100,-1.1020704084481667,80,45.64621549031186,95,2.123528801269714,-0.00174106918547258,-0.2668450532110365,0.00126567081088907,91.0907170261545,42.0065262860721,0,1.4837226611044674,7.034066359202086,0.02660258671921702,-0.00843726264105898,0.549018502235413,0.03280556077015306
EVER_WS_007_01,-47.94106448396585,70.83333333333333,16.390675224503028,0.5416666666666666,-17.446319693250196,76.38888888888889,14.928482877422194,0.8194444444444444,0,0.00796997892061364,NA,26.001798898456652,100,-1.107992441593743,82.85714285714286,45.64621549031186,95,2.108514963892151,-0.00136388444596384,-0.2668450532110365,0.00126567081088907,99.5608293729936,0,0,1.217371425198184,4.822614736027194,0.01974858562400184,-0.01136398315429669,0.280640244483948,0.03405688101762893
EVER_WS_008_01,-48.553131012290606,72.22222222222223,16.80055404172006,0.5138888888888888,-16.335049757578673,75,14.852297935595738,0.8055555555555556,0,0.02847703503827551,NA,26.001798898456652,100,-1.1075062757539464,81.42857142857143,82.10012427049074,100,2.1885454849340427,-0.00271561920110112,-0.2668450532110365,3.5907650938322224e-4,90.2804889503084,99.79183623334136,0,2.100247598993473,6.505108160131118,0.0263379760233713,-0.00685684769241885,0.485067427158356,0.03390368254748913
EVER_WS_009_01,-51.49668331242563,70.83333333333333,18.524789123517767,0.5833333333333334,-18.216214401718815,70.83333333333333,15.702086376871373,0.8472222222222222,7.550273981689045,0.016994755188744982,0.08925913435575222,26.001798898456652,100,-1.0783113139208669,80,45.64621549031186,95,2.0814874568625505,-0.0020063204236848,-0.2668450532110365,0.00126567081088907,66.8777777820328,0,0,-1.3521767718750135,-3.7636376089519863,-0.019328283129,0.00122439672076498,0.549018502235413,0.03586226574911307
EVER_WS_010_01,-51.49668331242563,70.83333333333333,18.524789123517767,0.5833333333333334,-18.216214401718815,70.83333333333333,15.702086376871373,0.8472222222222222,10.282948605703794,0.01709700917871505,0.08960944605309709,26.001798898456652,100,-1.0783113139208669,80,45.64621549031186,95,2.0814874568625505,-0.0020063204236848,-0.2668450532110365,0.00126567081088907,68.36388432019741,0,0,-1.3521767718750135,-3.7636376089519863,-0.019328283129,0.00122439672076498,0.555142402648926,0.03586226574911307
EVER_WS_011_01,-50.16020762119412,68.05555555555556,20.890651364842984,0.6111111111111112,-18.23954737401329,70.83333333333333,16.020106373623978,0.8888888888888888,32.02330307049059,0.01999187080278505,0.0817259127647704,26.001798898456652,100,-1.0916572562741145,78.57142857142857,45.64621549031186,95,2.074444997505285,-0.0025182761958518,-0.2668450532110365,0.00126567081088907,74.54741904328198,0,0,-1.3747084935506189,-4.067980462631575,-0.01717251563633606,0.00134768309416566,0.788954019546509,0.03560155849899845
EVER_WS_012_01,-51.49668331242563,70.83333333333333,18.524789123517767,0.5833333333333334,-18.216214401718815,70.83333333333333,15.702086376871373,0.8472222222222222,0.9575807997032794,0.01692108935749326,0.07438423402843734,26.001798898456652,100,-1.0783113139208669,80,45.64621549031186,95,2.0814874568625505,-0.0020063204236848,-0.2668450532110365,0.00126567081088907,64.93879646106541,0,0,-1.3521767718750135,-3.7636376089519863,-0.019328283129,0.00122439672076498,0.555142402648926,0.03586226574911307
EVER_WS_013_01,-50.16020762119412,68.05555555555556,20.890651364842984,0.6111111111111112,-18.23954737401329,70.83333333333333,16.020106373623978,0.8888888888888888,41.95721406812517,0.02125875460357355,0.08410220215045061,26.001798898456652,100,-1.0916572562741145,78.57142857142857,45.64621549031186,95,2.074444997505285,-0.0025182761958518,-0.2668450532110365,0.00126567081088907,80.99076739338655,21.136078587815895,0,-1.3747084935506189,-4.067980462631575,-0.01717251563633606,0.00134768309416566,0.737999379634857,0.03560155849899845
EVER_WS_014_01,-50.16020762119412,68.05555555555556,20.890651364842984,0.6111111111111112,-18.23954737401329,70.83333333333333,16.020106373623978,0.8888888888888888,38.03924801367389,0.02059238169021282,0.08284604890389727,26.001798898456652,100,-1.0916572562741145,78.57142857142857,45.64621549031186,95,2.074444997505285,-0.0025182761958518,-0.2668450532110365,0.00126567081088907,80.2869286702241,1.1042060451075195,0,-1.3747084935506189,-4.067980462631575,-0.01717251563633606,0.00134768309416566,0.788561165332794,0.03560155849899845
EVER_WS_015_01,-50.16020762119412,68.05555555555556,20.890651364842984,0.6111111111111112,-18.23954737401329,70.83333333333333,16.020106373623978,0.8888888888888888,22.352499877245897,0.01964969595413659,0.081030963412132,26.001798898456652,100,-1.0916572562741145,78.57142857142857,45.64621549031186,95,2.074444997505285,-0.0025182761958518,-0.2668450532110365,0.00126567081088907,69.88257657307845,37.42244310220354,0,-1.3747084935506189,-4.067980462631575,-0.01717251563633606,0.00134768309416566,0.788954019546509,0.03560155849899845
EVER_WS_015_02,-50.16020762119412,68.05555555555556,20.890651364842984,0.6111111111111112,-18.23954737401329,70.83333333333333,16.020106373623978,0.8888888888888888,22.35142543171216,0.01964992415255065,0.08103245475274802,26.001798898456652,100,-1.0916572562741145,78.57142857142857,45.64621549031186,95,2.074444997505285,-0.0025182761958518,-0.2668450532110365,0.00126567081088907,69.87394396367932,37.441475476815064,0,-1.3747084935506189,-4.067980462631575,-0.01717251563633606,0.00134768309416566,0.788954019546509,0.03560155849899845
EVER_WS_016_01,-48.28577888714655,69.44444444444444,25.162219599011507,0.6805555555555556,-18.728118778038088,63.888888888888886,16.462618345033786,0.8333333333333334,81.12383600143296,0.03596898654797257,0.12453250107949863,26.001798898456652,100,-1.0714375299323051,77.14285714285714,45.64621549031186,95,2.167121996826406,-0.0013626003517903,-0.2668450532110365,0.00126567081088907,16.237898512925625,36.93457827261848,16.260671834225388,-0.2790836476617388,-3.1278173481976523,-0.02269395035031188,0.0127977994713039,0,0.03553456991611269
EVER_WS_017_01,-52.8457369569639,72.22222222222223,20.009749783331525,0.5416666666666666,-18.94050273287869,65.27777777777777,14.95378628304434,0.8194444444444444,39.88330782825551,0.07339806697016396,0.1262308646465858,26.001798898456652,100,-1.1027803892643433,77.14285714285714,82.10012427049074,100,2.1475813798532215,-0.00126119836333723,-0.2668450532110365,3.5907650938322224e-4,73.64444181390601,68.36609083084785,60.07618031832398,0.6281709644529542,-0.5105094425920094,-0.01083893662047118,0.00715378432245977,0.131402671337128,0.03666243368907936
EVER_WS_017_02,-52.8457369569639,72.22222222222223,20.009749783331525,0.5416666666666666,-18.94050273287869,65.27777777777777,14.95378628304434,0.8194444444444444,39.88330782825551,0.07339806697016396,0.1262308646465858,26.001798898456652,100,-1.1027803892643433,77.14285714285714,82.10012427049074,100,2.1475813798532215,-0.00126119836333723,-0.2668450532110365,3.5907650938322224e-4,73.64444181390601,68.36609083084785,60.07618031832398,0.6281709644529542,-0.5105094425920094,-0.01083893662047118,0.00715378432245977,0.131402671337128,0.03666243368907936
EVER_WS_018_01,-52.8457369569639,72.22222222222223,20.009749783331525,0.5416666666666666,-18.94050273287869,65.27777777777777,14.95378628304434,0.8194444444444444,39.88330782825551,0.07339806697016396,0.1262308646465858,26.001798898456652,100,-1.1027803892643433,77.14285714285714,82.10012427049074,100,2.1475813798532215,-0.00126119836333723,-0.2668450532110365,3.5907650938322224e-4,73.64444181390601,68.36609083084785,60.07618031832398,0.6281709644529542,-0.5105094425920094,-0.01083893662047118,0.00715378432245977,0.131402671337128,0.03666243368907936
EVER_WS_018_02,-52.8457369569639,72.22222222222223,20.009749783331525,0.5416666666666666,-18.94050273287869,65.27777777777777,14.95378628304434,0.8194444444444444,39.88330782825551,0.07339806697016396,0.1262308646465858,26.001798898456652,100,-1.1027803892643433,77.14285714285714,82.10012427049074,100,2.1475813798532215,-0.00126119836333723,-0.2668450532110365,3.5907650938322224e-4,73.64444181390601,68.36609083084785,60.07618031832398,0.6281709644529542,-0.5105094425920094,-0.01083893662047118,0.00715378432245977,0.131402671337128,0.03666243368907936
EVER_WS_019_01,-49.92785174710775,72.22222222222223,18.42317300682731,0.5277777777777778,-17.777713691823344,72.22222222222223,14.93714170082704,0.875,0,0.01551824425742006,0.14407549158302413,26.001798898456652,100,-1.0914247812614106,80,45.64621549031186,95,2.1347893171697834,-0.00246387963716299,-0.2668450532110365,0.00126567081088907,73.64444181390601,68.36609083084785,0,0.26669544544484935,-1.0144718415207308,-0.01398814613657514,-0.0068147447374125,0.549018502235413,0.03488296996956411
EVER_WS_019_02,-49.92785174710775,72.22222222222223,18.42317300682731,0.5277777777777778,-17.777713691823344,72.22222222222223,14.93714170082704,0.875,0,0.01551824425742006,0.14407549158302413,26.001798898456652,100,-1.0914247812614106,80,45.64621549031186,95,2.1347893171697834,-0.00246387963716299,-0.2668450532110365,0.00126567081088907,73.64444181390601,68.36609083084785,0,0.26669544544484935,-1.0144718415207308,-0.01398814613657514,-0.0068147447374125,0.549018502235413,0.03488296996956411
EVER_WS_020_01,-52.8457369569639,72.22222222222223,20.009749783331525,0.5416666666666666,-18.94050273287869,65.27777777777777,14.95378628304434,0.8194444444444444,39.88330782825551,0.07339806697016396,0.1262308646465858,26.001798898456652,100,-1.1027803892643433,77.14285714285714,82.10012427049074,100,2.1475813798532215,-0.00126119836333723,-0.2668450532110365,3.5907650938322224e-4,73.64444181390601,68.36609083084785,60.07618031832398,0.6281709644529542,-0.5105094425920094,-0.01083893662047118,0.00715378432245977,0.131402671337128,0.03666243368907936
EVER_WS_020_02,-52.8457369569639,72.22222222222223,20.009749783331525,0.5416666666666666,-18.94050273287869,65.27777777777777,14.95378628304434,0.8194444444444444,39.88330782825551,0.07339806697016396,0.1262308646465858,26.001798898456652,100,-1.1027803892643433,77.14285714285714,82.10012427049074,100,2.1475813798532215,-0.00126119836333723,-0.2668450532110365,3.5907650938322224e-4,73.64444181390601,68.36609083084785,60.07618031832398,0.6281709644529542,-0.5105094425920094,-0.01083893662047118,0.00715378432245977,0.131402671337128,0.03666243368907936
EVER_WS_021_01,-52.8457369569639,72.22222222222223,20.009749783331525,0.5416666666666666,-18.94050273287869,65.27777777777777,14.95378628304434,0.8194444444444444,39.88330782825551,0.07339806697016396,0.1262308646465858,26.001798898456652,100,-1.1027803892643433,77.14285714285714,82.10012427049074,100,2.1475813798532215,-0.00126119836333723,-0.2668450532110365,3.5907650938322224e-4,73.64444181390601,68.36609083084785,60.07618031832398,0.6281709644529542,-0.5105094425920094,-0.01083893662047118,0.00715378432245977,0.131402671337128,0.03666243368907936
EVER_WS_021_02,-52.8457369569639,72.22222222222223,20.009749783331525,0.5416666666666666,-18.94050273287869,65.27777777777777,14.95378628304434,0.8194444444444444,39.88330782825551,0.07339806697016396,0.1262308646465858,26.001798898456652,100,-1.1027803892643433,77.14285714285714,82.10012427049074,100,2.1475813798532215,-0.00126119836333723,-0.2668450532110365,3.5907650938322224e-4,73.64444181390601,68.36609083084785,60.07618031832398,0.6281709644529542,-0.5105094425920094,-0.01083893662047118,0.00715378432245977,0.131402671337128,0.03666243368907936
EVER_WS_022_01,-52.8457369569639,72.22222222222223,20.009749783331525,0.5416666666666666,-18.94050273287869,65.27777777777777,14.95378628304434,0.8194444444444444,39.88330782825551,0.07339806697016396,0.1262308646465858,26.001798898456652,100,-1.1027803892643433,77.14285714285714,82.10012427049074,100,2.1475813798532215,-0.00126119836333723,-0.2668450532110365,3.5907650938322224e-4,73.64444181390601,68.36609083084785,60.07618031832398,0.6281709644529542,-0.5105094425920094,-0.01083893662047118,0.00715378432245977,0.131402671337128,0.03666243368907936
EVER_WS_022_02,-52.8457369569639,72.22222222222223,20.009749783331525,0.5416666666666666,-18.94050273287869,65.27777777777777,14.95378628304434,0.8194444444444444,39.88330782825551,0.07339806697016396,0.1262308646465858,26.001798898456652,100,-1.1027803892643433,77.14285714285714,82.10012427049074,100,2.1475813798532215,-0.00126119836333723,-0.2668450532110365,3.5907650938322224e-4,73.64444181390601,68.36609083084785,60.07618031832398,0.6281709644529542,-0.5105094425920094,-0.01083893662047118,0.00715378432245977,0.131402671337128,0.03666243368907936
FIIS_WS_003_01,-15.966936513413136,54.166666666666664,18.025255504451437,0.875,-5.328163495312975,26.38888888888889,157.6893965845182,0.5277777777777778,4.585754496497572,1,0.8413919041831726,68.37393133052862,100,-0.6373169170159075,75.71428571428571,7.554601106118078,15,3.2704008602204837,0.00334639681421013,-2.3784442417247376,-0.00408347663842337,0.30009155021256095,74.04287773679208,87.26455058905773,-1.1496186908493655,-0.7656687630547481,9.076392068217658e-4,0.03528656005859382,1.10000002384186,0.05644919691918004
FLFO_WS_001_01,-42.26875870096083,93.05555555555556,11.068998170221212,0.6527777777777778,-12.271905156942015,54.166666666666664,10.77750377826283,0.5555555555555556,NA,NA,NA,38.17490607627803,100,-1.7668049387168638,100,-3.3651710382507387,0,3.285524134709988,0.00561704272963723,-0.8391141436815623,-3.523147836392796e-4,73.28359383747483,0.4685218538209725,NA,-1.1201081895864462,-2.5769817564222546,-0.03264887120927579,0.02644715485749493,121.92,0.02990815412977181
FLFO_WS_002_01,-42.26875870096083,93.05555555555556,11.068998170221212,0.6527777777777778,-12.271905156942015,54.166666666666664,10.77750377826283,0.5555555555555556,NA,NA,NA,38.17490607627803,100,-1.7668049387168638,100,-3.3651710382507387,0,3.285524134709988,0.00561704272963723,-0.8391141436815623,-3.523147836392796e-4,73.164948953879545,0.24625648405108183,NA,-1.1201081895864462,-2.5769817564222546,-0.03264887120927579,0.02644715485749493,12.192,0.02990815412977181
FLNI_WS_001_01,-15.611322229422235,66.66666666666667,7.779716783797642,0.6805555555555556,-3.913693465002329,20.833333333333332,45.32623588341332,0.7916666666666666,NA,NA,NA,62.4324505063456,100,-0.9902020833880072,78.57142857142857,16.197642813588924,55,3.445324522477609,-0.00125192990366353,5.11479893323553,-1.619142511038229e-4,0,NA,NA,-0.597102622539676,2.040140151977539,-0.01041454246899484,0.07112457840530961,149.71776000000003,0.04773489083831338
FLNI_WS_003_01,-16.020763690399253,70.83333333333333,7.666238708598785,0.6666666666666666,-4.186683150315688,22.22222222222222,46.59721138259118,0.8055555555555556,NA,NA,NA,62.4324505063456,100,-1.0174777140559987,84.28571428571429,16.197642813588924,55,3.467471728188162,-0.00107045692654385,5.11479893323553,-1.619142511038229e-4,0,NA,NA,-1.0555373345962664,2.3230234781901005,-0.01155276898570166,0.07212252675751103,30.4799995422363,0.04814406605443786
FLNI_WS_004_01,-15.611322229422235,66.66666666666667,7.779716783797642,0.6805555555555556,-3.913693465002329,20.833333333333332,45.32623588341332,0.7916666666666666,NA,NA,NA,62.4324505063456,100,-0.9902020833880072,78.57142857142857,16.197642813588924,55,3.445324522477609,-0.00125192990366353,5.11479893323553,-1.619142511038229e-4,0,NA,NA,-0.597102622539676,2.040140151977539,-0.01041454246899484,0.07112457840530961,75.5904,0.04773489083831338
FLNI_WS_005_01,-15.611322229422235,66.66666666666667,7.779716783797642,0.6805555555555556,-3.913693465002329,20.833333333333332,45.32623588341332,0.7916666666666666,NA,NA,NA,62.4324505063456,100,-0.9902020833880072,78.57142857142857,16.197642813588924,55,3.445324522477609,-0.00125192990366353,5.11479893323553,-1.619142511038229e-4,0,NA,NA,-0.597102622539676,2.040140151977539,-0.01041454246899484,0.07112457840530961,79.248,0.04773489083831338
FOBO_WS_001_01,-33.221581408582104,61.111111111111114,34.17301387459574,0.8055555555555556,-22.672339710222904,61.111111111111114,27.872097985805706,0.5972222222222222,NA,NA,NA,30.85387666875794,62.5,-1.9448612316311296,100,43.36897563855654,30,2.924149917207929,0.00532157766304542,-0.5859745502811698,8.214184895994932e-4,2.300188935441766,0,NA,-0.2714376478656784,-3.5861263441749713,-0.03744126765896285,-0.00355974526029094,53.6448,0.02379072339747852
FOBU_WS_001_01,-29.00036489809171,69.44444444444444,18.287355910272733,1,-6.505941415102274,33.333333333333336,72.948547862892,0.7222222222222222,NA,NA,NA,37.63766696770466,97.5,-1.6438264261060258,100,60.15669780202638,80,3.49150938721398,0.00665983308907943,-0.9585752522331624,2.8296524023477265e-4,0,0,NA,-1.954947845520959,-3.0618584718969153,-0.03362156459480955,0.02908777307581018,7.01039981842041,0.03788381349888744
FOCA_WS_002_01,-21.427064167594033,43.05555555555556,99.48987910099144,0.5555555555555556,-5.690093514482079,38.888888888888886,19.39793768581703,0.625,14.65782983021677,1,0.11991795869501194,40.709352461331704,100,-0.5055623635224211,61.42857142857143,36.73527048721969,75,2.472657752768161,0.00626606752538437,2.767952727857723,-0.00335944184394823,16.608120362360573,58.10933222514897,37.96085931253274,-0.9613445593251122,0.7199106017748136,-0.00123757393803136,-0.00492486163211682,1.94157600402832,0.00934691142071753
FOCA_WS_003_01,-21.427064167594033,43.05555555555556,99.48987910099144,0.5555555555555556,-5.690093514482079,38.888888888888886,19.39793768581703,0.625,17.190280653403782,1,0.11904321386602784,40.709352461331704,100,-0.5055623635224211,61.42857142857143,36.73527048721969,75,2.472657752768161,0.00626606752538437,2.767952727857723,-0.00335944184394823,19.37828609148824,62.727935710779306,40.776153578048145,-0.9613445593251122,0.7199106017748136,-0.00123757393803136,-0.00492486163211682,2.19300270080566,0.00934691142071753
FODA_WS_002_01,-22.754425651195305,48.611111111111114,7.252340728200876,0.5277777777777778,-17.965534989141776,61.111111111111114,6.6736681536850355,0.5,NA,NA,NA,25.38735821956945,52.5,-1.6527109051100763,100,6.649189692691179,25,2.913187422585267,0.00421213827015788,-1.4624006149697937,-1.773337139189343e-5,21.539438952773253,NA,NA,-0.04907318203709702,-0.6913203442538199,-0.01290266871555062,0.00277962786877136,18.288,0.02499886654682583
FOFR_WS_002_01,-17.288380419202927,37.5,94.05560393702736,0.5138888888888888,-4.855927105921635,38.888888888888886,15.057368390731398,0.5833333333333334,22.568455351636516,1,0.09224073562196072,40.709352461331704,100,-0.4799168547067738,67.14285714285714,-68.43655136806373,0,2.567540773259175,0.0057843825836568,-1.4390286168699324,-0.0159874761329504,39.23715119970624,75.35932076810742,39.22147666981074,-3.871370448006525,-2.448878424508231,-0.0204746334542259,0.01339273253116818,1.63898658752441,0.01672573170660233
FOLA_WS_001_01,-14.259891094510465,36.111111111111114,13.27381784167994,0.8888888888888888,-10.666099710716752,50,15.59987793103986,0.8611111111111112,NA,NA,NA,19.703296331787456,77.5,-1.6426852939535623,100,79.39459144780234,90,3.4803109594855517,0.00560638818906148,-1.2364224431551774,0.00858572973206158,0,NA,NA,-0.01962363549771911,0.24381373822689056,0.02379471872759761,-0.05848153824668861,14.630400000000002,0.02217476594562066
FOLA_WS_002_01,-14.259891094510465,36.111111111111114,13.27381784167994,0.8888888888888888,-10.666099710716752,50,15.59987793103986,0.8611111111111112,NA,NA,NA,19.703296331787456,77.5,-1.6426852939535623,100,79.39459144780234,90,3.4803109594855517,0.00560638818906148,-1.2364224431551774,0.00858572973206158,0,NA,NA,-0.01962363549771911,0.24381373822689056,0.02379471872759761,-0.05848153824668861,80.4672,0.02217476594562066
FOLA_WS_003_01,-14.259891094510465,36.111111111111114,13.27381784167994,0.8888888888888888,-10.666099710716752,50,15.59987793103986,0.8611111111111112,NA,NA,NA,19.703296331787456,77.5,-1.6426852939535623,100,79.39459144780234,90,3.4803109594855517,0.00560638818906148,-1.2364224431551774,0.00858572973206158,0,NA,NA,-0.01962363549771911,0.24381373822689056,0.02379471872759761,-0.05848153824668861,4.38912,0.02217476594562066
FOLS_WS_001_01,-28.056194689243757,69.44444444444444,13.817178827730846,0.6111111111111112,-11.87642600240006,69.44444444444444,14.828558214603216,0.7638888888888888,NA,NA,NA,30.862632787744072,100,-1.346938273217454,100,11.931280992245917,35,3.7608432628775184,0.00724173492189294,-2.0850943888922986,-3.0313195401578986e-4,0,NA,NA,0.06657635955084089,2.3668320138513335,0.0202894848054084,8.580763669971023e-4,48.768,0.01143594755329311
FOLS_WS_002_01,-26.68163747442145,70.83333333333333,14.458558042400329,0.6527777777777778,-12.140028142996218,68.05555555555556,14.802749740553056,0.75,NA,NA,NA,30.862632787744072,100,-1.3566138252027364,100,11.931280992245917,35,3.779848832715702,0.00696952763322316,-2.0850943888922986,-3.0313195401578986e-4,0,NA,NA,0.1400059605845147,3.148514682022984,0.02551113721111431,-7.85063035088322e-4,19.99488,0.00980466593183768
FOLS_WS_003_01,-28.056194689243757,69.44444444444444,13.817178827730846,0.6111111111111112,-11.87642600240006,69.44444444444444,14.828558214603216,0.7638888888888888,NA,NA,NA,30.862632787744072,100,-1.346938273217454,100,11.931280992245917,35,3.7608432628775184,0.00724173492189294,-2.0850943888922986,-3.0313195401578986e-4,0,NA,NA,0.06657635955084089,2.3668320138513335,0.0202894848054084,8.580763669971023e-4,14.630400000000002,0.01143594755329311
FOLS_WS_004_01,-41.229179085992065,80.55555555555556,30.11277986581011,0.7083333333333334,-10.139985586450422,55.55555555555556,28.179428841945185,0.9166666666666666,NA,NA,NA,64.38316126838244,97.5,-0.9127273559428944,90,6.038766214276454,20,3.743782758950143,0.00283656620653689,-3.3291175151032775,-5.4376628460828485e-5,0,30.70297174959712,NA,0.73790186056585,4.976395342085099,0.01302307163155637,-0.03141068823543611,15.8496,0.03026584095173693
FOPU_WS_001_01,-20.55848557922357,50,116.3597453043582,0.5833333333333334,-8.407042206200693,47.22222222222222,16.4180911655982,0.5416666666666666,10.287556949740503,1,0.30225339700143383,40.709352461331704,100,-0.6172405489769389,74.28571428571429,-64.87051377391829,0,2.626856301800281,0.00462273847644218,0.4670570399916193,-0.01792278867727505,26.163243209481124,77.00586563445569,79.55001478821089,-2.562340978119108,-0.27847069869806595,-0.01663488534160236,0.00523060500019699,8.38173389434814,0.02135776203506745
FOPU_WS_002_01,-20.55848557922357,50,116.3597453043582,0.5833333333333334,-8.407042206200693,47.22222222222222,16.4180911655982,0.5416666666666666,10.359353692251318,1,0.30246858360762496,40.709352461331704,100,-0.6172405489769389,74.28571428571429,-64.87051377391829,0,2.626856301800281,0.00462273847644218,0.4670570399916193,-0.01792278867727505,27.8820486368072,78.39917854965965,80.01131017380088,-2.562340978119108,-0.27847069869806595,-0.01663488534160236,0.00523060500019699,8.38173389434814,0.02135776203506745
FOPU_WS_003_01,-20.55848557922357,50,116.3597453043582,0.5833333333333334,-8.407042206200693,47.22222222222222,16.4180911655982,0.5416666666666666,12.66762666197107,1,0.3024894136229536,40.709352461331704,100,-0.6172405489769389,74.28571428571429,-64.87051377391829,0,2.626856301800281,0.00462273847644218,0.4670570399916193,-0.01792278867727505,31.42566399491423,79.70025981650494,78.22241726696629,-2.562340978119108,-0.27847069869806595,-0.01663488534160236,0.00523060500019699,8.38173389434814,0.02135776203506745
FOPU_WS_004_01,-20.55848557922357,50,116.3597453043582,0.5833333333333334,-8.407042206200693,47.22222222222222,16.4180911655982,0.5416666666666666,12.74219277697138,1,0.30210508976480727,40.709352461331704,100,-0.6172405489769389,74.28571428571429,-64.87051377391829,0,2.626856301800281,0.00462273847644218,0.4670570399916193,-0.01792278867727505,31.642214439211376,80.4336954820192,78.15821620072053,-2.562340978119108,-0.27847069869806595,-0.01663488534160236,0.00523060500019699,8.38173389434814,0.02135776203506745
FORA_WS_001_01,-20.75304262077903,52.77777777777778,15.305213855345029,0.5416666666666666,-5.5764345243691595,37.5,50.906587859039305,0.625,1.8862443990075093,1,0.01086195244265845,40.709352461331704,100,-0.6417118149814646,67.14285714285714,109.47975778966914,100,2.67198132414687,0.00255667211524247,-0.3817669494237818,1.4210602543835945e-4,3.5446423757771717,80.390729308385,77.39141973840255,-3.2407956047663617,-0.9184788760975816,-0.01018104901949265,0.00800832112630178,10.9728,0.04821738172249239
FORA_WS_001_02,-20.75304262077903,52.77777777777778,15.305213855345029,0.5416666666666666,-5.5764345243691595,37.5,50.906587859039305,0.625,3.5432572815883816,1,0.01087717705035807,40.709352461331704,100,-0.6417118149814646,67.14285714285714,109.47975778966914,100,2.67198132414687,0.00255667211524247,-0.3817669494237818,1.4210602543835945e-4,4.7134344206130985,77.54342187966967,71.9977378988394,-3.2407956047663617,-0.9184788760975816,-0.01018104901949265,0.00800832112630178,10.48512,0.04821738172249239
FOSU_WS_002_01,-14.879732465649344,47.22222222222222,49.26351553513483,0.5972222222222222,-6.744031463257776,44.44444444444444,18.840099037457996,0.5277777777777778,2.7525436346471537,1,1.0886199051103067,40.709352461331704,100,-0.5828047284542168,68.57142857142857,5.989252850451611,20,2.5522794419078423,0.00269441558951362,1.1456005332222392,-0.00129730834922736,12.934222792987066,66.23468193446728,80.9779053868471,-2.288752958509656,-0.49119820257629954,-0.01152841614604589,0.0048516704922631,0,0.0161258366839035
FOUN_WS_001_01,-31.65336297279217,68.05555555555556,10.05456248596128,0.7083333333333334,-17.45158251902079,76.38888888888889,6.973762981597808,0.5277777777777778,NA,NA,NA,23.148891383048465,55,-1.7759489287771375,100,-43.07273758880413,0,3.291255640537317,0.007164469519379,-2.7544129485824453,-8.85645014686906e-4,2.8212532288448946,NA,NA,-0.206259817598171,-2.3210019962070807,-0.03586630243051731,0.00831384090601709,79.248,0.00966214916016334
FRSP_WS_001_01,-16.537439581328925,63.888888888888886,12.46438079092442,0.5277777777777778,-2.9356205902120203,23.61111111111111,90.1270188449592,0.6111111111111112,0.0150442331704359,0,0.11905991179345224,47.04503869805253,100,-0.7765876558123609,80,NA,NA,3.186452049793166,0.00135110470045728,1.8928882151712711,0.00410003493536782,0,NA,1.5269078237899176,1.8456342674436996,4.413800146065502,0.01153829888853921,0.03339119563027041,141.4272,0.03179717041498355
FRSP_WS_002_01,-17.235412070420512,68.05555555555556,13.298674569257289,0.5416666666666666,-1.3068615635382566,20.833333333333332,72.39425000638344,0.625,NA,0.00219652774110611,NA,47.89627854271006,100,-0.7860104897386705,78.57142857142857,106.33069314112318,100,3.221041861448283,0.00147133195277278,1.8928882151712711,3.96053252033744e-4,0,8.478402142844311,NA,0.48038783048589906,2.177445390489356,7.624696963421161e-4,0.02742119188661906,10.1273803710938,0.03125411329422331
FRSP_WS_004_01,-18.496886946773085,70.83333333333333,11.1797244425231,0.5,-2.403285753293369,26.38888888888889,95.72824266676368,0.6111111111111112,0,0,0.09261528044100796,47.04503869805253,100,-0.8049905383590511,82.85714285714286,304.60395968397245,100,3.2943070681624,0.00133931818885249,1.8928882151712711,2.2635644326002231e-4,0,NA,0,1.2519879606035005,3.682855784893036,0.00514499420879973,0.03093678862960269,43.40352000000001,0.03253150318652395
FRSP_WS_005_01,-16.662752763709772,69.44444444444444,12.447160826489746,0.5277777777777778,-1.742200983171853,23.61111111111111,79.00761183922026,0.6388888888888888,NA,0,NA,47.89627854271006,100,-0.7837130971700834,78.57142857142857,NA,NA,3.2059377904718787,0.00131066930360008,1.8928882151712711,0.00109055244563566,0,8.553044661342769,NA,0.8831226340046593,3.952948782179078,0.00754619774206664,0.02776603416160299,6.30346393585205,0.03152622237905292
FRST_WS_001_01,-15.586077271110332,59.72222222222222,11.095991126141216,0.5277777777777778,-2.367938460328774,25,95.4375563554178,0.625,0,0.02308188732916194,0.05073382284970273,61.56437497390367,100,-0.7550766796659714,74.28571428571429,43.74413393328543,75,3.539687404638265,NA,NA,-0.04977679192972285,0,4.963876991423594,0,5.6680003588016215,7.431924963754308,0.02459715109718886,0.00875794838485403,6.01032829284668,NA
FRST_WS_002_01,-15.586077271110332,59.72222222222222,11.095991126141216,0.5277777777777778,-2.367938460328774,25,95.4375563554178,0.625,0,0.02029665839318144,0.04927634935299083,61.56437497390367,100,-0.7550766796659714,74.28571428571429,-75.41259671441183,0,3.539687404638265,NA,NA,0.06793564647397074,0,NA,0,5.6680003588016215,7.431924963754308,0.02459715109718886,0.00875794838485403,7.73734760284424,NA
FRST_WS_003_01,-13.879552338281192,56.94444444444444,12.318896878844878,0.5416666666666666,-2.4733913394636757,29.166666666666668,95.51126662625454,0.625,0,0.01963453393708028,0.050003688456535,61.56437497390367,100,-0.7557901357653968,77.14285714285714,-75.41259671441183,0,3.479239574185126,NA,NA,0.06793564647397074,0,6.8870245274361,0,4.814517030009518,7.076414938326233,0.0236736522831163,0.00876688074182604,6.87319183349609,NA
FRST_WS_004_01,-13.879552338281192,56.94444444444444,12.318896878844878,0.5416666666666666,-2.4733913394636757,29.166666666666668,95.51126662625454,0.625,0,0.01907957659931375,0.04913892145842263,61.56437497390367,100,-0.7557901357653968,77.14285714285714,-75.41259671441183,0,3.479239574185126,NA,NA,0.06793564647397074,0,7.427071229811992,0,4.814517030009518,7.076414938326233,0.0236736522831163,0.00876688074182604,8.22979927062988,NA
FRST_WS_005_01,-15.586077271110332,59.72222222222222,11.095991126141216,0.5277777777777778,-2.367938460328774,25,95.4375563554178,0.625,0,0.02059635517402173,0.049700768498881553,61.56437497390367,100,-0.7550766796659714,74.28571428571429,-75.41259671441183,0,3.539687404638265,NA,NA,0.06793564647397074,0,NA,0,5.6680003588016215,7.431924963754308,0.02459715109718886,0.00875794838485403,9.23443984985352,NA
FRST_WS_006_01,-15.586077271110332,59.72222222222222,11.095991126141216,0.5277777777777778,-2.367938460328774,25,95.4375563554178,0.625,0,0.02098252103265087,0.04958065463486681,61.56437497390367,100,-0.7550766796659714,74.28571428571429,-75.41259671441183,0,3.539687404638265,NA,NA,0.06793564647397074,0,3.867571278502005,0,5.6680003588016215,7.431924963754308,0.02459715109718886,0.00875794838485403,5.91311979293823,NA
FRST_WS_007_01,-15.586077271110332,59.72222222222222,11.095991126141216,0.5277777777777778,-2.367938460328774,25,95.4375563554178,0.625,0,0.01981122047830175,0.04947205222258154,61.56437497390367,100,-0.7550766796659714,74.28571428571429,-75.41259671441183,0,3.539687404638265,NA,NA,0.06793564647397074,0,NA,0,5.6680003588016215,7.431924963754308,0.02459715109718886,0.00875794838485403,6.47045183181763,NA
FRST_WS_008_01,-15.586077271110332,59.72222222222222,11.095991126141216,0.5277777777777778,-2.367938460328774,25,95.4375563554178,0.625,0,0.020507395163199,0.04940413295049482,61.56437497390367,100,-0.7550766796659714,74.28571428571429,-75.41259671441183,0,3.539687404638265,NA,NA,0.06793564647397074,0,NA,0,5.6680003588016215,7.431924963754308,0.02459715109718886,0.00875794838485403,9.14200019836426,NA
FRST_WS_009_01,-15.586077271110332,59.72222222222222,11.095991126141216,0.5277777777777778,-2.367938460328774,25,95.4375563554178,0.625,0,0.02035113764213169,0.04945524385099985,61.56437497390367,100,-0.7550766796659714,74.28571428571429,-75.41259671441183,0,3.539687404638265,NA,NA,0.06793564647397074,0,NA,0,5.6680003588016215,7.431924963754308,0.02459715109718886,0.00875794838485403,9.72794342041016,NA
FRST_WS_010_01,-15.586077271110332,59.72222222222222,11.095991126141216,0.5277777777777778,-2.367938460328774,25,95.4375563554178,0.625,0,0.02161512618020544,0.05004263619276714,61.56437497390367,100,-0.7550766796659714,74.28571428571429,-75.41259671441183,0,3.539687404638265,NA,NA,0.06793564647397074,0,4.12357761079702,0,5.6680003588016215,7.431924963754308,0.02459715109718886,0.00875794838485403,6.87476396560669,NA
FRST_WS_011_01,-15.586077271110332,59.72222222222222,11.095991126141216,0.5277777777777778,-2.367938460328774,25,95.4375563554178,0.625,0,0.02153218932568802,0.04986437219996732,61.56437497390367,100,-0.7550766796659714,74.28571428571429,-75.41259671441183,0,3.539687404638265,NA,NA,0.06793564647397074,0,4.22428325838124,0,5.6680003588016215,7.431924963754308,0.02459715109718886,0.00875794838485403,7.86123561859131,NA
FRST_WS_012_01,-13.879552338281192,56.94444444444444,12.318896878844878,0.5416666666666666,-2.4733913394636757,29.166666666666668,95.51126662625454,0.625,0,0.02103306827220502,0.05154560528213101,61.56437497390367,100,-0.7557901357653968,77.14285714285714,43.74413393328543,75,3.479239574185126,NA,NA,-0.04977679192972285,0,6.06963723833523,0,4.814517030009518,7.076414938326233,0.0236736522831163,0.00876688074182604,6.09800004959106,NA
FRST_WS_013_01,-13.879552338281192,56.94444444444444,12.318896878844878,0.5416666666666666,-2.4733913394636757,29.166666666666668,95.51126662625454,0.625,0,0.02183524620306516,0.05181192389238073,61.56437497390367,100,-0.7557901357653968,77.14285714285714,43.74413393328543,75,3.479239574185126,NA,NA,-0.04977679192972285,0,6.045762155387366,0,4.814517030009518,7.076414938326233,0.0236736522831163,0.00876688074182604,9.76184463500977,NA
FRST_WS_014_01,-13.879552338281192,56.94444444444444,12.318896878844878,0.5416666666666666,-2.4733913394636757,29.166666666666668,95.51126662625454,0.625,0,0.02227791226605927,0.0520628446006892,61.56437497390367,100,-0.7557901357653968,77.14285714285714,43.74413393328543,75,3.479239574185126,NA,NA,-0.04977679192972285,0,6.098049344116109,0,4.814517030009518,7.076414938326233,0.0236736522831163,0.00876688074182604,6.52135992050171,NA
FRST_WS_015_01,-13.879552338281192,56.94444444444444,12.318896878844878,0.5416666666666666,-2.4733913394636757,29.166666666666668,95.51126662625454,0.625,0,0.02431051514492029,0.05176977664277293,61.56437497390367,100,-0.7557901357653968,77.14285714285714,43.74413393328543,75,3.479239574185126,NA,NA,-0.04977679192972285,0,5.681914912892316,0,4.814517030009518,7.076414938326233,0.0236736522831163,0.00876688074182604,11.8576602935791,NA
FRST_WS_016_01,-13.879552338281192,56.94444444444444,12.318896878844878,0.5416666666666666,-2.4733913394636757,29.166666666666668,95.51126662625454,0.625,0,0.02351118648242759,0.05087034119635067,61.56437497390367,100,-0.7557901357653968,77.14285714285714,43.74413393328543,75,3.479239574185126,NA,NA,-0.04977679192972285,0,5.8492903837263786,0,4.814517030009518,7.076414938326233,0.0236736522831163,0.00876688074182604,10.6634521484375,NA
FRST_WS_017_01,-15.586077271110332,59.72222222222222,11.095991126141216,0.5277777777777778,-2.367938460328774,25,95.4375563554178,0.625,0,0.02431073495508104,0.05149875968853917,61.56437497390367,100,-0.7550766796659714,74.28571428571429,43.74413393328543,75,3.539687404638265,NA,NA,-0.04977679192972285,0,5.059375348885158,0,5.6680003588016215,7.431924963754308,0.02459715109718886,0.00875794838485403,6.40040016174316,NA
FRST_WS_018_01,-15.586077271110332,59.72222222222222,11.095991126141216,0.5277777777777778,-2.367938460328774,25,95.4375563554178,0.625,0,0.02431073495508104,0.05149875968853917,61.56437497390367,100,-0.7550766796659714,74.28571428571429,43.74413393328543,75,3.539687404638265,NA,NA,-0.04977679192972285,0,5.059375348885158,0,5.6680003588016215,7.431924963754308,0.02459715109718886,0.00875794838485403,6.40040016174316,NA
FRST_WS_019_01,-15.586077271110332,59.72222222222222,11.095991126141216,0.5277777777777778,-2.367938460328774,25,95.4375563554178,0.625,0,0.02422192451049035,0.05132845337233366,61.56437497390367,100,-0.7550766796659714,74.28571428571429,43.74413393328543,75,3.539687404638265,NA,NA,-0.04977679192972285,0,4.989447828291061,0,5.6680003588016215,7.431924963754308,0.02459715109718886,0.00875794838485403,6.40040016174316,NA
FRST_WS_020_01,-15.586077271110332,59.72222222222222,11.095991126141216,0.5277777777777778,-2.367938460328774,25,95.4375563554178,0.625,0,0.02097469697505406,0.04997294031630058,61.56437497390367,100,-0.7550766796659714,74.28571428571429,43.74413393328543,75,3.539687404638265,NA,NA,-0.04977679192972285,0,5.19558429666809,0,5.6680003588016215,7.431924963754308,0.02459715109718886,0.00875794838485403,13.5940799713135,NA
FRST_WS_021_01,-15.586077271110332,59.72222222222222,11.095991126141216,0.5277777777777778,-2.367938460328774,25,95.4375563554178,0.625,0,0.02049945152877787,0.04967252754141983,61.56437497390367,100,-0.7550766796659714,74.28571428571429,43.74413393328543,75,3.539687404638265,NA,NA,-0.04977679192972285,0,5.518721416925673,0,5.6680003588016215,7.431924963754308,0.02459715109718886,0.00875794838485403,12.1957855224609,NA
FRST_WS_022_01,-13.879552338281192,56.94444444444444,12.318896878844878,0.5416666666666666,-2.4733913394636757,29.166666666666668,95.51126662625454,0.625,0,0.01995846946266392,0.05057713103953588,61.56437497390367,100,-0.7557901357653968,77.14285714285714,43.74413393328543,75,3.479239574185126,NA,NA,-0.04977679192972285,0,6.108070486592458,0,4.814517030009518,7.076414938326233,0.0236736522831163,0.00876688074182604,5.8510799407959,NA
FRST_WS_023_01,-13.879552338281192,56.94444444444444,12.318896878844878,0.5416666666666666,-2.4733913394636757,29.166666666666668,95.51126662625454,0.625,0,0.01995846946266392,0.05057713103953588,61.56437497390367,100,-0.7557901357653968,77.14285714285714,43.74413393328543,75,3.479239574185126,NA,NA,-0.04977679192972285,0,6.108070486592458,0,4.814517030009518,7.076414938326233,0.0236736522831163,0.00876688074182604,5.8510799407959,NA
FRST_WS_024_01,-13.879552338281192,56.94444444444444,12.318896878844878,0.5416666666666666,-2.4733913394636757,29.166666666666668,95.51126662625454,0.625,0,0.01967490018481522,0.05055224931943967,61.56437497390367,100,-0.7557901357653968,77.14285714285714,-75.41259671441183,0,3.479239574185126,NA,NA,0.06793564647397074,0,6.749016377386622,0,4.814517030009518,7.076414938326233,0.0236736522831163,0.00876688074182604,3.6576,NA
FRST_WS_025_01,-19.814850692289784,62.5,11.40403113322375,0.5416666666666666,-4.597788936456092,29.166666666666668,90.59505679372305,0.625,2.290844246866449,0.7879202434171921,0.0654072923591661,54.14139171997924,100,-0.7663261344202065,71.42857142857143,43.74413393328543,75,3.4728275942925855,NA,NA,-0.04977679192972285,0,59.760568949538815,42.859710354101864,6.231508354345955,6.667224822900236,0.02776680775953255,0.01233443002852187,3.96180009841919,NA
FRST_WS_026_01,-15.586077271110332,59.72222222222222,11.095991126141216,0.5277777777777778,-2.367938460328774,25,95.4375563554178,0.625,0,0.02078915219681105,0.04942244838730594,61.56437497390367,100,-0.7550766796659714,74.28571428571429,-75.41259671441183,0,3.539687404638265,NA,NA,0.06793564647397074,0,3.75546794187252,0,5.6680003588016215,7.431924963754308,0.02459715109718886,0.00875794838485403,7.637619972229,NA
FRST_WS_027_01,-15.586077271110332,59.72222222222222,11.095991126141216,0.5277777777777778,-2.367938460328774,25,95.4375563554178,0.625,0,0.02078915219681105,0.04942244838730594,61.56437497390367,100,-0.7550766796659714,74.28571428571429,-75.41259671441183,0,3.539687404638265,NA,NA,0.06793564647397074,0,3.75546794187252,0,5.6680003588016215,7.431924963754308,0.02459715109718886,0.00875794838485403,7.637619972229,NA
FRST_WS_028_01,-13.879552338281192,56.94444444444444,12.318896878844878,0.5416666666666666,-2.4733913394636757,29.166666666666668,95.51126662625454,0.625,0,0.02204650184758081,0.05222020387806899,61.56437497390367,100,-0.7557901357653968,77.14285714285714,43.74413393328543,75,3.479239574185126,NA,NA,-0.04977679192972285,0,6.117639785340999,0,4.814517030009518,7.076414938326233,0.0236736522831163,0.00876688074182604,7.66724395751953,NA
FRST_WS_029_01,-15.586077271110332,59.72222222222222,11.095991126141216,0.5277777777777778,-2.367938460328774,25,95.4375563554178,0.625,0,0.02110470121140993,0.04952278842206423,61.56437497390367,100,-0.7550766796659714,74.28571428571429,43.74413393328543,75,3.539687404638265,NA,NA,-0.04977679192972285,0,5.448251810260478,0,5.6680003588016215,7.431924963754308,0.02459715109718886,0.00875794838485403,9.53414440155029,NA
GATE_WS_001_01,-17.847942034080894,63.888888888888886,15.240800442795289,0.75,-4.6471360134819975,31.944444444444443,118.0501276576818,0.5833333333333334,1.1368413720028343,1,0.07955480649990258,54.14139171997924,100,-0.6711716849951028,72.85714285714286,37.065574927389754,90,3.1729396363028197,0.00536868259067037,1.1277597944637932,-9.839661053209828e-4,6.423109704757897,0.43380052684858994,85.38277614165088,3.4434105012151917,4.746663270173247,0.0410561981904449,0.01134347508096284,214.09152000000003,0.04280001258646731
GETT_WS_001_01,-14.34201363784644,48.611111111111114,11.835495365733436,0.5972222222222222,-2.462720443006805,22.22222222222222,93.0846736652578,0.6666666666666666,NA,NA,NA,61.56437497390367,100,-0.7050675215073533,65.71428571428571,15.06259233337379,40,3.2180744254793225,-2.723568827567302e-5,-2.38612105506944,-7.786253408998753e-4,0,NA,NA,2.587464876342237,4.052242040634155,0.01481737942998487,0.01031197441948794,8.58006000518799,0.04320058662694676
GETT_WS_003_01,-13.94283252308014,47.22222222222222,11.85366629941576,0.6111111111111112,-2.519067722490594,23.61111111111111,97.9552125112322,0.6666666666666666,NA,NA,NA,61.56437497390367,100,-0.7114961701218155,64.28571428571429,15.06259233337379,40,3.209803362853594,5.608465500054477e-5,-2.38612105506944,-7.786253408998753e-4,0,NA,NA,2.7504621528917,3.8588836281387935,0.01769987684281707,0.00463254952136364,4.0848274230957,0.04337444362482961
GETT_WS_004_01,-13.763107115630374,44.44444444444444,12.253999355750782,0.6388888888888888,-3.0883196686777787,23.61111111111111,91.9767737891688,0.6666666666666666,NA,NA,NA,61.56437497390367,100,-0.7341371838467563,61.42857142857143,15.06259233337379,40,3.2083987873040183,2.2186776932663077e-4,-2.38612105506944,-7.786253408998753e-4,0,NA,NA,2.8725275639030685,4.400784692902498,0.01946641049375288,0.01487512941713697,8.39969253540039,0.04321315275837733
GETT_WS_005_01,-13.94283252308014,47.22222222222222,11.85366629941576,0.6111111111111112,-2.519067722490594,23.61111111111111,97.9552125112322,0.6666666666666666,NA,NA,NA,61.56437497390367,100,-0.7114961701218155,64.28571428571429,15.06259233337379,40,3.209803362853594,5.608465500054477e-5,-2.38612105506944,-7.786253408998753e-4,0,NA,NA,2.7504621528917,3.8588836281387935,0.01769987684281707,0.00463254952136364,5.63940000534058,0.04337444362482961
GETT_WS_006_01,-13.94283252308014,47.22222222222222,11.85366629941576,0.6111111111111112,-2.519067722490594,23.61111111111111,97.9552125112322,0.6666666666666666,NA,NA,NA,61.56437497390367,100,-0.7114961701218155,64.28571428571429,15.06259233337379,40,3.209803362853594,5.608465500054477e-5,-2.38612105506944,-7.786253408998753e-4,0,NA,NA,2.7504621528917,3.8588836281387935,0.01769987684281707,0.00463254952136364,4.10511445999146,0.04337444362482961
GETT_WS_007_01,-13.94283252308014,47.22222222222222,11.85366629941576,0.6111111111111112,-2.519067722490594,23.61111111111111,97.9552125112322,0.6666666666666666,NA,NA,NA,61.56437497390367,100,-0.7114961701218155,64.28571428571429,15.06259233337379,40,3.209803362853594,5.608465500054477e-5,-2.38612105506944,-7.786253408998753e-4,0,NA,NA,2.7504621528917,3.8588836281387935,0.01769987684281707,0.00463254952136364,5.41110038757324,0.04337444362482961
GETT_WS_008_01,-14.34201363784644,48.611111111111114,11.835495365733436,0.5972222222222222,-2.462720443006805,22.22222222222222,93.0846736652578,0.6666666666666666,NA,NA,NA,61.56437497390367,100,-0.7050675215073533,65.71428571428571,15.06259233337379,40,3.2180744254793225,-2.723568827567302e-5,-2.38612105506944,-7.786253408998753e-4,0,NA,NA,2.587464876342237,4.052242040634155,0.01481737942998487,0.01031197441948794,12.192,0.04320058662694676
GETT_WS_009_01,-13.94283252308014,47.22222222222222,11.85366629941576,0.6111111111111112,-2.519067722490594,23.61111111111111,97.9552125112322,0.6666666666666666,NA,NA,NA,61.56437497390367,100,-0.7114961701218155,64.28571428571429,15.06259233337379,40,3.209803362853594,5.608465500054477e-5,-2.38612105506944,-7.786253408998753e-4,0,NA,NA,2.7504621528917,3.8588836281387935,0.01769987684281707,0.00463254952136364,5.48820018768311,0.04337444362482961
GEWA_WS_001_01,-22.15644990067511,76.38888888888889,15.090796405704468,0.5694444444444444,-2.2313413288735795,22.22222222222222,60.99300264774367,0.5694444444444444,2.5141035221025945,0,0.12387692859743266,47.04503869805253,100,-0.7329089883099137,85.71428571428571,194.81164245566825,100,3.196139011331784,0.00217324909395044,-0.9911145338496165,3.484618489206534e-4,0,40.28595572172925,32.01939903064459,1.0967463619179192,4.641707848811497,0.01781150984109793,0.00902039664132254,99.9744,0.0402580625470318
GICL_WS_001_01,-48.37212575052233,90.27777777777776,123.1858667680283,0.8472222222222222,-13.80438793616016,69.44444444444444,20.6835578432386,0.5694444444444444,NA,NA,NA,27.718808917152664,77.5,-1.7868235072185374,100,65.53696294990802,35,3.098489810773833,0.00431201142915795,-1.5122718511157345,6.211598563279994e-5,62.958999563416896,0,NA,-1.9833446614642591,-3.2438980893354237,-0.04825098857705725,0.00508117675781267,24.384,0.02863978406743901
GLAC_WS_001_01,-7.842329191219228,58.333333333333336,26.769746046853843,1,-5.096330175134719,40.27777777777778,16.217158149578154,0.625,NA,NA,NA,55.76658442022715,100,-0.4022401789400905,65.71428571428571,-8.627318119562354,0,3.431766186445085,0.00487235680316383,1.53058614933363,3.6861834296482605e-5,2.446862665185378,NA,NA,-2.4330283059014164,-3.3851223698368735,-0.01006431428290681,-0.01206041265417028,17.0688,0.030070390538825702
GLAC_WS_002_01,-7.804435937060015,47.22222222222222,45.60080938769058,1,-5.788973233906024,51.388888888888886,24.70417412043441,0.6805555555555556,NA,NA,NA,55.76658442022715,100,-0.7635597630203822,90,29.73376383972292,70,3.3667705287405423,0.00598125917696132,1.53058614933363,-6.501065733951908e-5,28.08978728100995,3.605284949769194,NA,1.566960096359253,0.7814637830963846,-4.71134550482548e-4,0.01512316883766676,13.1212196350098,0.05549589424809426
GLAC_WS_003_01,-8.27923465764363,66.66666666666667,39.27569690463334,1,-5.540102877549559,52.77777777777778,18.354108203565747,0.7222222222222222,NA,NA,NA,55.76658442022715,100,-0.5461225856634158,81.42857142857143,29.73376383972292,70,3.446793827413326,0.00524237293704112,1.53058614933363,-6.501065733951908e-5,25.39553319472733,0,NA,2.305809992055096,1.2276071972317264,0.00346468753693792,0.01513753820348668,10.24128,0.03767082183959707
GLAC_WS_004_01,-6.998008249865635,47.22222222222222,44.43271564675436,1,-4.1337891451982305,45.833333333333336,19.84192860856066,0.625,NA,NA,NA,55.76658442022715,100,-0.5901038195357616,80,29.73376383972292,70,3.425660664795024,0.00570811989084228,1.53058614933363,-6.501065733951908e-5,67.27956328387098,0,NA,3.448528840365233,4.418727327276163,0.02093274852159885,0.01311044575255596,25.115520000000004,0.04087715956628571
GLAC_WS_005_01,-8.27923465764363,66.66666666666667,39.27569690463334,1,-5.540102877549559,52.77777777777778,18.354108203565747,0.7222222222222222,NA,NA,NA,55.76658442022715,100,-0.5461225856634158,81.42857142857143,29.73376383972292,70,3.446793827413326,0.00524237293704112,1.53058614933363,-6.501065733951908e-5,27.2805447555038,0,NA,2.305809992055096,1.2276071972317264,0.00346468753693792,0.01513753820348668,17.312640000000002,0.03767082183959707
GLAC_WS_006_01,-7.523276201528651,66.66666666666667,32.351508701935394,1,-4.970380660575087,43.05555555555556,15.036495795755384,0.6805555555555556,NA,NA,NA,55.76658442022715,100,-0.4492532143778355,72.85714285714286,29.73376383972292,70,3.486822557919341,0.00513990861833062,1.53058614933363,-6.501065733951908e-5,0.8425670294018233,0,NA,1.0893284641026342,0.8437066078186035,0.00246968893429372,-4.047077589354451e-4,0,0.03392052940411153
GLAC_WS_007_01,-7.842329191219228,58.333333333333336,26.769746046853843,1,-5.096330175134719,40.27777777777778,16.217158149578154,0.625,NA,NA,NA,55.76658442022715,100,-0.4022401789400905,65.71428571428571,-8.627318119562354,0,3.431766186445085,0.00487235680316383,1.53058614933363,3.6861834296482605e-5,3.5437962421537144,NA,NA,-2.4330283059014164,-3.3851223698368735,-0.01006431428290681,-0.01206041265417028,14.874240000000002,0.030070390538825702
GLAC_WS_007_02,-7.842329191219228,58.333333333333336,26.769746046853843,1,-5.096330175134719,40.27777777777778,16.217158149578154,0.625,NA,NA,NA,55.76658442022715,100,-0.4022401789400905,65.71428571428571,-8.627318119562354,0,3.431766186445085,0.00487235680316383,1.53058614933363,3.6861834296482605e-5,3.5437962421537144,NA,NA,-2.4330283059014164,-3.3851223698368735,-0.01006431428290681,-0.01206041265417028,10.3268527984619,0.030070390538825702
GLAC_WS_008_01,-8.697940675558256,58.333333333333336,27.703623413700026,1,-5.162258243553188,40.27777777777778,18.598189285244104,0.6805555555555556,NA,NA,NA,55.76658442022715,100,-0.5219039899751926,72.85714285714286,-8.627318119562354,0,3.451316633057375,0.00481556015484583,1.53058614933363,3.6861834296482605e-5,21.42420957656725,NA,NA,-3.2819347750161607,-2.5529501173231304,-0.00899825130093691,0.00255631811824843,9.2913703918457,0.03261483025953922
GLAC_WS_009_01,-10.578776485835489,59.72222222222222,31.316656724376504,1,-6.492897712527439,41.666666666666664,21.22222749424228,0.5138888888888888,NA,NA,NA,55.76658442022715,100,-0.5753664569028907,77.14285714285714,-8.627318119562354,0,3.350539051479953,0.00409457454858258,1.53058614933363,3.6861834296482605e-5,20.46709001284745,NA,NA,-2.319257157587865,-5.419463520376089,-0.00415004074978146,-0.0108181988751447,21.9456,0.04067234837076797
GLAC_WS_009_02,-12.210309216152332,59.72222222222222,29.286651743047948,1,-6.440329043184664,43.05555555555556,35.35709478814591,0.6666666666666666,NA,NA,NA,55.76658442022715,100,-0.6875133771448597,82.85714285714286,-8.627318119562354,0,3.3760897043642903,0.00476782517121621,1.53058614933363,3.6861834296482605e-5,19.828824330955772,NA,NA,-1.1873482313972918,-2.926420262250948,7.934800719935353e-4,-0.01192058987087674,12.192,0.05000813379633277
GLAC_WS_010_01,-7.842329191219228,58.333333333333336,26.769746046853843,1,-5.096330175134719,40.27777777777778,16.217158149578154,0.625,NA,NA,NA,55.76658442022715,100,-0.4022401789400905,65.71428571428571,-8.627318119562354,0,3.431766186445085,0.00487235680316383,1.53058614933363,3.6861834296482605e-5,4.446686076986906,NA,NA,-2.4330283059014164,-3.3851223698368735,-0.01006431428290681,-0.01206041265417028,20.7264,0.030070390538825702
GLAC_WS_011_01,-8.044452036354526,65.27777777777777,27.936465511623073,1,-5.610348943799481,48.611111111111114,18.156282141411793,0.75,NA,NA,NA,55.76658442022715,100,-0.520517081382381,78.57142857142857,29.73376383972292,70,3.4562209765306253,0.00467598303579932,1.53058614933363,-6.501065733951908e-5,0,0,NA,1.7434697974295843,1.1020055082109366,0.00485228156222932,0.01127513145829079,0,0.03174229112730718
GLAC_WS_012_01,-8.281001822564921,56.94444444444444,31.44561752660806,1,-5.233415507978225,33.333333333333336,18.229954654261736,0.625,NA,NA,NA,55.76658442022715,100,-0.46073334211560296,61.42857142857143,-8.627318119562354,0,3.4512867454939378,0.00506367376306566,1.53058614933363,3.6861834296482605e-5,20.106133488756083,NA,NA,-1.4630986550004033,-2.3506453620062984,-0.00586866268215776,-0.01167462195879147,0,0.03611295638527666
GLAC_WS_013_01,-8.260384051444843,62.5,31.3244445761028,1,-4.35753878418386,36.111111111111114,16.091572984674297,0.6666666666666666,NA,NA,NA,55.76658442022715,100,-0.45982594872706306,65.71428571428571,-8.627318119562354,0,3.463707426898937,0.00497852526456086,1.53058614933363,3.6861834296482605e-5,19.30811476587231,NA,NA,0.8740976802886442,0.4965490301450188,-0.00397544085368127,-0.006903401127568,0,0.03552679225590285
GLAC_WS_014_01,-9.80447864345861,65.27777777777777,26.230786034995862,1,-5.601728445609024,38.888888888888886,22.341042100094736,0.6805555555555556,NA,NA,NA,55.76658442022715,100,-0.5100587850772491,71.42857142857143,-8.627318119562354,0,3.3485353391325248,0.00424002996776682,1.53058614933363,3.6861834296482605e-5,29.617756756332525,NA,NA,-3.3818109371723213,-4.637498216154011,-0.00426112244978908,-0.00286105827048972,0,0.03178927766259603
GLAC_WS_015_01,-9.236201101740848,56.94444444444444,31.89165229098165,1,-5.878902678677625,41.666666666666664,20.72182166535083,0.5694444444444444,NA,NA,NA,55.76658442022715,100,-0.5081470825568439,72.85714285714286,-8.627318119562354,0,3.3623073021048615,0.00444702521127134,1.53058614933363,3.6861834296482605e-5,4.265930817485294,NA,NA,-2.37913485809609,-4.753987791116346,-0.0047258578986692,-0.01098808006004052,12.67968,0.03687235193975702
GLAC_WS_016_01,-8.27923465764363,66.66666666666667,39.27569690463334,1,-5.540102877549559,52.77777777777778,18.354108203565747,0.7222222222222222,NA,NA,NA,55.76658442022715,100,-0.5461225856634158,81.42857142857143,29.73376383972292,70,3.446793827413326,0.00524237293704112,1.53058614933363,-6.501065733951908e-5,25.28363265950008,0,NA,2.305809992055096,1.2276071972317264,0.00346468753693792,0.01513753820348668,0,0.03767082183959707
GLAC_WS_017_01,-8.338608395567991,62.5,50.49638864471268,1,-6.3315006198038555,55.55555555555556,23.62374432225044,0.7222222222222222,NA,NA,NA,55.76658442022715,100,-0.7063850405580705,90,29.73376383972292,70,3.393027775200277,0.00684645015295855,1.53058614933363,-6.501065733951908e-5,26.8625389776649,0,NA,1.9414661637059,0.9110546641879864,-8.705403477364537e-4,0.01806714527966966,19.5072,0.05185576979725317
GLAC_WS_018_01,-7.083992296504182,59.72222222222222,49.45298097690787,1,-5.672047765828589,48.611111111111114,14.88590027267298,0.75,NA,NA,NA,55.76658442022715,100,-0.6383365249192398,82.85714285714286,29.73376383972292,70,3.547715635021482,0.00782812255967531,1.53058614933363,-6.501065733951908e-5,74.00666897975297,0,NA,-2.1970128697693045,-3.2116838031344943,-0.02067807801638412,0.0048681640625,27.55392,0.04117095757887887
GLAC_WS_019_01,-7.758773514339292,50,47.29467029138848,1,-6.165069195202371,54.166666666666664,23.75951217605141,0.6944444444444444,NA,NA,NA,55.76658442022715,100,-0.7576760683404272,90,29.73376383972292,70,3.361550964145061,0.00614079178417075,1.53058614933363,-6.501065733951908e-5,26.46131616978925,0,NA,1.6930508517255694,1.0258289402366665,-9.010382694045437e-4,0.01554365118835191,23.1648,0.05357918889597384
GLAC_WS_020_01,-7.785962353374369,68.05555555555556,26.462683853850624,1,-5.383357231992772,45.833333333333336,17.38306805262388,0.7083333333333334,NA,NA,NA,55.76658442022715,100,-0.43719053434528155,72.85714285714286,29.73376383972292,70,3.4761124076191896,0.00486365681242505,1.53058614933363,-6.501065733951908e-5,4.801792217049053,0,NA,-0.28882368887313575,-1.4193952099170637,-0.00123547715124573,-0.00563917210493139,0,0.03008810999507792
GLAC_WS_021_01,-7.629656514611617,56.94444444444444,45.69126421627429,1,-4.270974582061519,44.44444444444444,20.280233214824243,0.5972222222222222,NA,NA,NA,55.76658442022715,100,-0.6648945946878689,85.71428571428571,29.73376383972292,70,3.528972235323185,0.00549093974418307,1.53058614933363,-6.501065733951908e-5,36.01973649022954,0,NA,3.2020744390533764,3.203188601835273,0.01920925640954491,-0.01023391812865493,11.216640000000002,0.04654220749402283
GLAC_WS_022_01,-8.63466272813064,62.5,33.68375786582514,1,-4.853847070834433,37.5,18.372728643151845,0.5138888888888888,NA,NA,NA,55.76658442022715,100,-0.5210070225144573,72.85714285714286,-8.627318119562354,0,3.4215949353636264,0.00433406505209341,1.53058614933363,3.6861834296482605e-5,14.190158820955546,NA,NA,2.377214104238192,2.190126160044732,0.00807956125070876,-0.01487588011188271,9.509760000000002,0.03921619347838193
GLAC_WS_023_01,-8.21219193839958,45.833333333333336,45.86255289257412,1,-4.909827183513526,48.611111111111114,26.39008614286502,0.6388888888888888,NA,NA,NA,55.76658442022715,100,-0.8136249656902715,88.57142857142857,29.73376383972292,70,3.389394445349996,0.00660633550825525,1.53058614933363,-6.501065733951908e-5,55.411494915621006,0,NA,2.747330780884232,3.284930347513269,0.01709917870965289,0.0278483459591633,2.4384,0.05259698804280132
GLAC_WS_024_01,-8.697940675558256,58.333333333333336,27.703623413700026,1,-5.162258243553188,40.27777777777778,18.598189285244104,0.6805555555555556,NA,NA,NA,55.76658442022715,100,-0.5219039899751926,72.85714285714286,-8.627318119562354,0,3.451316633057375,0.00481556015484583,1.53058614933363,3.6861834296482605e-5,14.343459371807176,NA,NA,-3.2819347750161607,-2.5529501173231304,-0.00899825130093691,0.00255631811824843,7.802880000000001,0.03261483025953922
GLAC_WS_024_02,-8.697940675558256,58.333333333333336,27.703623413700026,1,-5.162258243553188,40.27777777777778,18.598189285244104,0.6805555555555556,NA,NA,NA,55.76658442022715,100,-0.5219039899751926,72.85714285714286,-8.627318119562354,0,3.451316633057375,0.00481556015484583,1.53058614933363,3.6861834296482605e-5,14.223190034690656,NA,NA,-3.2819347750161607,-2.5529501173231304,-0.00899825130093691,0.00255631811824843,15.361920000000003,0.03261483025953922
GLAC_WS_025_01,-7.842329191219228,58.333333333333336,26.769746046853843,1,-5.096330175134719,40.27777777777778,16.217158149578154,0.625,NA,NA,NA,55.76658442022715,100,-0.4022401789400905,65.71428571428571,-8.627318119562354,0,3.431766186445085,0.00487235680316383,1.53058614933363,3.6861834296482605e-5,21.25042651231373,0,NA,-2.4330283059014164,-3.3851223698368735,-0.01006431428290681,-0.01206041265417028,8.0969820022583,0.030070390538825702
GLCA_WS_002_01,-11.873252528346969,25,46.351739473918386,0.8055555555555556,-16.38468698200681,47.22222222222222,31.795989433798457,0.625,NA,NA,NA,31.28802133993632,77.5,-3.2287277517665105,100,23.577178001463103,35,3.44116793676754,0.00521611591027353,0.5001026538543605,1.3121683535825007e-4,0,NA,NA,-0.0761730128014269,-1.2994609039151606,-0.02978241888163965,-0.0078939861721462,195.55968,0.02867778132660969
GLCA_WS_002_02,-11.873252528346969,25,46.351739473918386,0.8055555555555556,-16.38468698200681,47.22222222222222,31.795989433798457,0.625,NA,NA,NA,31.28802133993632,77.5,-3.2287277517665105,100,23.577178001463103,35,3.44116793676754,0.00521611591027353,0.5001026538543605,1.3121683535825007e-4,0,NA,NA,-0.0761730128014269,-1.2994609039151606,-0.02978241888163965,-0.0078939861721462,245.0592,0.02867778132660969
GLCA_WS_002_03,-11.873252528346969,25,46.351739473918386,0.8055555555555556,-16.38468698200681,47.22222222222222,31.795989433798457,0.625,NA,NA,NA,31.28802133993632,77.5,-3.2287277517665105,100,23.577178001463103,35,3.44116793676754,0.00521611591027353,0.5001026538543605,1.3121683535825007e-4,0,NA,NA,-0.0761730128014269,-1.2994609039151606,-0.02978241888163965,-0.0078939861721462,195.072,0.02867778132660969
GLCA_WS_003_01,-30.426031950000837,56.94444444444444,111.6660018863409,0.7916666666666666,-15.150308690708805,56.94444444444444,40.74572000391053,0.5694444444444444,NA,NA,NA,31.28802133993632,77.5,-2.502623456743976,100,23.577178001463103,35,3.4042939349789396,0.00641967586745843,0.5001026538543605,1.3121683535825007e-4,0,NA,NA,-0.19175388312174213,-2.6259655260377457,-0.03776102820142435,-0.00402104413067864,72.90816000000001,0.03498233857257112
GLCA_WS_003_02,-30.426031950000837,56.94444444444444,111.6660018863409,0.7916666666666666,-15.150308690708805,56.94444444444444,40.74572000391053,0.5694444444444444,NA,NA,NA,31.28802133993632,77.5,-2.502623456743976,100,23.577178001463103,35,3.4042939349789396,0.00641967586745843,0.5001026538543605,1.3121683535825007e-4,0,NA,NA,-0.19175388312174213,-2.6259655260377457,-0.03776102820142435,-0.00402104413067864,72.90816000000001,0.03498233857257112
GLCA_WS_004_01,-11.776982723081934,26.38888888888889,50.14951726215727,0.7916666666666666,-16.20122702349992,47.22222222222222,34.25790459751514,0.5972222222222222,NA,NA,NA,31.28802133993632,77.5,-3.2066816121852,100,-17.111916296518697,0,3.428238154454613,0.00521564929405798,0.5001026538543605,-4.5909969867016495e-5,0,NA,NA,-0.08424345021415887,-1.050189199591676,-0.02842847671356238,-0.00756389207520388,236.76864000000003,0.02930408194215406
GLCA_WS_004_02,-11.776982723081934,26.38888888888889,50.14951726215727,0.7916666666666666,-16.20122702349992,47.22222222222222,34.25790459751514,0.5972222222222222,NA,NA,NA,31.28802133993632,77.5,-3.2066816121852,100,-17.111916296518697,0,3.428238154454613,0.00521564929405798,0.5001026538543605,-4.5909969867016495e-5,0,NA,NA,-0.08424345021415887,-1.050189199591676,-0.02842847671356238,-0.00756389207520388,257.00736,0.02930408194215406
GLCA_WS_005_01,-9.00753533099416,26.38888888888889,78.1448614688333,0.9305555555555556,-12.822803784322948,45.833333333333336,46.03302599313686,0.6527777777777778,NA,NA,NA,31.28802133993632,77.5,-2.896848847803643,100,-17.111916296518697,0,3.685891361551807,0.00505370518959944,0.5001026538543605,-4.5909969867016495e-5,0,NA,NA,-0.1597630941153815,-2.9145956806631546,-0.06535962913977063,0.04007651246624218,97.536,0.02748758830604797
GLCA_WS_006_01,-16.582681101584956,36.111111111111114,65.6103383139452,0.8194444444444444,-19.07119721051343,59.72222222222222,55.49002984714932,0.5416666666666666,NA,NA,NA,31.28802133993632,77.5,-2.792045078962877,100,91.37870385956415,100,3.363732830218135,0.00696104589837664,0.5001026538543605,4.458452640814057e-5,0,6.598261360144203,NA,-0.08456766787502505,-1.6733310413719331,-0.03338576672076,-0.00591309307611456,0,0.02528996514792458
GLCA_WS_006_02,-16.582681101584956,36.111111111111114,65.6103383139452,0.8194444444444444,-19.07119721051343,59.72222222222222,55.49002984714932,0.5416666666666666,NA,NA,NA,31.28802133993632,77.5,-2.792045078962877,100,91.37870385956415,100,3.363732830218135,0.00696104589837664,0.5001026538543605,4.458452640814057e-5,0,6.392445905873171,NA,-0.08456766787502505,-1.6733310413719331,-0.03338576672076,-0.00591309307611456,0,0.02528996514792458
GLCA_WS_007_01,-10.146093542192366,27.77777777777778,60.97549365404152,0.7361111111111112,-16.07962877812781,55.55555555555556,41.504362269927825,0.5416666666666666,NA,NA,NA,31.28802133993632,77.5,-2.797109874677105,100,23.577178001463103,35,3.343294435077242,0.00487823946751007,0.5001026538543605,1.3121683535825007e-4,0,0,NA,-0.08131295677074897,-1.9641916135578992,-0.03849817934357485,0.00256862231397722,68.2752,0.02941525912954171
GLCA_WS_008_01,-13.161299140788548,26.38888888888889,50.53155359861536,0.8194444444444444,-17.281655698485693,47.22222222222222,34.81582021501252,0.6388888888888888,NA,NA,NA,31.28802133993632,77.5,-3.13980307696634,100,23.577178001463103,35,3.451070763873938,0.00550929087462908,0.5001026538543605,1.3121683535825007e-4,0,NA,NA,-0.090711335403223875,-1.2336134923935111,-0.02869901328295632,-0.00621019673143667,0,0.0281919965607257
GLCA_WS_009_01,-11.155864717587225,30.555555555555557,63.90031677606444,0.75,-17.21029536440325,56.94444444444444,46.500105017534786,0.5277777777777778,NA,NA,NA,31.28802133993632,77.5,-2.8257191879956443,100,91.37870385956415,100,3.3617426516856845,0.00517490182709282,0.5001026538543605,4.458452640814057e-5,0,0,NA,-0.07862728411032832,-1.768156236470348,-0.04015587725327475,0.00330843748869713,87.78240000000001,0.02668568950546996
GLCA_WS_009_02,-11.155864717587225,30.555555555555557,63.90031677606444,0.75,-17.21029536440325,56.94444444444444,46.500105017534786,0.5277777777777778,NA,NA,NA,31.28802133993632,77.5,-2.8257191879956443,100,91.37870385956415,100,3.3617426516856845,0.00517490182709282,0.5001026538543605,4.458452640814057e-5,0,0,NA,-0.07862728411032832,-1.768156236470348,-0.04015587725327475,0.00330843748869713,97.536,0.02668568950546996
GOGA_WS_001_01,-17.069606056890187,52.77777777777778,8.497463279628162,0.6944444444444444,-9.606529191584828,58.333333333333336,6.962410247091574,0.5,0.10182390331008406,0.01088283857093684,1.1513860944878511,27.26391643531442,72.5,-0.6744132088503166,82.85714285714286,79.64558327074953,65,2.1180612976833064,0.00402541353719714,0.134954947523378,-0.00274772754759239,0.4858178092342314,17.83629109325725,42.630491455492354,-0.1508011725949648,0.4667285597659872,-0.00348105759694183,0.01325325012207034,73.152,0.04360028643352155
GOGA_WS_002_01,-17.069606056890187,52.77777777777778,8.497463279628162,0.6944444444444444,-9.606529191584828,58.333333333333336,6.962410247091574,0.5,0.10231874307638122,0.01463106327560423,1.1451277778216795,27.26391643531442,72.5,-0.6744132088503166,82.85714285714286,79.64558327074953,65,2.1180612976833064,0.00402541353719714,0.134954947523378,-0.00274772754759239,0.4750405356872002,16.49398625149459,46.82708458321088,-0.1508011725949648,0.4667285597659872,-0.00348105759694183,0.01325325012207034,42.672,0.04360028643352155
GOGA_WS_003_01,-16.021235275857986,48.611111111111114,6.723458349848954,0.5416666666666666,-9.182815978132838,55.55555555555556,5.05084717122038,0.5416666666666666,0.18354846738580477,0.03951186610601783,1.285779988017167,27.007748827445592,100,-0.5150997980665962,75.71428571428571,374.38842771285226,100,2.3762081008780243,0.0037201023172035,0.134954947523378,0.00160419671932158,7.22284014932549,8.532905814073713,50.32513715721273,-1.1268029057317306,-0.8871299133650804,-0.0106665665179344,-0.01611913138402398,12.192,0.04315283951199927
GOSP_WS_001_01,-24.792510107403583,55.55555555555556,27.918006273833292,0.9861111111111112,-6.851119541178109,34.72222222222222,27.821792203607018,0.6805555555555556,NA,NA,NA,35.27112319048638,90,-1.448472783453784,100,40.97236127016751,65,3.7615926504040154,0.00682180804226361,-0.05125925991603455,8.728833951070943e-4,71.95950347894996,0,NA,-0.7532340450626274,-3.909976491976899,-0.02839295172171156,0.00442954169379339,103.14432000000002,0.0400980970731729
GRBA_WS_002_01,-22.414080909040074,62.5,33.07104081077746,1,-10.863459245529937,48.611111111111114,38.53933673776278,0.7222222222222222,NA,NA,NA,42.25619292877167,90,-1.4251533180932934,100,50.25845824948794,70,3.564000150731056,0.00921148097528398,2.01194782847693,-1.5913989005394574e-5,38.02801589161302,0,NA,1.7506466981782391,2.559978624786993,0.02589434261276677,-0.00955711647316262,7.69179248809814,0.02383134169654788
GRBA_WS_003_01,-19.726012424033208,40.27777777777778,48.70899575560963,0.8888888888888888,-12.44974129538981,51.388888888888886,131.77868553315915,0.5972222222222222,NA,NA,NA,35.27112319048638,90,-2.440892967232769,100,50.25845824948794,70,3.441869012248894,0.00688628556267135,2.01194782847693,-1.5913989005394574e-5,0,0,NA,-0.11162682381333332,-1.6414876102573346,-0.03446930199480561,0.00927984340917694,19.3275871276855,0.03082988684524725
GRBA_WS_003_02,-19.726012424033208,40.27777777777778,48.70899575560963,0.8888888888888888,-12.44974129538981,51.388888888888886,131.77868553315915,0.5972222222222222,NA,NA,NA,35.27112319048638,90,-2.440892967232769,100,50.25845824948794,70,3.441869012248894,0.00688628556267135,2.01194782847693,-1.5913989005394574e-5,0,0,NA,-0.11162682381333332,-1.6414876102573346,-0.03446930199480561,0.00927984340917694,19.3275871276855,0.03082988684524725
GRBA_WS_004_01,-26.134319456273115,63.888888888888886,31.47376372082444,1,-11.441547277588288,51.388888888888886,46.248690297213045,0.7083333333333334,NA,NA,NA,42.25619292877167,90,-1.70211810957229,100,50.25845824948794,70,3.5234679848204946,0.00790391039421947,2.01194782847693,-1.5913989005394574e-5,54.62688087592619,0,NA,1.3943492686551642,1.94930481074979,0.01656054411666666,-0.00971607246784245,11.796817779541,0.02461323215012868
GRBA_WS_005_01,-22.14583741841695,58.333333333333336,32.46001485651697,1,-10.936210410352166,51.388888888888886,37.843314469635125,0.7361111111111112,NA,NA,NA,42.25619292877167,90,-1.387580275155042,100,50.25845824948794,70,3.5409048699800936,0.00953541721073262,2.01194782847693,-1.5913989005394574e-5,1.1631486177020411,0,NA,1.9078156708475251,2.5456407652960875,0.0265031700238016,-0.01178515398943869,30.5738754272461,0.02525716216449331
GRCA_WS_001_01,-22.947925021615983,55.55555555555556,44.4896252508492,1,-12.106752111197116,58.333333333333336,47.84528898780044,0.625,NA,NA,NA,40.12228781398011,77.5,-1.4506378167943836,97.14285714285714,91.37870385956415,100,3.2349146853780812,0.01296829739906476,0.5310124071059397,4.458452640814057e-5,28.77517124415356,0,NA,-2.4764153959501236,-3.5148729078950964,-0.03622062395694949,0.01688277214479387,0,0.02408433909476764
GRCA_WS_002_01,-32.36196598871208,65.27777777777777,148.0992936109058,0.75,-15.359221900367562,52.77777777777778,59.88700557835585,0.5138888888888888,NA,NA,NA,40.12228781398011,77.5,-2.5045770444693676,100,67.991395057746,70,3.0814544846934666,0.00304327417268095,0.5310124071059397,2.167211822088219e-4,0.165894358884848,3.7659681578663142,NA,-0.13036822455733194,-2.1973861490773863,-0.01235994522414338,-0.02337312109676418,0,0.02007501886531021
GRCA_WS_003_01,-22.947925021615983,55.55555555555556,44.4896252508492,1,-12.106752111197116,58.333333333333336,47.84528898780044,0.625,NA,NA,NA,40.12228781398011,77.5,-1.4506378167943836,97.14285714285714,91.37870385956415,100,3.2349146853780812,0.01296829739906476,0.5310124071059397,4.458452640814057e-5,27.073556630569673,0,NA,-2.4764153959501236,-3.5148729078950964,-0.03622062395694949,0.01688277214479387,0,0.02408433909476764
GRSA_WS_001_01,-33.313189749848476,90.27777777777776,17.595470845193912,0.9861111111111112,-11.654971204933394,59.72222222222222,16.770593937616855,0.5555555555555556,NA,NA,NA,32.37993413498433,100,-1.4351549906773593,100,-47.700734467140094,0,3.1940719611328543,0.00924485822613143,1.2574641040321222,-0.02099585017558714,3.761289682048748,NA,NA,3.674538783403851,5.292501007149251,0.02607177872896104,0.01317698595530629,121.92,0.02203195885043349
GRSA_WS_002_01,-33.313189749848476,90.27777777777776,17.595470845193912,0.9861111111111112,-11.654971204933394,59.72222222222222,16.770593937616855,0.5555555555555556,NA,NA,NA,32.37993413498433,100,-1.4351549906773593,100,-47.700734467140094,0,3.1940719611328543,0.00924485822613143,1.2574641040321222,-0.02099585017558714,8.482718113974977,NA,NA,3.674538783403851,5.292501007149251,0.02607177872896104,0.01317698595530629,91.44,0.02203195885043349
GRSM_WS_001_01,-14.771961341881587,76.38888888888889,14.769945264190554,0.875,-3.719891117963161,44.44444444444444,21.453234204263847,0.5555555555555556,NA,NA,NA,60.91994008082783,100,-0.6618050464809259,80,76.08493302063239,100,2.9480738726235707,7.409886162627888e-5,1.010761225285476,-1.078974621006058e-4,26.083277308673775,1.3324442776595502,NA,-3.997486962212456,-2.2208523798470567,-0.00716255984563635,0.00542613841869226,10.5909004211426,0.03755850135192617
GRSM_WS_002_01,-11.22409918235367,66.66666666666667,15.03219166848174,0.8888888888888888,-3.402727786015408,38.888888888888886,40.30024418941336,0.5416666666666666,NA,NA,NA,60.91994008082783,100,-0.5554034126280079,70,388.93968221547806,100,2.92583184501461,3.861471861532559e-4,1.010761225285476,0.00316216532324648,17.152844479563374,0,NA,-0.9781146932531328,2.535627718325001,0.01005360308208302,0.0198974609375,7.01020002365112,0.03515341666256889
GRSM_WS_003_01,-16.951714476678188,86.11111111111111,8.45822158600858,0.6111111111111112,-2.543397919231676,38.888888888888886,24.2146151791897,0.5694444444444444,NA,NA,NA,60.91994008082783,100,-0.6932743229645097,82.85714285714286,248.20570978532888,100,3.0889754186157017,-1.7907776537567227e-4,1.010761225285476,-0.00429874760687957,0.7271167005467787,1.2810569105581353,NA,5.18362164089823,8.337991417778857,0.0269623376818824,0.0202555338541666,48.768,0.0342129512213474
GRSM_WS_005_01,-14.069064031274689,76.38888888888889,17.37661832337058,0.9305555555555556,-3.859239536377704,44.44444444444444,20.773334618609837,0.5555555555555556,NA,NA,NA,60.91994008082783,100,-0.6607551287579839,78.57142857142857,76.08493302063239,100,2.946046126121452,3.6249024130995816e-4,1.010761225285476,-1.078974621006058e-4,4.612370377853563,4.05568556773444,NA,-3.910164968978956,-0.5973113377888998,-0.00800924475865043,0.00973947156113376,106.55808000000002,0.03599919307805291
GRSM_WS_006_01,-13.744397062030432,77.77777777777777,19.435817160551128,0.9444444444444444,-3.5512354753728936,43.05555555555556,20.52963774399893,0.5277777777777778,NA,NA,NA,60.91994008082783,100,-0.6363612724978459,77.14285714285714,76.08493302063239,100,2.9484528582773084,6.075163638536163e-4,1.010761225285476,-1.078974621006058e-4,1.3702233217823363,1.206642210228284,NA,-2.9745515596986976,0.5868177868070948,-0.00649061006680383,0.01911638712831073,8.98979949951172,0.03491165698405551
GRSM_WS_007_01,-13.56550990895549,75,12.264925431538057,0.75,-2.656546586744197,36.111111111111114,34.825661789412756,0.625,NA,NA,NA,60.91994008082783,100,-0.5985584876259223,78.57142857142857,248.20570978532888,100,3.0015239856101683,-2.2904047497958324e-4,1.010761225285476,-0.00429874760687957,0.5512364456757934,1.3758339434007072,NA,1.5026764472325596,5.616912656360228,0.02057971536319572,0.01763155249788539,58.52160000000001,0.03562278586474111
GRSM_WS_008_01,-13.56550990895549,75,12.264925431538057,0.75,-2.656546586744197,36.111111111111114,34.825661789412756,0.625,NA,NA,NA,60.91994008082783,100,-0.5985584876259223,78.57142857142857,248.20570978532888,100,3.0015239856101683,-2.2904047497958324e-4,1.010761225285476,-0.00429874760687957,0.4362972591714913,1.828010296649148,NA,1.5026764472325596,5.616912656360228,0.02057971536319572,0.01763155249788539,3.35139989852905,0.03562278586474111
GRSM_WS_009_01,-13.56550990895549,75,12.264925431538057,0.75,-2.656546586744197,36.111111111111114,34.825661789412756,0.625,NA,NA,NA,60.91994008082783,100,-0.5985584876259223,78.57142857142857,248.20570978532888,100,3.0015239856101683,-2.2904047497958324e-4,1.010761225285476,-0.00429874760687957,0.5404478927517696,1.3353163699657251,NA,1.5026764472325596,5.616912656360228,0.02057971536319572,0.01763155249788539,7.92360019683838,0.03562278586474111
GRSM_WS_011_01,-10.919393876960092,76.38888888888889,26.25185684430936,0.9722222222222222,-3.435338148640964,45.833333333333336,36.94154644005991,0.5555555555555556,NA,NA,NA,60.91994008082783,100,-0.4908892938987079,74.28571428571429,133.79509849473143,100,2.979390718888494,5.841653291777313e-4,1.010761225285476,5.150327688512686e-4,16.637962888613217,0,NA,2.235781261656018,7.797441164652507,0.01612175337374344,0.05987738553809103,3.93997740745544,0.03031252857014588
GRSM_WS_012_01,-10.751594126959988,69.44444444444444,21.713376506295685,0.9583333333333334,-3.7854890483965185,37.5,38.23152778801295,0.625,NA,NA,NA,60.91994008082783,100,-0.5428355328739538,72.85714285714286,388.93968221547806,100,2.950843669132901,5.94875765467906e-4,1.010761225285476,0.00316216532324648,0.7268704246312614,0,NA,-1.5433629353841174,3.8028527365790454,0.00193347196933729,0.0472295549180779,36.08832,0.03241097824746285
GRSM_WS_013_01,-15.092408556016744,81.94444444444444,15.13163141503316,0.8194444444444444,-3.3637851201125772,38.888888888888886,24.406700800801666,0.625,NA,NA,NA,60.91994008082783,100,-0.6842787507532757,81.42857142857143,31.69934739701449,75,3.063960216758451,-2.9514560486054026e-4,1.010761225285476,1.7429394578906887e-5,3.7922632301526704,0.02501060071377087,NA,4.631473289595704,8.355812557159911,0.0274756947968235,0.03053090601791582,8.53470039367676,0.03191464670472947
GRSM_WS_014_01,-15.092408556016744,81.94444444444444,15.13163141503316,0.8194444444444444,-3.3637851201125772,38.888888888888886,24.406700800801666,0.625,NA,NA,NA,60.91994008082783,100,-0.6842787507532757,81.42857142857143,31.69934739701449,75,3.063960216758451,-2.9514560486054026e-4,1.010761225285476,1.7429394578906887e-5,1.259236484273566,0.2057923512790793,NA,4.631473289595704,8.355812557159911,0.0274756947968235,0.03053090601791582,6.08188009262085,0.03191464670472947
GRSM_WS_016_01,-12.396607593705848,76.38888888888889,20.982549727860615,0.9305555555555556,-3.385125805266086,45.833333333333336,27.606120525341787,0.5138888888888888,NA,NA,NA,60.91994008082783,100,-0.5257504574780596,74.28571428571429,133.79509849473143,100,2.989565491533906,6.172855858064402e-4,1.010761225285476,5.150327688512686e-4,0,1.8041655945680155,NA,1.3581505720166176,3.3157387486210532,0.0089818896563984,0.03802190464283916,3.35139989852905,0.0327493735739601
GRSM_WS_017_01,-13.70010944884667,80.55555555555556,17.15661587688324,0.8333333333333334,-3.4177775946052007,43.05555555555556,28.734891340139395,0.5694444444444444,NA,NA,NA,60.91994008082783,100,-0.5889857896942877,82.85714285714286,133.79509849473143,100,2.9966978881521467,-2.145459191375751e-4,1.010761225285476,5.150327688512686e-4,0.6632961092191442,2.552696762652771,NA,3.1506908377587517,7.571094214670944,0.01949915886284889,0.06212470644996263,18.2326278686523,0.03284605358567284
GRSM_WS_019_01,-10.919393876960092,76.38888888888889,26.25185684430936,0.9722222222222222,-3.435338148640964,45.833333333333336,36.94154644005991,0.5555555555555556,NA,NA,NA,60.91994008082783,100,-0.4908892938987079,74.28571428571429,133.79509849473143,100,2.979390718888494,5.841653291777313e-4,1.010761225285476,5.150327688512686e-4,30.94657086050884,0,NA,2.235781261656018,7.797441164652507,0.01612175337374344,0.05987738553809103,19.1009082794189,0.03031252857014588
GRSM_WS_020_01,-15.206173870627612,73.61111111111111,10.453226802501163,0.7083333333333334,-3.877798447127069,41.666666666666664,22.06625535784923,0.5833333333333334,NA,NA,NA,60.91994008082783,100,-0.7237991614061764,81.42857142857143,76.08493302063239,100,3.002137452660683,-7.266776732274341e-4,1.010761225285476,-1.078974621006058e-4,7.37990593955258,1.8919090695199223,NA,-1.9308324213381145,-0.48465688493516834,-8.059300400911316e-4,0.01172735426161022,0,0.04153499733734784
GRSM_WS_022_01,-13.025482547019063,77.77777777777777,18.65589427125576,0.9166666666666666,-3.398413932576315,45.833333333333336,17.821143628119398,0.5277777777777778,NA,NA,NA,60.91994008082783,100,-0.5625801528374327,77.14285714285714,133.79509849473143,100,2.987674373025108,4.553998032706466e-4,1.010761225285476,5.150327688512686e-4,2.270942661948195,2.1058922554822708,NA,0.25635370943281416,2.180294942855835,0.00529995633824282,0.03612707798777075,4.74167203903198,0.03406728678787819
GRSM_WS_023_01,-10.22941424455551,69.44444444444444,26.3252920740187,0.9722222222222222,-3.6985927480015848,41.666666666666664,47.97315552539833,0.5833333333333334,NA,NA,NA,60.91994008082783,100,-0.4793311088379209,71.42857142857143,388.93968221547806,100,2.959278145998608,9.126656172448769e-4,1.010761225285476,0.00316216532324648,36.91068958752776,0,NA,0.6836323267147892,5.711925730293185,0.00416749452076291,0.05750381543440512,4.97869205474854,0.03080885191603339
GRSM_WS_024_01,-10.751594126959988,69.44444444444444,21.713376506295685,0.9583333333333334,-3.7854890483965185,37.5,38.23152778801295,0.625,NA,NA,NA,60.91994008082783,100,-0.5428355328739538,72.85714285714286,388.93968221547806,100,2.950843669132901,5.94875765467906e-4,1.010761225285476,0.00316216532324648,0.7268704246312614,0,NA,-1.5433629353841174,3.8028527365790454,0.00193347196933729,0.0472295549180779,8.80457401275635,0.03241097824746285
GRSM_WS_025_01,-13.923716213774878,79.16666666666667,12.187206071488417,0.7222222222222222,-3.2597145753636174,45.833333333333336,24.39144006433354,0.5555555555555556,NA,NA,NA,60.91994008082783,100,-0.6047396457913738,82.85714285714286,133.79509849473143,100,2.9912270506935172,-3.899669088166871e-4,1.010761225285476,5.150327688512686e-4,0.2906627565965278,1.26046555286649,NA,1.7592673743212497,5.0909721737816325,0.01151047656857287,0.0447821642355943,0,0.03591721144081732
GRSM_WS_026_01,-10.853918660906391,68.05555555555556,21.08210111814712,0.9583333333333334,-3.733498649928043,41.666666666666664,45.68266506584726,0.6111111111111112,NA,NA,NA,60.91994008082783,100,-0.4973749841923376,72.85714285714286,388.93968221547806,100,2.9488245784785345,7.350352856044726e-4,1.010761225285476,0.00316216532324648,22.70090372955637,0.49960875287913264,NA,0.2047829627990723,3.945715068299099,0.00317277751454709,0.04650158352322098,5.88778352737427,0.03368834218415732
GRSM_WS_031_01,-14.085393176127162,77.77777777777777,14.967274299856996,0.8611111111111112,-3.246628586942108,47.22222222222222,19.546542449762228,0.5138888888888888,NA,NA,NA,60.91994008082783,100,-0.6387390438301305,81.42857142857143,76.08493302063239,100,2.98462410098478,-8.740710384876754e-5,1.010761225285476,-1.078974621006058e-4,7.129333731289375,0.9971169491764564,NA,0.02130307470049177,1.8961570174605664,0.00298867305255773,0.03011690775553388,11.91481590271,0.03652719694166401
GRSM_WS_032_01,-13.537546110249648,77.77777777777777,16.05428308969083,0.875,-3.9717752738781233,45.833333333333336,23.14092784917005,0.5694444444444444,NA,NA,NA,60.91994008082783,100,-0.5921469468426113,78.57142857142857,388.93968221547806,100,2.8471373973828964,3.801335920082597e-4,1.010761225285476,0.00316216532324648,0.2905346452744939,3.5313632724293686,NA,-8.251042889733595,-7.595162250377523,-0.02124430396135581,-0.00553832230744533,45.35424,0.03598062158414572
GRSM_WS_033_01,-13.782497590572692,80.55555555555556,14.292144004941742,0.75,-3.3782154240951914,44.44444444444444,24.70456581472318,0.5833333333333334,NA,NA,NA,60.91994008082783,100,-0.5917512748725636,82.85714285714286,133.79509849473143,100,2.992383520093302,-4.669687102297204e-4,1.010761225285476,5.150327688512686e-4,0.2927096046586748,1.6483696197284576,NA,1.956343549269216,7.054954087292714,0.0162366615639067,0.05561440721505419,7.61999988555908,0.03439893237852747
GRTE_WS_001_01,-6.812581625261667,34.72222222222222,32.01583882059077,1,-2.5178079617416693,34.72222222222222,6.653150690010671,0.5555555555555556,NA,NA,NA,67.22681502844728,100,-0.9290331659907178,92.85714285714286,55.0279776275984,90,3.822486239427212,0.00762281302565812,1.4482075429632382,-8.287700758170437e-4,3.994112805709096,18.998399815433288,NA,1.913941248641376,1.102404493274109,0.00972066917571247,0.0277006361219618,6.096,0.0330639578601614
GRTE_WS_002_01,-5.729241570769857,38.888888888888886,23.394196745489044,1,-2.9541281981718543,27.77777777777778,6.250261263382089,0.5138888888888888,NA,NA,NA,67.22681502844728,100,-0.6093456636694833,78.57142857142857,55.0279776275984,90,3.8243154476288046,0.00741945244040532,1.4482075429632382,-8.287700758170437e-4,0.5944168534385464,27.768003568261257,NA,1.9066604275058423,2.1437915003197863,0.00804360863433946,0.0281069013807509,13.3976535797119,0.02092646507863507
GRTE_WS_004_01,-5.729241570769857,38.888888888888886,23.394196745489044,1,-2.9541281981718543,27.77777777777778,6.250261263382089,0.5138888888888888,NA,NA,NA,67.22681502844728,100,-0.6093456636694833,78.57142857142857,55.0279776275984,90,3.8243154476288046,0.00741945244040532,1.4482075429632382,-8.287700758170437e-4,8.036225128642611,9.90487920427049,NA,1.9066604275058423,2.1437915003197863,0.00804360863433946,0.0281069013807509,20.8113803863525,0.02092646507863507
GRTE_WS_005_01,-7.001301213065801,34.72222222222222,29.01168308489803,1,-2.834094432712855,31.944444444444443,6.815953525450869,0.5138888888888888,NA,NA,NA,67.22681502844728,100,-0.6955567057135543,80,55.0279776275984,90,3.7928176439174006,0.00766923057244967,1.4482075429632382,-8.287700758170437e-4,7.318816790292369,7.43477832713873,NA,1.817687463342096,1.5399667451411132,0.01219838030303491,0.02095100207206535,9.0400447845459,0.02752702555971717
GRTE_WS_006_01,-8.331401167335772,40.27777777777778,32.49806592283715,1,-3.154132792317181,30.555555555555557,8.35719248231658,0.5833333333333334,NA,NA,NA,67.22681502844728,100,-1.2085701633527244,98.57142857142856,55.0279776275984,90,3.8068848292412674,0.00817162485508703,1.4482075429632382,-8.287700758170437e-4,0.9228105735983028,2.478081744522031,NA,1.6511869856289476,1.2144131895936583,0.01165943428408655,0.02583871607766869,12.4203624725342,0.04360686839909338
GRTE_WS_007_01,-13.20248943066295,48.611111111111114,33.41994739721507,1,-4.519743251735277,33.333333333333336,8.85794179528086,0.5277777777777778,NA,NA,NA,67.22681502844728,100,-1.1657856657171324,98.57142857142856,55.0279776275984,90,3.8027017028718193,0.00857677461064913,1.4482075429632382,-8.287700758170437e-4,0.15851993342744303,7.518439862677548,NA,1.8898236024328785,0.6703537078130759,0.00529624584941636,0.03857946648168818,42.672,0.04220913394341263
GRTE_WS_008_01,-6.812581625261667,34.72222222222222,32.01583882059077,1,-2.5178079617416693,34.72222222222222,6.653150690010671,0.5555555555555556,NA,NA,NA,67.22681502844728,100,-0.9290331659907178,92.85714285714286,55.0279776275984,90,3.822486239427212,0.00762281302565812,1.4482075429632382,-8.287700758170437e-4,2.40397075920778,17.441119795787266,NA,1.913941248641376,1.102404493274109,0.00972066917571247,0.0277006361219618,24.384,0.0330639578601614
GRTE_WS_009_01,-9.104440150578164,43.05555555555556,34.38103141080935,1,-4.44591850820733,36.111111111111114,9.273260873746418,0.5555555555555556,NA,NA,NA,67.22681502844728,100,-0.9828125656033534,88.57142857142857,55.0279776275984,90,3.657489995494016,0.00920955176211402,1.4482075429632382,-8.287700758170437e-4,5.1860331220472435,16.710552108154676,NA,-0.5906484699438498,-1.0833002102920426,0.00135802535817996,-0.02100438801551438,6.77951383590698,0.04134843465085577
GRTE_WS_009_02,-9.104440150578164,43.05555555555556,34.38103141080935,1,-4.44591850820733,36.111111111111114,9.273260873746418,0.5555555555555556,NA,NA,NA,67.22681502844728,100,-0.9828125656033534,88.57142857142857,55.0279776275984,90,3.657489995494016,0.00920955176211402,1.4482075429632382,-8.287700758170437e-4,5.1860331220472435,16.710552108154676,NA,-0.5906484699438498,-1.0833002102920426,0.00135802535817996,-0.02100438801551438,6.77951383590698,0.04134843465085577
GRTE_WS_010_01,-11.043651548563563,56.94444444444444,29.66320704681315,1,-3.361510350840856,31.944444444444443,8.771183199845861,0.5555555555555556,NA,NA,NA,67.22681502844728,100,-1.0910717602134563,97.14285714285714,55.0279776275984,90,3.7726420145593114,0.00735518945814197,1.4482075429632382,-8.287700758170437e-4,3.5066739057585705,2.068329067761141,NA,0.633389127355268,0.9563910943490554,0.01052743224732771,0.02074178059895835,47.5488,0.03748855005928816
GRTE_WS_011_01,-7.208565695330749,38.888888888888886,34.960228189895076,1,-3.1974333481832846,30.555555555555557,8.376621954468542,0.5694444444444444,NA,NA,NA,67.22681502844728,100,-1.078348268082712,97.14285714285714,55.0279776275984,90,3.7750435012215786,0.0090670853514836,1.4482075429632382,-8.287700758170437e-4,3.7583919931675176,1.70065770345426,NA,1.3204744444401324,1.2219865498719382,0.01135884127773824,0.01476144383096286,22.8600006103516,0.04237357960183471
GRTE_WS_012_01,-8.87042187243843,43.05555555555556,36.16031753859263,1,-4.548169310690887,36.111111111111114,10.318334470089605,0.5694444444444444,NA,NA,NA,67.22681502844728,100,-0.970258233111167,91.42857142857144,55.0279776275984,90,3.682583714590184,0.00935240496573541,1.4482075429632382,-8.287700758170437e-4,0.337456297348575,35.51055100575338,NA,-0.13979983812681004,-0.8101503716574759,-2.9283483619380046e-4,-0.02008012685265568,63.3984,0.04223324947066998
GRTE_WS_012_02,-8.87042187243843,43.05555555555556,36.16031753859263,1,-4.548169310690887,36.111111111111114,10.318334470089605,0.5694444444444444,NA,NA,NA,67.22681502844728,100,-0.970258233111167,91.42857142857144,55.0279776275984,90,3.682583714590184,0.00935240496573541,1.4482075429632382,-8.287700758170437e-4,0.38207824091750114,35.29246994417604,NA,-0.13979983812681004,-0.8101503716574759,-2.9283483619380046e-4,-0.02008012685265568,79.248,0.04223324947066998
GRTE_WS_013_01,-13.20248943066295,48.611111111111114,33.41994739721507,1,-4.519743251735277,33.333333333333336,8.85794179528086,0.5277777777777778,NA,NA,NA,67.22681502844728,100,-1.1657856657171324,98.57142857142856,55.0279776275984,90,3.8027017028718193,0.00857677461064913,1.4482075429632382,-8.287700758170437e-4,0.15852094693082683,7.661396494318026,NA,1.8898236024328785,0.6703537078130759,0.00529624584941636,0.03857946648168818,58.03392,0.04220913394341263
GRTE_WS_014_01,-5.729241570769857,38.888888888888886,23.394196745489044,1,-2.9541281981718543,27.77777777777778,6.250261263382089,0.5138888888888888,NA,NA,NA,67.22681502844728,100,-0.6093456636694833,78.57142857142857,55.0279776275984,90,3.8243154476288046,0.00741945244040532,1.4482075429632382,-8.287700758170437e-4,7.954356825337748,16.604629150303747,NA,1.9066604275058423,2.1437915003197863,0.00804360863433946,0.0281069013807509,23.896320000000003,0.02092646507863507
GRTE_WS_015_01,-13.20248943066295,48.611111111111114,33.41994739721507,1,-4.519743251735277,33.333333333333336,8.85794179528086,0.5277777777777778,NA,NA,NA,67.22681502844728,100,-1.1657856657171324,98.57142857142856,55.0279776275984,90,3.8027017028718193,0.00857677461064913,1.4482075429632382,-8.287700758170437e-4,0.1585238756632724,7.874172938481247,NA,1.8898236024328785,0.6703537078130759,0.00529624584941636,0.03857946648168818,49.9872,0.04220913394341263
GRTE_WS_016_01,-8.35552132766196,58.333333333333336,25.944689481762076,1,-4.826236252634432,37.5,8.798877942806156,0.5694444444444444,NA,NA,NA,67.22681502844728,100,-0.6266925003850942,78.57142857142857,55.0279776275984,90,3.626678095804844,0.0073190800285497,1.4482075429632382,-8.287700758170437e-4,7.178339527821301,36.09957441393144,NA,-1.8064573598496696,-2.489755769061232,-0.00655784065687608,-0.00125516098713187,24.62784000000001,0.02636594270532361
GRTE_WS_017_01,-7.34992789608017,40.27777777777778,26.458775120088813,1,-3.510720980948564,30.555555555555557,7.73906616267252,0.5416666666666666,NA,NA,NA,67.22681502844728,100,-0.6180913500214612,78.57142857142857,55.0279776275984,90,3.74515429895174,0.0079362556684724,1.4482075429632382,-8.287700758170437e-4,0.19146211697235457,15.663494150281709,NA,1.521528418338497,0.9076965755886476,0.01095018171611881,-4.655343514902155e-4,91.92768,0.02539319694140549
GRTE_WS_018_01,-8.331401167335772,40.27777777777778,32.49806592283715,1,-3.154132792317181,30.555555555555557,8.35719248231658,0.5833333333333334,NA,NA,NA,67.22681502844728,100,-1.2085701633527244,98.57142857142856,55.0279776275984,90,3.8068848292412674,0.00817162485508703,1.4482075429632382,-8.287700758170437e-4,1.6116361243513349,16.762415830711344,NA,1.6511869856289476,1.2144131895936583,0.01165943428408655,0.02583871607766869,9.76928234100342,0.04360686839909338
GRTE_WS_019_01,-6.812581625261667,34.72222222222222,32.01583882059077,1,-2.5178079617416693,34.72222222222222,6.653150690010671,0.5555555555555556,NA,NA,NA,67.22681502844728,100,-0.9290331659907178,92.85714285714286,55.0279776275984,90,3.822486239427212,0.00762281302565812,1.4482075429632382,-8.287700758170437e-4,4.850513050333629,19.085456439025076,NA,1.913941248641376,1.102404493274109,0.00972066917571247,0.0277006361219618,7.315200000000001,0.0330639578601614
GRTE_WS_020_01,-9.7236528434253,50,34.65386455050502,1,-4.481818417982952,36.111111111111114,9.930934611019964,0.5555555555555556,NA,NA,NA,67.22681502844728,100,-0.8929651338455996,87.14285714285714,55.0279776275984,90,3.6486968016159183,0.00910427263468982,1.4482075429632382,-8.287700758170437e-4,14.904652171952115,7.332938186730193,NA,-0.5983669145959598,-1.6009545114305277,6.087464312758079e-5,-0.01712047435619208,21.214080000000003,0.03785352231418865
GRTE_WS_020_02,-9.7236528434253,50,34.65386455050502,1,-4.481818417982952,36.111111111111114,9.930934611019964,0.5555555555555556,NA,NA,NA,67.22681502844728,100,-0.8929651338455996,87.14285714285714,55.0279776275984,90,3.6486968016159183,0.00910427263468982,1.4482075429632382,-8.287700758170437e-4,15.534270309181489,7.117799426357559,NA,-0.5983669145959598,-1.6009545114305277,6.087464312758079e-5,-0.01712047435619208,16.33728,0.03785352231418865
GRTE_WS_020_03,-9.7236528434253,50,34.65386455050502,1,-4.481818417982952,36.111111111111114,9.930934611019964,0.5555555555555556,NA,NA,NA,67.22681502844728,100,-0.8929651338455996,87.14285714285714,55.0279776275984,90,3.6486968016159183,0.00910427263468982,1.4482075429632382,-8.287700758170437e-4,15.376588164279733,7.2662894173201185,NA,-0.5983669145959598,-1.6009545114305277,6.087464312758079e-5,-0.01712047435619208,16.33728,0.03785352231418865
GRTE_WS_021_01,-11.476526604160268,59.72222222222222,27.78548743853809,1,-3.5780456323773593,34.72222222222222,8.863036127781193,0.5416666666666666,NA,NA,NA,67.22681502844728,100,-0.9978259531710628,95.71428571428572,55.0279776275984,90,3.793123777527013,0.00706271260957576,1.4482075429632382,-8.287700758170437e-4,5.531403933081401,3.495377444331592,NA,0.6334650776484326,0.7689559989505312,0.00818893290861177,0.02877298990885416,7.61999988555908,0.03430296279810779
GRTE_WS_022_01,-10.04933153802714,48.611111111111114,35.7854797462559,1,-4.476518871896007,37.5,10.391946012117616,0.5833333333333334,NA,NA,NA,67.22681502844728,100,-0.807075253694508,81.42857142857143,55.0279776275984,90,3.6628818278386737,0.00933237058569293,1.4482075429632382,-8.287700758170437e-4,0.9064598253031454,32.247445391938676,NA,-0.2839425416194911,-2.081164029688613,-0.00257020430592343,-0.01431163404353711,10.24128,0.03598309851502929
GRTE_WS_023_01,-9.991803950380085,48.611111111111114,31.854162917479194,1,-3.83824109270339,33.333333333333336,8.84838263780521,0.5555555555555556,NA,NA,NA,67.22681502844728,100,-0.98867824849335,91.42857142857144,55.0279776275984,90,3.682487101371617,0.00852567426031591,1.4482075429632382,-8.287700758170437e-4,18.18803301716291,17.157291519664728,NA,0.08079594949053899,-0.4194368934631348,0.00270134589025614,-0.0104715276647497,97.536,0.03863769080359576
GRTE_WS_024_01,-8.87042187243843,43.05555555555556,36.16031753859263,1,-4.548169310690887,36.111111111111114,10.318334470089605,0.5694444444444444,NA,NA,NA,67.22681502844728,100,-0.970258233111167,91.42857142857144,55.0279776275984,90,3.682583714590184,0.00935240496573541,1.4482075429632382,-8.287700758170437e-4,0.38207824091750114,35.29246994417604,NA,-0.13979983812681004,-0.8101503716574759,-2.9283483619380046e-4,-0.02008012685265568,68.76288000000001,0.04223324947066998
GRTE_WS_025_01,-9.388207085527132,56.94444444444444,31.48504919491192,1,-4.719827536914094,34.72222222222222,8.83996106906047,0.5694444444444444,NA,NA,NA,67.22681502844728,100,-0.7305551681818973,78.57142857142857,55.0279776275984,90,3.6126216982332946,0.00847823124252186,1.4482075429632382,-8.287700758170437e-4,6.798818686901481,48.90465025983677,NA,-1.382468743966176,-2.3986908640838465,-0.00555865425903209,-0.00412001433195896,23.1648,0.03234379606234056
GRTE_WS_025_02,-9.388207085527132,56.94444444444444,31.48504919491192,1,-4.719827536914094,34.72222222222222,8.83996106906047,0.5694444444444444,NA,NA,NA,67.22681502844728,100,-0.7305551681818973,78.57142857142857,55.0279776275984,90,3.6126216982332946,0.00847823124252186,1.4482075429632382,-8.287700758170437e-4,6.798818686901481,48.90465025983677,NA,-1.382468743966176,-2.3986908640838465,-0.00555865425903209,-0.00412001433195896,23.1648,0.03234379606234056
GRTE_WS_026_01,-7.001301213065801,34.72222222222222,29.01168308489803,1,-2.834094432712855,31.944444444444443,6.815953525450869,0.5138888888888888,NA,NA,NA,67.22681502844728,100,-0.6955567057135543,80,55.0279776275984,90,3.7928176439174006,0.00766923057244967,1.4482075429632382,-8.287700758170437e-4,6.079887883960894,10.275756003843256,NA,1.817687463342096,1.5399667451411132,0.01219838030303491,0.02095100207206535,36.819840000000006,0.02752702555971717
GRTE_WS_027_01,-7.34992789608017,40.27777777777778,26.458775120088813,1,-3.510720980948564,30.555555555555557,7.73906616267252,0.5416666666666666,NA,NA,NA,67.22681502844728,100,-0.6180913500214612,78.57142857142857,55.0279776275984,90,3.74515429895174,0.0079362556684724,1.4482075429632382,-8.287700758170437e-4,0.5874432935846245,11.487162165889316,NA,1.521528418338497,0.9076965755886476,0.01095018171611881,-4.655343514902155e-4,60.96,0.02539319694140549
GRTE_WS_028_01,-11.476526604160268,59.72222222222222,27.78548743853809,1,-3.5780456323773593,34.72222222222222,8.863036127781193,0.5416666666666666,NA,NA,NA,67.22681502844728,100,-0.9978259531710628,95.71428571428572,55.0279776275984,90,3.793123777527013,0.00706271260957576,1.4482075429632382,-8.287700758170437e-4,5.260665582144068,3.470293161573151,NA,0.6334650776484326,0.7689559989505312,0.00818893290861177,0.02877298990885416,4.86155986785889,0.03430296279810779
GRTE_WS_029_01,-11.043651548563563,56.94444444444444,29.66320704681315,1,-3.361510350840856,31.944444444444443,8.771183199845861,0.5555555555555556,NA,NA,NA,67.22681502844728,100,-1.0910717602134563,97.14285714285714,55.0279776275984,90,3.7726420145593114,0.00735518945814197,1.4482075429632382,-8.287700758170437e-4,5.380711319468822,3.555132008579172,NA,0.633389127355268,0.9563910943490554,0.01052743224732771,0.02074178059895835,3.96119999885559,0.03748855005928816
GRTE_WS_030_01,-10.04933153802714,48.611111111111114,35.7854797462559,1,-4.476518871896007,37.5,10.391946012117616,0.5833333333333334,NA,NA,NA,67.22681502844728,100,-0.807075253694508,81.42857142857143,55.0279776275984,90,3.6628818278386737,0.00933237058569293,1.4482075429632382,-8.287700758170437e-4,4.939513230398909,46.06250059585892,NA,-0.2839425416194911,-2.081164029688613,-0.00257020430592343,-0.01431163404353711,31.6992,0.03598309851502929
GRTE_WS_031_01,-7.001301213065801,34.72222222222222,29.01168308489803,1,-2.834094432712855,31.944444444444443,6.815953525450869,0.5138888888888888,NA,NA,NA,67.22681502844728,100,-0.6955567057135543,80,55.0279776275984,90,3.7928176439174006,0.00766923057244967,1.4482075429632382,-8.287700758170437e-4,1.9268710920757504,11.658552797424887,NA,1.817687463342096,1.5399667451411132,0.01219838030303491,0.02095100207206535,25.115520000000004,0.02752702555971717
GRTE_WS_032_01,-5.729241570769857,38.888888888888886,23.394196745489044,1,-2.9541281981718543,27.77777777777778,6.250261263382089,0.5138888888888888,NA,NA,NA,67.22681502844728,100,-0.6093456636694833,78.57142857142857,55.0279776275984,90,3.8243154476288046,0.00741945244040532,1.4482075429632382,-8.287700758170437e-4,4.45852161464639,18.4298689782866,NA,1.9066604275058423,2.1437915003197863,0.00804360863433946,0.0281069013807509,3.43248677253723,0.02092646507863507
GRTE_WS_033_01,-8.87042187243843,43.05555555555556,36.16031753859263,1,-4.548169310690887,36.111111111111114,10.318334470089605,0.5694444444444444,NA,NA,NA,67.22681502844728,100,-0.970258233111167,91.42857142857144,55.0279776275984,90,3.682583714590184,0.00935240496573541,1.4482075429632382,-8.287700758170437e-4,6.086219323218459,19.45638637679813,NA,-0.13979983812681004,-0.8101503716574759,-2.9283483619380046e-4,-0.02008012685265568,39.0144,0.04223324947066998
GRTE_WS_034_01,-10.189818843969178,44.44444444444444,31.821732566819055,1,-3.6002387548759422,33.333333333333336,9.066083398128823,0.5555555555555556,NA,NA,NA,67.22681502844728,100,-1.2265720213388407,98.57142857142856,55.0279776275984,90,3.806663862052357,0.00812479449070197,1.4482075429632382,-8.287700758170437e-4,0.6571224689642474,4.243632501261888,NA,1.2009025692825577,1.202957487106323,0.0073786826447872,0.03335974960730818,15.11808,0.04247076539483029
GRTE_WS_035_01,-8.331401167335772,40.27777777777778,32.49806592283715,1,-3.154132792317181,30.555555555555557,8.35719248231658,0.5833333333333334,NA,NA,NA,67.22681502844728,100,-1.2085701633527244,98.57142857142856,55.0279776275984,90,3.8068848292412674,0.00817162485508703,1.4482075429632382,-8.287700758170437e-4,2.0805726154270703,9.584324409865236,NA,1.6511869856289476,1.2144131895936583,0.01165943428408655,0.02583871607766869,29.260800000000003,0.04360686839909338
GUIS_WS_002_01,-23.683608771591583,52.77777777777778,20.462724243007724,0.5138888888888888,-8.481477043339737,44.44444444444444,54.16597282225849,0.5277777777777778,7.065106754039256,0,0.04580726535091203,59.75685026325512,100,-0.5221929423626528,58.57142857142857,-42.24595134746664,0,2.48732892268685,0.0060452192116023,0.17360445468510352,-0.00267861310239812,18.12819337985952,63.264265492424045,45.05437911059253,-4.492751264572144,-1.9282420297463887,-0.01208155706365926,8.346457886540962e-4,6.80770778656006,0.02099433694213625
GUIS_WS_004_01,-20.944822286352647,44.44444444444444,28.9886733726652,0.5972222222222222,-5.403658366167993,44.44444444444444,81.60416554258693,0.5972222222222222,1.3088723956401085,0.2624955056398962,0.09951010919370222,59.75685026325512,100,-0.4200649532821168,62.857142857142854,-59.1394232530403,0,2.649018915506492,0.00461268547683301,0.17360445468510352,0.01036524842921253,19.16625183698838,NA,41.6827967930425,-5.83746960428026,-4.238728190225272,-0.02803204572807644,0.01644816726603832,4.17575979232788,0.02387575973808934
GUIS_WS_006_01,-20.944822286352647,44.44444444444444,28.9886733726652,0.5972222222222222,-5.403658366167993,44.44444444444444,81.60416554258693,0.5972222222222222,0.4876373139930905,1,0.10073216947316496,59.75685026325512,100,-0.4200649532821168,62.857142857142854,-59.1394232530403,0,2.649018915506492,0.00461268547683301,0.17360445468510352,0.01036524842921253,0,57.12305647669837,65.7182546122382,-5.83746960428026,-4.238728190225272,-0.02803204572807644,0.01644816726603832,36.576,0.02387575973808934
GUIS_WS_006_02,-20.944822286352647,44.44444444444444,28.9886733726652,0.5972222222222222,-5.403658366167993,44.44444444444444,81.60416554258693,0.5972222222222222,0.5069734055673223,1,0.10078833000847752,59.75685026325512,100,-0.4200649532821168,62.857142857142854,-59.1394232530403,0,2.649018915506492,0.00461268547683301,0.17360445468510352,0.01036524842921253,0,57.26487787293845,65.36743600821455,-5.83746960428026,-4.238728190225272,-0.02803204572807644,0.01644816726603832,36.576,0.02387575973808934
GUIS_WS_007_01,-20.676312588142117,48.611111111111114,23.066675867013455,0.5416666666666666,-7.324516575138179,43.05555555555556,58.201850939539824,0.5277777777777778,6.921378687505154,0,0.05169001522250602,59.75685026325512,100,-0.4920689814979865,57.142857142857146,-42.24595134746664,0,2.3937570487940185,0.00559644416072316,0.17360445468510352,-0.00267861310239812,1.2805957542772668,99.99999999999991,87.91872250481033,-0.9966046121385376,-1.1891732067531984,-0.00330655290831664,-0.00666480594211134,6.09800004959106,0.02040452480954807
GUIS_WS_015_01,-20.735057575608877,48.611111111111114,26.413165264052424,0.5416666666666666,-8.7769602528473,45.833333333333336,70.63350588683359,0.5277777777777778,1.030818499578004,1,0.7495684561905162,59.75685026325512,100,-0.5456913531561752,60,-63.99136158020533,0,2.4700286715261406,0.00586148349459497,0.17360445468510352,8.836424874569728e-5,0.14510917330342263,99.99999999999925,96.37430776878996,-0.8732153080127868,-0.04961787329779573,-0.0040240203966003,0.00625572204589843,2.43840003013611,0.02193745423950054
GUMO_WS_001_01,-48.32551355949315,68.05555555555556,19.66266976759333,0.7638888888888888,-20.218917798327528,66.66666666666667,10.937478707063711,0.5694444444444444,NA,NA,NA,29.533119208804937,65,-1.4677667953224818,100,194.77793822491336,95,3.052349068168054,0.00844994636982018,-0.26906060662744763,3.401967158065361e-4,43.10231014231001,0,NA,-0.38369072909340457,-2.424938908704218,-0.0324361429882401,0.03458017773098432,19.019520000000004,0.01803560520478658
GUMO_WS_002_01,-48.32551355949315,68.05555555555556,19.66266976759333,0.7638888888888888,-20.218917798327528,66.66666666666667,10.937478707063711,0.5694444444444444,NA,NA,NA,29.533119208804937,65,-1.4677667953224818,100,194.77793822491336,95,3.052349068168054,0.00844994636982018,-0.26906060662744763,3.401967158065361e-4,46.73072780959482,NA,NA,-0.38369072909340457,-2.424938908704218,-0.0324361429882401,0.03458017773098432,37.7952,0.01803560520478658
GUMO_WS_003_01,-46.558425808357406,66.66666666666667,17.124708356363076,0.7777777777777778,-21.501246158215036,66.66666666666667,11.067201521207968,0.5694444444444444,NA,NA,NA,29.533119208804937,65,-1.5757536723723595,100,194.77793822491336,95,3.0176887596237467,0.00748489835002442,-0.26906060662744763,3.401967158065361e-4,7.930292930438254,NA,NA,-0.25631447831084964,-2.2685873922374498,-0.03490313289914343,0.03745330998926969,627.15648,0.01783969682306036
GUMO_WS_004_01,-49.165654720510595,69.44444444444444,19.96076318813501,0.7777777777777778,-21.36037385425299,65.27777777777777,11.50171101165672,0.5833333333333334,NA,NA,NA,29.533119208804937,65,-1.4661576226418576,100,194.77793822491336,95,3.0201680135650975,0.0081575633841579,-0.26906060662744763,3.401967158065361e-4,34.817747800090466,0,NA,-0.33740155553095974,-1.430671076752522,-0.02772666200019119,0.0344163400155526,609.6,0.01826043544808054
GWCA_WS_001_01,-26.463063035974532,73.61111111111111,27.42123323250982,0.5972222222222222,-7.011455930137533,48.611111111111114,38.26541619745286,0.8194444444444444,NA,NA,NA,74.1784611412459,100,-0.8280045215254,92.85714285714286,70.14778741431556,100,3.469717616818425,-7.473402541900258e-4,-0.38612275608312,2.4276666475048935e-4,0,6.519170438714022,NA,1.3371756277778604,5.044522314360662,0.02075684249978506,-0.00681615758825227,11.1252002716064,0.03083158081668221
GWMP_WS_001_01,-17.165415043181994,63.888888888888886,11.24154625038592,0.6111111111111112,-2.4365731812826565,15.27777777777778,51.473503246311765,0.5555555555555556,0,0.03023329272483281,NA,61.56437497390367,100,-0.7151800932041563,82.85714285714286,-77.57024974598176,0,3.3175432948845884,0.00238052999275706,0.6786129617676434,0.0606071842771583,0,15.667485077409443,0,5.300285306241761,6.40914115520438,0.03626447864562873,0.01683722601996535,10.6690006256104,0.03258828060231011
HAFO_WS_001_01,-16.23430865481852,44.44444444444444,36.162415950621714,0.9861111111111112,-4.493775244501073,26.38888888888889,9.664492742800292,0.5416666666666666,NA,NA,NA,27.53595885385392,100,-2.1417723190738083,100,138.9961771914923,100,3.590847716156775,0.00524182465310669,2.918177607929252,0.05895664303336642,47.10718483013975,NA,NA,-0.12710275371170637,-1.1156895605452115,-0.01503982713460262,0.00790265165729287,49.01184000000001,0.04318395526501562
HATU_WS_001_01,-18.090869238579593,72.22222222222223,12.696282096456832,0.5416666666666666,-3.4891712245674027,27.77777777777778,74.03192425641329,0.5416666666666666,26.195799030178833,0,0.11126057468124496,54.14139171997924,100,-0.7015346854512085,77.14285714285714,108.46633784018792,100,3.1624617400467496,NA,NA,6.085237898346285e-4,0.9937523831318922,NA,50.705586598834785,3.5783423365108553,5.929260700468043,0.02225565940101422,0.01170092453191307,9.14400005340576,NA
HOBE_WS_002_01,-15.566820753433111,50,11.136736742661226,0.5555555555555556,-6.154150264781146,40.27777777777778,29.65140986478071,0.5833333333333334,NA,NA,NA,45.47545802746182,100,-0.6052207575949922,55.714285714285715,124.57124309050616,100,2.6209958891904677,0.0031329831602218,-2.050411874080728,-8.312021372768388e-4,3.333801654308002,NA,NA,-2.404691828621757,-3.59927593804653,-0.0077890055810615,0.00158747920283559,9.75360012054443,0.03037913544926755
HOFR_WS_001_01,-9.799299772226895,43.05555555555556,9.784225135006992,0.5,-2.2150789145206264,20.833333333333332,93.80055718426702,0.625,0.05891043705914711,NA,NA,68.37393133052862,100,-0.5464854149819903,57.142857142857146,105.39821320465352,100,3.329137481811369,-0.00106415911791632,-0.9595532586373376,-0.00135428669154383,24.45475555884033,NA,11.324744451299836,8.992852325792668,8.173430789600719,0.05569740364626089,-0.00384380199291126,25.2999992370605,0.04204791504694936
HOFR_WS_004_01,-9.799299772226895,43.05555555555556,9.784225135006992,0.5,-2.2150789145206264,20.833333333333332,93.80055718426702,0.625,0,NA,NA,68.37393133052862,100,-0.5464854149819903,57.142857142857146,105.39821320465352,100,3.329137481811369,-0.00106415911791632,-0.9595532586373376,-0.00135428669154383,29.298147449775747,NA,0,8.992852325792668,8.173430789600719,0.05569740364626089,-0.00384380199291126,5.45909976959229,0.04204791504694936
HOFU_WS_001_01,-13.9908374328387,56.94444444444444,11.853456134964192,0.5833333333333334,-3.1165522713255474,30.555555555555557,101.5204912255836,0.6388888888888888,NA,NA,NA,61.56437497390367,100,-0.8158579763090643,75.71428571428571,10.194477261204742,35,3.356716598281345,0.0038159319321292,-2.5998014320986744,-0.00164531148849036,0,NA,NA,4.955726782480876,5.376818706371159,0.02775916001734054,0.02932793598229384,98.02368,0.03740664544246545
HOFU_WS_002_01,-13.9908374328387,56.94444444444444,11.853456134964192,0.5833333333333334,-3.1165522713255474,30.555555555555557,101.5204912255836,0.6388888888888888,NA,NA,NA,61.56437497390367,100,-0.8158579763090643,75.71428571428571,10.194477261204742,35,3.356716598281345,0.0038159319321292,-2.5998014320986744,-0.00164531148849036,0,NA,NA,4.955726782480876,5.376818706371159,0.02775916001734054,0.02932793598229384,34.625280000000004,0.03740664544246545
HOFU_WS_003_01,-13.9908374328387,56.94444444444444,11.853456134964192,0.5833333333333334,-3.1165522713255474,30.555555555555557,101.5204912255836,0.6388888888888888,NA,NA,NA,61.56437497390367,100,-0.8158579763090643,75.71428571428571,-71.47711591985751,0,3.356716598281345,0.0038159319321292,-2.5998014320986744,-1.499774780888812e-4,0,NA,NA,4.955726782480876,5.376818706371159,0.02775916001734054,0.02932793598229384,7.01020002365112,0.03740664544246545
HOFU_WS_004_01,-13.9908374328387,56.94444444444444,11.853456134964192,0.5833333333333334,-3.1165522713255474,30.555555555555557,101.5204912255836,0.6388888888888888,NA,NA,NA,61.56437497390367,100,-0.8158579763090643,75.71428571428571,10.194477261204742,35,3.356716598281345,0.0038159319321292,-2.5998014320986744,-0.00164531148849036,0,NA,NA,4.955726782480876,5.376818706371159,0.02775916001734054,0.02932793598229384,8.49162578582764,0.03740664544246545
HOFU_WS_005_01,-13.9908374328387,56.94444444444444,11.853456134964192,0.5833333333333334,-3.1165522713255474,30.555555555555557,101.5204912255836,0.6388888888888888,NA,NA,NA,61.56437497390367,100,-0.8158579763090643,75.71428571428571,10.194477261204742,35,3.356716598281345,0.0038159319321292,-2.5998014320986744,-0.00164531148849036,0,NA,NA,4.955726782480876,5.376818706371159,0.02775916001734054,0.02932793598229384,39.25824000000001,0.03740664544246545
HOME_WS_001_01,-49.80628977384157,91.66666666666669,14.776907166608805,0.6111111111111112,-11.246548021540349,56.94444444444444,18.544163490542665,0.8472222222222222,NA,NA,NA,30.862632787744072,100,-1.1401946469857522,95.71428571428572,22.99096428519167,15,4.128670516169818,0.00693465079090313,2.197507912663536,6.58376168074324e-4,1.43938127794731,NA,NA,-0.2463989553630448,0.8154394094540603,0.00166227317361617,-0.02002292209201381,5.18079996109009,0.01663487639037671
HOSP_WS_001_01,-21.399616382445995,58.333333333333336,12.540261992521058,0.6111111111111112,-8.30820411274986,40.27777777777778,39.51216504352767,0.6111111111111112,NA,NA,NA,70.8283829700801,100,-0.6935674998107934,77.14285714285714,-63.6261228728995,0,2.96618261592695,0.0022665438321967,0.4045714360268933,2.102507764069469e-5,0.5188914467472716,3.7640790947780216,NA,3.2422254970338624,1.5353910406430489,0.00920012192229599,-0.01767699630172146,12.8003997802734,0.03395919837114603
HOSP_WS_002_01,-21.399616382445995,58.333333333333336,12.540261992521058,0.6111111111111112,-8.30820411274986,40.27777777777778,39.51216504352767,0.6111111111111112,NA,NA,NA,70.8283829700801,100,-0.6935674998107934,77.14285714285714,-63.6261228728995,0,2.96618261592695,0.0022665438321967,0.4045714360268933,2.102507764069469e-5,0.49672196668874224,3.478723608266506,NA,3.2422254970338624,1.5353910406430489,0.00920012192229599,-0.01767699630172146,33.5289993286133,0.03395919837114603
HOSP_WS_003_01,-21.399616382445995,58.333333333333336,12.540261992521058,0.6111111111111112,-8.30820411274986,40.27777777777778,39.51216504352767,0.6111111111111112,NA,NA,NA,70.8283829700801,100,-0.6935674998107934,77.14285714285714,-63.6261228728995,0,2.96618261592695,0.0022665438321967,0.4045714360268933,2.102507764069469e-5,0.4382558462958669,4.316263809878258,NA,3.2422254970338624,1.5353910406430489,0.00920012192229599,-0.01767699630172146,38.5786972045898,0.03395919837114603
HOSP_WS_003_02,-21.399616382445995,58.333333333333336,12.540261992521058,0.6111111111111112,-8.30820411274986,40.27777777777778,39.51216504352767,0.6111111111111112,NA,NA,NA,70.8283829700801,100,-0.6935674998107934,77.14285714285714,-63.6261228728995,0,2.96618261592695,0.0022665438321967,0.4045714360268933,2.102507764069469e-5,0.4382558462958669,4.316263809878258,NA,3.2422254970338624,1.5353910406430489,0.00920012192229599,-0.01767699630172146,38.5786972045898,0.03395919837114603
HOSP_WS_003_03,-21.399616382445995,58.333333333333336,12.540261992521058,0.6111111111111112,-8.30820411274986,40.27777777777778,39.51216504352767,0.6111111111111112,NA,NA,NA,70.8283829700801,100,-0.6935674998107934,77.14285714285714,-63.6261228728995,0,2.96618261592695,0.0022665438321967,0.4045714360268933,2.102507764069469e-5,0.4382558462958669,4.316263809878258,NA,3.2422254970338624,1.5353910406430489,0.00920012192229599,-0.01767699630172146,38.5786972045898,0.03395919837114603
HOSP_WS_003_04,-21.399616382445995,58.333333333333336,12.540261992521058,0.6111111111111112,-8.30820411274986,40.27777777777778,39.51216504352767,0.6111111111111112,NA,NA,NA,70.8283829700801,100,-0.6935674998107934,77.14285714285714,-63.6261228728995,0,2.96618261592695,0.0022665438321967,0.4045714360268933,2.102507764069469e-5,0.4382558462958669,4.316263809878258,NA,3.2422254970338624,1.5353910406430489,0.00920012192229599,-0.01767699630172146,38.5786972045898,0.03395919837114603
HOSP_WS_003_05,-21.399616382445995,58.333333333333336,12.540261992521058,0.6111111111111112,-8.30820411274986,40.27777777777778,39.51216504352767,0.6111111111111112,NA,NA,NA,70.8283829700801,100,-0.6935674998107934,77.14285714285714,-63.6261228728995,0,2.96618261592695,0.0022665438321967,0.4045714360268933,2.102507764069469e-5,0.4382558462958669,4.316263809878258,NA,3.2422254970338624,1.5353910406430489,0.00920012192229599,-0.01767699630172146,38.5786972045898,0.03395919837114603
HOSP_WS_003_06,-21.399616382445995,58.333333333333336,12.540261992521058,0.6111111111111112,-8.30820411274986,40.27777777777778,39.51216504352767,0.6111111111111112,NA,NA,NA,70.8283829700801,100,-0.6935674998107934,77.14285714285714,-63.6261228728995,0,2.96618261592695,0.0022665438321967,0.4045714360268933,2.102507764069469e-5,0.4382558462958669,4.316263809878258,NA,3.2422254970338624,1.5353910406430489,0.00920012192229599,-0.01767699630172146,38.5786972045898,0.03395919837114603
HOSP_WS_003_07,-21.399616382445995,58.333333333333336,12.540261992521058,0.6111111111111112,-8.30820411274986,40.27777777777778,39.51216504352767,0.6111111111111112,NA,NA,NA,70.8283829700801,100,-0.6935674998107934,77.14285714285714,-63.6261228728995,0,2.96618261592695,0.0022665438321967,0.4045714360268933,2.102507764069469e-5,0.4382558462958669,4.316263809878258,NA,3.2422254970338624,1.5353910406430489,0.00920012192229599,-0.01767699630172146,38.5786972045898,0.03395919837114603
HOSP_WS_003_08,-21.399616382445995,58.333333333333336,12.540261992521058,0.6111111111111112,-8.30820411274986,40.27777777777778,39.51216504352767,0.6111111111111112,NA,NA,NA,70.8283829700801,100,-0.6935674998107934,77.14285714285714,-63.6261228728995,0,2.96618261592695,0.0022665438321967,0.4045714360268933,2.102507764069469e-5,0.4382558462958669,4.316263809878258,NA,3.2422254970338624,1.5353910406430489,0.00920012192229599,-0.01767699630172146,38.5786972045898,0.03395919837114603
HOSP_WS_003_09,-21.399616382445995,58.333333333333336,12.540261992521058,0.6111111111111112,-8.30820411274986,40.27777777777778,39.51216504352767,0.6111111111111112,NA,NA,NA,70.8283829700801,100,-0.6935674998107934,77.14285714285714,-63.6261228728995,0,2.96618261592695,0.0022665438321967,0.4045714360268933,2.102507764069469e-5,0.4382558462958669,4.316263809878258,NA,3.2422254970338624,1.5353910406430489,0.00920012192229599,-0.01767699630172146,38.5786972045898,0.03395919837114603
HOSP_WS_003_10,-21.399616382445995,58.333333333333336,12.540261992521058,0.6111111111111112,-8.30820411274986,40.27777777777778,39.51216504352767,0.6111111111111112,NA,NA,NA,70.8283829700801,100,-0.6935674998107934,77.14285714285714,-63.6261228728995,0,2.96618261592695,0.0022665438321967,0.4045714360268933,2.102507764069469e-5,0.4382558462958669,4.316263809878258,NA,3.2422254970338624,1.5353910406430489,0.00920012192229599,-0.01767699630172146,38.5786972045898,0.03395919837114603
HOSP_WS_003_11,-21.399616382445995,58.333333333333336,12.540261992521058,0.6111111111111112,-8.30820411274986,40.27777777777778,39.51216504352767,0.6111111111111112,NA,NA,NA,70.8283829700801,100,-0.6935674998107934,77.14285714285714,-63.6261228728995,0,2.96618261592695,0.0022665438321967,0.4045714360268933,2.102507764069469e-5,0.4382558462958669,4.316263809878258,NA,3.2422254970338624,1.5353910406430489,0.00920012192229599,-0.01767699630172146,38.5786972045898,0.03395919837114603
HOSP_WS_003_12,-21.399616382445995,58.333333333333336,12.540261992521058,0.6111111111111112,-8.30820411274986,40.27777777777778,39.51216504352767,0.6111111111111112,NA,NA,NA,70.8283829700801,100,-0.6935674998107934,77.14285714285714,-63.6261228728995,0,2.96618261592695,0.0022665438321967,0.4045714360268933,2.102507764069469e-5,0.4382558462958669,4.316263809878258,NA,3.2422254970338624,1.5353910406430489,0.00920012192229599,-0.01767699630172146,38.5786972045898,0.03395919837114603
HOSP_WS_003_13,-21.399616382445995,58.333333333333336,12.540261992521058,0.6111111111111112,-8.30820411274986,40.27777777777778,39.51216504352767,0.6111111111111112,NA,NA,NA,70.8283829700801,100,-0.6935674998107934,77.14285714285714,-63.6261228728995,0,2.96618261592695,0.0022665438321967,0.4045714360268933,2.102507764069469e-5,0.4382558462958669,4.316263809878258,NA,3.2422254970338624,1.5353910406430489,0.00920012192229599,-0.01767699630172146,38.5786972045898,0.03395919837114603
HOSP_WS_003_14,-21.399616382445995,58.333333333333336,12.540261992521058,0.6111111111111112,-8.30820411274986,40.27777777777778,39.51216504352767,0.6111111111111112,NA,NA,NA,70.8283829700801,100,-0.6935674998107934,77.14285714285714,-63.6261228728995,0,2.96618261592695,0.0022665438321967,0.4045714360268933,2.102507764069469e-5,0.4382558462958669,4.316263809878258,NA,3.2422254970338624,1.5353910406430489,0.00920012192229599,-0.01767699630172146,38.5786972045898,0.03395919837114603
HOSP_WS_003_15,-21.399616382445995,58.333333333333336,12.540261992521058,0.6111111111111112,-8.30820411274986,40.27777777777778,39.51216504352767,0.6111111111111112,NA,NA,NA,70.8283829700801,100,-0.6935674998107934,77.14285714285714,-63.6261228728995,0,2.96618261592695,0.0022665438321967,0.4045714360268933,2.102507764069469e-5,0.4382558462958669,4.316263809878258,NA,3.2422254970338624,1.5353910406430489,0.00920012192229599,-0.01767699630172146,38.5786972045898,0.03395919837114603
HOSP_WS_003_16,-21.399616382445995,58.333333333333336,12.540261992521058,0.6111111111111112,-8.30820411274986,40.27777777777778,39.51216504352767,0.6111111111111112,NA,NA,NA,70.8283829700801,100,-0.6935674998107934,77.14285714285714,-63.6261228728995,0,2.96618261592695,0.0022665438321967,0.4045714360268933,2.102507764069469e-5,0.4382558462958669,4.316263809878258,NA,3.2422254970338624,1.5353910406430489,0.00920012192229599,-0.01767699630172146,38.5786972045898,0.03395919837114603
HOSP_WS_003_17,-21.399616382445995,58.333333333333336,12.540261992521058,0.6111111111111112,-8.30820411274986,40.27777777777778,39.51216504352767,0.6111111111111112,NA,NA,NA,70.8283829700801,100,-0.6935674998107934,77.14285714285714,-63.6261228728995,0,2.96618261592695,0.0022665438321967,0.4045714360268933,2.102507764069469e-5,0.4382558462958669,4.316263809878258,NA,3.2422254970338624,1.5353910406430489,0.00920012192229599,-0.01767699630172146,38.5786972045898,0.03395919837114603
HOSP_WS_003_18,-21.399616382445995,58.333333333333336,12.540261992521058,0.6111111111111112,-8.30820411274986,40.27777777777778,39.51216504352767,0.6111111111111112,NA,NA,NA,70.8283829700801,100,-0.6935674998107934,77.14285714285714,-63.6261228728995,0,2.96618261592695,0.0022665438321967,0.4045714360268933,2.102507764069469e-5,0.4382558462958669,4.316263809878258,NA,3.2422254970338624,1.5353910406430489,0.00920012192229599,-0.01767699630172146,38.5786972045898,0.03395919837114603
HOSP_WS_003_19,-21.399616382445995,58.333333333333336,12.540261992521058,0.6111111111111112,-8.30820411274986,40.27777777777778,39.51216504352767,0.6111111111111112,NA,NA,NA,70.8283829700801,100,-0.6935674998107934,77.14285714285714,-63.6261228728995,0,2.96618261592695,0.0022665438321967,0.4045714360268933,2.102507764069469e-5,0.4382558462958669,4.316263809878258,NA,3.2422254970338624,1.5353910406430489,0.00920012192229599,-0.01767699630172146,38.5786972045898,0.03395919837114603
HOSP_WS_003_20,-21.399616382445995,58.333333333333336,12.540261992521058,0.6111111111111112,-8.30820411274986,40.27777777777778,39.51216504352767,0.6111111111111112,NA,NA,NA,70.8283829700801,100,-0.6935674998107934,77.14285714285714,-63.6261228728995,0,2.96618261592695,0.0022665438321967,0.4045714360268933,2.102507764069469e-5,0.4382558462958669,4.316263809878258,NA,3.2422254970338624,1.5353910406430489,0.00920012192229599,-0.01767699630172146,38.5786972045898,0.03395919837114603
HOSP_WS_003_21,-21.399616382445995,58.333333333333336,12.540261992521058,0.6111111111111112,-8.30820411274986,40.27777777777778,39.51216504352767,0.6111111111111112,NA,NA,NA,70.8283829700801,100,-0.6935674998107934,77.14285714285714,-63.6261228728995,0,2.96618261592695,0.0022665438321967,0.4045714360268933,2.102507764069469e-5,0.4382558462958669,4.316263809878258,NA,3.2422254970338624,1.5353910406430489,0.00920012192229599,-0.01767699630172146,38.5786972045898,0.03395919837114603
HOSP_WS_003_22,-21.399616382445995,58.333333333333336,12.540261992521058,0.6111111111111112,-8.30820411274986,40.27777777777778,39.51216504352767,0.6111111111111112,NA,NA,NA,70.8283829700801,100,-0.6935674998107934,77.14285714285714,-63.6261228728995,0,2.96618261592695,0.0022665438321967,0.4045714360268933,2.102507764069469e-5,0.4382558462958669,4.316263809878258,NA,3.2422254970338624,1.5353910406430489,0.00920012192229599,-0.01767699630172146,38.5786972045898,0.03395919837114603
HOSP_WS_003_23,-21.399616382445995,58.333333333333336,12.540261992521058,0.6111111111111112,-8.30820411274986,40.27777777777778,39.51216504352767,0.6111111111111112,NA,NA,NA,70.8283829700801,100,-0.6935674998107934,77.14285714285714,-63.6261228728995,0,2.96618261592695,0.0022665438321967,0.4045714360268933,2.102507764069469e-5,0.4382558462958669,4.316263809878258,NA,3.2422254970338624,1.5353910406430489,0.00920012192229599,-0.01767699630172146,38.5786972045898,0.03395919837114603
HOSP_WS_003_24,-21.399616382445995,58.333333333333336,12.540261992521058,0.6111111111111112,-8.30820411274986,40.27777777777778,39.51216504352767,0.6111111111111112,NA,NA,NA,70.8283829700801,100,-0.6935674998107934,77.14285714285714,-63.6261228728995,0,2.96618261592695,0.0022665438321967,0.4045714360268933,2.102507764069469e-5,0.4382558462958669,4.316263809878258,NA,3.2422254970338624,1.5353910406430489,0.00920012192229599,-0.01767699630172146,38.5786972045898,0.03395919837114603
HOSP_WS_003_25,-21.399616382445995,58.333333333333336,12.540261992521058,0.6111111111111112,-8.30820411274986,40.27777777777778,39.51216504352767,0.6111111111111112,NA,NA,NA,70.8283829700801,100,-0.6935674998107934,77.14285714285714,-63.6261228728995,0,2.96618261592695,0.0022665438321967,0.4045714360268933,2.102507764069469e-5,0.4382558462958669,4.316263809878258,NA,3.2422254970338624,1.5353910406430489,0.00920012192229599,-0.01767699630172146,38.5786972045898,0.03395919837114603
HOSP_WS_003_26,-21.399616382445995,58.333333333333336,12.540261992521058,0.6111111111111112,-8.30820411274986,40.27777777777778,39.51216504352767,0.6111111111111112,NA,NA,NA,70.8283829700801,100,-0.6935674998107934,77.14285714285714,-63.6261228728995,0,2.96618261592695,0.0022665438321967,0.4045714360268933,2.102507764069469e-5,0.4382558462958669,4.316263809878258,NA,3.2422254970338624,1.5353910406430489,0.00920012192229599,-0.01767699630172146,38.5786972045898,0.03395919837114603
HOSP_WS_003_27,-21.399616382445995,58.333333333333336,12.540261992521058,0.6111111111111112,-8.30820411274986,40.27777777777778,39.51216504352767,0.6111111111111112,NA,NA,NA,70.8283829700801,100,-0.6935674998107934,77.14285714285714,-63.6261228728995,0,2.96618261592695,0.0022665438321967,0.4045714360268933,2.102507764069469e-5,0.4382558462958669,4.316263809878258,NA,3.2422254970338624,1.5353910406430489,0.00920012192229599,-0.01767699630172146,38.5786972045898,0.03395919837114603
HOVE_WS_001_01,-21.66699408761063,44.44444444444444,99.7592799490181,0.9305555555555556,-11.387098190384034,55.55555555555556,41.74839284690186,0.625,NA,NA,NA,31.28802133993632,77.5,-1.9880534966082304,100,-17.111916296518697,0,3.56695083297614,0.00372613434200239,0.19165370722551145,-4.5909969867016495e-5,0,0,NA,-0.29097406084603605,-3.3185110115815712,-0.06418617352563945,0.03225058096426535,351.12960000000004,0.02015044801300383
IATR_WS_001_01,-29.72345047803525,79.16666666666667,11.521304363274808,0.5138888888888888,-5.3802942815885215,45.833333333333336,20.17201674706586,0.9166666666666666,NA,NA,NA,90.4373883291926,100,-1.0074864658448923,91.42857142857144,-33.306799894912345,0,4.326222426432722,NA,NA,0.00178953131974017,0,2.552778551981461,NA,4.524842137038106,7.67976575238364,0.03713917052812383,0.02546330204716434,13.4099998474121,NA
INDU_WS_002_01,-25.1480300639771,68.05555555555556,16.12089830699713,0.6388888888888888,-6.802334612816219,37.5,32.36901710364322,0.75,NA,NA,NA,79.05815442475337,100,-1.0305076419078127,84.28571428571429,106.53139400008912,100,3.900054648975507,0.00881394644977822,0.6792234533482617,-0.0873082413560418,0,51.90725395018576,NA,1.109330022776561,0.14949109819199943,0.01086947977509766,-0.00601331625300772,0.706666648387909,0.038092544455443
INDU_WS_003_01,-25.041177002946057,68.05555555555556,17.17366588539746,0.625,-6.94122378816745,38.888888888888886,32.11109124912944,0.7638888888888888,NA,NA,NA,79.05815442475337,100,-1.0300031250538455,84.28571428571429,106.53139400008912,100,3.8919446421353214,0.00881076598829699,0.6792234533482617,-0.0873082413560418,0,11.860829734359116,NA,1.1854832905989428,0.04834946526421693,0.0056291478896082,-0.00859908115716636,7.01020002365112,0.0377024340868087
INDU_WS_004_01,-25.041177002946057,68.05555555555556,17.17366588539746,0.625,-6.94122378816745,38.888888888888886,32.11109124912944,0.7638888888888888,NA,NA,NA,79.05815442475337,100,-1.0300031250538455,84.28571428571429,106.53139400008912,100,3.8919446421353214,0.00881076598829699,0.6792234533482617,-0.0873082413560418,0,11.399150639457496,NA,1.1854832905989428,0.04834946526421693,0.0056291478896082,-0.00859908115716636,6.94946002960205,0.0377024340868087
INDU_WS_005_01,-24.910919198617464,68.05555555555556,16.460945156789602,0.625,-6.834613413731777,37.5,32.16160658265568,0.7361111111111112,NA,NA,NA,79.05815442475337,100,-1.0228196158898823,84.28571428571429,106.53139400008912,100,3.8969361851861968,0.00880276925813574,0.6792234533482617,-0.0873082413560418,0,16.192741637674697,NA,2.3442710152378745,0.5285638879846601,0.01428803613493662,-0.00765721199443802,11.2788000106812,0.03764214663917881
INDU_WS_006_01,-24.06697058748362,69.44444444444444,15.249496726369188,0.625,-6.571915390741531,38.888888888888886,36.38570698317656,0.7916666666666666,NA,NA,NA,79.05815442475337,100,-1.0813259033613718,85.71428571428571,106.53139400008912,100,3.9164983343195026,0.00835020791814051,0.6792234533482617,-0.0873082413560418,0,59.5038381507367,NA,0.2760335063012907,-0.03863169823164172,0.0084350643140132,-0.0062043225323715,4.87680006027222,0.03914621956501023
INDU_WS_007_01,-24.910919198617464,68.05555555555556,16.460945156789602,0.625,-6.834613413731777,37.5,32.16160658265568,0.7361111111111112,NA,NA,NA,79.05815442475337,100,-1.0228196158898823,84.28571428571429,106.53139400008912,100,3.8969361851861968,0.00880276925813574,0.6792234533482617,-0.0873082413560418,0,17.01019249448763,NA,2.3442710152378745,0.5285638879846601,0.01428803613493662,-0.00765721199443802,13.7583360671997,0.03764214663917881
INDU_WS_010_01,-24.910919198617464,68.05555555555556,16.460945156789602,0.625,-6.834613413731777,37.5,32.16160658265568,0.7361111111111112,NA,NA,NA,79.05815442475337,100,-1.0228196158898823,84.28571428571429,106.53139400008912,100,3.8969361851861968,0.00880276925813574,0.6792234533482617,-0.0873082413560418,0,29.728890372404564,NA,2.3442710152378745,0.5285638879846601,0.01428803613493662,-0.00765721199443802,5.78999996185303,0.03764214663917881
INDU_WS_012_01,-25.1480300639771,68.05555555555556,16.12089830699713,0.6388888888888888,-6.802334612816219,37.5,32.36901710364322,0.75,NA,NA,NA,79.05815442475337,100,-1.0305076419078127,84.28571428571429,106.53139400008912,100,3.900054648975507,0.00881394644977822,0.6792234533482617,-0.0873082413560418,0,13.827758555845756,NA,1.109330022776561,0.14949109819199943,0.01086947977509766,-0.00601331625300772,8.42934036254883,0.038092544455443
INDU_WS_013_01,-25.1480300639771,68.05555555555556,16.12089830699713,0.6388888888888888,-6.802334612816219,37.5,32.36901710364322,0.75,NA,NA,NA,79.05815442475337,100,-1.0305076419078127,84.28571428571429,106.53139400008912,100,3.900054648975507,0.00881394644977822,0.6792234533482617,-0.0873082413560418,0,12.550415515293068,NA,1.109330022776561,0.14949109819199943,0.01086947977509766,-0.00601331625300772,7.39940071105957,0.038092544455443
INDU_WS_015_01,-28.34166580573151,77.77777777777777,16.658096319871657,0.7222222222222222,-6.7584369057418074,40.27777777777778,31.1855818244975,0.7916666666666666,NA,NA,NA,79.34401526208855,100,-1.0769920841930791,85.71428571428571,-40.94979528607484,0,4.112968044611431,0.00697081123889523,0.6792234533482617,-0.01339119934827415,0,5.417435172178904,NA,1.3583904796176511,1.9413766455806163,0.00294276290294173,0.0109248010873467,6.25517082214355,0.03664511310314853
INDU_WS_016_01,-25.041177002946057,68.05555555555556,17.17366588539746,0.625,-6.94122378816745,38.888888888888886,32.11109124912944,0.7638888888888888,NA,NA,NA,79.05815442475337,100,-1.0300031250538455,84.28571428571429,106.53139400008912,100,3.8919446421353214,0.00881076598829699,0.6792234533482617,-0.0873082413560418,0,11.316910319408017,NA,1.1854832905989428,0.04834946526421693,0.0056291478896082,-0.00859908115716636,6.09700012207031,0.0377024340868087
INDU_WS_017_01,-24.910919198617464,68.05555555555556,16.460945156789602,0.625,-6.834613413731777,37.5,32.16160658265568,0.7361111111111112,NA,NA,NA,79.05815442475337,100,-1.0228196158898823,84.28571428571429,106.53139400008912,100,3.8969361851861968,0.00880276925813574,0.6792234533482617,-0.0873082413560418,0,18.76527485500761,NA,2.3442710152378745,0.5285638879846601,0.01428803613493662,-0.00765721199443802,12.8246698379517,0.03764214663917881
INDU_WS_024_01,-25.041177002946057,68.05555555555556,17.17366588539746,0.625,-6.94122378816745,38.888888888888886,32.11109124912944,0.7638888888888888,NA,NA,NA,79.05815442475337,100,-1.0300031250538455,84.28571428571429,106.53139400008912,100,3.8919446421353214,0.00881076598829699,0.6792234533482617,-0.0873082413560418,0,9.08431094436687,NA,1.1854832905989428,0.04834946526421693,0.0056291478896082,-0.00859908115716636,6.09700012207031,0.0377024340868087
INDU_WS_025_01,-25.1480300639771,68.05555555555556,16.12089830699713,0.6388888888888888,-6.802334612816219,37.5,32.36901710364322,0.75,NA,NA,NA,79.05815442475337,100,-1.0305076419078127,84.28571428571429,106.53139400008912,100,3.900054648975507,0.00881394644977822,0.6792234533482617,-0.0873082413560418,0,17.275250283817094,NA,1.109330022776561,0.14949109819199943,0.01086947977509766,-0.00601331625300772,2.5570125579834,0.038092544455443
INDU_WS_026_01,-24.910919198617464,68.05555555555556,16.460945156789602,0.625,-6.834613413731777,37.5,32.16160658265568,0.7361111111111112,NA,NA,NA,79.05815442475337,100,-1.0228196158898823,84.28571428571429,106.53139400008912,100,3.8969361851861968,0.00880276925813574,0.6792234533482617,-0.0873082413560418,0,15.376911334550156,NA,2.3442710152378745,0.5285638879846601,0.01428803613493662,-0.00765721199443802,9.68869209289551,0.03764214663917881
INDU_WS_027_01,-25.1480300639771,68.05555555555556,16.12089830699713,0.6388888888888888,-6.802334612816219,37.5,32.36901710364322,0.75,NA,NA,NA,79.05815442475337,100,-1.0305076419078127,84.28571428571429,106.53139400008912,100,3.900054648975507,0.00881394644977822,0.6792234533482617,-0.0873082413560418,0,26.13000335970122,NA,1.109330022776561,0.14949109819199943,0.01086947977509766,-0.00601331625300772,0.689999997615814,0.038092544455443
INDU_WS_028_01,-25.1480300639771,68.05555555555556,16.12089830699713,0.6388888888888888,-6.802334612816219,37.5,32.36901710364322,0.75,NA,NA,NA,79.05815442475337,100,-1.0305076419078127,84.28571428571429,106.53139400008912,100,3.900054648975507,0.00881394644977822,0.6792234533482617,-0.0873082413560418,0,23.74351453854906,NA,1.109330022776561,0.14949109819199943,0.01086947977509766,-0.00601331625300772,4.63148021697998,0.038092544455443
INDU_WS_029_01,-25.1480300639771,68.05555555555556,16.12089830699713,0.6388888888888888,-6.802334612816219,37.5,32.36901710364322,0.75,NA,NA,NA,79.05815442475337,100,-1.0305076419078127,84.28571428571429,106.53139400008912,100,3.900054648975507,0.00881394644977822,0.6792234533482617,-0.0873082413560418,0,24.632111407224883,NA,1.109330022776561,0.14949109819199943,0.01086947977509766,-0.00601331625300772,1.52095198631287,0.038092544455443
ISRO_WS_001_01,-13.756133076602456,68.05555555555556,41.7445036069707,1,-3.698585039548268,29.166666666666668,14.666566159417226,0.5277777777777778,NA,NA,NA,84.86776216664806,100,-0.8687846843036484,85.71428571428571,-26.10034081627308,0,4.12182605330662,0.00452643229351355,-0.37054243751468,-2.6329541352271877e-5,0,NA,NA,-4.132819011197455,-5.197334381386084,-0.04792449313608071,0.05970549663710673,0,0.06034109125538425
ISRO_WS_002_01,-13.637228379360025,68.05555555555556,41.12868348866514,1,-3.87148043172119,29.166666666666668,39.61994355253158,0.5416666666666666,NA,NA,NA,84.86776216664806,100,-0.8837889680043686,88.57142857142857,-26.10034081627308,0,4.14853550427846,0.00439602673194874,-0.37054243751468,-2.6329541352271877e-5,0,NA,NA,-4.135813708934519,-5.087607514624504,-0.04803819409287412,0.06616534608783148,0,0.06064165621889295
ISRO_WS_004_01,-13.756133076602456,68.05555555555556,41.7445036069707,1,-3.698585039548268,29.166666666666668,14.666566159417226,0.5277777777777778,NA,NA,NA,84.86776216664806,100,-0.8687846843036484,85.71428571428571,-26.10034081627308,0,4.12182605330662,0.00452643229351355,-0.37054243751468,-2.6329541352271877e-5,0,NA,NA,-4.132819011197455,-5.197334381386084,-0.04792449313608071,0.05970549663710673,0,0.06034109125538425
ISRO_WS_005_01,-13.637228379360025,68.05555555555556,41.12868348866514,1,-3.87148043172119,29.166666666666668,39.61994355253158,0.5416666666666666,NA,NA,NA,84.86776216664806,100,-0.8837889680043686,88.57142857142857,-26.10034081627308,0,4.14853550427846,0.00439602673194874,-0.37054243751468,-2.6329541352271877e-5,0,NA,NA,-4.135813708934519,-5.087607514624504,-0.04803819409287412,0.06616534608783148,0,0.06064165621889295
ISRO_WS_006_01,-15.58416446957747,65.27777777777777,36.73297324773261,1,-4.273883948597861,29.166666666666668,16.57452672776429,0.6388888888888888,NA,NA,NA,91.53684821620192,100,-0.9703947864698952,87.14285714285714,-26.10034081627308,0,4.181808398236132,0.00320767271949253,-0.37054243751468,-2.6329541352271877e-5,0,NA,NA,-1.1445895565880682,-2.100801764594189,-0.01457074713863978,0.04643496453474107,0,0.0599264043403102
ISRO_WS_007_01,-14.375146554749204,66.66666666666667,40.41222314614024,1,-3.483158100503666,27.77777777777778,15.005966964749266,0.5833333333333334,NA,NA,NA,84.86776216664806,100,-0.860424376164861,87.14285714285714,-26.10034081627308,0,4.182567747334282,0.00387609386766261,-0.37054243751468,-2.6329541352271877e-5,0,NA,NA,-2.9410671156624124,-4.4677759587079615,-0.0400469796695433,0.06012065154114308,0,0.06003910513529675
ISRO_WS_008_01,-13.756133076602456,68.05555555555556,41.7445036069707,1,-3.698585039548268,29.166666666666668,14.666566159417226,0.5277777777777778,NA,NA,NA,84.86776216664806,100,-0.8687846843036484,85.71428571428571,-26.10034081627308,0,4.12182605330662,0.00452643229351355,-0.37054243751468,-2.6329541352271877e-5,0,NA,NA,-4.132819011197455,-5.197334381386084,-0.04792449313608071,0.05970549663710673,0,0.06034109125538425
ISRO_WS_009_01,-14.35748500125244,66.66666666666667,41.17752584858378,1,-3.7408862893986705,29.166666666666668,16.277389621633592,0.5694444444444444,NA,NA,NA,91.53684821620192,100,-0.898343969765384,87.14285714285714,-26.10034081627308,0,4.180320780242121,0.00404740754584326,-0.37054243751468,-2.6329541352271877e-5,0,NA,NA,-2.98296120439214,-3.853027912608366,-0.03678049536307075,0.05222239149520848,0,0.05993162121578907
ISRO_WS_010_01,-13.637228379360025,68.05555555555556,41.12868348866514,1,-3.87148043172119,29.166666666666668,39.61994355253158,0.5416666666666666,NA,NA,NA,84.86776216664806,100,-0.8837889680043686,88.57142857142857,-26.10034081627308,0,4.14853550427846,0.00439602673194874,-0.37054243751468,-2.6329541352271877e-5,0,NA,NA,-4.135813708934519,-5.087607514624504,-0.04803819409287412,0.06616534608783148,0,0.06064165621889295
JECA_WS_001_01,-37.67125787164688,81.94444444444444,7.692656961670739,0.8888888888888888,-9.199604484437833,55.55555555555556,15.024633221201931,0.8888888888888888,NA,NA,NA,33.77827120262041,97.5,-1.3672349779936448,98.57142857142856,78.91257975414982,100,3.092808633912183,0.00450098267145353,-0.8165541360142232,2.476508240544077e-4,5.381806487325543,2.6425796914693924,NA,0.5470031770670585,1.574426387110326,0.01073253813418686,2.8405366120506e-4,170.68800000000002,0.04297152551175818
JECA_WS_001_02,-37.67125787164688,81.94444444444444,7.692656961670739,0.8888888888888888,-9.199604484437833,55.55555555555556,15.024633221201931,0.8888888888888888,NA,NA,NA,33.77827120262041,97.5,-1.3672349779936448,98.57142857142856,78.91257975414982,100,3.092808633912183,0.00450098267145353,-0.8165541360142232,2.476508240544077e-4,4.671970507811164,2.8030988451283188,NA,0.5470031770670585,1.574426387110326,0.01073253813418686,2.8405366120506e-4,197.5104,0.04297152551175818
JICA_WS_001_01,-16.994743043460815,44.44444444444444,12.466621122935084,0.6111111111111112,-4.975627922190759,37.5,41.75849048338713,0.6388888888888888,NA,NA,NA,38.90114143397416,100,-0.5017454800052458,60,236.5091871001825,90,2.5691019116716483,0.0024301775124625,0.8381261866406869,0.00178655405912879,71.03975639623116,3.724463283152184,NA,2.208859804904824,6.3217359648810545,0.02543940561508548,-0.02045730308250082,32.9094886779785,0.02673669706917596
JODA_WS_001_01,-27.8851585929365,72.22222222222223,29.02388153581371,1,-5.83017751966805,37.5,11.548670931832543,0.6805555555555556,NA,NA,NA,31.26211919703284,100,-1.53407990211844,100,-12.32740685452088,0,3.3944040991214584,0.00706937510553014,1.737641937589259,-4.6170803267951986e-4,20.31282611040965,NA,NA,-1.605172425674067,-3.0146519227988167,-0.02896526983552162,0.02425561499642113,6.53715991973877,0.04249375879301684
JODA_WS_002_01,-27.8851585929365,72.22222222222223,29.02388153581371,1,-5.83017751966805,37.5,11.548670931832543,0.6805555555555556,NA,NA,NA,31.26211919703284,100,-1.53407990211844,100,-12.32740685452088,0,3.3944040991214584,0.00706937510553014,1.737641937589259,-4.6170803267951986e-4,20.31282611040965,NA,NA,-1.605172425674067,-3.0146519227988167,-0.02896526983552162,0.02425561499642113,6.53715991973877,0.04249375879301684
JODA_WS_003_01,-15.09688755044867,63.888888888888886,44.79881277371601,1,-5.7797225955285585,44.44444444444444,30.159379244874263,0.8472222222222222,NA,NA,NA,31.26211919703284,100,-1.987891298882424,100,-12.32740685452088,0,3.3249207721293956,0.00457658835207793,1.737641937589259,-4.6170803267951986e-4,20.31282611040965,NA,NA,-0.01041238037446005,-0.6812735467597248,-0.01912599340934537,0.02398571752226412,15.8496,0.03489317592941105
JODA_WS_004_01,-26.210810733747625,70.83333333333333,32.80278571533295,1,-5.780007419668252,41.666666666666664,17.943307053185517,0.8333333333333334,NA,NA,NA,31.26211919703284,100,-2.0315468488692208,100,-70.57364662684114,0,3.4245772866412807,0.00532554774258287,1.737641937589259,-0.00154383485887099,20.31282611040965,NA,NA,-0.6636612891840443,-3.104969148282654,-0.02974542441347712,0.0024404754306236,9.26592,0.03972859839175083
JODA_WS_005_01,-30.226851342643847,68.05555555555556,31.537073787962836,1,-5.743880807746461,41.666666666666664,14.687908349739647,0.7777777777777778,NA,NA,NA,31.26211919703284,100,-1.9417455033162512,100,-70.57364662684114,0,3.4441997601852066,0.00544124840854822,1.737641937589259,-0.00154383485887099,20.31282611040965,NA,NA,-1.178583983653139,-3.555568074738538,-0.03250383618160318,0.00762645247714968,15.11808,0.04207574560213238
JODA_WS_006_01,-27.16048252372566,73.61111111111111,35.68177693789484,1,-5.9720589029698115,43.05555555555556,20.938554464519953,0.875,NA,NA,NA,31.26211919703284,100,-2.1077974037996894,100,-12.32740685452088,0,3.4210163087590395,0.00394686452472081,1.737641937589259,-4.6170803267951986e-4,32.125006497954445,NA,NA,-0.5035563252685178,-2.981204358729148,-0.03043733515757812,4.297892252602193e-4,49.9055938720703,0.03904091257401924
JODR_WS_001_01,-9.64599504478193,61.111111111111114,25.82787958233001,1,-4.444336600216462,34.72222222222222,8.886489440801872,0.5277777777777778,NA,NA,NA,66.68498862952656,100,-0.6152298941486242,77.14285714285714,55.0279776275984,90,3.501089063240492,0.00590747842905818,-0.10338425162156271,-8.287700758170437e-4,12.444631240208777,6.688336253540475,NA,-1.623979022219722,-2.8487205630034396,-0.00375480451813454,0.017616528854627,52.4256,0.03102331798553854
JODR_WS_001_02,-9.64599504478193,61.111111111111114,25.82787958233001,1,-4.444336600216462,34.72222222222222,8.886489440801872,0.5277777777777778,NA,NA,NA,66.68498862952656,100,-0.6152298941486242,77.14285714285714,55.0279776275984,90,3.501089063240492,0.00590747842905818,-0.10338425162156271,-8.287700758170437e-4,11.847582768719386,6.992463588677973,NA,-1.623979022219722,-2.8487205630034396,-0.00375480451813454,0.017616528854627,21.9456,0.03102331798553854
JOFL_WS_001_01,-17.761353868520626,73.61111111111111,7.466354294900911,0.6111111111111112,-4.898106952133064,23.61111111111111,50.447318424524205,0.7361111111111112,NA,NA,NA,62.4324505063456,100,-1.0534468078374972,81.42857142857143,-56.52209460806766,0,3.4267135858061017,0.00276387285029028,0.00492334940112594,-0.0083782719334812,0,NA,NA,-3.0534863511721313,-2.3373253947556596,-0.02723746001834555,-0.00764273419792275,18.5921001434326,0.04188596873366082
JOMU_WS_001_01,-19.76600018880084,47.22222222222222,8.600151870003476,0.6944444444444444,-11.152353295357306,58.333333333333336,6.114544419771356,0.5138888888888888,0.3698122773169598,0.00600268613114215,0.39234132489892104,27.26391643531442,72.5,-0.8237210835520585,91.42857142857144,28.96909079803065,35,2.4814652634635497,0.00299114840826718,1.741280914194809,-0.01208688821385948,14.591583359363131,5.0396351716011045,0.20750890732160712,-1.1461816047051403,-0.8421687321545213,-0.01343696262155805,-0.00247482017234516,53.6448,0.04225369332706092
JOTR_WS_002_01,-38.609405128414224,59.72222222222222,28.097653060029412,0.6527777777777778,-29.899190807358934,69.44444444444444,27.502457964856664,0.6111111111111112,NA,NA,NA,38.02559015641314,60,-2.7292105732926335,100,43.34623802647183,55,2.7036066762672775,0.00284817562553011,2.575352348879961,-0.00255583768381564,0,0,NA,-0.12471134066971878,-1.8990170306178051,-0.04116838042821128,0.02139316134982625,98.7552,0.03059763111844846
KAWW_WS_001_01,-7.575344154876169,36.111111111111114,44.75513868302569,1,-0.5618504007681944,13.88888888888889,65.12654091284817,0.6666666666666666,NA,NA,NA,75.44913493961704,100,-0.3895703400996181,51.42857142857143,59.32233913214847,95,3.853869945629807,NA,-3.7948023690100583,-2.4568274111409175e-4,0,NA,NA,8.08841645828,6.841877642972968,0.04058234038154683,0.00920872834185665,10.5139999389648,NA
KAWW_WS_002_01,-7.575344154876169,36.111111111111114,44.75513868302569,1,-0.5618504007681944,13.88888888888889,65.12654091284817,0.6666666666666666,NA,NA,NA,75.44913493961704,100,-0.3895703400996181,51.42857142857143,59.32233913214847,95,3.853869945629807,NA,-3.7948023690100583,-2.4568274111409175e-4,0,NA,NA,8.08841645828,6.841877642972968,0.04058234038154683,0.00920872834185665,6.09600019454956,NA
KEWE_WS_002_01,-8.071626238988674,41.666666666666664,46.639731719633815,1,-5.681470887038498,29.166666666666668,62.97264644819279,0.6111111111111112,NA,NA,NA,84.86776216664806,100,-1.135087701341097,92.85714285714286,-42.92567239639409,0,4.200151025275698,NA,11.097316015182134,-4.483687611729033e-4,0,NA,NA,-10.076654401599852,-12.195472475082154,-0.08399086797440933,-0.00358504307122882,38.1084899902344,NA
KIKA_WS_000_01,-19.75588326375194,62.5,49.49476115693709,1,-15.32206571791328,63.888888888888886,8.566639201431789,0.5972222222222222,NA,NA,NA,48.20886953501758,100,-0.709485356535667,90,104.13947554417938,20,3.0583185846233016,0.01382312704806698,0.10992161356464636,-0.01691557389803222,71.84915239853757,2.077759573052845,NA,-3.655171896940393,-4.220290198370268,-0.01448687319731064,0.01204027631868824,12.1920003890991,0.01622403817360994
KIKA_WS_000_02,-19.75588326375194,62.5,49.49476115693709,1,-15.32206571791328,63.888888888888886,8.566639201431789,0.5972222222222222,NA,NA,NA,48.20886953501758,100,-0.709485356535667,90,104.13947554417938,20,3.0583185846233016,0.01382312704806698,0.10992161356464636,-0.01691557389803222,71.84915239853757,2.077759573052845,NA,-3.655171896940393,-4.220290198370268,-0.01448687319731064,0.01204027631868824,12.1920003890991,0.01622403817360994
KIKA_WS_000_03,-19.75588326375194,62.5,49.49476115693709,1,-15.32206571791328,63.888888888888886,8.566639201431789,0.5972222222222222,NA,NA,NA,48.20886953501758,100,-0.709485356535667,90,104.13947554417938,20,3.0583185846233016,0.01382312704806698,0.10992161356464636,-0.01691557389803222,71.54803821464795,2.0410638448569807,NA,-3.655171896940393,-4.220290198370268,-0.01448687319731064,0.01204027631868824,0,0.01622403817360994
KIKA_WS_001_01,-19.386151899005338,62.5,42.887260426129046,1,-15.268195810586068,65.27777777777777,8.85251525731689,0.6111111111111112,NA,NA,NA,48.20886953501758,100,-0.7204661634675392,90,104.13947554417938,20,3.06095585691079,0.01166815815217284,0.10992161356464636,-0.01691557389803222,52.04500767248762,3.1585715637138745,NA,-4.208531119757231,-4.973364323302349,-0.01321842955643138,0.00478994783270297,0,0.01647025942574656
KIKA_WS_002_01,-19.75588326375194,62.5,49.49476115693709,1,-15.32206571791328,63.888888888888886,8.566639201431789,0.5972222222222222,NA,NA,NA,48.20886953501758,100,-0.709485356535667,90,104.13947554417938,20,3.0583185846233016,0.01382312704806698,0.10992161356464636,-0.01691557389803222,67.17550907324073,3.078976372988474,NA,-3.655171896940393,-4.220290198370268,-0.01448687319731064,0.01204027631868824,9.14200019836426,0.01622403817360994
KIKA_WS_003_01,-21.928545276321916,65.27777777777777,24.361586258094192,0.9861111111111112,-15.897290414528625,63.888888888888886,7.865874166062046,0.5833333333333334,NA,NA,NA,48.20886953501758,100,-0.8124519423891255,92.85714285714286,223.98342042648193,40,3.204613526899564,0.01329814680511797,0.10992161356464636,3.191788883126397e-4,90.13943360095448,0,NA,-0.6820832334383546,-2.49655506440542,-0.00980218563591946,0.01693136427137576,24.4541053771973,0.04213772376766122
KIKA_WS_003_02,-21.928545276321916,65.27777777777777,24.361586258094192,0.9861111111111112,-15.897290414528625,63.888888888888886,7.865874166062046,0.5833333333333334,NA,NA,NA,48.20886953501758,100,-0.8124519423891255,92.85714285714286,223.98342042648193,40,3.204613526899564,0.01329814680511797,0.10992161356464636,3.191788883126397e-4,90.13943360095448,0,NA,-0.6820832334383546,-2.49655506440542,-0.00980218563591946,0.01693136427137576,97.536,0.04213772376766122
KIKA_WS_003_03,-21.928545276321916,65.27777777777777,24.361586258094192,0.9861111111111112,-15.897290414528625,63.888888888888886,7.865874166062046,0.5833333333333334,NA,NA,NA,48.20886953501758,100,-0.8124519423891255,92.85714285714286,223.98342042648193,40,3.204613526899564,0.01329814680511797,0.10992161356464636,3.191788883126397e-4,90.13943360095448,0,NA,-0.6820832334383546,-2.49655506440542,-0.00980218563591946,0.01693136427137576,24.4541053771973,0.04213772376766122
KIMO_WS_001_01,-20.7011853558483,65.27777777777777,11.313326066345418,0.5555555555555556,-3.8325049306759458,30.555555555555557,54.82878206909717,0.5833333333333334,NA,NA,NA,45.47545802746182,100,-0.6828459127796558,75.71428571428571,35.282700809100966,55,2.938391477308725,-5.182604661349427e-4,0.35959153935309995,0.00565485134144982,27.135691354440656,NA,NA,-2.536118040181169,-5.325573555146817,-0.0162912939682919,-0.003022297256114,12.1920003890991,0.03190466831672444
KIMO_WS_002_01,-20.7011853558483,65.27777777777777,11.313326066345418,0.5555555555555556,-3.8325049306759458,30.555555555555557,54.82878206909717,0.5833333333333334,NA,NA,NA,45.47545802746182,100,-0.6828459127796558,75.71428571428571,35.282700809100966,55,2.938391477308725,-5.182604661349427e-4,0.35959153935309995,0.00565485134144982,26.108475246875035,NA,NA,-2.536118040181169,-5.325573555146817,-0.0162912939682919,-0.003022297256114,58.52160000000001,0.03190466831672444
KIMO_WS_002_02,-20.7011853558483,65.27777777777777,11.313326066345418,0.5555555555555556,-3.8325049306759458,30.555555555555557,54.82878206909717,0.5833333333333334,NA,NA,NA,45.47545802746182,100,-0.6828459127796558,75.71428571428571,35.282700809100966,55,2.938391477308725,-5.182604661349427e-4,0.35959153935309995,0.00565485134144982,26.108475246875035,NA,NA,-2.536118040181169,-5.325573555146817,-0.0162912939682919,-0.003022297256114,170.68800000000002,0.03190466831672444
KNRI_WS_002_01,-26.27992377660297,59.72222222222222,11.185457132125004,0.8194444444444444,-10.190297736053465,65.27777777777777,12.357892467787169,0.875,NA,NA,NA,30.43637523069407,100,-1.4682979696534637,95.71428571428572,-77.32506449070337,0,4.065836035887209,0.00779558074178108,-2.403733989688076,0.02367443471355797,0,31.831978504755092,NA,0.08737123944142436,1.443649020775286,0.0201283816353383,-0.02301301439942797,6.5874605178833,0.0182524590390032
KNRI_WS_002_02,-26.27992377660297,59.72222222222222,11.185457132125004,0.8194444444444444,-10.190297736053465,65.27777777777777,12.357892467787169,0.875,NA,NA,NA,30.43637523069407,100,-1.4682979696534637,95.71428571428572,-77.32506449070337,0,4.065836035887209,0.00779558074178108,-2.403733989688076,0.02367443471355797,0,31.5977623643322,NA,0.08737123944142436,1.443649020775286,0.0201283816353383,-0.02301301439942797,6.09633350372314,0.0182524590390032
LABE_WS_001_01,-12.58474174663123,58.333333333333336,60.572247479012105,1,-6.975822568816417,52.77777777777778,8.890058537756595,0.5277777777777778,NA,NA,NA,28.675538352882608,100,-1.2766473128111593,98.57142857142856,-18.932589820269268,0,3.588289307911813,0.01468622640765718,0.4330127477156709,-0.00151505003108688,5.91496973740709,0,NA,-1.4496890713786117,-3.802217538709991,-0.01677653845305022,0.00371709282015582,200.68032000000005,0.02746755447392012
LAKE_WS_002_01,-24.345797544761815,55.55555555555556,44.200805251113366,0.5277777777777778,-27.970072450278938,66.66666666666667,43.040283882224664,0.5694444444444444,NA,NA,NA,41.488572075785754,72.5,-2.718322649703901,100,93.83165499388312,100,3.158813576924281,0.00795800522281095,-1.06993079226873,0.00116005192153726,0,53.78380791132273,NA,-0.12126001124906842,-2.3770637116799165,-0.05040631768012167,0.02545670403374558,0,0.02508718448461579
LAKE_WS_003_01,-21.700937760707273,50,32.38473065940858,0.5972222222222222,-20.211530583104125,63.888888888888886,31.224629478651774,0.5694444444444444,NA,NA,NA,41.488572075785754,72.5,-2.36988689028917,100,93.83165499388312,100,3.0440720805415395,0.00624945702187748,-1.06993079226873,0.00116005192153726,0,24.16717743932275,NA,-0.1251475888572095,-2.482588906448196,-0.04293270533333422,0.01613258525409664,21.8397045135498,0.03066804467832651
LAKE_WS_003_02,-21.700937760707273,50,32.38473065940858,0.5972222222222222,-20.211530583104125,63.888888888888886,31.224629478651774,0.5694444444444444,NA,NA,NA,41.488572075785754,72.5,-2.36988689028917,100,93.83165499388312,100,3.0440720805415395,0.00624945702187748,-1.06993079226873,0.00116005192153726,0,24.16717743932275,NA,-0.1251475888572095,-2.482588906448196,-0.04293270533333422,0.01613258525409664,21.8397045135498,0.03066804467832651
LAKE_WS_004_01,-24.814481816054,48.611111111111114,27.969742745639028,0.5833333333333334,-22.490975122600084,56.94444444444444,24.628509417494296,0.5416666666666666,NA,NA,NA,41.488572075785754,72.5,-2.783634815027357,100,93.83165499388312,100,3.0154319309893935,0.00677848415578551,-1.06993079226873,0.00116005192153726,0,51.201183934252214,NA,-0.10427433376824131,-1.9495920946844565,-0.04223940611743116,0.01022223578559035,0,0.03243965574131666
LAKE_WS_005_01,-22.33642689750028,44.44444444444444,26.248967081396422,0.5833333333333334,-18.212936435577763,65.27777777777777,23.209822344644607,0.5972222222222222,NA,NA,NA,41.488572075785754,72.5,-2.2835871568846393,100,93.83165499388312,100,3.063267480040487,0.00776285453574089,-1.06993079226873,0.00116005192153726,0,21.615208432334132,NA,-0.17348492868483506,-3.3278819994949203,-0.05094735668573843,0.01418276186342026,0,0.03518811818537792
LAKE_WS_005_02,-20.58872767078881,55.55555555555556,40.13555414549131,0.5694444444444444,-20.820408485763775,63.888888888888886,41.913524203794914,0.5277777777777778,NA,NA,NA,41.488572075785754,72.5,-2.5643206140270833,100,93.83165499388312,100,3.041536537264978,0.00687256308915297,-1.06993079226873,0.00116005192153726,0,26.98813044691984,NA,-0.10993573197199344,-2.1499516934984264,-0.04643215015653776,0.02140958085019388,0,0.02757193594989851
LAKE_WS_005_03,-21.659706584290696,61.111111111111114,22.67310863310538,0.5138888888888888,-25.7685212701952,65.27777777777777,49.74045359229843,0.5138888888888888,NA,NA,NA,41.488572075785754,72.5,-2.8834943764937897,100,93.83165499388312,100,3.165054822053534,0.00729417228748978,-1.06993079226873,0.00116005192153726,0,45.06415666890008,NA,-0.1310971637334054,-2.5627863669302307,-0.05175649474571534,0.01484849717881964,0,0.02468048731011483
LAKE_WS_005_04,-22.6217042382959,59.72222222222222,26.118907836761466,0.5138888888888888,-27.656492877086823,65.27777777777777,46.55869328948483,0.5416666666666666,NA,NA,NA,41.488572075785754,72.5,-2.81687637958454,100,93.83165499388312,100,3.1792077875289237,0.00809117147940847,-1.06993079226873,0.00116005192153726,0,68.8183538156139,NA,-0.11522959388471292,-2.2364014401847943,-0.0513682390871729,0.0249326494004991,0,0.02409573676490687
LAKE_WS_005_05,-23.348697220879465,54.166666666666664,46.51640878201667,0.5277777777777778,-24.366336034761655,63.888888888888886,45.06597773904654,0.5555555555555556,NA,NA,NA,41.488572075785754,72.5,-2.635286925013628,100,67.991395057746,70,3.0748851714690595,0.00839242032449689,-1.06993079226873,2.167211822088219e-4,0,57.04534603220037,NA,-0.14049226363059708,-2.657104366355469,-0.04774376283778966,0.01632524573284646,0,0.02351090128384509
LAKE_WS_006_01,-22.33642689750028,44.44444444444444,26.248967081396422,0.5833333333333334,-18.212936435577763,65.27777777777777,23.209822344644607,0.5972222222222222,NA,NA,NA,41.488572075785754,72.5,-2.2835871568846393,100,67.991395057746,70,3.063267480040487,0.00776285453574089,-1.06993079226873,2.167211822088219e-4,0,23.72483345312623,NA,-0.17348492868483506,-3.3278819994949203,-0.05094735668573843,0.01418276186342026,0,0.03518811818537792
LAKE_WS_008_01,-21.16226159040742,44.44444444444444,28.08016229851758,0.5555555555555556,-21.785731241303388,52.77777777777778,25.061002068250357,0.5555555555555556,NA,NA,NA,41.488572075785754,72.5,-3.111045016503029,100,93.83165499388312,100,2.979089953518635,0.00536738289277112,-1.06993079226873,0.00116005192153726,0.5697011361631487,58.60875297845543,NA,-0.0715143192568888,-1.3909662039457724,-0.03757418432905357,0.01161248188073106,0,0.02924059817410318
LAKE_WS_009_01,-22.28799551883589,52.77777777777778,40.396669210054554,0.5416666666666666,-24.71283077940222,65.27777777777777,41.14302768582909,0.5555555555555556,NA,NA,NA,41.488572075785754,72.5,-2.6470752104807036,100,67.991395057746,70,3.0826706726301367,0.00831549242898534,-1.06993079226873,2.167211822088219e-4,0,28.811567456289698,NA,-0.1313726868334688,-2.5783419277932893,-0.04864859250829838,0.01865656346450634,60.96,0.02466533366518347
LAKE_WS_009_02,-22.28799551883589,52.77777777777778,40.396669210054554,0.5416666666666666,-24.71283077940222,65.27777777777777,41.14302768582909,0.5555555555555556,NA,NA,NA,41.488572075785754,72.5,-2.6470752104807036,100,67.991395057746,70,3.0826706726301367,0.00831549242898534,-1.06993079226873,2.167211822088219e-4,0,38.13413416999424,NA,-0.1313726868334688,-2.5783419277932893,-0.04864859250829838,0.01865656346450634,58.52160000000001,0.02466533366518347
LAKE_WS_009_03,-22.28799551883589,52.77777777777778,40.396669210054554,0.5416666666666666,-24.71283077940222,65.27777777777777,41.14302768582909,0.5555555555555556,NA,NA,NA,41.488572075785754,72.5,-2.6470752104807036,100,67.991395057746,70,3.0826706726301367,0.00831549242898534,-1.06993079226873,2.167211822088219e-4,0,32.305528870953495,NA,-0.1313726868334688,-2.5783419277932893,-0.04864859250829838,0.01865656346450634,60.96,0.02466533366518347
LAKE_WS_010_01,-28.89830241680413,56.94444444444444,24.26378097961934,0.5138888888888888,-25.443401106108578,69.44444444444444,21.13581019647515,0.5138888888888888,NA,NA,NA,41.488572075785754,72.5,-2.590366129064557,100,67.991395057746,70,3.0477662708407074,0.00727141883529684,-1.06993079226873,2.167211822088219e-4,0,5.985007745250747,NA,-0.09559638089322069,-2.0292283857563183,-0.04775007523116752,0.04186164008246473,17.0688,0.02974444551786424
LAKE_WS_010_02,-28.89830241680413,56.94444444444444,24.26378097961934,0.5138888888888888,-25.443401106108578,69.44444444444444,21.13581019647515,0.5138888888888888,NA,NA,NA,41.488572075785754,72.5,-2.590366129064557,100,67.991395057746,70,3.0477662708407074,0.00727141883529684,-1.06993079226873,2.167211822088219e-4,0,5.985007745250747,NA,-0.09559638089322069,-2.0292283857563183,-0.04775007523116752,0.04186164008246473,0,0.02974444551786424
LAKE_WS_010_03,-28.89830241680413,56.94444444444444,24.26378097961934,0.5138888888888888,-25.443401106108578,69.44444444444444,21.13581019647515,0.5138888888888888,NA,NA,NA,41.488572075785754,72.5,-2.590366129064557,100,67.991395057746,70,3.0477662708407074,0.00727141883529684,-1.06993079226873,2.167211822088219e-4,0,6.120309746476581,NA,-0.09559638089322069,-2.0292283857563183,-0.04775007523116752,0.04186164008246473,18.288,0.02974444551786424
LARO_WS_001_01,-15.8915221259227,47.22222222222222,22.110836285407174,1,-4.8375940799464425,41.666666666666664,10.9204798410085,0.5416666666666666,NA,NA,NA,39.5555140843538,100,-1.6427469955461915,100,56.21850092406107,100,3.6034371739409927,0.00289421778873131,-0.4934514127446445,5.281137586790087e-5,36.75533070526514,NA,NA,-0.6510311133141161,-2.1915740233201246,-0.01071784014068518,-0.02404910294467172,11.9453058242798,0.05861692202007892
LARO_WS_002_01,-12.439786012594569,41.666666666666664,23.59876739147153,1,-4.363193006830709,34.72222222222222,10.012591791672476,0.5416666666666666,NA,NA,NA,39.5555140843538,100,-1.3992200567420194,98.57142857142856,56.21850092406107,100,3.6013855050636554,0.0037386179098991,-0.4934514127446445,5.281137586790087e-5,20.51829882377779,NA,NA,-1.0515774825606676,-3.184679753250542,-0.03206052661207904,-0.02129889839897219,14.630400000000002,0.05837286246365705
LARO_WS_003_01,-13.275886253159586,48.611111111111114,23.181873415237423,1,-5.502176705466608,40.27777777777778,9.004977062810894,0.5555555555555556,NA,NA,NA,26.949929412848007,100,-1.517036957476693,100,-39.343051578920345,0,3.560823031556126,0.00349068064002053,-0.4934514127446445,-5.579527897674325e-4,55.44240100426375,NA,NA,0.4411577984859299,-1.071026716203915,0.00173780934242678,-0.03386437604968676,4.1452800000000005,0.0582642313335038
LARO_WS_004_01,-9.486532031819364,34.72222222222222,15.99386834843872,0.9861111111111112,-4.9343999637136875,47.22222222222222,12.492868511284104,0.5138888888888888,NA,NA,NA,39.5555140843538,100,-1.213331031890012,98.57142857142856,56.21850092406107,100,3.514117132948007,0.0023703528073929,-0.4934514127446445,5.281137586790087e-5,13.790210884080356,NA,NA,-0.7197158210807402,-3.919711196864091,-0.03305101818307766,0.00532495407831096,14.630400000000002,0.05832585430111883
LARO_WS_005_01,-15.758618586944705,51.388888888888886,23.02394586837525,1,-5.778893837387252,41.666666666666664,9.648251230511894,0.5555555555555556,NA,NA,NA,26.949929412848007,100,-1.6487566832260787,100,-39.343051578920345,0,3.584847865898455,0.00325470447369587,-0.4934514127446445,-5.579527897674325e-4,29.31348407000992,NA,NA,0.15882415531410268,-1.338785872739904,-0.00259651704301237,-0.02567266393590856,28.9580001831055,0.05808443534286894
LARO_WS_005_02,-15.758618586944705,51.388888888888886,23.02394586837525,1,-5.778893837387252,41.666666666666664,9.648251230511894,0.5555555555555556,NA,NA,NA,26.949929412848007,100,-1.6487566832260787,100,-39.343051578920345,0,3.584847865898455,0.00325470447369587,-0.4934514127446445,-5.579527897674325e-4,29.31348407000992,NA,NA,0.15882415531410268,-1.338785872739904,-0.00259651704301237,-0.02567266393590856,28.9580001831055,0.05808443534286894
LARO_WS_005_03,-15.758618586944705,51.388888888888886,23.02394586837525,1,-5.778893837387252,41.666666666666664,9.648251230511894,0.5555555555555556,NA,NA,NA,26.949929412848007,100,-1.6487566832260787,100,-39.343051578920345,0,3.584847865898455,0.00325470447369587,-0.4934514127446445,-5.579527897674325e-4,29.31348407000992,NA,NA,0.15882415531410268,-1.338785872739904,-0.00259651704301237,-0.02567266393590856,28.9580001831055,0.05808443534286894
LARO_WS_006_01,-12.439786012594569,41.666666666666664,23.59876739147153,1,-4.363193006830709,34.72222222222222,10.012591791672476,0.5416666666666666,NA,NA,NA,39.5555140843538,100,-1.3992200567420194,98.57142857142856,56.21850092406107,100,3.6013855050636554,0.0037386179098991,-0.4934514127446445,5.281137586790087e-5,22.44049316522911,NA,NA,-1.0515774825606676,-3.184679753250542,-0.03206052661207904,-0.02129889839897219,37.063680000000005,0.05837286246365705
LARO_WS_007_01,-10.464390796565674,34.72222222222222,21.534516257133543,1,-4.85123192997527,50,14.06376831690594,0.625,NA,NA,NA,39.5555140843538,100,-1.2412199384440583,98.57142857142856,47.89335178580188,100,3.607319402390864,0.00336057957933311,-0.4934514127446445,-8.549162154743682e-7,25.610623812748244,0.05656125402163509,NA,-1.6508030822017674,-4.778962696907381,-0.04356963383126011,0.00128749243739481,8.36264991760254,0.05789571150397857
LARO_WS_008_01,-17.407691003070873,50,24.18764689020507,1,-5.517773316336484,45.833333333333336,10.175852355110576,0.5277777777777778,NA,NA,NA,26.949929412848007,100,-1.686138536717616,100,-39.343051578920345,0,3.602456091267804,0.00355824463031022,-0.4934514127446445,-5.579527897674325e-4,72.3503196271397,NA,NA,-0.00741017576721034,-1.2427758097885158,-0.00718160951829578,-0.01627606521418053,12.3700675964355,0.05729891786593386
LARO_WS_009_01,-14.465914443536851,45.833333333333336,22.145493844639784,1,-4.7454615155600575,37.5,9.3904638469163,0.5694444444444444,NA,NA,NA,39.5555140843538,100,-1.5629363707918924,100,56.21850092406107,100,3.5786002629879023,0.00315384530668175,-0.4934514127446445,5.281137586790087e-5,26.138344696900077,NA,NA,-0.4462068396755776,-2.03856462547703,-0.01275805561620626,-0.03160840954373611,35.600640000000006,0.05873629339868149
LARO_WS_010_01,-10.783590730789484,34.72222222222222,16.866059706550267,0.9861111111111112,-5.207548866867526,50,13.934856388647828,0.5972222222222222,NA,NA,NA,39.5555140843538,100,-1.3032820741525486,100,56.21850092406107,100,3.5661577688465567,0.00235519705187272,-0.4934514127446445,5.281137586790087e-5,15.926299030393732,0.16322900898519896,NA,-0.8898247008522345,-4.0986798829794715,-0.04008026498737867,0.00547654893663196,22.67712,0.05888590752082514
LARO_WS_012_01,-28.615352049392804,55.55555555555556,32.96170335811407,1,-5.888172404539949,50,14.00142948734696,0.5972222222222222,NA,NA,NA,26.949929412848007,100,-1.9086991322415616,100,-39.343051578920345,0,3.6390336367391782,0.0047022222185655,-0.4934514127446445,-5.579527897674325e-4,11.077233329175304,NA,NA,-0.08637025728573834,-2.067434336422892,-0.02469875980213601,-0.00523687292028356,26.8224,0.05312344559441033
LARO_WS_014_01,-9.062546224267397,37.5,21.919600108812,1,-4.956729055917551,51.388888888888886,13.84231281042649,0.6666666666666666,NA,NA,NA,39.5555140843538,100,-1.207201497106709,98.57142857142856,56.21850092406107,100,3.588403625015431,0.00391131593142619,-0.4934514127446445,5.281137586790087e-5,17.29563981983134,0.04945519178590853,NA,-1.4820743226537512,-4.52116768176739,-0.042790466217903,0.00265014853943077,23.1648,0.0568718746297022
LARO_WS_015_01,-12.359993299095915,37.5,16.61581653352896,0.9861111111111112,-5.322870176918143,51.388888888888886,13.526165733334576,0.5277777777777778,NA,NA,NA,39.5555140843538,100,-1.3095417221191537,100,56.21850092406107,100,3.5642897503540283,0.00226390478739117,-0.4934514127446445,5.281137586790087e-5,15.260214836452002,0,NA,-1.102681890130043,-4.303898556683307,-0.041115876023055,0.00232887268066406,73.63968000000001,0.05814754321207172
LARO_WS_016_01,-8.129787139228634,34.72222222222222,16.470937732648455,0.9861111111111112,-4.105257834520041,47.22222222222222,13.018558376888166,0.5416666666666666,NA,NA,NA,39.5555140843538,100,-1.0945002185749957,95.71428571428572,56.21850092406107,100,3.4643097519637207,0.00294684861272586,-0.4934514127446445,5.281137586790087e-5,16.931924851406013,NA,NA,-0.6928012437290647,-3.81587675697783,-0.02657112052464489,0.00858900282118044,9.7536,0.05755696984757875
LARO_WS_017_01,-12.779880530582076,47.22222222222222,24.23270515074543,1,-5.638976646418763,40.27777777777778,8.668289852031736,0.5555555555555556,NA,NA,NA,26.949929412848007,100,-1.4437799568931455,100,-39.343051578920345,0,3.537368964598219,0.00369203780271688,-0.4934514127446445,-5.579527897674325e-4,60.47359459110368,NA,NA,0.4324107877910137,-0.7953473232431809,0.00521959428082271,-0.04262869698660714,46.08576000000001,0.05844028648159252
LARO_WS_018_01,-9.486532031819364,34.72222222222222,15.99386834843872,0.9861111111111112,-4.9343999637136875,47.22222222222222,12.492868511284104,0.5138888888888888,NA,NA,NA,39.5555140843538,100,-1.213331031890012,98.57142857142856,56.21850092406107,100,3.514117132948007,0.0023703528073929,-0.4934514127446445,5.281137586790087e-5,20.520140704511523,NA,NA,-0.7197158210807402,-3.919711196864091,-0.03305101818307766,0.00532495407831096,10.24128,0.05832585430111883
LARO_WS_020_01,-28.813863266296885,52.77777777777778,30.63069975967787,1,-6.186810304471154,48.611111111111114,13.738662078745056,0.6527777777777778,NA,NA,NA,26.949929412848007,100,-1.8029289918177829,100,-39.343051578920345,0,3.725901520997583,0.00489539805647949,-0.4934514127446445,-5.579527897674325e-4,19.155487753591228,0.8961377447194327,NA,-0.3184467336414234,-2.84216130187369,-0.03159988700963742,-0.01413463074483998,27.4159603118896,0.05313507901857883
LAVO_WS_001_01,-9.968600368208994,62.5,49.50617183968753,1,-8.904596660938116,59.72222222222222,6.763212204395474,0.5138888888888888,NA,NA,NA,52.75026507275098,100,-0.44810463527276784,78.57142857142857,90.71927497980158,60,3.031934130766249,0.01476920318862791,0.4911076564301115,-0.00159564192783399,6.123542507384314,0,NA,-11.881036739879187,-12.34951252996186,-0.01764120681028121,-0.00936857623818478,6.09800004959106,0.01336173679684695
LAVO_WS_002_01,-10.050636609697728,65.27777777777777,38.05921560169224,1,-8.869340627147865,63.888888888888886,7.055094360643393,0.5138888888888888,NA,NA,NA,52.75026507275098,100,-0.4375532329558517,78.57142857142857,55.843341118847555,75,2.996444728544443,0.01269239260249024,0.4911076564301115,-0.00151102969936705,0.1779220188831327,0,NA,-14.394569740030487,-14.090263942141569,-0.0226929937664643,-0.00789423342104322,16.5994300842285,0.01131260837294297
LAVO_WS_003_01,-10.47153110390986,61.111111111111114,53.95062067737745,1,-8.77869971414042,59.72222222222222,6.903051413595446,0.5138888888888888,NA,NA,NA,52.75026507275098,100,-0.5116949240840682,82.85714285714286,-33.214856583809656,0,3.053645815093506,0.0157612777660776,0.4911076564301115,-0.00185919631742319,13.8853451064685,6.300321310034981,NA,-9.570651888150223,-10.201249960396026,-0.01746228553328429,-0.00565432324821569,80.4672,0.01583049094043557
LAVO_WS_004_01,-10.724011438329509,58.333333333333336,53.19325681293917,1,-8.978021517000943,59.72222222222222,7.295224843211535,0.5277777777777778,NA,NA,NA,52.75026507275098,100,-0.6241342929941062,94.28571428571428,-33.214856583809656,0,3.0409528012296576,0.01501546557670653,0.4911076564301115,-0.00185919631742319,12.208183295921222,2.6155212025732206,NA,-4.730449804862342,-4.756444654458965,-0.01960481784492944,-0.01488035225573885,0,0.02239195612342441
LAVO_WS_005_01,-9.968600368208994,62.5,49.50617183968753,1,-8.904596660938116,59.72222222222222,6.763212204395474,0.5138888888888888,NA,NA,NA,52.75026507275098,100,-0.44810463527276784,78.57142857142857,90.71927497980158,60,3.031934130766249,0.01476920318862791,0.4911076564301115,-0.00159564192783399,3.9492739330689703,0,NA,-11.881036739879187,-12.34951252996186,-0.01764120681028121,-0.00936857623818478,7.06907415390015,0.01336173679684695
LAVO_WS_006_01,-10.310995914738632,66.66666666666667,38.13810638709826,1,-8.620102402622463,61.111111111111114,7.363511433141006,0.5138888888888888,NA,NA,NA,52.75026507275098,100,-0.44880257192158185,84.28571428571429,55.843341118847555,75,2.99023952312272,0.01235321974331638,0.4911076564301115,-0.00151102969936705,21.781238344589006,0,NA,-10.640923208660524,-12.82772407796649,-0.02028526216425925,-0.01443229700981171,0,0.01229503351854808
LAVO_WS_007_01,-10.507751219347655,63.888888888888886,39.69586277990369,1,-8.621268834722914,63.888888888888886,7.766418764682135,0.5277777777777778,NA,NA,NA,52.75026507275098,100,-0.4699732467993763,85.71428571428571,55.843341118847555,75,2.9738157900240925,0.01212696792950073,0.4911076564301115,-0.00151102969936705,15.957783536384508,0,NA,-11.123940117045295,-12.273661509167118,-0.02101472280648288,-0.01533423529730907,0,0.01383331513423079
LAVO_WS_008_01,-7.707678632693312,50,84.79159083188337,1,-9.564684796994438,62.5,6.824069134248579,0.5138888888888888,NA,NA,NA,52.75026507275098,100,-0.49970197359075075,84.28571428571429,198.82255366126788,100,3.0301456432426095,0.01968007110070179,0.4911076564301115,0.00638487118720222,60.54581443403511,0,NA,-8.300973152948742,-11.172073727659289,-0.02162568724535789,0.02315954018754567,0,0.02351250506172939
LAVO_WS_009_01,-8.992212041935195,58.333333333333336,47.25371693006137,1,-9.044237767273762,61.111111111111114,6.619880314915918,0.5138888888888888,NA,NA,NA,52.75026507275098,100,-0.45116923154142213,77.14285714285714,198.82255366126788,100,3.0214605995593713,0.01435532411801243,0.4911076564301115,0.00638487118720222,3.273794270773493,0,NA,-13.61180215411716,-13.94724544973085,-0.02099312881870894,0.00635200783058449,7.74888134002686,0.01247687665234349
LAVO_WS_010_01,-9.968600368208994,62.5,49.50617183968753,1,-8.904596660938116,59.72222222222222,6.763212204395474,0.5138888888888888,NA,NA,NA,52.75026507275098,100,-0.44810463527276784,78.57142857142857,55.843341118847555,75,3.031934130766249,0.01476920318862791,0.4911076564301115,-0.00151102969936705,0,0,NA,-11.881036739879187,-12.34951252996186,-0.01764120681028121,-0.00936857623818478,0,0.01336173679684695
LAVO_WS_011_01,-9.968600368208994,62.5,49.50617183968753,1,-8.904596660938116,59.72222222222222,6.763212204395474,0.5138888888888888,NA,NA,NA,52.75026507275098,100,-0.44810463527276784,78.57142857142857,90.71927497980158,60,3.031934130766249,0.01476920318862791,0.4911076564301115,-0.00159564192783399,15.46091235628952,0,NA,-11.881036739879187,-12.34951252996186,-0.01764120681028121,-0.00936857623818478,6.74022769927979,0.01336173679684695
LIBI_WS_001_01,-29.40244110553688,58.333333333333336,22.92796153251257,0.8888888888888888,-7.455828637547153,47.22222222222222,28.157367530886035,0.8888888888888888,NA,NA,NA,34.60738423822508,92.5,-1.5405532645471405,98.57142857142856,18.081142264394835,65,3.763088178036462,0.00567822751494067,-1.6150440277396716,4.6418267276891745e-4,7.195615056957318,NA,NA,0.1709656154489494,2.3221752378675684,0.00751414071888933,0.02673034667968741,6.339840000000001,0.0328682305166612
LYJO_WS_001_01,-37.116489322671626,55.55555555555556,107.42204357525743,0.5416666666666666,-12.642869076057128,63.888888888888886,50.45043421302637,0.5972222222222222,NA,NA,NA,19.757827392814445,77.5,-0.7804120304245825,97.14285714285714,119.05487113555468,95,2.8511779158773365,0.00743775332336055,-1.5647738923292676,8.546653037702412e-5,0,NA,NA,1.2487338935887382,4.111473083496094,0.01828042832580819,0.01050533090599279,6.33983993530273,0.01438557279503796
LYJO_WS_002_01,-37.116489322671626,55.55555555555556,107.42204357525743,0.5416666666666666,-12.642869076057128,63.888888888888886,50.45043421302637,0.5972222222222222,NA,NA,NA,19.757827392814445,77.5,-0.7804120304245825,97.14285714285714,119.05487113555468,95,2.8511779158773365,0.00743775332336055,-1.5647738923292676,8.546653037702412e-5,0,NA,NA,1.2487338935887382,4.111473083496094,0.01828042832580819,0.01050533090599279,68.2752,0.01438557279503796
LYJO_WS_002_02,-37.116489322671626,55.55555555555556,107.42204357525743,0.5416666666666666,-12.642869076057128,63.888888888888886,50.45043421302637,0.5972222222222222,NA,NA,NA,19.757827392814445,77.5,-0.7804120304245825,97.14285714285714,119.05487113555468,95,2.8511779158773365,0.00743775332336055,-1.5647738923292676,8.546653037702412e-5,0,NA,NA,1.2487338935887382,4.111473083496094,0.01828042832580819,0.01050533090599279,48.768,0.01438557279503796
LYJO_WS_003_01,-37.116489322671626,55.55555555555556,107.42204357525743,0.5416666666666666,-12.642869076057128,63.888888888888886,50.45043421302637,0.5972222222222222,NA,NA,NA,19.757827392814445,77.5,-0.7804120304245825,97.14285714285714,119.05487113555468,95,2.8511779158773365,0.00743775332336055,-1.5647738923292676,8.546653037702412e-5,0,NA,NA,1.2487338935887382,4.111473083496094,0.01828042832580819,0.01050533090599279,48.768,0.01438557279503796
LYJO_WS_005_01,-36.121419682885715,54.166666666666664,107.67417173088106,0.5694444444444444,-13.168325159954197,58.333333333333336,36.91120032097191,0.5833333333333334,NA,NA,NA,19.757827392814445,77.5,-0.8161346195812642,97.14285714285714,119.05487113555468,95,2.801491372426728,0.00890682388993459,-1.5647738923292676,8.546653037702412e-5,0,NA,NA,1.0441703312394637,2.8052532637928747,0.01575502004327661,0.01205917640968638,88.75776,0.0129710387672416
LYJO_WS_006_01,-37.116489322671626,55.55555555555556,107.42204357525743,0.5416666666666666,-12.642869076057128,63.888888888888886,50.45043421302637,0.5972222222222222,NA,NA,NA,19.757827392814445,77.5,-0.7804120304245825,97.14285714285714,119.05487113555468,95,2.8511779158773365,0.00743775332336055,-1.5647738923292676,8.546653037702412e-5,0,NA,NA,1.2487338935887382,4.111473083496094,0.01828042832580819,0.01050533090599279,24.384,0.01438557279503796
MABI_WS_001_01,-12.249310650326064,43.05555555555556,32.493161116234724,1,-3.9554251376470626,19.444444444444443,75.23958036879783,0.5277777777777778,NA,NA,NA,68.37393133052862,100,-0.6114646199201108,58.57142857142857,27.345230723812215,75,3.780449279652606,-0.00334779756386216,2.74326229155699,-1.357060248458246e-4,0,6.014500321792516,NA,4.35337632066674,5.56011228208187,0.02915509270112931,0.03401438395182299,6.09999990463257,0.04389194723649231
MANA_WS_001_01,-18.511356591891857,66.66666666666667,12.869572487176423,0.6111111111111112,-2.6515842018781117,19.444444444444443,43.68103597929672,0.6111111111111112,0,0.00725428278239262,NA,61.56437497390367,100,-0.7528694813260388,81.42857142857143,NA,NA,3.3104599926016895,0.00198002427388099,-1.6849117644470366,0.0042666185456562,0,5.285347097473872,0,3.757645492665251,6.7369350251697355,0.02956721234924747,-4.631501656993109e-4,9.44939994812012,0.03193390684337052
MANA_WS_003_01,-18.476596615651104,65.27777777777777,12.603329354803204,0.5972222222222222,-3.0321994852235976,19.444444444444443,47.15587667447548,0.6111111111111112,0,0.00731128412325277,NA,61.56437497390367,100,-0.7373482263111518,87.14285714285714,NA,NA,3.29090122842352,0.00197653959148402,-1.6849117644470366,0.0042666185456562,0,4.349112761031475,0,3.139781646016571,6.708630911509192,0.02923060731453703,-0.00317727194892047,7.92000007629395,0.03256782591326851
MANA_WS_004_01,-19.71142672555689,69.44444444444444,11.89847115421276,0.5694444444444444,-3.0255713824371657,20.833333333333332,46.890388738799274,0.5972222222222222,0,0.00765912231280775,NA,61.56437497390367,100,-0.76628377454365,85.71428571428571,NA,NA,3.3287072282823047,0.00219173603555006,-1.6849117644470366,0.0042666185456562,0,6.7681562161741855,0,3.7145098580254463,7.219457668728296,0.03603132743445684,-0.00113915337456607,12.9998598098755,0.03273717617411288
MANA_WS_005_01,-18.476596615651104,65.27777777777777,12.603329354803204,0.5972222222222222,-3.0321994852235976,19.444444444444443,47.15587667447548,0.6111111111111112,0,0.00731141868363427,NA,61.56437497390367,100,-0.7373482263111518,87.14285714285714,NA,NA,3.29090122842352,0.00197653959148402,-1.6849117644470366,0.0042666185456562,0,NA,0,3.139781646016571,6.708630911509192,0.02923060731453703,-0.00317727194892047,7.92000007629395,0.03256782591326851
MANA_WS_006_01,-19.477769979236236,68.05555555555556,12.343235036433414,0.625,-2.388589071483009,20.833333333333332,43.78781248653195,0.5833333333333334,0,0.00762735183921968,NA,61.56437497390367,100,-0.7570219382065856,84.28571428571429,NA,NA,3.347766294226803,0.00208542041287151,-1.6849117644470366,0.0042666185456562,0,NA,0,4.170834524044091,7.119338338337245,0.03101630201251963,0.00326834784613715,13.7159996032715,0.03214005784112205
MANA_WS_008_01,-19.71142672555689,69.44444444444444,11.89847115421276,0.5694444444444444,-3.0255713824371657,20.833333333333332,46.890388738799274,0.5972222222222222,0,0.00771861642896227,NA,61.56437497390367,100,-0.76628377454365,85.71428571428571,NA,NA,3.3287072282823047,0.00219173603555006,-1.6849117644470366,0.0042666185456562,0,4.1530035077831,0,3.7145098580254463,7.219457668728296,0.03603132743445684,-0.00113915337456607,11.0246162414551,0.03273717617411288
MANA_WS_009_01,-18.476596615651104,65.27777777777777,12.603329354803204,0.5972222222222222,-3.0321994852235976,19.444444444444443,47.15587667447548,0.6111111111111112,0,0.00731888449517456,NA,61.56437497390367,100,-0.7373482263111518,87.14285714285714,NA,NA,3.29090122842352,0.00197653959148402,-1.6849117644470366,0.0042666185456562,0,4.323382982374982,0,3.139781646016571,6.708630911509192,0.02923060731453703,-0.00317727194892047,9.14200019836426,0.03256782591326851
MANA_WS_010_01,-19.477769979236236,68.05555555555556,12.343235036433414,0.625,-2.388589071483009,20.833333333333332,43.78781248653195,0.5833333333333334,0,0.00807252790146184,NA,61.56437497390367,100,-0.7570219382065856,84.28571428571429,NA,NA,3.347766294226803,0.00208542041287151,-1.6849117644470366,0.0042666185456562,0,NA,0,4.170834524044091,7.119338338337245,0.03101630201251963,0.00326834784613715,12.1909999847412,0.03214005784112205
MANZ_WS_001_01,-39.48501141712966,61.111111111111114,25.902256005698213,0.9722222222222222,-20.4818841190276,61.111111111111114,13.801646286037547,0.6527777777777778,NA,NA,NA,34.196179214850794,85,-1.9068770033479596,100,-11.916983592846814,5,3.1477972378725063,0.00454563061564136,2.826193581192548,-4.479429914027265e-5,1.4015256309599295,0.2876261577766072,NA,0.00905795693305349,-1.1534315287493742,-0.00440139610087187,-0.0158231560482151,62.1792,0.04932084836262298
MAVA_WS_001_01,-10.254657160646708,47.22222222222222,8.18227399049009,0.5138888888888888,-2.865990785398816,22.22222222222222,52.74156683561508,0.6388888888888888,0,NA,NA,68.37393133052862,100,-0.6195985904208662,62.857142857142854,8.859603707274182,40,3.604657022139314,-0.00765421020436298,0.2248422566627315,-2.85753836692648e-4,35.893470903898525,NA,0,7.539502327258766,9.732253127627928,0.05689159706496979,0.04361039620858653,73.152,0.05406850860635206
MAVA_WS_002_01,-10.254657160646708,47.22222222222222,8.18227399049009,0.5138888888888888,-2.865990785398816,22.22222222222222,52.74156683561508,0.6388888888888888,0,NA,NA,68.37393133052862,100,-0.6195985904208662,62.857142857142854,8.859603707274182,40,3.604657022139314,-0.00765421020436298,0.2248422566627315,-2.85753836692648e-4,35.2026692051699,NA,0,7.539502327258766,9.732253127627928,0.05689159706496979,0.04361039620858653,6.09700012207031,0.05406850860635206
MAVA_WS_003_01,-10.254657160646708,47.22222222222222,8.18227399049009,0.5138888888888888,-2.865990785398816,22.22222222222222,52.74156683561508,0.6388888888888888,0,NA,NA,68.37393133052862,100,-0.6195985904208662,62.857142857142854,8.859603707274182,40,3.604657022139314,-0.00765421020436298,0.2248422566627315,-2.85753836692648e-4,35.386402990602015,NA,0,7.539502327258766,9.732253127627928,0.05689159706496979,0.04361039620858653,6.09600019454956,0.05406850860635206
MAVA_WS_004_01,-10.254657160646708,47.22222222222222,8.18227399049009,0.5138888888888888,-2.865990785398816,22.22222222222222,52.74156683561508,0.6388888888888888,0,NA,NA,68.37393133052862,100,-0.6195985904208662,62.857142857142854,8.859603707274182,40,3.604657022139314,-0.00765421020436298,0.2248422566627315,-2.85753836692648e-4,34.52304439002706,NA,0,7.539502327258766,9.732253127627928,0.05689159706496979,0.04361039620858653,5.61011981964111,0.05406850860635206
MEVE_WS_001_01,-24.03485744951311,61.111111111111114,40.37684234832247,1,-11.236719510441732,54.166666666666664,45.40055355462153,0.5972222222222222,NA,NA,NA,32.37993413498433,100,-1.244905903272224,100,-27.06672715290011,0,3.430806001359747,0.01076722122891674,-0.8118288031738237,-0.00301553032472304,73.73984956452598,3.5701142213532746,NA,-3.4599935383614793,-4.542951969083,-0.03435409615357326,0.00285282841435163,0,0.03637931889904441
MEVE_WS_001_02,-24.03485744951311,61.111111111111114,40.37684234832247,1,-11.236719510441732,54.166666666666664,45.40055355462153,0.5972222222222222,NA,NA,NA,32.37993413498433,100,-1.244905903272224,100,-27.06672715290011,0,3.430806001359747,0.01076722122891674,-0.8118288031738237,-0.00301553032472304,66.57557067106511,4.275013109475256,NA,-3.4599935383614793,-4.542951969083,-0.03435409615357326,0.00285282841435163,0,0.03637931889904441
MIIN_WS_001_01,-21.11917268977069,59.72222222222222,43.53594775877635,1,-5.7302598817160115,36.111111111111114,14.520848685592249,0.5416666666666666,NA,NA,NA,27.53595885385392,100,-2.1899799216631757,100,12.50765016596334,30,3.868913084138013,NA,8.998873344392893,0.04930534496099409,14.772758918302738,NA,NA,-0.0349788924207032,-0.07023933051544873,-0.01671550952430816,0.02269576993123631,121.92,NA
MIMA_WS_002_01,-11.90486903447236,50,6.64056536000946,0.5277777777777778,-3.92585535657994,27.77777777777778,99.19413681280142,0.7083333333333334,0,0.01590277176684097,0.2580937415059652,68.37393133052862,100,-0.7224672003138801,70,6.790895878765658,30,3.615298630041414,1.3008735167074903e-4,-0.02565457076737503,-0.00199632622550349,0,NA,0,6.945405025108183,7.106294238378106,0.03497376018564502,0.02197077244888125,3.87048006057739,0.03789328265200163
MIMI_WS_002_01,-21.55603871735917,48.611111111111114,13.825775950422411,0.9583333333333334,-7.601369561579599,41.666666666666664,14.764572927018492,0.9583333333333334,NA,NA,NA,30.43637523069407,100,-1.2576425276648422,98.57142857142856,-65.12283389475182,0,3.7285556864425136,0.00503563359906384,8.340676521607055,-8.170985603265474e-5,5.443774254625335,NA,NA,0.08312559533466257,0.640958033878395,8.181610160313824e-4,0.00822476987485743,63.3984,0.03237137408288888
MISS_WS_001_01,-34.765541986913846,91.66666666666669,16.778629377759376,0.7083333333333334,-6.726615998027337,55.55555555555556,13.590058541232723,0.8194444444444444,NA,NA,NA,87.97638381843059,97.5,-1.175059776824219,98.57142857142856,-52.24705509584695,0,4.527240716380838,0.00804737254239476,6.353055079935544,0.00210466734512449,0,NA,NA,-1.1041335753268695,0.17761050387857424,-0.01757712449285178,0.02308583311525565,15.2399997711182,0.01408113258816385
MOCA_WS_001_01,-47.16420753155165,70.83333333333333,132.42578789285153,0.7222222222222222,-19.788804900670627,70.83333333333333,36.65371222675909,0.5416666666666666,NA,NA,NA,27.718808917152664,77.5,-1.8674059441851691,98.57142857142856,26.367350187479794,60,3.1102646053763117,0.00475557773400052,-3.2543644646071743,5.344216873846581e-5,27.222345052371377,7.017564118788211,NA,-0.5016126430356558,-5.4940826505146685,-0.04321602012281122,0.00764465332031222,39.0144,0.02582602352695816
MOCA_WS_003_01,-40.585423414370766,63.888888888888886,58.12416969235148,0.5416666666666666,-19.91081986170497,69.44444444444444,31.127541379444796,0.5416666666666666,NA,NA,NA,27.718808917152664,77.5,-1.974440643328466,98.57142857142856,26.367350187479794,60,3.0491705193361938,0.00265218022423246,-3.2543644646071743,5.344216873846581e-5,5.345309149355408,10.185078545460676,NA,-0.2693535465073796,-4.4053492799953204,-0.04358648293678883,0.01543951034545876,39.0144,0.02236508883908079
MOCR_WS_001_01,-17.30520776441722,51.388888888888886,21.209379534891017,0.5138888888888888,-3.886386234813225,36.111111111111114,14.621783364370058,0.5138888888888888,9.49036410484396,0.00774643844994,0.0928632042187355,40.709352461331704,100,-0.5631099839014524,68.57142857142857,226.4684455807576,100,2.752188278118105,0.00174803582655924,0.1762099810359497,7.73315907655588e-4,70.4054625213699,25.392962118582712,1.367496119343089,4.853637144579525,6.540612750583225,0.02111192685783425,0.02061522953093941,0,0.01067254450447356
MOCR_WS_002_01,-17.30520776441722,51.388888888888886,21.209379534891017,0.5138888888888888,-3.886386234813225,36.111111111111114,14.621783364370058,0.5138888888888888,8.155593449147702,0.0077359250823782,0.09270889654549008,40.709352461331704,100,-0.5631099839014524,68.57142857142857,226.4684455807576,100,2.752188278118105,0.00284293934480948,0.1762099810359497,7.73315907655588e-4,71.48840749521726,23.45774508496315,1.0446438078933729,4.853637144579525,6.540612750583225,0.02111192685783425,0.02061522953093941,60.96,0.01979926258081891
MOJA_WS_002_01,-42.476500935914935,51.388888888888886,40.25540740055815,0.6805555555555556,-21.810497566392357,65.27777777777777,35.88851358132786,0.5277777777777778,NA,NA,NA,41.488572075785754,72.5,-2.6768483140227177,100,7.209223361959778,15,3.2624763502917027,0.00817635865250214,2.1136859990719055,-3.584845605592421e-4,0,0,NA,-0.22087678476684625,-3.5543605069192217,-0.04454554991217908,0.00999765042905398,19.8110008239746,0.03212120117951499
MOJA_WS_002_02,-42.476500935914935,51.388888888888886,40.25540740055815,0.6805555555555556,-21.810497566392357,65.27777777777777,35.88851358132786,0.5277777777777778,NA,NA,NA,41.488572075785754,72.5,-2.6768483140227177,100,7.209223361959778,15,3.2624763502917027,0.00817635865250214,2.1136859990719055,-3.584845605592421e-4,0,0,NA,-0.22087678476684625,-3.5543605069192217,-0.04454554991217908,0.00999765042905398,19.8110008239746,0.03212120117951499
MOJA_WS_004_01,-40.746834143529384,61.111111111111114,83.20085417374838,0.7361111111111112,-21.850133377964575,68.05555555555556,57.28343491028508,0.5277777777777778,NA,NA,NA,41.488572075785754,72.5,-2.6953274097701727,100,7.209223361959778,15,3.086929166141328,0.00622975866676918,2.1136859990719055,-3.584845605592421e-4,0,0,NA,-0.1002594780392366,-2.696801765176354,-0.03956396465437366,0.00768920521677287,6.09999990463257,0.02758696885208426
MOJA_WS_005_01,-42.89291941496185,51.388888888888886,42.29953584478246,0.7222222222222222,-20.667625351750768,62.5,36.6488323786668,0.5,NA,NA,NA,41.488572075785754,72.5,-2.6861775641591805,100,7.209223361959778,15,3.2459899368916574,0.00745356081499488,2.1136859990719055,-3.584845605592421e-4,0,0,NA,-0.18647408211403907,-3.276700314577255,-0.04524882194928059,0.01036065828498123,12.6918716430664,0.03218048475569419
MOJA_WS_006_01,-38.682568324482226,55.55555555555556,78.77537784972357,0.6527777777777778,-21.15406178123757,65.27777777777777,67.78286115435566,0.5416666666666666,NA,NA,NA,41.488572075785754,72.5,-2.291729785207547,100,7.209223361959778,15,3.103787245573823,0.00680658281837626,2.1136859990719055,-3.584845605592421e-4,0,0,NA,-0.20779001232909244,-3.92771388553083,-0.04533802414461065,0.0085309770372179,203.85024000000004,0.02737162133601437
MOJA_WS_007_01,-45.822357688260944,66.66666666666667,78.49722457059248,0.7361111111111112,-21.424226269022327,68.05555555555556,50.96601759086516,0.5416666666666666,NA,NA,NA,41.488572075785754,72.5,-2.600240751697671,100,7.209223361959778,15,3.07515900161626,0.0059113187781059,2.1136859990719055,-3.584845605592421e-4,0,0,NA,-0.0744314708283792,-2.7716537252264586,-0.03740859899927061,0.00717817344556829,24.384,0.03126965993326955
MOJA_WS_008_01,-21.9722581428154,62.5,34.550945474732515,0.5138888888888888,-24.775004166046703,75,33.242970976339066,0.5,NA,NA,NA,38.02559015641314,60,-3.212362469693366,100,7.209223361959778,15,2.961008091316618,0.00776020249199697,2.1136859990719055,-3.584845605592421e-4,0,53.301297101080905,NA,-0.05928853236390209,-1.179973065306473,-0.03913106203677616,0.01264012437260739,20.8126583099365,0.02143925059721233
MONO_WS_001_01,-18.43442244004245,66.66666666666667,10.661645254078318,0.6666666666666666,-2.851752369724586,16.666666666666668,66.2814405032509,0.6666666666666666,NA,NA,NA,61.56437497390367,100,-0.8704133287547148,87.14285714285714,53.389953864399075,95,3.420624259979494,8.92655245149726e-4,7.038995162031663,0.00162091217213407,0,NA,NA,3.369817113876343,4.60953239864773,0.01948879971514429,-0.01387321455546195,11.0575485229492,0.03413482037429883
MONO_WS_002_01,-18.43442244004245,66.66666666666667,10.661645254078318,0.6666666666666666,-2.851752369724586,16.666666666666668,66.2814405032509,0.6666666666666666,NA,NA,NA,61.56437497390367,100,-0.8704133287547148,87.14285714285714,53.389953864399075,95,3.420624259979494,8.92655245149726e-4,7.038995162031663,0.00162091217213407,0,NA,NA,3.369817113876343,4.60953239864773,0.01948879971514429,-0.01387321455546195,8.2298994064331,0.03413482037429883
MONO_WS_004_01,-18.43442244004245,66.66666666666667,10.661645254078318,0.6666666666666666,-2.851752369724586,16.666666666666668,66.2814405032509,0.6666666666666666,NA,NA,NA,61.56437497390367,100,-0.8704133287547148,87.14285714285714,53.389953864399075,95,3.420624259979494,8.92655245149726e-4,7.038995162031663,0.00162091217213407,0,NA,NA,3.369817113876343,4.60953239864773,0.01948879971514429,-0.01387321455546195,6.40040016174316,0.03413482037429883
MONO_WS_005_01,-18.43442244004245,66.66666666666667,10.661645254078318,0.6666666666666666,-2.851752369724586,16.666666666666668,66.2814405032509,0.6666666666666666,NA,NA,NA,61.56437497390367,100,-0.8704133287547148,87.14285714285714,53.389953864399075,95,3.420624259979494,8.92655245149726e-4,7.038995162031663,0.00162091217213407,0,NA,NA,3.369817113876343,4.60953239864773,0.01948879971514429,-0.01387321455546195,8.16931915283203,0.03413482037429883
MONO_WS_006_01,-18.43442244004245,66.66666666666667,10.661645254078318,0.6666666666666666,-2.851752369724586,16.666666666666668,66.2814405032509,0.6666666666666666,NA,NA,NA,61.56437497390367,100,-0.8704133287547148,87.14285714285714,53.389953864399075,95,3.420624259979494,8.92655245149726e-4,7.038995162031663,0.00162091217213407,0,NA,NA,3.369817113876343,4.60953239864773,0.01948879971514429,-0.01387321455546195,10.0584001541138,0.03413482037429883
MONO_WS_007_01,-18.43442244004245,66.66666666666667,10.661645254078318,0.6666666666666666,-2.851752369724586,16.666666666666668,66.2814405032509,0.6666666666666666,NA,NA,NA,61.56437497390367,100,-0.8704133287547148,87.14285714285714,53.389953864399075,95,3.420624259979494,8.92655245149726e-4,7.038995162031663,0.00162091217213407,0,NA,NA,3.369817113876343,4.60953239864773,0.01948879971514429,-0.01387321455546195,8.16931915283203,0.03413482037429883
MONO_WS_008_01,-18.43442244004245,66.66666666666667,10.661645254078318,0.6666666666666666,-2.851752369724586,16.666666666666668,66.2814405032509,0.6666666666666666,NA,NA,NA,61.56437497390367,100,-0.8704133287547148,87.14285714285714,53.389953864399075,95,3.420624259979494,8.92655245149726e-4,7.038995162031663,0.00162091217213407,0,NA,NA,3.369817113876343,4.60953239864773,0.01948879971514429,-0.01387321455546195,8.16931915283203,0.03413482037429883
MORA_WS_001_01,-4.609132960928242,43.05555555555556,117.90456837939097,1,-5.154838301658491,50,5.445627463318881,0.5138888888888888,NA,NA,NA,97.55920443685238,100,-0.3730506490700031,64.28571428571429,157.91299540799724,100,2.9740932527076476,0.01663034577801777,-0.1362224077664456,0.0011342969529864,35.66283842514915,0.13656045684665466,NA,-3.4654278296011474,-1.9016273087925508,-0.01103765651422725,0.00921483294954024,0,0.02951050436003961
MORA_WS_002_01,-5.11269137481114,52.77777777777778,13.031465623582465,0.9444444444444444,-5.38923898313211,56.94444444444444,6.035915026086488,0.5277777777777778,NA,NA,NA,97.55920443685238,100,-0.34635830623312014,58.57142857142857,140.30192740878357,100,3.085529082113887,0.00920461712413029,-0.1362224077664456,0.00238838970855764,13.683489615421582,5.228824597708803,NA,-1.8560792428475752,0.6770941416422829,0.00104631568519439,0.01029868077750156,0,0.01848929812682218
MORA_WS_003_01,-4.609132960928242,43.05555555555556,117.90456837939097,1,-5.154838301658491,50,5.445627463318881,0.5138888888888888,NA,NA,NA,97.55920443685238,100,-0.3730506490700031,64.28571428571429,157.91299540799724,100,2.9740932527076476,0.01663034577801777,-0.1362224077664456,0.0011342969529864,47.27371966949407,0,NA,-3.4654278296011474,-1.9016273087925508,-0.01103765651422725,0.00921483294954024,0,0.02951050436003961
MORA_WS_004_01,-4.787451131030018,51.388888888888886,134.06649448997015,1,-5.278777309815664,52.77777777777778,6.265884522443105,0.5277777777777778,NA,NA,NA,97.55920443685238,100,-0.3686790629157754,65.71428571428571,140.30192740878357,100,3.0209695733623736,0.01926031278790278,-0.1362224077664456,0.00238838970855764,7.977597945818636,5.772224957107035,NA,-0.122562311313762,0.15109441015454195,0.00142278471467704,0.00923298023365193,0,0.02504831624656283
MORA_WS_005_01,-5.010923748435206,55.55555555555556,9.591280117484729,1,-5.284949274841165,58.333333333333336,5.185091699600981,0.5277777777777778,NA,NA,NA,97.55920443685238,100,-0.339926007952616,57.142857142857146,140.30192740878357,100,3.0611777256466572,0.00672424005403278,-0.1362224077664456,0.00238838970855764,0.4013601786458516,0,NA,-2.0014479425218226,-0.3657770156860352,-0.00555306263985923,0.01118230819702147,21.298999786377,0.01308199013179239
MORA_WS_006_01,-5.068905674933572,51.388888888888886,122.69555847131062,1,-5.435962421362525,58.333333333333336,6.353139895932377,0.5138888888888888,NA,NA,NA,97.55920443685238,100,-0.40992714312007134,72.85714285714286,157.91299540799724,100,3.0655721023423608,0.01945340780808355,-0.1362224077664456,0.0011342969529864,4.493244587635079,9.642650928132952,NA,0.01892585428350475,-0.25952741834852433,0.00157079871431247,0.003511311095438,15.11808,0.03007261656597067
MORA_WS_007_01,-3.9241556949147745,33.333333333333336,77.28419791297291,1,-5.099739854798445,47.22222222222222,5.374181667342446,0.5555555555555556,NA,NA,NA,97.55920443685238,100,-0.3694769671754527,64.28571428571429,157.91299540799724,100,2.9008230761387868,0.01521266295579702,-0.1362224077664456,0.0011342969529864,47.296413120977206,NA,NA,-2.5426892770661027,-0.6457295476654458,-0.00587248245827344,0.00627020633581907,0,0.038377283797013
MORA_WS_008_01,-4.693671714464223,51.388888888888886,22.078060698623965,0.9861111111111112,-5.104375490558714,55.55555555555556,5.832198376824175,0.5277777777777778,NA,NA,NA,97.55920443685238,100,-0.328620398835355,58.57142857142857,140.30192740878357,100,3.053360986999192,0.00979377125406018,-0.1362224077664456,0.00238838970855764,4.287457259633024,1.641023226257245,NA,-2.2937510808305888,-0.3704238123364121,-0.00373370305964696,0.01350036537369255,0,0.01909853272127689
MORA_WS_009_01,-6.022770120735411,61.111111111111114,26.410427742174797,1,-5.174870382927923,56.94444444444444,4.411264365614651,0.5,NA,NA,NA,97.55920443685238,100,-0.3647565801307833,68.57142857142857,140.30192740878357,100,3.0702109349671227,0.01265442505464497,-0.1362224077664456,0.00238838970855764,10.721248594856151,0.791377992068186,NA,-3.621655863302734,-1.6134156319830026,-0.01008311304237862,0.00525238288282857,0,0.01065807259726581
MORA_WS_010_01,-5.6664054504244055,52.77777777777778,37.41149920014134,1,-5.328421185423691,56.94444444444444,5.043770594304002,0.5,0,NA,NA,97.55920443685238,100,-0.5283544345886686,77.14285714285714,140.30192740878357,100,3.1399580631916963,0.01346348655308149,-0.1362224077664456,0.00238838970855764,0.5721505214267703,6.40017748030018,0,0.7758336095084934,-0.6103380874351387,0.00316814134420914,-0.00509738107012884,14.630400000000002,0.04704648697741975
MORA_WS_011_01,-6.9047746802309895,65.27777777777777,121.93896137285785,1,-5.789754046501829,58.333333333333336,6.6891352986551995,0.5,0,4.3158297968375346e-4,NA,97.55920443685238,100,-0.4823246778687319,75.71428571428571,140.30192740878357,100,3.2165473136518257,0.01661009512082501,-0.1362224077664456,0.00238838970855764,20.657444327049426,5.9874365193101,0,2.5138466976307066,-0.34015554355249833,0.00250498004101539,-0.01162514863190833,84.85632000000001,0.02899594040710824
MORA_WS_012_01,-6.022770120735411,61.111111111111114,26.410427742174797,1,-5.174870382927923,56.94444444444444,4.411264365614651,0.5,NA,NA,NA,97.55920443685238,100,-0.3647565801307833,68.57142857142857,140.30192740878357,100,3.0702109349671227,0.01265442505464497,-0.1362224077664456,0.00238838970855764,7.4440549726556675,1.024788194549905,NA,-3.621655863302734,-1.6134156319830026,-0.01008311304237862,0.00525238288282857,0,0.01065807259726581
MORA_WS_013_01,-5.977977114009864,56.94444444444444,89.13196705252102,1,-5.741004170498885,55.55555555555556,4.370703350283481,0.5138888888888888,NA,NA,NA,97.55920443685238,100,-0.4433731293823957,77.14285714285714,140.30192740878357,100,3.069468365822688,0.01806908296170331,-0.1362224077664456,0.00238838970855764,40.352567577378544,2.4959884641245726,NA,-3.010297941783116,0.6736196350168181,-0.0061169690495605,0.00902985689932843,0,0.02278073022093767
MORR_WS_001_01,-12.591222445198383,43.05555555555556,8.307726252618624,0.5555555555555556,-4.461618521928394,26.38888888888889,83.06850331278294,0.6388888888888888,0,0.00302607175018607,0.06377858005679903,61.56437497390367,100,-0.688025659173964,57.142857142857146,75.45528815755557,100,3.28998361327932,0.00265603784795265,-3.3753807628057646,9.792481639126268e-4,37.4515840918323,2.2356859177590462,0,3.90402796329596,5.496785826153219,0.01219809521956139,0.04513545095184712,6.09999990463257,0.02880697938501675
MORR_WS_002_01,-12.767591213585437,45.833333333333336,8.645464478983195,0.5277777777777778,-4.305442453470295,26.38888888888889,94.8020674874203,0.6388888888888888,0,0.00300825899954378,0.06092225992696769,61.56437497390367,100,-0.6321294762758999,58.57142857142857,75.45528815755557,100,3.2916895494381286,0.00268388916602761,-3.3753807628057646,9.792481639126268e-4,37.27528941325705,2.147033386043039,0,4.225683590722456,5.841446929507782,0.01555540245956317,0.04613100687662763,11.7435216903687,0.02931056138150526
MORR_WS_003_01,-11.446147938124826,44.44444444444444,8.300969010914685,0.5138888888888888,-3.7464846868669506,25,96.76928478365438,0.6527777777777778,0,0.00289627328814983,0.06086920370664535,61.56437497390367,100,-0.6224516111030192,55.714285714285715,25.07781032440597,65,3.22274192060336,0.00281222223607846,-3.3753807628057646,-6.315029583890443e-4,39.419488794471455,1.5712994753478695,0,1.833207485852422,4.666627968682178,0.01097735711150676,0.05008549160427478,12.4968004226685,0.02878111306699697
MORR_WS_004_01,-11.446147938124826,44.44444444444444,8.300969010914685,0.5138888888888888,-3.7464846868669506,25,96.76928478365438,0.6527777777777778,0,0.00278671149279014,0.05759841808258784,61.56437497390367,100,-0.6224516111030192,55.714285714285715,25.07781032440597,65,3.22274192060336,0.00281222223607846,-3.3753807628057646,-6.315029583890443e-4,39.244565611131755,1.0368601229195662,0,1.833207485852422,4.666627968682178,0.01097735711150676,0.05008549160427478,12.4968004226685,0.02878111306699697
MORR_WS_005_01,-11.446147938124826,44.44444444444444,8.300969010914685,0.5138888888888888,-3.7464846868669506,25,96.76928478365438,0.6527777777777778,0,0.00268377600072419,0.05506078998956514,61.56437497390367,100,-0.6224516111030192,55.714285714285715,25.07781032440597,65,3.22274192060336,0.00281222223607846,-3.3753807628057646,-6.315029583890443e-4,38.824427541144566,0.12833537863075434,0,1.833207485852422,4.666627968682178,0.01097735711150676,0.05008549160427478,10.0283203125,0.02878111306699697
MORR_WS_007_01,-11.446147938124826,44.44444444444444,8.300969010914685,0.5138888888888888,-3.7464846868669506,25,96.76928478365438,0.6527777777777778,0,0.00278073510609389,0.05817052041713825,61.56437497390367,100,-0.6224516111030192,55.714285714285715,25.07781032440597,65,3.22274192060336,0.00281222223607846,-3.3753807628057646,-6.315029583890443e-4,40.86844614081466,0.8590533642838165,0,1.833207485852422,4.666627968682178,0.01097735711150676,0.05008549160427478,10.6690006256104,0.02878111306699697
MORR_WS_008_01,-11.446147938124826,44.44444444444444,8.300969010914685,0.5138888888888888,-3.7464846868669506,25,96.76928478365438,0.6527777777777778,0,0.00283309962681019,0.05920989074895647,61.56437497390367,100,-0.6224516111030192,55.714285714285715,25.07781032440597,65,3.22274192060336,0.00281222223607846,-3.3753807628057646,-6.315029583890443e-4,39.31965606125249,0.999499615506913,0,1.833207485852422,4.666627968682178,0.01097735711150676,0.05008549160427478,9.27153778076172,0.02878111306699697
MORU_WS_001_01,-34.778481886567484,76.38888888888889,9.382726450264355,0.8472222222222222,-7.84650288364767,52.77777777777778,14.337265413132767,0.8888888888888888,NA,NA,NA,33.77827120262041,97.5,-1.204811767926335,98.57142857142856,33.02531509476614,75,3.194711647770501,0.00668096026034362,0.7800448747322078,-9.148050863011728e-4,83.49742189513086,1.0413386731555985,NA,1.9132053625361305,2.600597076597272,0.02718482577199434,-0.02503941853841151,9.39952278137207,0.03838180554959048
MORU_WS_002_01,-34.778481886567484,76.38888888888889,9.382726450264355,0.8472222222222222,-7.84650288364767,52.77777777777778,14.337265413132767,0.8888888888888888,NA,NA,NA,33.77827120262041,97.5,-1.204811767926335,98.57142857142856,33.02531509476614,75,3.194711647770501,0.00668096026034362,0.7800448747322078,-9.148050863011728e-4,83.3086727949633,0.9868528107896974,NA,1.9132053625361305,2.600597076597272,0.02718482577199434,-0.02503941853841151,141.4272,0.03838180554959048
MORU_WS_002_02,-34.778481886567484,76.38888888888889,9.382726450264355,0.8472222222222222,-7.84650288364767,52.77777777777778,14.337265413132767,0.8888888888888888,NA,NA,NA,33.77827120262041,97.5,-1.204811767926335,98.57142857142856,33.02531509476614,75,3.194711647770501,0.00668096026034362,0.7800448747322078,-9.148050863011728e-4,85.16772984899028,1.120312113626654,NA,1.9132053625361305,2.600597076597272,0.02718482577199434,-0.02503941853841151,121.92,0.03838180554959048
NABR_WS_001_01,-27.421310155486605,47.22222222222222,62.874987096086734,0.9722222222222222,-15.291910121684245,56.94444444444444,46.61011235466522,0.5833333333333334,NA,NA,NA,31.28802133993632,77.5,-1.7773163991894083,100,-17.111916296518697,0,3.5652848209626455,0.00491551605470041,-1.7226422366099985,-4.5909969867016495e-5,2.6533113324632622,NA,NA,-0.8241508532643179,-1.6379148715900058,-0.03392437802786188,0.01555596364636629,182.88,0.02771378588458646
NABR_WS_001_02,-27.421310155486605,47.22222222222222,62.874987096086734,0.9722222222222222,-15.291910121684245,56.94444444444444,46.61011235466522,0.5833333333333334,NA,NA,NA,31.28802133993632,77.5,-1.7773163991894083,100,-17.111916296518697,0,3.5652848209626455,0.00491551605470041,-1.7226422366099985,-4.5909969867016495e-5,2.613712228560838,NA,NA,-0.8241508532643179,-1.6379148715900058,-0.03392437802786188,0.01555596364636629,170.68800000000002,0.02771378588458646
NACE_WS_001_01,-16.738732464004407,70.83333333333333,10.060000310619742,0.5416666666666666,-2.5014795691347502,18.055555555555557,59.666165657411995,0.5694444444444444,0.8669301047477163,0.4074958423278666,0.11499185947872705,47.04503869805253,100,-0.802789246230108,84.28571428571429,-48.49559925044644,0,3.269772578596072,NA,NA,-0.09834413415975396,0,NA,9.50851714717318,4.594603543811373,6.27814439238694,0.03086642007298687,0.02672317453506423,4.73695468902588,NA
NACE_WS_002_01,-16.738732464004407,70.83333333333333,10.060000310619742,0.5416666666666666,-2.5014795691347502,18.055555555555557,59.666165657411995,0.5694444444444444,0.8803914360085088,1,0.11921757472465276,47.04503869805253,100,-0.802789246230108,84.28571428571429,-48.49559925044644,0,3.269772578596072,NA,NA,-0.09834413415975396,0,NA,13.623174925180976,4.594603543811373,6.27814439238694,0.03086642007298687,0.02672317453506423,4.90556812286377,NA
NATC_WS_001_01,-24.353687587674763,50,11.759869923677314,0.5277777777777778,-9.05185504008102,40.27777777777778,22.998713188018495,0.5694444444444444,NA,NA,NA,70.76194434242261,100,-0.6625716768513636,65.71428571428571,-80.79449813751202,0,2.7687176226240275,5.833597791468567e-4,-1.4814936973811033,-0.00564378854114698,0,12.078392986691288,NA,-3.6010867438382577,-5.4449531413890675,-0.01445896544392663,-0.02256079073305494,16.4599990844727,0.02850230215188597
NATR_WS_002_01,-15.320820282201636,62.5,10.54276230130588,0.5972222222222222,-4.3019101149499015,31.944444444444443,17.778055586694084,0.5555555555555556,NA,NA,NA,74.49895215583535,100,-0.6539124212999498,72.85714285714286,-92.8615067902657,0,3.1154323913148065,0.0031427990783905,0.3900804772262699,0.02994969028859195,0.14500711637658953,28.855975215100884,NA,-2.63411136594399,0.5382824894112171,-0.00384608134915249,0.00188386962068606,23.1599998474121,0.02763963158638029
NATR_WS_005_01,-19.441821736933733,51.388888888888886,12.399585785892487,0.5,-7.974773112650422,38.888888888888886,27.50492327585579,0.5416666666666666,NA,NA,NA,62.91581225669983,100,-0.6883278602863607,71.42857142857143,329.14469741404145,100,2.995482956351914,0.00173377527845506,0.3900804772262699,3.67856658767692e-5,0,15.586485622413504,NA,4.313758880727821,5.306427806031479,0.0192704123162203,-0.01743045181193687,60.47232,0.02857337452737065
NATR_WS_012_01,-13.304643593530896,58.333333333333336,8.982767202954829,0.625,-5.143445303276943,38.888888888888886,19.105362685133574,0.5138888888888888,NA,NA,NA,62.91581225669983,100,-0.7041943778657442,70,66.25516970976817,100,2.945881061039328,0.00256147615860658,0.3900804772262699,0,0,4.110861692264809,NA,2.2114961349886255,4.8285898003313354,0.0102288210381641,0.01024333341622056,5.24087333679199,0.02740933524899237
NATR_WS_013_01,-11.964946665918584,51.388888888888886,8.924929122720718,0.5972222222222222,-4.9182992806606105,36.111111111111114,22.202040889594564,0.5277777777777778,NA,NA,NA,62.91581225669983,100,-0.6217623767828312,64.28571428571429,47.61081302480939,85,2.854546780749555,0.00274974862478809,0.3900804772262699,3.324123541483423e-5,0,1.9952951530601288,NA,2.7540116172759106,4.444669684978439,0.00715559490660153,0.00742277518782026,0,0.02652811606983167
NATR_WS_014_01,-23.57629027114452,61.111111111111114,11.514069953556142,0.5277777777777778,-7.886826464043627,47.22222222222222,21.637493629510352,0.5277777777777778,NA,NA,NA,59.75685026325512,100,-0.6808706034542124,72.85714285714286,298.5007265745856,100,2.8759297700765742,0.00274523842120307,0.3900804772262699,1.0393126071076352e-4,0,6.1314920578987175,NA,-2.018963030091039,-2.9016819424099594,-0.00935269367700388,-0.00139815719039347,102.4128,0.02853153390863238
NATR_WS_020_01,-18.710301555601436,62.5,11.850240604845403,0.5694444444444444,-6.125282744979374,36.111111111111114,18.607343212368388,0.5138888888888888,NA,NA,NA,62.91581225669983,100,-0.7178721777569327,74.28571428571429,128.03820427429758,100,2.96358720694154,0.0023983910736682,0.3900804772262699,5.218030098137012e-4,0,33.66879311782562,NA,2.077183367146387,3.5365011162228086,0.0015685148946067,0.01310424139816505,119.4816,0.02803218126590409
NATR_WS_020_02,-18.710301555601436,62.5,11.850240604845403,0.5694444444444444,-6.125282744979374,36.111111111111114,18.607343212368388,0.5138888888888888,NA,NA,NA,62.91581225669983,100,-0.7178721777569327,74.28571428571429,128.03820427429758,100,2.96358720694154,0.0023983910736682,0.3900804772262699,5.218030098137012e-4,0,32.78140683104661,NA,2.077183367146387,3.5365011162228086,0.0015685148946067,0.01310424139816505,119.96928,0.02803218126590409
NAVA_WS_001_01,-26.43889273617427,48.611111111111114,109.92091894672996,0.7916666666666666,-14.56526839921682,48.611111111111114,47.43967317945925,0.5972222222222222,NA,NA,NA,22.82530264308381,62.5,-1.9920838088946549,100,18.366495189037007,40,3.3857191266504625,0.00845569907945177,-2.2282862325066968,-4.1221525543738875e-5,0,0,NA,-0.39523656506939625,-3.2544610340803595,-0.04685315857760971,0.02177146629050952,212.1408,0.02389611963255766
NEPE_WS_001_01,-21.145646374010425,87.5,18.45050411950813,0.9722222222222222,-6.73372421215363,54.166666666666664,19.638129291167573,0.6666666666666666,NA,NA,NA,26.949929412848007,100,-1.199043228577925,100,290.4986242963898,100,3.3188179124640733,0.00389537228180746,1.017296036286639,1.1216660646134184e-4,42.77347778858644,NA,NA,0.5814661555820038,-0.3858208457628862,-0.01666028230550757,0.00980986741484762,61.93536000000001,0.03958428466777412
NEPE_WS_002_01,-25.58485279043228,80.55555555555556,15.41482003195312,0.9444444444444444,-5.737426825188346,45.833333333333336,13.560759483984702,0.5555555555555556,NA,NA,NA,26.949929412848007,100,-1.521002579579858,100,246.9307185853124,100,3.557915830317839,0.00253041731599271,1.017296036286639,0.01435905384688665,1.314496635806386,NA,NA,0.1300899309302039,-1.6536482175191245,-0.02658128236946399,0.00467484085647917,14.38656,0.0396002375791181
NEPE_WS_003_01,-25.58485279043228,80.55555555555556,15.41482003195312,0.9444444444444444,-5.737426825188346,45.833333333333336,13.560759483984702,0.5555555555555556,NA,NA,NA,26.949929412848007,100,-1.521002579579858,100,246.9307185853124,100,3.557915830317839,0.00253041731599271,1.017296036286639,0.01435905384688665,1.111447775004136,NA,NA,0.1300899309302039,-1.6536482175191245,-0.02658128236946399,0.00467484085647917,19.99488,0.0396002375791181
NEPE_WS_004_01,-25.58485279043228,80.55555555555556,15.41482003195312,0.9444444444444444,-5.737426825188346,45.833333333333336,13.560759483984702,0.5555555555555556,NA,NA,NA,26.949929412848007,100,-1.521002579579858,100,246.9307185853124,100,3.557915830317839,0.00253041731599271,1.017296036286639,0.01435905384688665,1.3145361442407613,NA,NA,0.1300899309302039,-1.6536482175191245,-0.02658128236946399,0.00467484085647917,51.2064,0.0396002375791181
NEPE_WS_005_01,-29.940651557801644,98.61111111111111,18.845945832264036,0.9583333333333334,-7.410194046922861,56.94444444444444,33.05576954183964,0.9027777777777778,NA,NA,NA,31.26211919703284,100,-1.5320675755637942,100,290.4986242963898,100,3.548983189937175,0.00422634056035813,1.017296036286639,1.1216660646134184e-4,3.0167808990319243,NA,NA,-0.09168623325011734,-1.7224368603141216,-0.02376968009822546,0.02170095325988019,43.40352000000001,0.03593831757743601
NERI_WS_001_01,-20.352175413613175,81.94444444444444,8.665153800995562,0.7777777777777778,-2.9739824476644,34.72222222222222,29.37776182138891,0.7083333333333334,NA,NA,NA,62.4324505063456,100,-0.9725117516523172,90,-36.00244819036071,0,3.2752671924923025,0.00111111904079268,0.7117282579852897,-5.777225811127605e-5,0,3.828287670034288,NA,2.724725200511792,4.736401682314665,0.02365910696472673,0.01316100697458525,11.8231916427612,0.0469013193570632
NERI_WS_003_01,-20.352175413613175,81.94444444444444,8.665153800995562,0.7777777777777778,-2.9739824476644,34.72222222222222,29.37776182138891,0.7083333333333334,NA,NA,NA,62.4324505063456,100,-0.9725117516523172,90,-36.00244819036071,0,3.2752671924923025,0.00111111904079268,0.7117282579852897,-5.777225811127605e-5,0,4.378832052782595,NA,2.724725200511792,4.736401682314665,0.02365910696472673,0.01316100697458525,6.09600019454956,0.0469013193570632
NERI_WS_004_01,-17.75909102050547,73.61111111111111,8.315567998294913,0.5555555555555556,-4.238224803379365,31.944444444444443,41.06130226198756,0.6527777777777778,NA,NA,NA,62.4324505063456,100,-0.8402891074587646,87.14285714285714,22.26921177379013,70,3.177113386322805,3.445639115016441e-4,0.7117282579852897,-1.9348384253800957e-4,0,0,NA,0.9533868592882908,1.0364324781629743,0.01286367177873363,-0.00853616219979738,11.7343006134033,0.04916652601013354
NERI_WS_005_01,-19.260080639569903,76.38888888888889,8.284492834825238,0.6666666666666666,-3.807761536734813,30.555555555555557,27.71569822629074,0.7361111111111112,NA,NA,NA,62.4324505063456,100,-0.9437625307528684,91.42857142857144,73.52936269812517,100,3.249097531414373,2.908266905222376e-4,0.7117282579852897,1.994824621075536e-4,0,5.39031099594411,NA,2.370384367527786,3.630012681749145,0.01168960021689923,0.02277924756127296,13.1063995361328,0.04806940249193946
NERI_WS_006_01,-20.352175413613175,81.94444444444444,8.665153800995562,0.7777777777777778,-2.9739824476644,34.72222222222222,29.37776182138891,0.7083333333333334,NA,NA,NA,62.4324505063456,100,-0.9725117516523172,90,-36.00244819036071,0,3.2752671924923025,0.00111111904079268,0.7117282579852897,-5.777225811127605e-5,0,4.123207994124342,NA,2.724725200511792,4.736401682314665,0.02365910696472673,0.01316100697458525,9.49498176574707,0.0469013193570632
NICO_WS_001_01,-33.619716681294335,75,13.623100124465507,0.8194444444444444,-15.600205315028386,79.16666666666667,16.88592113610272,0.8888888888888888,NA,NA,NA,30.862632787744072,100,-1.4027635705113115,100,0.7911015789423308,15,3.8868634233622856,0.00977352974492581,-1.2458742882013711,1.1169325757254766e-4,0,NA,NA,0.1762699495386015,3.423189752662377,0.009461641398556,0.00748432838937807,17.0688,0.01275966862376756
NIOB_WS_001_01,-31.84405683164741,76.38888888888889,10.418983930745016,0.6944444444444444,-9.987875475109991,73.61111111111111,12.869925931298626,0.8194444444444444,NA,NA,NA,30.43637523069407,100,-1.4354005433742707,98.57142857142856,40.09937374509505,80,3.8599981221484256,9.687553378509364e-4,1.2432100282185423,2.4812743584556873e-4,0.5619136977208924,NA,NA,-0.07696226642665671,0.42362408064028995,0.00804827130377375,0.01074204621491622,6.39988708496094,0.04228260229552471
NOCA_WS_001_01,-3.4160260863362644,29.166666666666668,34.54719816575396,1,-4.937622097494518,41.666666666666664,6.093093673624178,0.625,NA,NA,NA,51.53522327609233,100,-0.33761321127283683,62.857142857142854,17.66369277206073,60,2.945215504941404,0.003178315783989,0.10260149279534574,-4.603293334044332e-4,68.3902727644294,NA,NA,-2.7018978427154767,-3.132732522570393,-0.01473973751285596,0.00988080766465931,0,0.03216272642517908
NOCA_WS_002_01,-3.373747284389946,34.72222222222222,30.088454701152195,1,-4.732514338416641,38.888888888888886,6.193812453449047,0.625,NA,NA,NA,51.53522327609233,100,-0.3328637111226262,62.857142857142854,17.66369277206073,60,2.979251261870256,0.00290105143698244,0.10260149279534574,-4.603293334044332e-4,67.2620832392824,NA,NA,-3.184812549750012,-3.2437526608506744,-0.01680910291622766,0.00997247981856953,12.192,0.03058930114977853
NOCA_WS_003_01,-3.4160260863362644,29.166666666666668,34.54719816575396,1,-4.937622097494518,41.666666666666664,6.093093673624178,0.625,NA,NA,NA,51.53522327609233,100,-0.33761321127283683,62.857142857142854,17.66369277206073,60,2.945215504941404,0.003178315783989,0.10260149279534574,-4.603293334044332e-4,68.93689894916584,NA,NA,-2.7018978427154767,-3.132732522570393,-0.01473973751285596,0.00988080766465931,24.384,0.03216272642517908
NOCA_WS_004_01,-3.880686045241224,38.888888888888886,135.26170449560956,1,-4.920170504269645,45.833333333333336,6.090078074273908,0.7361111111111112,NA,NA,NA,98.11131494369744,100,-0.31681596643420773,57.142857142857146,123.50293878402726,100,3.3409762357345665,0.00957016670940304,0.10260149279534574,0.00117128549031908,25.934753049344145,0,NA,-0.9972442174569096,-3.790484090646089,-0.00400627369569099,-7.992699032716949e-6,24.384,0.03909307112684652
NOCA_WS_005_01,-3.4160260863362644,29.166666666666668,34.54719816575396,1,-4.937622097494518,41.666666666666664,6.093093673624178,0.625,NA,NA,NA,51.53522327609233,100,-0.33761321127283683,62.857142857142854,17.66369277206073,60,2.945215504941404,0.003178315783989,0.10260149279534574,-4.603293334044332e-4,73.90282566650784,NA,NA,-2.7018978427154767,-3.132732522570393,-0.01473973751285596,0.00988080766465931,8.04672,0.03216272642517908
NOCA_WS_006_01,-7.758500448536399,62.5,10.167833808940394,0.9444444444444444,-5.921487510390457,65.27777777777777,7.073862224373047,0.6111111111111112,0,0.0031743859944841,NA,98.11131494369744,100,-0.6040672938744835,81.42857142857143,123.50293878402726,100,3.1435522968576324,1.6455047933114364e-4,0.10260149279534574,0.00117128549031908,0,16.80902091368736,0,1.2339543236626014,-0.4643081318248402,-0.00370343466176416,0.00668928358289929,9.7536,0.06780396332201012
NOCA_WS_007_01,-4.584638897940878,45.833333333333336,144.46727763282243,1,-5.060628152781941,48.611111111111114,6.538248428441907,0.75,NA,NA,NA,98.11131494369744,100,-0.29358711322592246,57.142857142857146,123.50293878402726,100,3.3263719397111515,0.01116075557964851,0.10260149279534574,0.00117128549031908,14.349112211685512,0,NA,-3.4536948945787116,-3.4259216520521303,-0.00902101568291322,0.00145870255835259,4.8768,0.03549458353642835
NOCA_WS_008_01,-4.480784171303127,44.44444444444444,128.2689002381916,1,-5.112673699918147,47.22222222222222,6.248253234317281,0.7361111111111112,NA,NA,NA,98.11131494369744,100,-0.27836634230885265,55.714285714285715,123.50293878402726,100,3.3353821639281644,0.0098661615783035,0.10260149279534574,0.00117128549031908,8.924361295875917,0,NA,-4.296276698036828,-4.5977127135746025,-0.01025733993492813,0.00145862720630729,8.81999969482422,0.03278228202549081
NOCA_WS_009_01,-3.5333756750132,29.166666666666668,42.42540168901272,1,-5.035022622198746,44.44444444444444,5.390811968875945,0.625,NA,NA,NA,98.11131494369744,100,-0.33412706437171,62.857142857142854,17.66369277206073,60,2.996164364864133,0.006469236370856,0.10260149279534574,-4.603293334044332e-4,81.71286335993877,NA,NA,-2.692877895302246,-4.1504756043240505,-0.01458826605754973,0.00309333909950366,0,0.030060896944438
NOCA_WS_010_01,-5.002297807603477,41.666666666666664,106.7659921540604,1,-4.3627389929084295,44.44444444444444,6.192874586212095,0.6944444444444444,NA,NA,NA,98.11131494369744,100,-0.3892922491025039,64.28571428571429,123.50293878402726,100,3.2522214465955956,0.00903072398201807,0.10260149279534574,0.00117128549031908,22.745385938628925,0,NA,-10.251219590504965,-11.92870033420802,-0.03350193699800558,0.00154405758704667,0,0.04084066630462221
NOCA_WS_011_01,-5.009625624220551,45.833333333333336,97.91518792879816,1,-5.251690555932563,56.94444444444444,7.413969032816325,0.6805555555555556,NA,NA,NA,98.11131494369744,100,-0.34854637217141565,64.28571428571429,58.59506095769152,100,3.208789552886473,0.00855151132434937,0.10260149279534574,7.361541344770841e-4,12.42037988613618,NA,NA,-2.06945958213201,-2.1677803047119335,-0.00857265144382268,-0.00271146626584872,2.74240016937256,0.04715973511543836
NOCA_WS_013_01,-3.4160260863362644,29.166666666666668,34.54719816575396,1,-4.937622097494518,41.666666666666664,6.093093673624178,0.625,NA,NA,NA,51.53522327609233,100,-0.33761321127283683,62.857142857142854,17.66369277206073,60,2.945215504941404,0.003178315783989,0.10260149279534574,-4.603293334044332e-4,69.4363413178494,NA,NA,-2.7018978427154767,-3.132732522570393,-0.01473973751285596,0.00988080766465931,12.192,0.03216272642517908
NOCA_WS_014_01,-4.330490035337957,43.05555555555556,112.76431600177662,1,-4.758136913723079,47.22222222222222,5.97947574546101,0.75,NA,NA,NA,98.11131494369744,100,-0.3509793831477092,65.71428571428571,123.50293878402726,100,3.328916296356942,0.00953602844402658,0.10260149279534574,0.00117128549031908,22.81596622532548,0,NA,-1.1489186110319924,-4.315420549679429,-0.00659280023439715,0.00281578603416988,9.14000034332275,0.04147187800783126
NOCA_WS_015_01,-2.139020392665967,22.22222222222222,54.28907756006825,1,-4.676793597077101,41.666666666666664,6.229309877953267,0.6527777777777778,NA,NA,NA,51.53522327609233,100,-0.4261322978444493,75.71428571428571,17.66369277206073,60,3.062606076755547,0.00345599221885213,0.10260149279534574,-4.603293334044332e-4,64.20109112673586,NA,NA,0.371922336684338,0.22009040561375945,-0.0016832278836973,0.00952310371942332,9.14200019836426,0.03777030367554542
NOCA_WS_015_02,-2.139020392665967,22.22222222222222,54.28907756006825,1,-4.676793597077101,41.666666666666664,6.229309877953267,0.6527777777777778,NA,NA,NA,51.53522327609233,100,-0.4261322978444493,75.71428571428571,17.66369277206073,60,3.062606076755547,0.00345599221885213,0.10260149279534574,-4.603293334044332e-4,63.78621413028199,NA,NA,0.371922336684338,0.22009040561375945,-0.0016832278836973,0.00952310371942332,12.7276992797852,0.03777030367554542
NOCA_WS_016_01,-2.139020392665967,22.22222222222222,54.28907756006825,1,-4.676793597077101,41.666666666666664,6.229309877953267,0.6527777777777778,NA,NA,NA,51.53522327609233,100,-0.4261322978444493,75.71428571428571,17.66369277206073,60,3.062606076755547,0.00345599221885213,0.10260149279534574,-4.603293334044332e-4,63.88570400228827,NA,NA,0.371922336684338,0.22009040561375945,-0.0016832278836973,0.00952310371942332,12.7276992797852,0.03777030367554542
NOCA_WS_017_01,-4.480784171303127,44.44444444444444,128.2689002381916,1,-5.112673699918147,47.22222222222222,6.248253234317281,0.7361111111111112,NA,NA,NA,98.11131494369744,100,-0.27836634230885265,55.714285714285715,123.50293878402726,100,3.3353821639281644,0.0098661615783035,0.10260149279534574,0.00117128549031908,8.924361295875917,0,NA,-4.296276698036828,-4.5977127135746025,-0.01025733993492813,0.00145862720630729,8.81999969482422,0.03278228202549081
NOCA_WS_019_01,-3.373747284389946,34.72222222222222,30.088454701152195,1,-4.732514338416641,38.888888888888886,6.193812453449047,0.625,NA,NA,NA,51.53522327609233,100,-0.3328637111226262,62.857142857142854,17.66369277206073,60,2.979251261870256,0.00290105143698244,0.10260149279534574,-4.603293334044332e-4,65.82459281757498,NA,NA,-3.184812549750012,-3.2437526608506744,-0.01680910291622766,0.00997247981856953,10.24128,0.03058930114977853
OLYM_WS_001_01,-3.643381192791448,27.77777777777778,11.713462199163263,0.9027777777777778,-4.9872976061642715,43.05555555555556,5.891435007395484,0.5416666666666666,0,1.401222597567086e-4,6.067590691637482e-4,74.9014557212095,100,-0.2254930088021271,31.428571428571427,80.47068732393781,100,2.925848827946951,0.00813547526376552,-0.25514636844515787,-2.1111570885470643e-5,0,0,0,-16.887712756792695,-17.54757583618164,-0.02708477184574752,-0.00250253559630585,0,0.01007459211519643
OLYM_WS_002_01,-5.2247672722204115,36.111111111111114,126.4991488853982,1,-4.114145000274825,33.333333333333336,4.6387879711456375,0.5138888888888888,0,5.752306715016227e-4,0,74.9014557212095,100,-0.5179902674541113,68.57142857142857,86.27431162407943,100,2.907083327292635,0.01773480349134132,-0.25514636844515787,1.0931042094410228e-4,0,0,0,-5.72924925662853,-6.174344649390556,-0.03655834238896263,0.01152030867759622,13.7263059616089,0.01562263035455309
OLYM_WS_004_01,-3.643381192791448,27.77777777777778,11.713462199163263,0.9027777777777778,-4.9872976061642715,43.05555555555556,5.891435007395484,0.5416666666666666,0,1.401222597567086e-4,6.067590691637482e-4,74.9014557212095,100,-0.2254930088021271,31.428571428571427,80.47068732393781,100,2.925848827946951,0.00813547526376552,-0.25514636844515787,-2.1111570885470643e-5,0,0,0,-16.887712756792695,-17.54757583618164,-0.02708477184574752,-0.00250253559630585,20.7309722900391,0.01007459211519643
OLYM_WS_005_01,-3.914268804153001,26.38888888888889,22.750214861061032,0.875,-3.871465982016024,31.944444444444443,4.072459856174118,0.5138888888888888,0,9.219224057426308e-4,0.01835420695820767,74.9014557212095,100,-0.3369663767799757,54.285714285714285,86.27431162407943,100,2.8806482641310485,0.01513261954292148,-0.25514636844515787,1.0931042094410228e-4,0,22.100537688738804,0,-4.376718381378384,-5.689388692378998,-0.01668958645668066,0.00776750854994533,0,0.03350091974428793
OLYM_WS_006_01,-3.914268804153001,26.38888888888889,22.750214861061032,0.875,-3.871465982016024,31.944444444444443,4.072459856174118,0.5138888888888888,0,9.219224057426308e-4,0.01835420695820767,74.9014557212095,100,-0.3369663767799757,54.285714285714285,86.27431162407943,100,2.8806482641310485,0.01513261954292148,-0.25514636844515787,1.0931042094410228e-4,0,22.100537688738804,0,-4.376718381378384,-5.689388692378998,-0.01668958645668066,0.00776750854994533,0,0.03350091974428793
OLYM_WS_007_01,-4.139506700687672,37.5,13.590735220037772,0.6805555555555556,-5.428703130802427,48.611111111111114,5.222607364201668,0.5,0,4.310799426444851e-4,0.08279811953362949,74.9014557212095,100,-0.2762641489978311,41.42857142857143,154.49228041907287,100,2.884323515677443,0.01513930453380354,-0.25514636844515787,3.716921632108189e-4,0,0,0,9.225284899353351,5.109071669755167,0.00378674973625055,-0.01027997805748454,0,0.03339970403555454
OLYM_WS_008_01,-3.914268804153001,26.38888888888889,22.750214861061032,0.875,-3.871465982016024,31.944444444444443,4.072459856174118,0.5138888888888888,0,9.219224057426308e-4,0.01835420695820767,74.9014557212095,100,-0.3369663767799757,54.285714285714285,86.27431162407943,100,2.8806482641310485,0.01513261954292148,-0.25514636844515787,1.0931042094410228e-4,0,22.100537688738804,0,-4.376718381378384,-5.689388692378998,-0.01668958645668066,0.00776750854994533,0,0.03350091974428793
OLYM_WS_009_01,-5.757758556227886,44.44444444444444,76.44140727460382,1,-4.446384216634688,37.5,5.0002695277496665,0.5138888888888888,0,6.579232432636246e-4,0.4885735555331597,74.9014557212095,100,-0.32190232667285096,55.714285714285715,80.47068732393781,100,3.074783007398823,0.01680260063323841,-0.25514636844515787,-2.1111570885470643e-5,0.5660695742438754,0,0,7.554934748896888,8.054336534606023,0.01304346334753498,-0.01104967093762058,10.6700000762939,0.00854204157307011
OLYM_WS_010_01,-3.60303290833372,22.22222222222222,90.01809966966565,1,-4.114040226886258,33.333333333333336,4.408856496090126,0.5555555555555556,0,3.94676173157529e-4,0.02665177665026389,74.9014557212095,100,-0.3833074873584929,54.285714285714285,86.27431162407943,100,2.9605345910215517,0.01920768218208713,-0.25514636844515787,1.0931042094410228e-4,0,6.605801078844618,0,-0.4504737600612256,-2.9895117547776966,-0.01123148509233229,0.0108125474717882,6.096,0.02558832605784068
OLYM_WS_011_01,-3.60303290833372,22.22222222222222,90.01809966966565,1,-4.114040226886258,33.333333333333336,4.408856496090126,0.5555555555555556,0,4.370365203395706e-4,0.02796043319844181,74.9014557212095,100,-0.3833074873584929,54.285714285714285,86.27431162407943,100,2.9605345910215517,0.01920768218208713,-0.25514636844515787,1.0931042094410228e-4,0,5.955649308864206,0,-0.4504737600612256,-2.9895117547776966,-0.01123148509233229,0.0108125474717882,5.36448,0.02558832605784068
OLYM_WS_012_01,-4.335310034655689,31.944444444444443,120.02585103372652,1,-4.915377304896508,29.166666666666668,4.248698300250378,0.5555555555555556,0,7.827851096335454e-4,-0.01884648496099895,74.9014557212095,100,-0.45813699617231823,61.42857142857143,86.27431162407943,100,2.915203475372956,0.01963549223292145,-0.25514636844515787,1.0931042094410228e-4,0.1721668305522631,0.06874677912864388,0,-5.131122469902039,-4.1590593585261555,-0.02618033854342086,0.01481258507930868,18.288,0.02149294570222075
OLYM_WS_013_01,-2.8249841721332714,26.38888888888889,70.51871262759167,1,-4.937762186545079,41.666666666666664,4.860696030661376,0.5277777777777778,0,1.7389865785919544e-4,0.3126653646857788,74.9014557212095,100,-0.26412627180420756,31.428571428571427,80.47068732393781,100,2.831289946914241,0.01864583920299589,-0.25514636844515787,-2.1111570885470643e-5,0,0.32109041284278017,0,-6.143881210172987,-7.820069214097818,-0.01784206952959512,-0.0225707866527417,14.630400000000002,0.03038501376639554
OLYM_WS_014_01,-2.982419582002043,22.22222222222222,132.745361337297,1,-4.215303003639049,33.333333333333336,4.53547169284352,0.5694444444444444,0,4.2653263429179983e-4,6.59221177811952e-4,74.9014557212095,100,-0.3475406931755645,48.57142857142857,86.27431162407943,100,2.9614931971653684,0.02204157418065348,-0.25514636844515787,1.0931042094410228e-4,0,0,0,3.621872319115539,4.344886461893722,0.00725486352719453,0.00779206075786076,13.2631530761719,0.01711982926126253
OLYM_WS_015_01,-3.0734840759664808,36.111111111111114,8.548671114400411,0.8194444444444444,-5.7209239759752855,56.94444444444444,5.072215747366272,0.5138888888888888,0.22852486380371315,0.04800561275023692,0.2327092514795276,74.9014557212095,100,-0.3484993842209365,48.57142857142857,80.47068732393781,100,2.6072133281447005,0.00341479923982936,-0.25514636844515787,-2.1111570885470643e-5,0,44.62353668727714,44.236874194123224,-1.6602853892142273,-3.865840925993719,-0.01593820663734637,-0.01528688987589772,16.33728,0.05111313977933224
OLYM_WS_015_02,-3.60303290833372,22.22222222222222,90.01809966966565,1,-4.114040226886258,33.333333333333336,4.408856496090126,0.5555555555555556,0,3.94676173157529e-4,0.02665177665026389,74.9014557212095,100,-0.3833074873584929,54.285714285714285,86.27431162407943,100,2.9605345910215517,0.01920768218208713,-0.25514636844515787,1.0931042094410228e-4,0,6.605801078844618,0,-0.4504737600612256,-2.9895117547776966,-0.01123148509233229,0.0108125474717882,6.096,0.02558832605784068
OLYM_WS_016_01,-3.5091106210685195,27.77777777777778,170.45296918833276,0.9305555555555556,-3.989432935396898,34.72222222222222,4.429039293976513,0.5138888888888888,0,6.040629593200989e-4,0.0167413108958046,74.9014557212095,100,-0.2515978302646146,44.285714285714285,86.27431162407943,100,2.91378389668626,0.01968433567647796,-0.25514636844515787,1.0931042094410228e-4,0,27.094485335664825,0,-6.5543540765841755,-5.88409924627554,-0.01779725685451703,0.0020010049451035,35.11296,0.01840176826618128
OLYM_WS_016_02,-3.5091106210685195,27.77777777777778,170.45296918833276,0.9305555555555556,-3.989432935396898,34.72222222222222,4.429039293976513,0.5138888888888888,0,6.019425751313715e-4,0.01672870479969997,74.9014557212095,100,-0.2515978302646146,44.285714285714285,86.27431162407943,100,2.91378389668626,0.01968433567647796,-0.25514636844515787,1.0931042094410228e-4,0,26.726513780718168,0,-6.5543540765841755,-5.88409924627554,-0.01779725685451703,0.0020010049451035,35.11296,0.01840176826618128
OLYM_WS_017_01,-2.7272941792062126,25,14.837971832976264,0.9583333333333334,-4.473939544646415,37.5,5.212157090210236,0.5138888888888888,0,5.800671043374542e-4,0.7333407790161642,74.9014557212095,100,-0.33708131164611077,48.57142857142857,86.27431162407943,100,2.851599647057859,0.01171484145025407,-0.25514636844515787,1.0931042094410228e-4,0,7.174358412602998,0,-10.531706699795196,-11.26864742510246,-0.03203996379375191,-0.00918846601321365,21.9456,0.04311238418851316
OLYM_WS_018_01,-3.914268804153001,26.38888888888889,22.750214861061032,0.875,-3.871465982016024,31.944444444444443,4.072459856174118,0.5138888888888888,0,9.219224057426308e-4,0.01835420695820767,74.9014557212095,100,-0.3369663767799757,54.285714285714285,86.27431162407943,100,2.8806482641310485,0.01513261954292148,-0.25514636844515787,1.0931042094410228e-4,0,22.100537688738804,0,-4.376718381378384,-5.689388692378998,-0.01668958645668066,0.00776750854994533,0,0.03350091974428793
OLYM_WS_019_01,-3.3932868388334154,36.111111111111114,6.455313443578344,0.7083333333333334,-4.996459247390432,56.94444444444444,5.087527278242037,0.5555555555555556,0.01593773996647238,0.00423418643004047,0.8555787918650062,74.9014557212095,100,-0.3742469384163427,57.142857142857146,86.27431162407943,100,2.6363839636946604,0.00245110334370051,-0.25514636844515787,1.0931042094410228e-4,0,16.805484984072805,0.02985135048640195,-1.2351149779099684,0.504118858821812,0.00118548789011767,-0.01348948537567515,8.5344,0.05296990922323756
OLYM_WS_020_01,-4.065605727443193,38.888888888888886,7.433077513081037,0.6527777777777778,-4.662181575925698,55.55555555555556,6.108314948694173,0.5416666666666666,1.624273719780268,0.0059224002367356,0.02880337860623633,74.9014557212095,100,-0.3672488211918061,54.285714285714285,86.27431162407943,100,2.586261738799381,0.00268034929190972,-0.25514636844515787,1.0931042094410228e-4,0,35.41585468008988,14.482829496324198,-2.5728352897697135,-1.8843960232204864,-0.00490864844589331,-0.01140542123831961,7.315200000000001,0.05233860691207164
OLYM_WS_021_01,-4.1602016331266585,37.5,154.55749517938625,0.7916666666666666,-5.445957723815697,50,4.630224243940213,0.5138888888888888,0,2.359669639127964e-4,0.05190364253558226,74.9014557212095,100,-0.272484161428761,41.42857142857143,80.47068732393781,100,2.9715549753083517,0.01899148673872946,-0.25514636844515787,-2.1111570885470643e-5,0,0,0,8.210514238145606,7.084250148544959,0.0073865367171863,-0.00993652696962699,7.92000007629395,0.02677267531405372
OLYM_WS_022_01,-4.139506700687672,37.5,13.590735220037772,0.6805555555555556,-5.428703130802427,48.611111111111114,5.222607364201668,0.5,0,4.441753944321494e-4,0.08786695274129036,74.9014557212095,100,-0.2762641489978311,41.42857142857143,154.49228041907287,100,2.884323515677443,0.01513930453380354,-0.25514636844515787,3.716921632108189e-4,0,0,0,9.225284899353351,5.109071669755167,0.00378674973625055,-0.01027997805748454,24.384,0.03339970403555454
OLYM_WS_023_01,-2.794209431879684,27.77777777777778,170.93131285617005,0.875,-4.4204988263652325,37.5,5.407743351946761,0.5,0,3.172946925767119e-4,0.4287616246192015,74.9014557212095,100,-0.2122893308061156,31.428571428571427,86.27431162407943,100,2.8952814741278976,0.02081612793436324,-0.25514636844515787,1.0931042094410228e-4,0.17292015137728392,2.5223655486899763,0,-15.675553381443024,-16.281551678975408,-0.02590548156877448,-0.00845082600911428,0,0.01587904790731611
OLYM_WS_024_01,-3.98839374479781,31.944444444444443,176.44600633323194,0.6527777777777778,-4.626277542614762,36.111111111111114,4.129055395307977,0.5138888888888888,0,5.238056724783971e-4,NA,74.9014557212095,100,-0.2320412940136389,34.285714285714285,418.4321898857421,100,3.0864619970416607,0.01857831100307398,-0.25514636844515787,0.00117325790182036,0.34534205397809653,6.723534567772961,0,3.944234689076751,5.343046983802967,0.00320863994714049,-0.02193526279779156,9.7536,0.01751592238503199
ORCA_WS_001_01,-4.771349751988066,29.166666666666668,84.20286597311727,1,-6.441314096574216,54.166666666666664,5.814905093984326,0.5694444444444444,NA,NA,NA,58.71088317464764,100,-0.43756729791707366,78.57142857142857,27.58172154718087,75,2.948862934910128,0.01898297880550836,-1.43736760141417,-6.811809750747726e-4,94.86864242246344,0,NA,-4.365180395898376,-4.872910291867106,-0.00899553449891142,0.01554588035300915,20.7264,0.03104528855781953
ORCA_WS_002_01,-4.771349751988066,29.166666666666668,84.20286597311727,1,-6.441314096574216,54.166666666666664,5.814905093984326,0.5694444444444444,NA,NA,NA,58.71088317464764,100,-0.43756729791707366,78.57142857142857,27.58172154718087,75,2.948862934910128,0.01898297880550836,-1.43736760141417,-6.811809750747726e-4,95.02635871524524,0,NA,-4.365180395898376,-4.872910291867106,-0.00899553449891142,0.01554588035300915,0,0.03104528855781953
ORCA_WS_003_01,-4.771349751988066,29.166666666666668,84.20286597311727,1,-6.441314096574216,54.166666666666664,5.814905093984326,0.5694444444444444,NA,NA,NA,58.71088317464764,100,-0.43756729791707366,78.57142857142857,27.58172154718087,75,2.948862934910128,0.01898297880550836,-1.43736760141417,-6.811809750747726e-4,95.01416269649782,0,NA,-4.365180395898376,-4.872910291867106,-0.00899553449891142,0.01554588035300915,0,0.03104528855781953
ORPI_WS_001_01,-32.260820375423215,54.166666666666664,30.175728230415263,0.5416666666666666,-25.72760285384261,70.83333333333333,29.585316884815484,0.5277777777777778,NA,NA,NA,40.04439566198564,65,-2.015032559265965,100,34.985449400597894,70,2.997762521060515,0.00642254840425503,-0.8881259544020975,3.2072452094583333e-4,0,0,NA,-0.10620884205100428,-2.5797110462187605,-0.03125915868613576,0.007811712840247,104.8512,0.02864399728440769
ORPI_WS_001_02,-32.260820375423215,54.166666666666664,30.175728230415263,0.5416666666666666,-25.72760285384261,70.83333333333333,29.585316884815484,0.5277777777777778,NA,NA,NA,40.04439566198564,65,-2.015032559265965,100,34.985449400597894,70,2.997762521060515,0.00642254840425503,-0.8881259544020975,3.2072452094583333e-4,0,0,NA,-0.10620884205100428,-2.5797110462187605,-0.03125915868613576,0.007811712840247,102.4128,0.02864399728440769
OZAR_WS_001_01,-17.30243478684227,72.22222222222223,7.196892788186843,0.5277777777777778,-5.325670044106914,38.888888888888886,51.31372079485387,0.875,NA,NA,NA,74.1784611412459,100,-0.7945290899692057,88.57142857142857,70.90945970867404,100,3.302152093308516,0.00326615505706049,-0.7914994573321988,2.461519623061531e-5,0,NA,NA,-2.1808719436327664,-1.7916353720205631,-6.019189946835172e-4,-0.02683334754257619,213.36,0.04893067343798064
OZAR_WS_001_02,-17.30243478684227,72.22222222222223,7.196892788186843,0.5277777777777778,-5.325670044106914,38.888888888888886,51.31372079485387,0.875,NA,NA,NA,74.1784611412459,100,-0.7945290899692057,88.57142857142857,70.90945970867404,100,3.302152093308516,0.00326615505706049,-0.7914994573321988,2.461519623061531e-5,0,NA,NA,-2.1808719436327664,-1.7916353720205631,-6.019189946835172e-4,-0.02683334754257619,105.33888000000002,0.04893067343798064
OZAR_WS_002_01,-18.761377964448343,68.05555555555556,12.002785931327857,0.5138888888888888,-4.531353222806507,40.27777777777778,50.6794865458693,0.8611111111111112,NA,NA,NA,74.1784611412459,100,-0.7169546517689395,88.57142857142857,70.90945970867404,100,3.302934353829192,0.00289252571306958,-0.7914994573321988,2.461519623061531e-5,0,NA,NA,-1.435940129588351,-1.3649710047314711,-0.00267699483561344,-0.01005368173858256,33.53662109375,0.04959201811959077
OZAR_WS_003_01,-18.629668658121197,66.66666666666667,11.824008250577226,0.5972222222222222,-4.7224530865768175,38.888888888888886,49.23177352017074,0.8472222222222222,NA,NA,NA,74.1784611412459,100,-0.6996315154217321,87.14285714285714,70.90945970867404,100,3.3005502590474194,0.00291961631605965,-0.7914994573321988,2.461519623061531e-5,0,NA,NA,0.33613335035769965,2.2424436049027876,0.01381266648171985,-0.00263756646050363,9.96848011016846,0.05033132640784216
OZAR_WS_004_01,-18.482610680471943,63.888888888888886,11.362321961242625,0.5277777777777778,-4.919422524154557,38.888888888888886,48.22789592204222,0.8472222222222222,NA,NA,NA,74.1784611412459,100,-0.6708188720002063,87.14285714285714,70.90945970867404,100,3.276568033267001,0.00288990515575926,-0.7914994573321988,2.461519623061531e-5,0,NA,NA,0.1820848555791973,0.9925026460127396,0.01033068148438724,-0.00119235191816158,8.18922519683838,0.05070518524420289
OZAR_WS_005_01,-18.629668658121197,66.66666666666667,11.824008250577226,0.5972222222222222,-4.7224530865768175,38.888888888888886,49.23177352017074,0.8472222222222222,NA,NA,NA,74.1784611412459,100,-0.6996315154217321,87.14285714285714,70.90945970867404,100,3.3005502590474194,0.00291961631605965,-0.7914994573321988,2.461519623061531e-5,0,NA,NA,0.33613335035769965,2.2424436049027876,0.01381266648171985,-0.00263756646050363,3.80407094955444,0.05033132640784216
OZAR_WS_006_01,-18.629668658121197,66.66666666666667,11.824008250577226,0.5972222222222222,-4.7224530865768175,38.888888888888886,49.23177352017074,0.8472222222222222,NA,NA,NA,74.1784611412459,100,-0.6996315154217321,87.14285714285714,70.90945970867404,100,3.3005502590474194,0.00291961631605965,-0.7914994573321988,2.461519623061531e-5,0,NA,NA,0.33613335035769965,2.2424436049027876,0.01381266648171985,-0.00263756646050363,6.4008002281189,0.05033132640784216
OZAR_WS_007_01,-19.324956102242854,65.27777777777777,12.846314941345838,0.5555555555555556,-4.841027758557723,41.666666666666664,52.140826529146665,0.8611111111111112,NA,NA,NA,74.1784611412459,100,-0.7462907623856828,88.57142857142857,70.90945970867404,100,3.3272061697376145,0.00314067455969117,-0.7914994573321988,2.461519623061531e-5,0,NA,NA,-0.19999396065135025,0.6267580423090067,0.00645183198944925,-0.00939964280977872,85.34400000000001,0.0493744153512412
OZAR_WS_008_01,-17.42028613120441,62.5,10.917164855540044,0.5277777777777778,-3.7269933153164354,41.666666666666664,53.845334250492286,0.7361111111111112,NA,NA,NA,74.1784611412459,100,-0.6306394038472981,85.71428571428571,179.08204707138546,100,3.235507519963919,0.00339255054104386,-0.7914994573321988,4.803599490268705e-5,0,NA,NA,-0.30979700788618303,0.4354879814281838,0.01378179361383334,0.00297447487160007,6.3600001335144,0.05181519668869695
OZAR_WS_009_01,-17.42028613120441,62.5,10.917164855540044,0.5277777777777778,-3.7269933153164354,41.666666666666664,53.845334250492286,0.7361111111111112,NA,NA,NA,74.1784611412459,100,-0.6306394038472981,85.71428571428571,179.08204707138546,100,3.235507519963919,0.00339255054104386,-0.7914994573321988,4.803599490268705e-5,0,NA,NA,-0.30979700788618303,0.4354879814281838,0.01378179361383334,0.00297447487160007,6.3600001335144,0.05181519668869695
OZAR_WS_010_01,-16.88245736482667,62.5,10.977079079109282,0.5416666666666666,-3.7288074830520217,43.05555555555556,52.871810910558295,0.75,NA,NA,NA,74.1784611412459,100,-0.6413628685338509,84.28571428571429,179.08204707138546,100,3.251164930078529,0.00320509961824753,-0.7914994573321988,4.803599490268705e-5,0,NA,NA,-0.23051600489350932,1.134056029496378,0.01607337453103524,0.00373375934103245,126.7968,0.05178872557320528
OZAR_WS_011_01,-17.42028613120441,62.5,10.917164855540044,0.5277777777777778,-3.7269933153164354,41.666666666666664,53.845334250492286,0.7361111111111112,NA,NA,NA,74.1784611412459,100,-0.6306394038472981,85.71428571428571,179.08204707138546,100,3.235507519963919,0.00339255054104386,-0.7914994573321988,4.803599490268705e-5,0,NA,NA,-0.30979700788618303,0.4354879814281838,0.01378179361383334,0.00297447487160007,6.3600001335144,0.05181519668869695
OZAR_WS_012_01,-16.2773335923591,62.5,10.904500851995584,0.5277777777777778,-3.4553711706724397,45.833333333333336,46.82827538621767,0.7361111111111112,NA,NA,NA,74.1784611412459,100,-0.6641657065162797,85.71428571428571,179.08204707138546,100,3.1813613339659206,0.00308720695129119,-0.7914994573321988,4.803599490268705e-5,0,2.9514552073464286,NA,-0.839819154621643,0.19051249065096057,0.01288178115743265,0.00306842945240219,12.4983997344971,0.05188615927131978
OZAR_WS_013_01,-19.35338553551765,70.83333333333333,13.575185289061512,0.5833333333333334,-5.848866672568414,41.666666666666664,51.63620089578787,0.875,NA,NA,NA,74.1784611412459,100,-0.8298675949517041,88.57142857142857,70.90945970867404,100,3.4395704035833035,0.00309800881033839,-0.7914994573321988,2.461519623061531e-5,0,NA,NA,0.6097355473924514,3.453711721632222,0.01581313120220245,6.63945704330704e-4,121.92,0.04889369754779909
OZAR_WS_014_01,-19.315233853278883,73.61111111111111,15.53160895277274,0.5555555555555556,-6.179861805120428,44.44444444444444,52.17469984608406,0.8888888888888888,NA,NA,NA,74.1784611412459,100,-0.850273325741703,90,70.90945970867404,100,3.4372283439150095,0.00281267536838055,-0.7914994573321988,2.461519623061531e-5,0,3.1656670233535036,NA,1.103048391805754,3.694739005991798,0.01429073444306586,6.761904116029171e-4,121.92,0.04892705452694561
OZAR_WS_015_01,-19.04959977515654,70.83333333333333,13.052710808577444,0.5694444444444444,-5.716609324941721,43.05555555555556,52.06554166738131,0.8888888888888888,NA,NA,NA,74.1784611412459,100,-0.7939534867201159,87.14285714285714,70.90945970867404,100,3.4382619136170725,0.00348002222012965,-0.7914994573321988,2.461519623061531e-5,0,NA,NA,0.9830909932565952,3.414044028834293,0.01691370597699417,-2.6933175546162147e-4,10.2103996276855,0.04885416055604357
OZAR_WS_016_01,-19.315233853278883,73.61111111111111,15.53160895277274,0.5555555555555556,-6.179861805120428,44.44444444444444,52.17469984608406,0.8888888888888888,NA,NA,NA,74.1784611412459,100,-0.850273325741703,90,70.90945970867404,100,3.4372283439150095,0.00281267536838055,-0.7914994573321988,2.461519623061531e-5,0,0,NA,1.103048391805754,3.694739005991798,0.01429073444306586,6.761904116029171e-4,14.6906795501709,0.04892705452694561
OZAR_WS_017_01,-19.324956102242854,65.27777777777777,12.846314941345838,0.5555555555555556,-4.841027758557723,41.666666666666664,52.140826529146665,0.8611111111111112,NA,NA,NA,74.1784611412459,100,-0.7462907623856828,88.57142857142857,70.90945970867404,100,3.3272061697376145,0.00314067455969117,-0.7914994573321988,2.461519623061531e-5,0,NA,NA,-0.19999396065135025,0.6267580423090067,0.00645183198944925,-0.00939964280977872,4.94599008560181,0.0493744153512412
OZAR_WS_018_01,-19.643685397129357,68.05555555555556,13.748679126493458,0.5416666666666666,-6.143961457667095,43.05555555555556,52.056251648814914,0.8888888888888888,NA,NA,NA,74.1784611412459,100,-0.7919084897691779,88.57142857142857,70.90945970867404,100,3.401215504811894,0.00351455408697379,-0.7914994573321988,2.461519623061531e-5,0,NA,NA,0.24107711029867793,3.1366416436654467,0.02019589720623931,-0.00969680346579209,75.10272,0.04865296507049988
OZAR_WS_019_01,-19.26882018931977,66.66666666666667,13.647809999683597,0.5416666666666666,-5.5638043749520945,40.27777777777778,51.567970279397855,0.8611111111111112,NA,NA,NA,74.1784611412459,100,-0.7807770577868486,88.57142857142857,70.90945970867404,100,3.37148117477891,0.00330012468548456,-0.7914994573321988,2.461519623061531e-5,0,NA,NA,-0.3021633095211444,2.3267675417440805,0.0189331229065271,-0.01484182145860435,97.536,0.04856050029924954
PECO_WS_001_01,-37.65619946496202,91.66666666666669,24.33361232934183,0.5833333333333334,-16.392491784338876,72.22222222222223,24.527444479091457,0.5,NA,NA,NA,32.37993413498433,100,-1.834952209092233,100,4.542390171577309,20,3.3828696058547525,0.00686687017463033,0.1650634336062549,-8.786425616909852e-5,75.99202645879853,5.177583785885496,NA,-0.7953343373471551,-0.6100046309557828,-0.02283135597170675,0.01449623309745997,49.25568000000001,0.02302942459744914
PECO_WS_002_01,-35.90145753178754,81.94444444444444,34.63767932762663,0.8888888888888888,-15.648922948404442,72.22222222222223,24.772327140377573,0.5,NA,NA,NA,32.37993413498433,100,-2.063707550949813,100,4.542390171577309,20,3.3853148613636943,0.00396448432036533,0.1650634336062549,-8.786425616909852e-5,57.68896707010314,4.947949886333543,NA,-0.19240810591392807,-0.6954816223209744,-0.02499013440424674,0.00462574428982218,36.576,0.02128859797282778
PECO_WS_003_01,-40.528296216058536,88.88888888888889,40.2766202175925,0.9166666666666666,-16.118789507638926,68.05555555555556,15.194180505404267,0.5555555555555556,NA,NA,NA,32.37993413498433,100,-1.8246692400556153,100,28.303768081532887,60,3.342959833923727,0.00284418851095935,0.1650634336062549,1.2518244492486013e-4,3.4089301809843353,3.3547264979535183,NA,-0.2238401565662724,-0.1654569793630524,-0.0266838227885743,0.03302943853684424,195.072,0.02528412239175375
PECO_WS_004_01,-39.61499380556192,87.5,39.03635217835411,0.9166666666666666,-16.015033795651686,70.83333333333333,16.53257560826687,0.5138888888888888,NA,NA,NA,32.37993413498433,100,-1.8597921860922788,100,28.303768081532887,60,3.353232060187084,0.00320941831001167,0.1650634336062549,1.2518244492486013e-4,15.659937374810037,3.250979082587359,NA,-0.1668840350692545,-0.1179582991151733,-0.03008142342314769,0.03144442240397129,78.51648000000002,0.02400744449423152
PECO_WS_005_01,-40.528296216058536,88.88888888888889,40.2766202175925,0.9166666666666666,-16.118789507638926,68.05555555555556,15.194180505404267,0.5555555555555556,NA,NA,NA,32.37993413498433,100,-1.8246692400556153,100,28.303768081532887,60,3.342959833923727,0.00284418851095935,0.1650634336062549,1.2518244492486013e-4,10.511527694435507,3.27304965947448,NA,-0.2238401565662724,-0.1654569793630524,-0.0266838227885743,0.03302943853684424,97.536,0.02528412239175375
PECO_WS_006_01,-40.528296216058536,88.88888888888889,40.2766202175925,0.9166666666666666,-16.118789507638926,68.05555555555556,15.194180505404267,0.5555555555555556,NA,NA,NA,32.37993413498433,100,-1.8246692400556153,100,28.303768081532887,60,3.342959833923727,0.00284418851095935,0.1650634336062549,1.2518244492486013e-4,13.667065716242238,3.1683719138759647,NA,-0.2238401565662724,-0.1654569793630524,-0.0266838227885743,0.03302943853684424,85.34400000000001,0.02528412239175375
PERI_WS_001_01,-28.496174738248065,83.33333333333333,26.50738211718468,0.5972222222222222,-6.854880295965948,44.44444444444444,51.42388434953756,0.7638888888888888,NA,NA,NA,74.1784611412459,100,-0.8257436773933536,94.28571428571428,-79.91813999532536,0,3.385298197224813,0.0015328884349754,0.3896272628262193,0.02148807957670662,0,3.2456015982802255,NA,0.4330383918903484,3.075582433629961,0.01306497229443386,0.01822433942629968,390.144,0.03254535288925321
PETE_WS_001_01,-24.986226452522104,75,14.35515445005358,0.5833333333333334,-3.6705202063684417,29.166666666666668,47.147005897494296,0.5416666666666666,NA,0.00787033244705524,NA,47.89627854271006,100,-0.7542181573702217,84.28571428571429,NA,NA,3.14789964150072,0.00267819836678229,-0.10433684758011916,-3.710813461212601e-4,0,NA,NA,2.878686334615875,5.570676258632115,0.0146418334615248,0.03758741308141666,6.48850727081299,0.02857250105810801
PETE_WS_002_01,-24.986226452522104,75,14.35515445005358,0.5833333333333334,-3.6705202063684417,29.166666666666668,47.147005897494296,0.5416666666666666,NA,0.00782674069462571,NA,47.89627854271006,100,-0.7542181573702217,84.28571428571429,NA,NA,3.14789964150072,0.00267819836678229,-0.10433684758011916,-3.710813461212601e-4,0,NA,NA,2.878686334615875,5.570676258632115,0.0146418334615248,0.03758741308141666,121.92,0.02857250105810801
PETE_WS_005_01,-22.430213166494894,77.77777777777777,14.391364407609055,0.5,-3.843890867553497,33.333333333333336,35.836870941197084,0.5277777777777778,0,0.01992111042908163,NA,47.04503869805253,100,-0.6634867967780628,85.71428571428571,NA,NA,3.180285855101097,0.00306034289355981,-0.10433684758011916,-3.710813461212601e-4,0,NA,0,4.305010887483755,6.994640138414184,0.01639606588679907,0.03842120700412396,42.672,0.02781090969109503
PINN_WS_001_01,-36.05673250547168,62.5,12.561353739404003,0.7777777777777778,-16.243782457792552,66.66666666666667,8.024287150297102,0.5694444444444444,NA,NA,NA,27.26391643531442,72.5,-1.3372732572011847,98.57142857142856,-19.713915617114512,0,2.716747013044184,0.0037725115170073,1.110544358932037,-0.00224898881017076,92.87209089951324,0,NA,0.4418424046064075,0.579179997856005,0.00423350000506915,-0.0238003766095197,12.67968,0.03891573996001591
PINN_WS_002_01,-36.88024804385181,59.72222222222222,12.88722251597243,0.75,-16.496953421872906,68.05555555555556,8.175930709501468,0.5694444444444444,NA,NA,NA,27.26391643531442,72.5,-1.319835480080202,98.57142857142856,-19.713915617114512,0,2.7368426331007782,0.00385292025661369,1.110544358932037,-0.00224898881017076,93.43247896773228,1.2515471864564154,NA,0.2788378290673781,0.42835842947371816,0.00146483575331285,-0.0229683307686237,78.0288,0.03857364333221651
PINN_WS_003_01,-36.88024804385181,59.72222222222222,12.88722251597243,0.75,-16.496953421872906,68.05555555555556,8.175930709501468,0.5694444444444444,NA,NA,NA,27.26391643531442,72.5,-1.319835480080202,98.57142857142856,-19.713915617114512,0,2.7368426331007782,0.00385292025661369,1.110544358932037,-0.00224898881017076,93.3055599002077,3.647436202351024,NA,0.2788378290673781,0.42835842947371816,0.00146483575331285,-0.0229683307686237,49.9872,0.03857364333221651
PINN_WS_004_01,-36.05673250547168,62.5,12.561353739404003,0.7777777777777778,-16.243782457792552,66.66666666666667,8.024287150297102,0.5694444444444444,NA,NA,NA,27.26391643531442,72.5,-1.3372732572011847,98.57142857142856,20.151839683863013,20,2.716747013044184,0.0037725115170073,1.110544358932037,-0.00807512335561771,89.28383358019452,0,NA,0.4418424046064075,0.579179997856005,0.00423350000506915,-0.0238003766095197,102.4128,0.03891573996001591
PIRO_WS_001_01,-14.821831067620096,70.83333333333333,53.14676723616146,1,-3.208625103202817,30.555555555555557,43.594156938194686,0.7638888888888888,NA,NA,NA,84.86776216664806,100,-1.1502857673447482,94.28571428571428,243.70791877663737,100,4.238191585481904,0.01395202103480998,2.230564205630194,-1.410861897639647e-4,0,NA,NA,0.7123586586098273,1.735035176862748,-0.00207944106401693,0.00892519483379296,7.08503818511963,0.04499790038702864
PIRO_WS_005_01,-14.318815765263055,75,40.36787399454367,1,-3.2956594566534907,30.555555555555557,50.45241261011492,0.8055555555555556,NA,NA,NA,84.86776216664806,100,-0.9971699768084132,95.71428571428572,243.70791877663737,100,4.0380705099854035,0.01328407811270079,2.230564205630194,-1.410861897639647e-4,0,NA,NA,1.4336130460103391,1.9578978132318572,0.00482255102479359,-0.00795670497564617,7.92000007629395,0.04688760143856511
PIRO_WS_006_01,-14.770070176987913,70.83333333333333,54.76265234393561,1,-3.4344933737927943,31.944444444444443,44.433394960755614,0.7916666666666666,NA,NA,NA,84.86776216664806,100,-1.165106577784456,94.28571428571428,243.70791877663737,100,4.246195750377036,0.01445263574157125,2.230564205630194,-1.410861897639647e-4,0,NA,NA,0.6734286233632257,2.026932469120728,-0.00536008551865618,0.01407035231099695,7.61999988555908,0.0451394481731101
PIRO_WS_007_01,-15.785391867205924,70.83333333333333,54.39881274106404,1,-3.3825982314188865,31.944444444444443,43.54528975456703,0.7777777777777778,NA,NA,NA,84.86776216664806,100,-1.1603717651023595,94.28571428571428,243.70791877663737,100,4.255239028514785,0.01426275540359538,2.230564205630194,-1.410861897639647e-4,0,NA,NA,0.5731196450252182,2.0925133175320125,-0.00522931708058891,0.01317965795123386,13.4112,0.04494101500549719
PIRO_WS_008_01,-14.821831067620096,70.83333333333333,53.14676723616146,1,-3.208625103202817,30.555555555555557,43.594156938194686,0.7638888888888888,NA,NA,NA,84.86776216664806,100,-1.1502857673447482,94.28571428571428,243.70791877663737,100,4.238191585481904,0.01395202103480998,2.230564205630194,-1.410861897639647e-4,0,NA,NA,0.7123586586098273,1.735035176862748,-0.00207944106401693,0.00892519483379296,30.84576,0.04499790038702864
PIRO_WS_009_01,-14.821831067620096,70.83333333333333,53.14676723616146,1,-3.208625103202817,30.555555555555557,43.594156938194686,0.7638888888888888,NA,NA,NA,84.86776216664806,100,-1.1502857673447482,94.28571428571428,243.70791877663737,100,4.238191585481904,0.01395202103480998,2.230564205630194,-1.410861897639647e-4,0,NA,NA,0.7123586586098273,1.735035176862748,-0.00207944106401693,0.00892519483379296,48.03648000000001,0.04499790038702864
PIRO_WS_010_01,-16.051074920265403,75,47.84981686466999,1,-3.315109382443505,29.166666666666668,42.527398370526285,0.75,NA,NA,NA,84.86776216664806,100,-1.0942421750479916,94.28571428571428,243.70791877663737,100,4.1882815817730785,0.0134578104725011,2.230564205630194,-1.410861897639647e-4,0,NA,NA,1.8230828679638131,2.667190250168495,0.00997479626074886,-0.00239509613916223,12.923520000000002,0.0454437857153058
PIRO_WS_011_01,-15.330007356157424,70.83333333333333,53.62901619075866,1,-3.221472604768702,30.555555555555557,43.76846480464497,0.7777777777777778,NA,NA,NA,84.86776216664806,100,-1.158476739425701,94.28571428571428,243.70791877663737,100,4.2521039592654795,0.01409659879926503,2.230564205630194,-1.410861897639647e-4,0,NA,NA,0.4121433742462652,1.9135087596045537,-0.0035887498423643,0.01222539831090863,73.88352,0.04490131069328246
PIRO_WS_012_01,-13.568655638890862,72.22222222222223,46.96974494748019,1,-2.911688752612578,30.555555555555557,47.76803740467181,0.7916666666666666,NA,NA,NA,84.86776216664806,100,-1.0719181622046177,95.71428571428572,243.70791877663737,100,4.089346783040578,0.01357631062556099,2.230564205630194,-1.410861897639647e-4,0,NA,NA,1.2901034884982647,1.8495757049984387,0.00851524263060479,-0.00642108483466325,68.76288000000001,0.04596951734171058
PIRO_WS_013_01,-13.568655638890862,72.22222222222223,46.96974494748019,1,-2.911688752612578,30.555555555555557,47.76803740467181,0.7916666666666666,NA,NA,NA,84.86776216664806,100,-1.0719181622046177,95.71428571428572,243.70791877663737,100,4.089346783040578,0.01357631062556099,2.230564205630194,-1.410861897639647e-4,0,NA,NA,1.2901034884982647,1.8495757049984387,0.00851524263060479,-0.00642108483466325,68.76288000000001,0.04596951734171058
PIRO_WS_015_01,-14.039200003664224,75,42.726092304859314,1,-3.114043956975471,31.944444444444443,51.33198163911947,0.8055555555555556,NA,NA,NA,84.86776216664806,100,-1.02682971314046,95.71428571428572,243.70791877663737,100,4.054984442791772,0.0133521013330011,2.230564205630194,-1.410861897639647e-4,0,NA,NA,1.6365301093162845,1.923269441392688,0.00412977066749127,-0.00757219918961385,0,0.04657632132057154
PIRO_WS_016_01,-14.257370243786545,68.05555555555556,53.13891468350062,1,-3.396292409443852,30.555555555555557,43.24051787666962,0.7777777777777778,NA,NA,NA,84.86776216664806,100,-1.1434391342017498,94.28571428571428,243.70791877663737,100,4.219378907986927,0.01397223163548789,2.230564205630194,-1.410861897639647e-4,0,NA,NA,0.7150044050954644,1.693822980502951,2.028872339930977e-4,0.00713122332537609,10.3599996566772,0.04516677822921496
PIRO_WS_017_01,-15.785391867205924,70.83333333333333,54.39881274106404,1,-3.3825982314188865,31.944444444444443,43.54528975456703,0.7777777777777778,NA,NA,NA,84.86776216664806,100,-1.1603717651023595,94.28571428571428,243.70791877663737,100,4.255239028514785,0.01426275540359538,2.230564205630194,-1.410861897639647e-4,0,NA,NA,0.5731196450252182,2.0925133175320125,-0.00522931708058891,0.01317965795123386,6.43470048904419,0.04494101500549719
PIRO_WS_018_01,-13.603325762562257,72.22222222222223,45.42068028619606,1,-2.960039415116497,31.944444444444443,49.980535262072515,0.8055555555555556,NA,NA,NA,84.86776216664806,100,-1.0427967259690432,95.71428571428572,243.70791877663737,100,4.058632674800216,0.01355325053240471,2.230564205630194,-1.410861897639647e-4,0,NA,NA,1.5667939548603966,1.6341074771351316,0.00453878220018377,-0.00669048822414107,3.65759992599487,0.04618295609712983
PIRO_WS_018_02,-13.603325762562257,72.22222222222223,45.42068028619606,1,-2.960039415116497,31.944444444444443,49.980535262072515,0.8055555555555556,NA,NA,NA,84.86776216664806,100,-1.0427967259690432,95.71428571428572,243.70791877663737,100,4.058632674800216,0.01355325053240471,2.230564205630194,-1.410861897639647e-4,0,NA,NA,1.5667939548603966,1.6341074771351316,0.00453878220018377,-0.00669048822414107,3.65759992599487,0.04618295609712983
PIRO_WS_019_01,-14.257370243786545,68.05555555555556,53.13891468350062,1,-3.396292409443852,30.555555555555557,43.24051787666962,0.7777777777777778,NA,NA,NA,84.86776216664806,100,-1.1434391342017498,94.28571428571428,243.70791877663737,100,4.219378907986927,0.01397223163548789,2.230564205630194,-1.410861897639647e-4,0,NA,NA,0.7150044050954644,1.693822980502951,2.028872339930977e-4,0.00713122332537609,21.9456,0.04516677822921496
PIRO_WS_020_01,-14.257370243786545,68.05555555555556,53.13891468350062,1,-3.396292409443852,30.555555555555557,43.24051787666962,0.7777777777777778,NA,NA,NA,84.86776216664806,100,-1.1434391342017498,94.28571428571428,243.70791877663737,100,4.219378907986927,0.01397223163548789,2.230564205630194,-1.410861897639647e-4,0,NA,NA,0.7150044050954644,1.693822980502951,2.028872339930977e-4,0.00713122332537609,25.6032,0.04516677822921496
PISP_WS_001_01,-47.30082298561966,66.66666666666667,63.131392263148086,0.875,-13.924770648894274,54.166666666666664,54.363887707133074,0.5555555555555556,NA,NA,NA,31.28802133993632,77.5,-2.2368032096345054,100,67.991395057746,70,3.1999815483104666,0.00439421706824198,-1.7449646347220835,2.167211822088219e-4,2.3249900594084645,0,NA,-0.2039985433220863,-3.3083158469120204,-0.03214655538203659,-0.00666062289444851,56.083200000000005,0.03681140114094791
PORE_WS_002_01,-15.306120320895106,51.388888888888886,7.048509918922848,0.5833333333333334,-8.67349681611501,52.77777777777778,5.389358406515825,0.5555555555555556,0,0.00328377534114425,0.00176686775705971,27.007748827445592,100,-0.5418707291095738,77.14285714285714,374.38842771285226,100,2.4162699373439676,0.00529437048274156,-0.03260676880649415,0.00160419671932158,14.370216696574088,0.7495605250322048,0,-2.1789614213837525,-2.10730949098555,-0.01116629267391462,-0.013488139182413761,47.5488,0.04367100694778841
PORE_WS_004_01,-15.67048940091738,50,6.738456039282814,0.5694444444444444,-9.13037104361452,54.166666666666664,5.213948985346228,0.5277777777777778,0.13152588911360177,0.00225977411883895,0.00182770341414547,27.007748827445592,100,-0.5329347028399124,77.14285714285714,374.38842771285226,100,2.3830088717393405,0.00540116459549918,-0.03260676880649415,0.00160419671932158,11.432815637488456,1.6715662001931977,3.5088599276755548,-2.0812089010521237,-1.4589268780417228,-0.01076503875048376,-0.01831314652054345,0,0.04369798836206116
PORE_WS_005_01,-16.641034712913992,51.388888888888886,7.14528724937541,0.5694444444444444,-9.075470704042406,51.388888888888886,6.648678412257125,0.5,0.2580878341784931,1,0.01096472474021475,27.007748827445592,100,-0.6846487131377533,77.14285714285714,374.38842771285226,100,2.5048887935210775,0.0051515119826101,-0.03260676880649415,0.00160419671932158,3.4355967995268237,25.38316038125027,22.559695634541107,-4.676129900746872,-2.6034823964970784,-0.01550962007285948,-0.00117864726502192,57.302400000000006,0.04371267858903684
PORE_WS_006_01,-15.306120320895106,51.388888888888886,7.048509918922848,0.5833333333333334,-8.67349681611501,52.77777777777778,5.389358406515825,0.5555555555555556,0,0.00283411489477372,0.4121340306182621,27.007748827445592,100,-0.5418707291095738,77.14285714285714,374.38842771285226,100,2.4162699373439676,0.00529437048274156,-0.03260676880649415,0.00160419671932158,7.78092271867748,3.9050372683527503,0,-2.1789614213837525,-2.10730949098555,-0.01116629267391462,-0.013488139182413761,12.2102880477905,0.04367100694778841
PORE_WS_007_01,-15.67048940091738,50,6.738456039282814,0.5694444444444444,-9.13037104361452,54.166666666666664,5.213948985346228,0.5277777777777778,0,0.00138276201692973,0.00167491078406021,27.007748827445592,100,-0.5329347028399124,77.14285714285714,374.38842771285226,100,2.3830088717393405,0.00540116459549918,-0.03260676880649415,0.00160419671932158,13.510689486273073,0.8911703272798882,0,-2.0812089010521237,-1.4589268780417228,-0.01076503875048376,-0.01831314652054345,4.37595748901367,0.04369798836206116
PORE_WS_008_01,-19.791899891915293,44.44444444444444,7.220032536768307,0.5694444444444444,-9.21054138225822,51.388888888888886,4.927019803931025,0.5138888888888888,0.621332024318086,0.0165052190106234,0.03071489010542892,27.007748827445592,100,-0.6615248089677138,80,374.38842771285226,100,2.4501723373967845,0.00537716413958859,-0.03260676880649415,0.00160419671932158,0,20.74458449621232,46.1965045184522,-2.200136773748162,-1.5448299100167195,-0.01276908498733712,-0.01066388140667935,10.9728,0.04413458458836543
PORE_WS_008_02,-19.791899891915293,44.44444444444444,7.220032536768307,0.5694444444444444,-9.21054138225822,51.388888888888886,4.927019803931025,0.5138888888888888,0.5416743259825552,0.01851756804207955,0.03125746581042848,27.007748827445592,100,-0.6615248089677138,80,374.38842771285226,100,2.4501723373967845,0.00537716413958859,-0.03260676880649415,0.00160419671932158,0,17.45152549775484,53.636188078829626,-2.200136773748162,-1.5448299100167195,-0.01276908498733712,-0.01066388140667935,10.9728,0.04413458458836543
PORE_WS_009_01,-20.24650388982063,41.666666666666664,7.57697345008753,0.5972222222222222,-9.257062022073177,50,5.2733246471773425,0.5138888888888888,0.1355979553011224,0.02477582556762168,0.02962402077755908,27.007748827445592,100,-0.6205853449663672,80,374.38842771285226,100,2.4365176877667825,0.00543704409933697,-0.03260676880649415,0.00160419671932158,0,15.169201550382176,76.54631303808837,-1.430527068398617,-1.1764200570372267,-0.01317548042460481,-0.01238728058643842,22.92096,0.04424321018081428
PORE_WS_010_01,-17.128157387951774,50,7.237503109357826,0.5694444444444444,-9.141791860073264,51.388888888888886,4.740119561069304,0.5138888888888888,0.6467349650890526,0.02834872164657297,0.03149446038894953,27.007748827445592,100,-0.6778654114091534,77.14285714285714,374.38842771285226,100,2.479798217495805,0.00521325993963026,-0.03260676880649415,0.00160419671932158,1.0116763126537878,12.578558358077544,18.47619516379668,-3.9524535127714575,-2.218240132994124,-0.01442037716388533,-0.00501978367934986,48.768,0.04381396883222635
PORE_WS_011_01,-15.306120320895106,51.388888888888886,7.048509918922848,0.5833333333333334,-8.67349681611501,52.77777777777778,5.389358406515825,0.5555555555555556,0,0.00295268998105864,0.41936565226400674,27.007748827445592,100,-0.5418707291095738,77.14285714285714,374.38842771285226,100,2.4162699373439676,0.00529437048274156,-0.03260676880649415,0.00160419671932158,10.520932357652203,2.353961005254125,0,-2.1789614213837525,-2.10730949098555,-0.01116629267391462,-0.013488139182413761,6.95034980773926,0.04367100694778841
PORE_WS_012_01,-16.665807077706894,50,6.763152780183194,0.5833333333333334,-9.059438912904524,52.77777777777778,5.396504134979598,0.5555555555555556,0.07486287461890839,0.00937743308012853,0.3208903015899103,27.007748827445592,100,-0.5611031721273654,78.57142857142857,374.38842771285226,100,2.378064958371997,0.0053344221742718,-0.03260676880649415,0.00160419671932158,11.397294193555156,6.551897903349683,23.109180799334403,-1.3140890092676516,-1.3598927176660958,-0.00923184308901461,-0.01867580413818315,10.5750379562378,0.04377939285775784
PORE_WS_013_01,-17.128157387951774,50,7.237503109357826,0.5694444444444444,-9.141791860073264,51.388888888888886,4.740119561069304,0.5138888888888888,0.45327817780906976,0.00868838967777951,-0.00657948527144088,27.007748827445592,100,-0.6778654114091534,77.14285714285714,374.38842771285226,100,2.479798217495805,0.00521325993963026,-0.03260676880649415,0.00160419671932158,16.913764794961182,16.76366295197075,15.843714015288135,-3.9524535127714575,-2.218240132994124,-0.01442037716388533,-0.00501978367934986,3.40041399002075,0.04381396883222635
PORE_WS_014_01,-16.27596328857028,50,7.036162680333629,0.5833333333333334,-8.780637817183786,52.77777777777778,5.226138432562664,0.5416666666666666,0.9252385573061755,0.00523544962685308,-0.00607103917173283,27.007748827445592,100,-0.5804520264338078,78.57142857142857,374.38842771285226,100,2.429347811366922,0.00519205360439874,-0.03260676880649415,0.00160419671932158,6.884939034188614,6.8049534148645865,3.230179566223621,-1.9072356595952356,-1.625711384927854,-0.01163956371589509,-0.0139747063318889,14.891058921814,0.04375975059310739
PORE_WS_015_01,-20.29739692643939,40.27777777777778,7.721359282681067,0.5972222222222222,-9.347781215949311,50,5.255936422739876,0.5138888888888888,0.07168727282659404,0.928261044571151,0.3175412091318649,27.007748827445592,100,-0.6219686008468415,78.57142857142857,374.38842771285226,100,2.4333508612861774,0.00552276355873413,-0.03260676880649415,0.00160419671932158,0,8.258175048621407,84.93392900467623,-1.1424337360594023,-0.8527315062367258,-0.01321903331641798,-0.0125787772384345,76.8096,0.04428975522958768
PORE_WS_016_01,-18.110727720414257,47.22222222222222,7.132309386496397,0.5833333333333334,-9.03153316898586,52.77777777777778,4.980448726585212,0.5277777777777778,0.827952267378322,0.00671179172074166,-0.00742223929057133,27.007748827445592,100,-0.6282159770977688,78.57142857142857,374.38842771285226,100,2.430610346430946,0.00524943991400342,-0.03260676880649415,0.00160419671932158,16.90178527011667,8.209817928483846,9.6477319463027,-2.0989086705225475,-2.006813292840017,-0.01211836672255494,-0.01196636756261204,21.3077602386475,0.04391650102050246
PORE_WS_017_01,-17.568153063900887,45.833333333333336,7.214420792805847,0.5833333333333334,-8.867192297957697,51.388888888888886,6.516404954179552,0.5,0.6684993118802538,0.03887503554958517,0.01016200675489314,27.007748827445592,100,-0.6758837499271656,75.71428571428571,374.38842771285226,100,2.5338223598214604,0.00504035491751599,-0.03260676880649415,0.00160419671932158,0.18434221408588472,34.290661352792725,59.26512265862674,-4.922741825674095,-2.7708082108625343,-0.01786367290095554,0.00336713207011321,8.76077270507812,0.04377263616366057
PORE_WS_018_01,-17.128157387951774,50,7.237503109357826,0.5694444444444444,-9.141791860073264,51.388888888888886,4.740119561069304,0.5138888888888888,0.38493715613035384,0.00627924613644663,0.02650841382601065,27.007748827445592,100,-0.6778654114091534,77.14285714285714,374.38842771285226,100,2.479798217495805,0.00521325993963026,-0.03260676880649415,0.00160419671932158,13.563841829113787,12.623354451217692,13.712533763025393,-3.9524535127714575,-2.218240132994124,-0.01442037716388533,-0.00501978367934986,0,0.04381396883222635
PORE_WS_019_01,-17.128157387951774,50,7.237503109357826,0.5694444444444444,-9.141791860073264,51.388888888888886,4.740119561069304,0.5138888888888888,0.2033846649537061,0.0081209306439572,0.02905156621753651,27.007748827445592,100,-0.6778654114091534,77.14285714285714,374.38842771285226,100,2.479798217495805,0.00521325993963026,-0.03260676880649415,0.00160419671932158,9.098608884739704,16.418837593567552,16.10669344724074,-3.9524535127714575,-2.218240132994124,-0.01442037716388533,-0.00501978367934986,60.96,0.04381396883222635
PORE_WS_020_01,-17.128157387951774,50,7.237503109357826,0.5694444444444444,-9.141791860073264,51.388888888888886,4.740119561069304,0.5138888888888888,0.4136786903798004,0.00720325784326829,-0.00621267169676716,27.007748827445592,100,-0.6778654114091534,77.14285714285714,374.38842771285226,100,2.479798217495805,0.00521325993963026,-0.03260676880649415,0.00160419671932158,17.396282704703772,14.39823841313721,14.551987061063132,-3.9524535127714575,-2.218240132994124,-0.01442037716388533,-0.00501978367934986,3.40041399002075,0.04381396883222635
PRWI_WS_003_01,-21.453224647010114,69.44444444444444,12.859943667318843,0.5972222222222222,-3.923693695075925,22.22222222222222,87.58615870694871,0.5833333333333334,0.8449907771877991,0,0.11171168184247308,47.04503869805253,100,-0.8374068658004659,87.14285714285714,NA,NA,3.31847854611979,1.794508621585922e-5,1.305349031003033,0.0042666185456562,0,4.223645993247735,1.7501474122824638,-0.5037398010060399,1.6838478276759032,0.00143918897137152,0.01735701384367753,21.981086730957,0.03838712259868748
REDW_WS_001_01,-7.8067153636241375,47.22222222222222,5.403772424750102,0.5416666666666666,-6.478416975721848,56.94444444444444,5.791724498293435,0.5277777777777778,0.04918588805842283,0.00337903818500328,0.8363689913604201,71.80516143388877,95,-0.3937695152480463,72.85714285714286,19.958637628669536,35,2.73451261717881,7.523934814392258e-4,0.4762282989805583,-0.00178091641836387,0,5.548534981013211,10.246320843475196,-4.414086569238587,-5.430150196508123,-0.00759980189990753,-0.01635332460756655,24.384,0.05252967260252801
REDW_WS_003_01,-7.8067153636241375,47.22222222222222,5.403772424750102,0.5416666666666666,-6.478416975721848,56.94444444444444,5.791724498293435,0.5277777777777778,0.04918588805842283,0.00337903818500328,0.8363689913604201,71.80516143388877,95,-0.3937695152480463,72.85714285714286,19.958637628669536,35,2.73451261717881,7.523934814392258e-4,0.4762282989805583,-0.00178091641836387,0,5.548534981013211,10.246320843475196,-4.414086569238587,-5.430150196508123,-0.00759980189990753,-0.01635332460756655,10.6690006256104,0.05252967260252801
REDW_WS_004_01,-5.901529617826278,37.5,5.129503112719591,0.5416666666666666,-6.833980232496025,52.77777777777778,4.959531475732957,0.5,0.18418133517439372,0.1110923930906204,-0.01251026388918265,71.80516143388877,95,-0.3829114205832702,61.42857142857143,86.28986703752113,95,2.4996339660071136,5.052054451121502e-4,0.4762282989805583,2.0030811057122e-4,0.12896734760735304,8.97564141155401,30.974377904303363,-1.199026584625244,-3.2221324328379017,-0.00434886760191808,-0.04197863528603011,12.192,0.05228814867997364
REDW_WS_005_01,-8.05665812783932,48.611111111111114,5.915762582811476,0.5694444444444444,-6.75865632381583,55.55555555555556,5.9196904059789635,0.5,0.08671043491839914,0.00376306167146025,0.46168744930307226,71.80516143388877,95,-0.40156209317736585,72.85714285714286,19.958637628669536,35,2.721814487047853,0.00104359075953897,0.4762282989805583,-0.00178091641836387,0.3648355488428997,6.410043207987988,7.534414207451236,-4.727616658917183,-6.8083586574935,-0.01100707067777208,-0.01371791038984134,19.5072,0.05195408182598205
REDW_WS_006_01,-6.197326509821242,41.666666666666664,5.247520143334623,0.5694444444444444,-6.920929167612927,56.94444444444444,4.9423280862838554,0.5,0.06193113758492075,0.6077238336628621,1.0152513203955025,71.80516143388877,95,-0.35889490805247803,64.28571428571429,86.28986703752113,95,2.621791499123717,8.615566629252142e-4,0.4762282989805583,2.0030811057122e-4,0.7566763985023051,7.193908662481728,40.67712531861625,-2.160707685682534,-2.8520322604962303,-0.0092135235585006,-0.03138312839326407,14.630400000000002,0.0519472067130382
REDW_WS_007_01,-5.968423602202474,37.5,5.045181936444692,0.5555555555555556,-6.688998363004782,54.166666666666664,4.750560291248024,0.5138888888888888,0.10211449584523448,0.02771844271222381,-0.01045365544348315,71.80516143388877,95,-0.38747834472922166,60,86.28986703752113,95,2.488673100002446,4.8281240807120096e-4,0.4762282989805583,2.0030811057122e-4,0,4.005077368371364,2.7613583434535065,1.4405523901097192,-3.8346734663360063,-0.00337632551264319,-0.04275079421055198,30.48,0.05238144196463067
REDW_WS_008_01,-6.197326509821242,41.666666666666664,5.247520143334623,0.5694444444444444,-6.920929167612927,56.94444444444444,4.9423280862838554,0.5,0.05957874588538203,0.02684529081666384,1.0448522559362956,71.80516143388877,95,-0.35889490805247803,64.28571428571429,86.28986703752113,95,2.621791499123717,8.615566629252142e-4,0.4762282989805583,2.0030811057122e-4,0.6751997495874646,7.910241072548183,43.504370929196575,-2.160707685682534,-2.8520322604962303,-0.0092135235585006,-0.03138312839326407,17.0688,0.0519472067130382
REDW_WS_009_01,-7.155156101061058,50,9.483723477186537,0.8333333333333334,-6.795581795333265,55.55555555555556,6.133880704286905,0.5,0,8.486425985221504e-4,0.2139458011567686,71.80516143388877,95,-0.3913666078409111,68.57142857142857,19.958637628669536,35,2.6755202210599904,0.00253138508746524,0.4762282989805583,-0.00178091641836387,92.82566537459893,0,0,-8.473706535763204,-8.290901461529927,-0.00900637808601255,-0.02002365420563048,18.4407005310059,0.04989816024240361
REDW_WS_010_01,-6.2788921627539125,45.833333333333336,5.177180546117991,0.5694444444444444,-6.453486988209348,56.94444444444444,5.13554316665295,0.5138888888888888,0.45647798732075273,0.01230505036825126,1.036976614811612,71.80516143388877,95,-0.37563404234984193,67.14285714285714,86.28986703752113,95,2.720320374117767,8.615111918918034e-4,0.4762282989805583,2.0030811057122e-4,3.311467483436157,22.449044144129505,18.806653071662844,-3.210624625653395,-3.771072559284448,-0.00914786050102455,-0.0255042033353512,26.8224,0.05205046759383102
REDW_WS_013_01,-5.5850029210641905,37.5,5.111418963981909,0.5277777777777778,-6.747588669174709,56.94444444444444,4.994616817014101,0.5,0,0.1968296402293533,-0.01253110053703419,71.80516143388877,95,-0.3614210135845635,58.57142857142857,86.28986703752113,95,2.5150315409777697,5.611092568962167e-4,0.4762282989805583,2.0030811057122e-4,12.884428932689474,7.684732309000577,0,-0.3465256922774813,-5.364814385219865,-0.00429989117636558,-0.03581392197381872,7.23276424407959,0.05158320251242918
RICH_WS_002_01,-22.994141166820764,75,15.330317990728108,0.5416666666666666,-3.9157455160573846,26.38888888888889,44.812935508689705,0.5416666666666666,1.2076834670163992,0.08541416979239316,NA,47.04503869805253,100,-0.7224012172269111,80,66.01762902473646,100,3.3753192118086783,-3.120242072283501e-4,2.066833893440367,0.00239419643114041,0,15.26778539375838,3.0363608727859086,2.486546448535389,7.33135465339376,0.01886188317809462,0.04158538921112154,7.61198282241821,0.02916778398786698
RICH_WS_003_01,-23.376771195142396,76.38888888888889,15.007888846241968,0.5416666666666666,-3.833934409155684,25,46.23102341125751,0.5555555555555556,1.219406324385183,0.09751873209178548,NA,47.04503869805253,100,-0.7344993616802848,80,66.01762902473646,100,3.365388076792483,-8.260669676419391e-5,2.066833893440367,0.00239419643114041,0,16.458344725169542,3.285053932824585,2.840237067415825,6.872725638132254,0.02021238550536023,0.03950835225249308,16.7212829589844,0.02930657200588561
RICH_WS_004_01,-22.994141166820764,75,15.330317990728108,0.5416666666666666,-3.9157455160573846,26.38888888888889,44.812935508689705,0.5416666666666666,1.2441653698318542,0.08164749550672809,NA,47.04503869805253,100,-0.7224012172269111,80,66.01762902473646,100,3.3753192118086783,-3.120242072283501e-4,2.066833893440367,0.00239419643114041,0,15.449414327900964,3.094830379113342,2.486546448535389,7.33135465339376,0.01886188317809462,0.04158538921112154,8.22959995269775,0.02916778398786698
RICH_WS_006_01,-20.64371574659923,81.94444444444444,15.823184993521576,0.5972222222222222,-4.358767811418871,25,51.22737918710407,0.5555555555555556,0.2513247358029731,0.08762886051638767,NA,47.04503869805253,100,-0.7628831595093405,81.42857142857143,66.01762902473646,100,3.3762216904114943,-4.324715071933327e-4,2.066833893440367,0.00239419643114041,0,12.803027431194977,2.170181292270024,2.0702216076472473,4.048538123236756,0.00654539544740536,0.03266807315444419,9.41262054443359,0.03028784016950815
RICH_WS_007_01,-18.95489427356165,79.16666666666667,14.571763242923186,0.5833333333333334,-3.866037996487489,25,49.0256364359994,0.5277777777777778,0,0.01485539053252418,NA,47.04503869805253,100,-0.79810635949472,81.42857142857143,-54.3142559883221,0,3.3844150160470825,-3.666683193457587e-4,2.066833893440367,3.579728979982602e-4,0,NA,0,1.7678426442046948,2.9833219013516903,0.00542889659680235,0.03222112302426935,48.52416000000001,0.03066792089433268
ROMO_WS_001_01,-20.94618292184904,83.33333333333333,25.10156145913556,1,-7.48696085415325,52.77777777777778,35.987583894463036,0.6111111111111112,NA,NA,NA,47.74457262577411,100,-1.3094134084533904,92.85714285714286,12.859341470397476,45,3.488051870343031,0.00381352048697545,1.3195209957165563,0.0025065322707248,12.531750094916644,0,NA,-4.105968735042822,-3.502784305148653,-0.036383666288645,0.01866884584780091,16.6298484802246,0.03010216118468392
ROMO_WS_002_01,-18.94119053948889,70.83333333333333,21.99426092564643,1,-8.194339272913247,47.22222222222222,44.95261866661068,0.8194444444444444,NA,NA,NA,38.17490607627803,100,-1.067119986602902,94.28571428571428,-39.0475685609822,0,3.244649342477489,0.00389303881717511,1.3195209957165563,-0.00357799210590514,34.922802712268854,0,NA,-0.9865747400326654,-1.0826583173539868,-0.01746262839170576,-0.0135871981397087,0,0.02872096061553183
ROMO_WS_003_01,-19.527600342076497,87.5,24.222339479851,1,-7.132203573168326,52.77777777777778,23.631393855436183,0.5416666666666666,NA,NA,NA,47.74457262577411,100,-1.186013275689145,90,12.859341470397476,45,3.441820467838202,0.00459567545001273,1.3195209957165563,0.0025065322707248,15.581862718183851,0,NA,-4.6251001087102,-4.718274198932414,-0.03568601631212328,0.02037754765263314,18.77568,0.02464375330054402
ROMO_WS_004_01,-18.79950013817085,70.83333333333333,24.97838295260609,1,-7.22025578791058,44.44444444444444,52.2873278566491,0.8055555555555556,NA,NA,NA,38.17490607627803,100,-1.063305131937812,88.57142857142857,-39.39893972564071,0,3.254628227579313,0.00442634720623344,1.3195209957165563,-0.00208946082423665,61.326132901529874,0.118771938996299,NA,-2.131040292157642,-1.7074807816081543,-0.02000356925818803,-0.01368047320653522,36.576,0.02631314118304879
ROMO_WS_005_01,-20.94618292184904,83.33333333333333,25.10156145913556,1,-7.48696085415325,52.77777777777778,35.987583894463036,0.6111111111111112,NA,NA,NA,47.74457262577411,100,-1.3094134084533904,92.85714285714286,12.859341470397476,45,3.488051870343031,0.00381352048697545,1.3195209957165563,0.0025065322707248,0.15436838394854704,0.15474148789168507,NA,-4.105968735042822,-3.502784305148653,-0.036383666288645,0.01866884584780091,27.797760000000004,0.03010216118468392
ROMO_WS_006_01,-17.14852385256509,77.77777777777777,23.314667468583355,1,-6.949807689529003,45.833333333333336,39.6577106511024,0.8333333333333334,NA,NA,NA,38.17490607627803,100,-1.0094187245153454,92.85714285714286,-39.0475685609822,0,3.219747002288101,0.00440896633060353,1.3195209957165563,-0.00357799210590514,30.13079603725535,4.815736037185248,NA,-2.3262837866597033,-1.968458506016953,-0.02678655164221573,-0.00501546349545075,9.7536,0.02487710356256521
ROMO_WS_006_02,-17.14852385256509,77.77777777777777,23.314667468583355,1,-6.949807689529003,45.833333333333336,39.6577106511024,0.8333333333333334,NA,NA,NA,38.17490607627803,100,-1.0094187245153454,92.85714285714286,-39.0475685609822,0,3.219747002288101,0.00440896633060353,1.3195209957165563,-0.00357799210590514,29.19860690417994,4.763521483087468,NA,-2.3262837866597033,-1.968458506016953,-0.02678655164221573,-0.00501546349545075,25.6032,0.02487710356256521
ROMO_WS_007_01,-17.14852385256509,77.77777777777777,23.314667468583355,1,-6.949807689529003,45.833333333333336,39.6577106511024,0.8333333333333334,NA,NA,NA,38.17490607627803,100,-1.0094187245153454,92.85714285714286,-39.0475685609822,0,3.219747002288101,0.00440896633060353,1.3195209957165563,-0.00357799210590514,28.411652572920705,4.8974095615365165,NA,-2.3262837866597033,-1.968458506016953,-0.02678655164221573,-0.00501546349545075,14.630400000000002,0.02487710356256521
ROMO_WS_008_01,-17.603097248426774,83.33333333333333,22.59314753587808,1,-6.816588884111663,55.55555555555556,17.511747548389263,0.5416666666666666,NA,NA,NA,47.74457262577411,100,-1.0541691355646452,87.14285714285714,12.859341470397476,45,3.3678554893726846,0.00463416990736054,1.3195209957165563,0.0025065322707248,19.43555342666393,0,NA,-3.9788330896861055,-3.874154201661699,-0.03139958339664121,0.01861986701871143,18.288,0.02219592969088194
ROMO_WS_010_01,-16.487577539212978,69.44444444444444,22.70747752464151,1,-6.529954206412528,40.27777777777778,38.211481464241345,0.7083333333333334,NA,NA,NA,38.17490607627803,100,-0.9149437255303506,74.28571428571429,-39.39893972564071,0,3.291481126285274,0.00569278657942842,1.3195209957165563,-0.00208946082423665,61.091680102291114,0.0370472393265677,NA,-3.4788043572118945,-3.5635453241842754,-0.02277269743451981,-0.00938780042860243,19.5072,0.01817070019710337
ROMO_WS_012_01,-18.66433609114307,81.94444444444444,23.36529436830815,1,-7.155701187463345,44.44444444444444,41.71718585782862,0.8472222222222222,NA,NA,NA,38.17490607627803,100,-1.0322171325986638,95.71428571428572,-39.0475685609822,0,3.1401370769238306,0.00427220016881154,1.3195209957165563,-0.00357799210590514,24.590394824369383,1.2935469687863703,NA,-1.2645599911255496,-0.7113370951156137,-0.02140176867740413,0.00260998761212381,19.019520000000004,0.02592104137474013
ROMO_WS_013_01,-22.4275901351872,80.55555555555556,20.771333553145137,1,-8.683126642075521,47.22222222222222,28.981248422861423,0.7916666666666666,NA,NA,NA,38.17490607627803,100,-1.2861674977881907,98.57142857142856,-39.0475685609822,0,3.153370220553871,0.00276626589536001,1.3195209957165563,-0.00357799210590514,66.19462871173405,0.105356568412455,NA,0.3075371472021708,0.685600491629707,-0.00256830804821666,0.00426320676450377,68.2752,0.03371980491349131
ROMO_WS_014_01,-18.66433609114307,81.94444444444444,23.36529436830815,1,-7.155701187463345,44.44444444444444,41.71718585782862,0.8472222222222222,NA,NA,NA,38.17490607627803,100,-1.0322171325986638,95.71428571428572,-39.0475685609822,0,3.1401370769238306,0.00427220016881154,1.3195209957165563,-0.00357799210590514,25.40588022722792,1.2720519199450049,NA,-1.2645599911255496,-0.7113370951156137,-0.02140176867740413,0.00260998761212381,24.62784000000001,0.02592104137474013
ROMO_WS_015_01,-22.4275901351872,80.55555555555556,20.771333553145137,1,-8.683126642075521,47.22222222222222,28.981248422861423,0.7916666666666666,NA,NA,NA,38.17490607627803,100,-1.2861674977881907,98.57142857142856,-39.0475685609822,0,3.153370220553871,0.00276626589536001,1.3195209957165563,-0.00357799210590514,46.98843925362212,0.6466111728365529,NA,0.3075371472021708,0.685600491629707,-0.00256830804821666,0.00426320676450377,41.69664,0.03371980491349131
ROMO_WS_016_01,-14.862872229525015,72.22222222222223,21.608295063753015,1,-6.339494373797004,43.05555555555556,24.285855622557023,0.6805555555555556,NA,NA,NA,38.17490607627803,100,-0.8714705026227147,74.28571428571429,-39.0475685609822,0,3.3050162927034332,0.00591988112203495,1.3195209957165563,-0.00357799210590514,23.200186697836543,0.4350774983735852,NA,-4.785248310169864,-5.114120280301127,-0.03283230475069104,-8.569740954740557e-4,64.61760000000001,0.01801865297219643
ROMO_WS_017_01,-17.14852385256509,77.77777777777777,23.314667468583355,1,-6.949807689529003,45.833333333333336,39.6577106511024,0.8333333333333334,NA,NA,NA,38.17490607627803,100,-1.0094187245153454,92.85714285714286,-39.0475685609822,0,3.219747002288101,0.00440896633060353,1.3195209957165563,-0.00357799210590514,34.2732803198957,4.689214437902352,NA,-2.3262837866597033,-1.968458506016953,-0.02678655164221573,-0.00501546349545075,25.115520000000004,0.02487710356256521
ROMO_WS_018_01,-16.792571253801768,79.16666666666667,23.810040169250673,1,-6.422628774274876,48.611111111111114,28.336133885445783,0.7083333333333334,NA,NA,NA,38.17490607627803,100,-0.9116871877020416,84.28571428571429,-39.0475685609822,0,3.208268211900072,0.00491292632059836,1.3195209957165563,-0.00357799210590514,21.70705396793092,0.8933317384417078,NA,-2.9131092180348457,-2.4312341027789612,-0.0284590921164353,0.00655848185221354,17.0688,0.0211856114375874
ROMO_WS_019_01,-17.14852385256509,77.77777777777777,23.314667468583355,1,-6.949807689529003,45.833333333333336,39.6577106511024,0.8333333333333334,NA,NA,NA,38.17490607627803,100,-1.0094187245153454,92.85714285714286,-39.0475685609822,0,3.219747002288101,0.00440896633060353,1.3195209957165563,-0.00357799210590514,28.575281362190776,4.903613768014682,NA,-2.3262837866597033,-1.968458506016953,-0.02678655164221573,-0.00501546349545075,18.288,0.02487710356256521
ROMO_WS_020_01,-16.983485976827232,80.55555555555556,22.893558121246627,1,-6.271001967829694,50,15.221695839221841,0.5972222222222222,NA,NA,NA,38.17490607627803,100,-0.9481302975373872,81.42857142857143,-39.0475685609822,0,3.284861646838894,0.00543334709891012,1.3195209957165563,-0.00357799210590514,38.1268645883192,0,NA,-4.52712824126637,-4.017789073722069,-0.03187740300202343,0.00953922350220228,160.9344,0.01968648248776788
SACN_WS_001_01,-37.84475867500744,84.72222222222223,20.158672160979663,0.7222222222222222,-8.17916002530437,63.888888888888886,15.099683296747012,0.8472222222222222,NA,NA,NA,87.97638381843059,97.5,-1.2697290248101614,98.57142857142856,-85.54246333305045,0,4.434353485543242,0.00638024113778159,2.44502340665728,0.04516272101212271,0,12.85203747305934,NA,-2.0182742434266414,-1.0886940470448203,-0.02571828430692816,0.00706764503761547,42.6699981689453,0.0416446216607771
SACN_WS_002_01,-32.67739221758015,87.5,24.678350121643057,0.875,-7.267923348538952,52.77777777777778,16.618419311629584,0.8055555555555556,NA,NA,NA,92.04177862525292,100,-1.0980942441761432,95.71428571428572,145.27359785081188,100,4.575087938162493,0.00649807932886323,2.44502340665728,1.306914493305457e-4,2.602027337879789,NA,NA,-0.4654450547946588,1.188507761274065,-0.01661249039934711,0.02731137002758704,5.48909997940063,0.04196043719155973
SACN_WS_003_01,-35.1962676044339,83.33333333333333,22.687920525064985,0.7777777777777778,-7.18284371024228,63.888888888888886,15.14649314631276,0.8472222222222222,NA,NA,NA,87.97638381843059,97.5,-1.2347719167555615,95.71428571428572,70.14684503061021,95,4.3900565113597825,0.0068392581741881,2.44502340665728,9.77634548978575e-5,0,13.943997844648706,NA,-1.8053825822900305,-1.362760636541566,-0.02251062527334051,-0.00187096772370515,10.6941213607788,0.04076857518419453
SACN_WS_004_01,-35.1962676044339,83.33333333333333,22.687920525064985,0.7777777777777778,-7.18284371024228,63.888888888888886,15.14649314631276,0.8472222222222222,NA,NA,NA,87.97638381843059,97.5,-1.2347719167555615,95.71428571428572,70.14684503061021,95,4.3900565113597825,0.0068392581741881,2.44502340665728,9.77634548978575e-5,0,NA,NA,-1.8053825822900305,-1.362760636541566,-0.02251062527334051,-0.00187096772370515,14.6300001144409,0.04076857518419453
SACN_WS_005_01,-35.1962676044339,83.33333333333333,22.687920525064985,0.7777777777777778,-7.18284371024228,63.888888888888886,15.14649314631276,0.8472222222222222,NA,NA,NA,87.97638381843059,97.5,-1.2347719167555615,95.71428571428572,70.14684503061021,95,4.3900565113597825,0.0068392581741881,2.44502340665728,9.77634548978575e-5,0,13.373925557458415,NA,-1.8053825822900305,-1.362760636541566,-0.02251062527334051,-0.00187096772370515,14.6300001144409,0.04076857518419453
SACN_WS_006_01,-35.1962676044339,83.33333333333333,22.687920525064985,0.7777777777777778,-7.18284371024228,63.888888888888886,15.14649314631276,0.8472222222222222,NA,NA,NA,87.97638381843059,97.5,-1.2347719167555615,95.71428571428572,70.14684503061021,95,4.3900565113597825,0.0068392581741881,2.44502340665728,9.77634548978575e-5,0,13.373925557458415,NA,-1.8053825822900305,-1.362760636541566,-0.02251062527334051,-0.00187096772370515,14.6300001144409,0.04076857518419453
SACN_WS_007_01,-32.67739221758015,87.5,24.678350121643057,0.875,-7.267923348538952,52.77777777777778,16.618419311629584,0.8055555555555556,NA,NA,NA,91.53684821620192,100,-1.0980942441761432,95.71428571428572,43.753702912180216,95,4.575087938162493,0.00649807932886323,2.44502340665728,-2.1535844628375205e-5,0,NA,NA,-0.4654450547946588,1.188507761274065,-0.01661249039934711,0.02731137002758704,29.260800000000003,0.04196043719155973
SACN_WS_008_01,-33.10637359525099,91.66666666666669,27.92558182848868,0.9722222222222222,-5.844407587675788,54.166666666666664,17.636282743076134,0.8194444444444444,NA,NA,NA,92.04177862525292,100,-1.10422895188167,95.71428571428572,145.27359785081188,100,4.45865525604956,0.00675489857638353,2.44502340665728,1.306914493305457e-4,1.0189741761879878,NA,NA,-3.3036694799860324,-4.408980288943232,-0.03139741794312379,0.00142416541959033,4.42000007629395,0.0424255302682729
SACN_WS_009_01,-32.80509930255933,90.27777777777776,28.662897116733692,0.875,-6.682785387126961,56.94444444444444,13.348751327397409,0.8055555555555556,NA,NA,NA,92.04177862525292,100,-1.1378332566020957,94.28571428571428,114.0970540035579,100,4.446947679629792,0.00664243082174959,2.44502340665728,3.2577963913485474e-4,0,9.266312403881946,NA,-4.14930204550425,-4.703926686887386,-0.0425450323375246,0.00948777779069536,5.48909997940063,0.04473406521685307
SACN_WS_010_01,-29.88968954810086,84.72222222222223,30.971105530509337,0.9861111111111112,-6.352566562791398,58.333333333333336,14.59452606768255,0.8194444444444444,NA,NA,NA,92.04177862525292,100,-1.1426554736896737,94.28571428571428,114.0970540035579,100,4.466956757872477,0.00723012457321074,2.44502340665728,3.2577963913485474e-4,1.3875890094945638,NA,NA,-5.073391654647681,-5.809720707754807,-0.04919809867764912,0.01317106647255972,3.66000008583069,0.04350339724563122
SACN_WS_011_01,-29.563680454963997,86.11111111111111,31.39084304885691,0.9722222222222222,-5.907610971586067,55.55555555555556,15.629129008910487,0.8055555555555556,NA,NA,NA,92.04177862525292,100,-1.1390401214029438,95.71428571428572,145.27359785081188,100,4.468563481922029,0.0069645205138251,2.44502340665728,1.306914493305457e-4,1.1637983216156746,NA,NA,-4.30825593940213,-4.902847710582942,-0.04550754137354088,0.00893083836367719,3.76999998092651,0.04341998422875514
SACN_WS_012_01,-32.67559895965794,88.88888888888889,28.0726507715563,0.875,-6.715138840655303,56.94444444444444,13.48148163473518,0.8055555555555556,NA,NA,NA,92.04177862525292,100,-1.1291040284936478,95.71428571428572,114.0970540035579,100,4.450806325647944,0.00677528786432523,2.44502340665728,3.2577963913485474e-4,0,9.725035360313266,NA,-4.092947149902214,-5.114842649091752,-0.04537805856964591,0.01053947872585719,6.40000009536743,0.0445439050221889
SACN_WS_013_01,-32.67559895965794,88.88888888888889,28.0726507715563,0.875,-6.715138840655303,56.94444444444444,13.48148163473518,0.8055555555555556,NA,NA,NA,92.04177862525292,100,-1.1291040284936478,95.71428571428572,114.0970540035579,100,4.450806325647944,0.00677528786432523,2.44502340665728,3.2577963913485474e-4,0,9.761634861262678,NA,-4.092947149902214,-5.114842649091752,-0.04537805856964591,0.01053947872585719,7.61999988555908,0.0445439050221889
SACN_WS_014_01,-32.67559895965794,88.88888888888889,28.0726507715563,0.875,-6.715138840655303,56.94444444444444,13.48148163473518,0.8055555555555556,NA,NA,NA,92.04177862525292,100,-1.1291040284936478,95.71428571428572,114.0970540035579,100,4.450806325647944,0.00677528786432523,2.44502340665728,3.2577963913485474e-4,0,9.796978299717273,NA,-4.092947149902214,-5.114842649091752,-0.04537805856964591,0.01053947872585719,4.2228798866272,0.0445439050221889
SACN_WS_015_01,-29.430053584685844,79.16666666666667,25.134344510298824,0.8472222222222222,-6.834764123553659,61.111111111111114,15.013218188013502,0.8333333333333334,NA,NA,NA,87.97638381843059,97.5,-1.169720684208986,95.71428571428572,128.77177886287942,100,4.3518885333478226,0.00689871345501365,2.44502340665728,4.973969242631505e-4,0,NA,NA,-1.6484737994544425,-1.5521563551161035,-0.02160001314234352,-0.00743112018212728,6.09899997711182,0.04053939919265107
SACR_WS_001_01,-10.174804546103257,48.611111111111114,19.738788095302333,0.9722222222222222,-2.635049371392281,19.444444444444443,34.48668408761982,0.6111111111111112,0.0615787498250917,0.7253734157105414,0.11497099641932972,75.44913493961704,100,-0.4741923026605771,55.714285714285715,669.7841412241305,100,3.734772116290008,-7.994846932786598e-4,0.8048424367990784,7.262764998050908e-5,0,22.222893748951087,20.10102905718842,5.71777990381554,6.439953787713989,0.03340587432166934,0.03045622900189686,87.78240000000001,0.06318544006356847
SAGA_WS_001_01,-13.07527461945916,47.22222222222222,24.346194565611377,0.9861111111111112,-3.8842204696906935,20.833333333333332,76.91435476858358,0.5833333333333334,NA,NA,NA,68.37393133052862,100,-0.6806860300533506,68.57142857142857,-21.072462825729797,0,3.807209881450589,-0.00128565994514292,-0.4995074466200313,-3.3912633965471075e-4,0,12.792254806703715,NA,4.158000442716798,5.1384635925292965,0.03581933193674971,0.01997336174170944,4.2225399017334,0.06008619174616987
SAGA_WS_001_02,-13.07527461945916,47.22222222222222,24.346194565611377,0.9861111111111112,-3.8842204696906935,20.833333333333332,76.91435476858358,0.5833333333333334,NA,NA,NA,68.37393133052862,100,-0.6806860300533506,68.57142857142857,-21.072462825729797,0,3.807209881450589,-0.00128565994514292,-0.4995074466200313,-3.3912633965471075e-4,0,12.792254806703715,NA,4.158000442716798,5.1384635925292965,0.03581933193674971,0.01997336174170944,4.57100009918213,0.06008619174616987
SAGA_WS_002_01,-13.61900987906211,50,21.777415791945625,0.9722222222222222,-3.72235799629541,20.833333333333332,61.46485016108486,0.6388888888888888,NA,NA,NA,68.37393133052862,100,-0.6794742223766504,72.85714285714286,-21.072462825729797,0,3.834503239153486,-0.00143035327951767,-0.4995074466200313,-3.3912633965471075e-4,0,12.433297671103768,NA,4.324213043091788,5.041797531975637,0.04288452495814173,0.01101192565784991,5.57968235015869,0.0602530424890781
SAGA_WS_003_01,-13.127427080297055,50,22.39702301970125,0.9722222222222222,-3.547222068477504,19.444444444444443,59.02889876927466,0.6111111111111112,NA,NA,NA,68.37393133052862,100,-0.6594359756766752,71.42857142857143,-21.072462825729797,0,3.807385004454523,-0.00123752939970864,-0.4995074466200313,-3.3912633965471075e-4,0,12.535280913420136,NA,4.959821610539048,5.050579983963924,0.04541057760440201,0.00947813811125577,48.768,0.05955693191929175
SAGU_WS_003_01,-24.354197644585852,61.111111111111114,27.506774894251475,0.625,-21.37187228300996,63.888888888888886,31.46659168691876,0.6527777777777778,NA,NA,NA,40.04439566198564,65,-2.06435316246197,97.14285714285714,34.985449400597894,70,2.8654168182423945,0.00297794246284095,0.6293283643090424,3.2072452094583333e-4,2.3107401931209415,0,NA,-0.1439790061980939,-3.0014337496086942,-0.03180234902492967,0.01557848188612176,160.9344,0.02677129916924233
SAGU_WS_005_01,-45.80769941392246,80.55555555555556,136.25685791559118,0.9444444444444444,-25.103163250249228,75,39.98544495350697,0.625,NA,NA,NA,30.85387666875794,62.5,-1.702449536834104,98.57142857142856,34.985449400597894,70,2.816539830346832,0.00931788519726818,0.6293283643090424,3.2072452094583333e-4,95.31539607007475,0,NA,-0.9854256025589022,-5.1635742124512,-0.04221308145515259,0.01053274021227185,51.6644973754883,0.01630607488424791
SAJH_WS_001_01,-17.695649851063738,55.55555555555556,8.557479905499415,0.8333333333333334,-5.907813223804836,55.55555555555556,6.689658065188965,0.5972222222222222,0.2781385917741517,0.126127035250075,0.18730580933212515,74.9014557212095,100,-1.1415206985721518,98.57142857142856,NA,NA,2.912731032716188,0.00413486954852401,0.8160409150361942,1.600534855176756e-4,0,65.87897835044116,66.20596510171391,-1.1070609258280857,-2.1002619209313593,-0.03518983456446236,0.02126287530969683,46.81728000000001,0.05029480020074772
SAJH_WS_002_01,-11.08337153474642,50,8.225053442101704,0.8333333333333334,-5.479487810518166,38.888888888888886,5.602062893433918,0.5138888888888888,0.4034343765905,0.16114927556962444,0.05991693972561014,74.9014557212095,100,-0.9611493503302466,95.71428571428572,NA,NA,3.0747607020814787,0.00410511470753144,0.8160409150361942,1.600534855176756e-4,0,28.820953418604297,26.68055095543854,-1.5106624672810227,-2.4637351441227593,-0.03182199024668234,0.02720328739711216,43.891200000000005,0.05103534094121964
SAJH_WS_003_01,-11.08337153474642,50,8.225053442101704,0.8333333333333334,-5.479487810518166,38.888888888888886,5.602062893433918,0.5138888888888888,0.4147484167291431,0,0.05992751985825912,74.9014557212095,100,-0.9611493503302466,95.71428571428572,NA,NA,3.0747607020814787,0.00410511470753144,0.8160409150361942,1.600534855176756e-4,0,29.9847887191692,28.054515682696724,-1.5106624672810227,-2.4637351441227593,-0.03182199024668234,0.02720328739711216,62.910720000000005,0.05103534094121964
SAMO_WS_001_01,-31.002878603429217,56.94444444444444,11.906912925363793,0.7083333333333334,-19.589138695830687,62.5,8.321549263054672,0.6388888888888888,0.06806811248544165,0.00751919656959349,0.39950761365247206,27.402692297152825,65,-0.908185968818262,97.14285714285714,-5.550071537836911,10,2.8159127206927703,0.00407764702821687,2.396433618397997,-0.00940286018309131,0,13.510362732141171,37.087226135670306,-0.33297563514922757,-2.226382853680601,-0.02971359519203283,0.00909322279470958,23.3824405670166,0.04560804004035015
SAMO_WS_003_01,-31.085756818982222,56.94444444444444,12.082759852407266,0.7083333333333334,-20.53558132337932,61.111111111111114,7.964447080837114,0.6527777777777778,0,0.00108530266808753,1.3088092110811007,27.402692297152825,65,-0.931922670438238,94.28571428571428,-5.550071537836911,10,2.7552424346911693,0.00324553180598578,2.396433618397997,-0.00940286018309131,50.19782511539065,3.2125907208153595,0,-0.3989342573712388,-1.4663968174821775,-0.01221328311481749,-0.0280521308051216,48.768,0.04640491224539266
SAND_WS_001_01,-13.112417927409458,58.333333333333336,12.812065535692971,0.6944444444444444,-12.579872828582896,75,12.794709912877652,0.6805555555555556,NA,NA,NA,19.703296331787456,77.5,-1.7571812099836983,100,-79.92137487951156,0,3.533545457334071,0.00274401800334164,1.3751534793956992,-1.9592808093960392e-4,0,NA,NA,0.01496348623544693,1.243356745414161,0.0061034426949612,0.01138421517831318,8.77824,0.01596649208756065
SAPU_WS_001_01,-26.301226936780008,66.66666666666667,38.200638108691805,0.875,-21.411241259198444,69.44444444444444,20.43935392702793,0.5833333333333334,NA,NA,NA,23.148891383048465,55,-1.9292832500416963,100,38.92765972938677,30,3.187297906309711,0.00738616679645703,-1.0101120604462726,4.7771089344642545e-5,18.51879079291011,NA,NA,-0.08257323747712343,-1.869162670771281,-0.03065712703245103,0.01318803413835187,51.2064,0.01323890908974862
SAPU_WS_002_01,-36.06676882785064,80.55555555555556,52.33288007351676,0.9166666666666666,-19.608816396505382,68.05555555555556,24.70524734036984,0.5833333333333334,NA,NA,NA,23.148891383048465,55,-1.8307092295252716,100,38.92765972938677,30,3.1880375060461663,0.00436726217830607,-1.0101120604462726,4.7771089344642545e-5,0.15449931544941908,NA,NA,-0.26629952661036527,-2.23204458447006,-0.03622828586207348,0.01522680725714172,21.9456,0.01271766553631752
SAPU_WS_003_01,-23.50023826256045,59.72222222222222,22.42706520972964,0.7777777777777778,-19.29739850808158,72.22222222222223,17.919779977028952,0.5416666666666666,NA,NA,NA,23.148891383048465,55,-2.029255346388167,100,44.51195087135983,15,3.2263214342720445,0.0088844539856468,-1.0101120604462726,1.0383363201042297e-4,0.15856691758758729,0,NA,0.01980137590191551,-0.5980545660806058,-0.00982647634765371,0.00539890925089547,173.61408000000003,0.01460125493369021
SARA_WS_001_01,-11.485969414237584,51.388888888888886,10.301299696993516,0.5138888888888888,-2.5654847600927364,25,43.65884950111166,0.7222222222222222,NA,NA,NA,68.37393133052862,100,-0.7479100516763797,74.28571428571429,139.26039387737256,100,3.680217729342123,0.00270039870784048,-2.8988807703086676,-3.866316726344539e-4,34.3700491237621,NA,NA,7.220643661088417,10.073017987940034,0.06312892754200389,0.02086812713999807,9.14200019836426,0.04526120349908057
SARA_WS_003_01,-11.442574588775049,50,11.650536946858953,0.5694444444444444,-2.195616632938328,23.61111111111111,47.24790148785179,0.6944444444444444,NA,NA,NA,68.37393133052862,100,-0.7002348343868344,74.28571428571429,139.26039387737256,100,3.6558628079426914,0.00308460763286393,-2.8988807703086676,-3.866316726344539e-4,29.282066521095658,NA,NA,8.072747525241638,9.876143888993708,0.06460101970096431,0.01741249178662703,6.09600019454956,0.04531806485552805
SEQU_WS_001_01,-24.944854795193535,65.27777777777777,12.92572667570271,0.9027777777777778,-15.183678212501697,66.66666666666667,8.581326071878031,0.5972222222222222,NA,NA,NA,30.868810443491725,72.5,-0.927652535006562,92.85714285714286,223.98342042648193,40,2.855802407971135,0.00464257238832657,0.7009656577940975,3.191788883126397e-4,87.99909019510824,0.4337231910498246,NA,-1.9139252761999728,-3.855166209585681,-0.01283315840571295,-0.01761603649751612,47.4451637268066,0.05480103553566458
SEQU_WS_001_02,-22.217401633707137,69.44444444444444,16.791350158370488,1,-15.871275412218294,62.5,8.591573340536483,0.5972222222222222,NA,NA,NA,48.20886953501758,100,-0.6732383374763379,88.57142857142857,223.98342042648193,40,2.975801895548745,0.00202260694210128,0.7009656577940975,3.191788883126397e-4,11.88538507295568,0,NA,-7.023057812783452,-5.992757044370386,-0.01891477070437409,-4.861776720838712e-5,13.7263059616089,0.01571633982864892
SEQU_WS_002_01,-21.112015710068853,62.5,39.68884573404332,1,-15.968645609626355,65.27777777777777,8.120042467478179,0.5694444444444444,NA,NA,NA,48.20886953501758,100,-0.7961204051710302,92.85714285714286,223.98342042648193,40,2.850578000183745,0.01486837793420615,0.7009656577940975,3.191788883126397e-4,86.8370456171441,0,NA,-3.7281019952562167,-4.7435304676710786,-0.01751005280015942,-0.00692031609178073,85.34400000000001,0.02876579641093909
SEQU_WS_003_01,-21.112015710068853,62.5,39.68884573404332,1,-15.968645609626355,65.27777777777777,8.120042467478179,0.5694444444444444,NA,NA,NA,48.20886953501758,100,-0.7961204051710302,92.85714285714286,223.98342042648193,40,2.850578000183745,0.01486837793420615,0.7009656577940975,3.191788883126397e-4,86.8370456171441,0,NA,-3.7281019952562167,-4.7435304676710786,-0.01751005280015942,-0.00692031609178073,85.34400000000001,0.02876579641093909
SEQU_WS_004_01,-21.112015710068853,62.5,39.68884573404332,1,-15.968645609626355,65.27777777777777,8.120042467478179,0.5694444444444444,NA,NA,NA,48.20886953501758,100,-0.7961204051710302,92.85714285714286,223.98342042648193,40,2.850578000183745,0.01486837793420615,0.7009656577940975,3.191788883126397e-4,86.9312373857293,0,NA,-3.7281019952562167,-4.7435304676710786,-0.01751005280015942,-0.00692031609178073,14.042387008667,0.02876579641093909
SEQU_WS_005_01,-21.26601353394164,62.5,32.28681478598538,1,-15.159339467646156,66.66666666666667,8.328414138794543,0.625,NA,NA,NA,48.20886953501758,100,-0.840944904892409,92.85714285714286,223.98342042648193,40,2.874230036931129,0.01393562609263978,0.7009656577940975,3.191788883126397e-4,71.81848831514573,0,NA,-2.4955671613033,-4.382140254077536,-0.01528210681108263,-0.0143415228254097,0,0.03639700769867814
SEQU_WS_006_01,-22.31104336300686,69.44444444444444,15.380542704174117,1,-15.869057872529648,62.5,8.867759533357868,0.6111111111111112,NA,NA,NA,48.20886953501758,100,-0.6656457364305705,87.14285714285714,223.98342042648193,40,2.997898062307585,0.00212367859270199,0.7009656577940975,3.191788883126397e-4,56.25010646655434,0,NA,-7.484418035827127,-5.965673204545898,-0.01920080425421998,0.00226724883656442,7.94418048858643,0.01638115864124791
SEQU_WS_007_01,-19.359433156630736,59.72222222222222,63.216841053686245,1,-15.7065264063612,65.27777777777777,8.340722144168895,0.5972222222222222,NA,NA,NA,48.20886953501758,100,-0.7118784683660593,91.42857142857144,223.98342042648193,40,3.0571122545020515,0.01834685433065216,0.7009656577940975,3.191788883126397e-4,84.07615995389912,0,NA,-3.263443168666626,-4.425518610605998,-0.01517453794819271,0.00556495781625088,0,0.01749837110273436
SEQU_WS_008_01,-21.25729220489997,62.5,42.011479340016905,1,-15.799856780748762,65.27777777777777,8.19633090308265,0.5972222222222222,NA,NA,NA,48.20886953501758,100,-0.7826757477326545,92.85714285714286,223.98342042648193,40,2.9276659736021813,0.01481594869634573,0.7009656577940975,3.191788883126397e-4,95.64514312525635,0,NA,-2.5271463308069544,-4.030590636509594,-0.01379938201064928,-0.00225515012387873,5.99289178848267,0.0268665920978816
SEQU_WS_009_01,-21.112015710068853,62.5,39.68884573404332,1,-15.968645609626355,65.27777777777777,8.120042467478179,0.5694444444444444,NA,NA,NA,48.20886953501758,100,-0.7961204051710302,92.85714285714286,223.98342042648193,40,2.850578000183745,0.01486837793420615,0.7009656577940975,3.191788883126397e-4,88.32090174195073,0,NA,-3.7281019952562167,-4.7435304676710786,-0.01751005280015942,-0.00692031609178073,0,0.02876579641093909
SEQU_WS_010_01,-20.195945014867767,63.888888888888886,46.563335761715194,1,-15.461393634452865,65.27777777777777,8.439731918364304,0.5972222222222222,NA,NA,NA,48.20886953501758,100,-0.6749790029193863,85.71428571428571,223.98342042648193,40,3.019420217869529,0.01217842900593886,0.7009656577940975,3.191788883126397e-4,84.74251186653639,0,NA,-4.823444803141889,-5.571573535049424,-0.0163289621158952,0.00771706192581755,0,0.01172575028916487
SEQU_WS_011_01,-20.701230870034383,65.27777777777777,35.917676747817644,1,-15.651229435036797,65.27777777777777,8.25316078654443,0.5972222222222222,NA,NA,NA,48.20886953501758,100,-0.6810343180477333,87.14285714285714,223.98342042648193,40,2.9566094157753673,0.01024888361052018,0.7009656577940975,3.191788883126397e-4,46.694818765912075,0,NA,-5.854381319549354,-6.009082894056547,-0.01988832464673388,0.00329392044632483,0,0.0104977029953184
SEQU_WS_012_01,-19.359433156630736,59.72222222222222,63.216841053686245,1,-15.7065264063612,65.27777777777777,8.340722144168895,0.5972222222222222,NA,NA,NA,48.20886953501758,100,-0.7118784683660593,91.42857142857144,223.98342042648193,40,3.0571122545020515,0.01834685433065216,0.7009656577940975,3.191788883126397e-4,85.99174283411809,0,NA,-3.263443168666626,-4.425518610605998,-0.01517453794819271,0.00556495781625088,7.35037899017334,0.01749837110273436
SEQU_WS_013_0,-20.42712772499189,65.27777777777777,53.27108519842567,1,-15.802229125980896,65.27777777777777,8.275641310652684,0.5972222222222222,NA,NA,NA,48.20886953501758,100,-0.7212319728335952,88.57142857142857,223.98342042648193,40,2.9151548370807987,0.01395447861239506,0.7009656577940975,3.191788883126397e-4,88.18284361137066,0,NA,-3.377206276964259,-4.855975001774452,-0.01528607036961349,0.00231408820581175,5.77348327636719,0.01558482848818196
SEQU_WS_014_01,-20.701230870034383,65.27777777777777,35.917676747817644,1,-15.651229435036797,65.27777777777777,8.25316078654443,0.5972222222222222,NA,NA,NA,48.20886953501758,100,-0.6810343180477333,87.14285714285714,223.98342042648193,40,2.9566094157753673,0.01024888361052018,0.7009656577940975,3.191788883126397e-4,68.12078331485199,0,NA,-5.854381319549354,-6.009082894056547,-0.01988832464673388,0.00329392044632483,0,0.0104977029953184
SEQU_WS_014_02,-20.701230870034383,65.27777777777777,35.917676747817644,1,-15.651229435036797,65.27777777777777,8.25316078654443,0.5972222222222222,NA,NA,NA,48.20886953501758,100,-0.6810343180477333,87.14285714285714,223.98342042648193,40,2.9566094157753673,0.01024888361052018,0.7009656577940975,3.191788883126397e-4,67.19748716403127,0,NA,-5.854381319549354,-6.009082894056547,-0.01988832464673388,0.00329392044632483,4.09727382659912,0.0104977029953184
SEQU_WS_015_01,-20.759442775250548,66.66666666666667,39.72038443724701,1,-15.950006447660032,65.27777777777777,8.185241109643716,0.5694444444444444,NA,NA,NA,48.20886953501758,100,-0.7082528549892133,88.57142857142857,223.98342042648193,40,2.8700313711963945,0.01176858678786007,0.7009656577940975,3.191788883126397e-4,77.65639918947159,0,NA,-4.554802783225712,-5.477659408465704,-0.01682089763762588,-0.00702158610026026,0,0.01260969131137504
SEQU_WS_016_01,-21.9727021299531,70.83333333333333,17.422138709024015,1,-16.01420580492463,63.888888888888886,8.339884754670834,0.5694444444444444,NA,NA,NA,48.20886953501758,100,-0.6760227486665407,88.57142857142857,223.98342042648193,40,2.923012098151341,0.00203998660958168,0.7009656577940975,3.191788883126397e-4,30.508807157202167,0,NA,-6.624150060165943,-5.737349952260648,-0.01870352502548952,-0.00524385240342881,7.00535154342651,0.01568889552288664
SEQU_WS_017_01,-20.759442775250548,66.66666666666667,39.72038443724701,1,-15.950006447660032,65.27777777777777,8.185241109643716,0.5694444444444444,NA,NA,NA,48.20886953501758,100,-0.7082528549892133,88.57142857142857,223.98342042648193,40,2.8700313711963945,0.01176858678786007,0.7009656577940975,3.191788883126397e-4,63.496071075878746,0,NA,-4.554802783225712,-5.477659408465704,-0.01682089763762588,-0.00702158610026026,0,0.01260969131137504
SHEN_WS_001_01,-15.177602678849864,61.111111111111114,18.177667142056976,0.6944444444444444,-3.3194271635244106,18.055555555555557,57.096560209775305,0.5138888888888888,NA,NA,NA,62.4324505063456,100,-0.5732118632041775,67.14285714285714,66.80326060715784,100,3.4445107074811236,-0.00258265215310453,-0.5523001190568678,1.972107775653413e-4,0,0.21102155150478857,NA,-3.2500710494724294,-2.6275983563175993,-0.01461490444348467,0.00509711057560924,3.85267210006714,0.04192718623680035
SHEN_WS_001_02,-15.177602678849864,61.111111111111114,18.177667142056976,0.6944444444444444,-3.3194271635244106,18.055555555555557,57.096560209775305,0.5138888888888888,NA,NA,NA,62.4324505063456,100,-0.5732118632041775,67.14285714285714,66.80326060715784,100,3.4445107074811236,-0.00258265215310453,-0.5523001190568678,1.972107775653413e-4,0,0.21102155150478857,NA,-3.2500710494724294,-2.6275983563175993,-0.01461490444348467,0.00509711057560924,3.85267210006714,0.04192718623680035
SHEN_WS_001_03,-13.46095186198105,59.72222222222222,19.72437566482203,0.7083333333333334,-3.1071640550960256,18.055555555555557,51.444274767959314,0.5277777777777778,NA,NA,NA,62.4324505063456,100,-0.5207600231618168,67.14285714285714,74.99224281307102,100,3.4307243091468553,-0.00227367597224691,-0.5523001190568678,1.4154830052331727e-4,0,0.7662403482664899,NA,-3.096076427234543,-1.7394946353887435,-0.0131946541194024,0.00553146173924581,73.152,0.04027854160779601
SHEN_WS_001_04,-13.46095186198105,59.72222222222222,19.72437566482203,0.7083333333333334,-3.1071640550960256,18.055555555555557,51.444274767959314,0.5277777777777778,NA,NA,NA,62.4324505063456,100,-0.5207600231618168,67.14285714285714,74.99224281307102,100,3.4307243091468553,-0.00227367597224691,-0.5523001190568678,1.4154830052331727e-4,0,0.7682032951827806,NA,-3.096076427234543,-1.7394946353887435,-0.0131946541194024,0.00553146173924581,109.728,0.04027854160779601
SHEN_WS_001_05,-13.46095186198105,59.72222222222222,19.72437566482203,0.7083333333333334,-3.1071640550960256,18.055555555555557,51.444274767959314,0.5277777777777778,NA,NA,NA,62.4324505063456,100,-0.5207600231618168,67.14285714285714,74.99224281307102,100,3.4307243091468553,-0.00227367597224691,-0.5523001190568678,1.4154830052331727e-4,0,0.7598521900966162,NA,-3.096076427234543,-1.7394946353887435,-0.0131946541194024,0.00553146173924581,85.34400000000001,0.04027854160779601
SHEN_WS_001_06,-13.46095186198105,59.72222222222222,19.72437566482203,0.7083333333333334,-3.1071640550960256,18.055555555555557,51.444274767959314,0.5277777777777778,NA,NA,NA,62.4324505063456,100,-0.5207600231618168,67.14285714285714,74.99224281307102,100,3.4307243091468553,-0.00227367597224691,-0.5523001190568678,1.4154830052331727e-4,0,0.16805911735410384,NA,-3.096076427234543,-1.7394946353887435,-0.0131946541194024,0.00553146173924581,7.74888134002686,0.04027854160779601
SHEN_WS_002_01,-14.347203174170607,62.5,18.60489520940235,0.6666666666666666,-2.684128002652839,19.444444444444443,50.443345768455565,0.5138888888888888,NA,NA,NA,62.4324505063456,100,-0.5199598829501382,67.14285714285714,74.99224281307102,100,3.4321224620170394,-0.00236736468544229,-0.5523001190568678,1.4154830052331727e-4,0.14699239793321822,0.940958600255444,NA,-3.139031188939909,-2.580953026574759,-0.01888992277868139,0.00946706392949674,5.91275882720947,0.04052273673702962
SHEN_WS_003_01,-17.23841493547365,62.5,19.21512883832832,0.7222222222222222,-3.2269399435636337,19.444444444444443,41.19722913433455,0.5972222222222222,NA,NA,NA,62.4324505063456,100,-0.7401351225492914,80,3.8667690706912734,25,3.338736706214899,-0.00367584813000687,-0.5523001190568678,3.544493036135342e-5,0,0,NA,3.347502720208815,2.7408151803193355,0.02098602138034712,-2.442710420004127e-4,158.496,0.04332570307845391
SHEN_WS_004_01,-14.440991898638886,58.333333333333336,17.830355527496764,0.6111111111111112,-3.534317446396335,19.444444444444443,57.35078240024016,0.5694444444444444,NA,NA,NA,62.4324505063456,100,-0.616579119465223,65.71428571428571,NA,NA,3.2580882109099303,-0.0030387634451816,-0.5523001190568678,-5.123631292579921e-5,0,0.16805911735410384,NA,-0.04102164223080048,1.490315401995632,-8.916158531016723e-4,0.00755996826958153,9.14200019836426,0.04108909440866871
SHEN_WS_005_01,-13.916399200906117,56.94444444444444,18.57152080198422,0.6944444444444444,-3.250510558539929,18.055555555555557,50.61005279230263,0.6111111111111112,NA,NA,NA,62.4324505063456,100,-0.648044787130831,68.57142857142857,78.42722535662247,100,3.3539176632901277,-0.00340135062246931,-0.5523001190568678,8.959743256022743e-5,0,0.4532997514437673,NA,3.849652634064353,4.365297009074498,0.02315223043026687,-0.00916544596354196,88.51392000000001,0.04287084018640211
SHEN_WS_006_01,-13.87790095279631,61.111111111111114,18.62332698907045,0.6805555555555556,-2.954692076573757,19.444444444444443,57.96092791328043,0.5138888888888888,NA,NA,NA,62.4324505063456,100,-0.5438966411770355,67.14285714285714,66.80326060715784,100,3.441921914255225,-0.00226462399214187,-0.5523001190568678,1.972107775653413e-4,0,0.4582165449883569,NA,-3.249485225008243,-2.953779644436319,-0.0179504427025031,0.00753528582126605,73.152,0.04092596468143847
SHEN_WS_007_01,-14.99360852326435,61.111111111111114,17.945497523175817,0.5694444444444444,-3.0352689397267327,19.444444444444443,49.72104628237843,0.5833333333333334,NA,NA,NA,62.4324505063456,100,-0.6386938812135932,70,NA,NA,3.3018561296375655,-0.00337219814804708,-0.5523001190568678,4.499335478529213e-4,0,0.36453743876817335,NA,-0.280140743921042,-0.6966469830306107,-0.0016510200524266,0.00511630145823909,73.88352,0.04108241877882972
SHEN_WS_007_02,-14.99360852326435,61.111111111111114,17.945497523175817,0.5694444444444444,-3.0352689397267327,19.444444444444443,49.72104628237843,0.5833333333333334,NA,NA,NA,62.4324505063456,100,-0.6386938812135932,70,NA,NA,3.3018561296375655,-0.00337219814804708,-0.5523001190568678,4.499335478529213e-4,0,0.3491433608718495,NA,-0.280140743921042,-0.6966469830306107,-0.0016510200524266,0.00511630145823909,58.52160000000001,0.04108241877882972
SHEN_WS_008_01,-13.630207175885086,55.55555555555556,19.155810796207444,0.6944444444444444,-3.2921414783944427,19.444444444444443,51.11792812486415,0.5555555555555556,NA,NA,NA,62.4324505063456,100,-0.5772407680469008,67.14285714285714,66.80326060715784,100,3.3484166248629936,-0.00272163589978963,-0.5523001190568678,1.972107775653413e-4,0,2.052094344203933,NA,3.1430538052703905,3.9887399673461914,0.01948131388185184,-1.609331295812903e-4,68.2752,0.04137293302703431
SHEN_WS_008_02,-13.630207175885086,55.55555555555556,19.155810796207444,0.6944444444444444,-3.2921414783944427,19.444444444444443,51.11792812486415,0.5555555555555556,NA,NA,NA,62.4324505063456,100,-0.5772407680469008,67.14285714285714,66.80326060715784,100,3.3484166248629936,-0.00272163589978963,-0.5523001190568678,1.972107775653413e-4,0,1.7599351495596427,NA,3.1430538052703905,3.9887399673461914,0.01948131388185184,-1.609331295812903e-4,53.6448,0.04137293302703431
SHEN_WS_009_02,-14.877813024111903,58.333333333333336,18.484970115871764,0.7222222222222222,-3.3695076545548868,18.055555555555557,47.92646162622468,0.6111111111111112,NA,NA,NA,62.4324505063456,100,-0.6844263278388922,71.42857142857143,66.80326060715784,100,3.35969414591362,-0.00335330481481473,-0.5523001190568678,1.972107775653413e-4,0,0.09966005388537325,NA,3.86133236733694,4.180120217679732,0.02447702568100717,-0.01095422815393512,48.768,0.04282120472608469
SHEN_WS_010_01,-13.276854872615193,58.333333333333336,18.932514129844655,0.7083333333333334,-2.78658788993684,20.833333333333332,48.79017205120685,0.5277777777777778,NA,NA,NA,62.4324505063456,100,-0.5396760205515273,65.71428571428571,74.99224281307102,100,3.3732954124585888,-0.00237232774754334,-0.5523001190568678,1.4154830052331727e-4,0,0.4850718214607476,NA,1.1267906586329104,2.3374168834989013,0.00646918846229236,1.297119926906577e-4,7.91013145446777,0.0406566243321376
SHEN_WS_011_01,-14.321372133427085,58.333333333333336,15.46134724024679,0.5972222222222222,-4.1667295123792565,19.444444444444443,101.41621948527587,0.5972222222222222,NA,NA,NA,62.4324505063456,100,-0.6293438256541497,70,NA,NA,3.2229627458662797,-0.00339489682005543,-0.5523001190568678,0.00104213628642712,0,2.0675579978955145,NA,1.708079409977748,2.583156700487488,-1.594998833749292e-4,0.02309940479419854,130.4544,0.04325453545548474
SHEN_WS_012_01,-14.955752456015537,61.111111111111114,17.620681971090434,0.5694444444444444,-2.8959874904358234,19.444444444444443,52.56759032931847,0.5694444444444444,NA,NA,NA,62.4324505063456,100,-0.6255704887241684,67.14285714285714,148.95766631891462,100,3.300280864093466,-0.00352852563686159,-0.5523001190568678,4.093611987084432e-4,0,1.050767237116624,NA,-1.3669220562334392,-1.329657495757677,-0.0068554730270018,0.00774702078565603,49.9872,0.04110136828821977
SHEN_WS_013_01,-14.3054695648228,58.333333333333336,18.763556620827103,0.7222222222222222,-2.631588648174134,18.055555555555557,50.97018314338838,0.5277777777777778,NA,NA,NA,62.4324505063456,100,-0.5702177212408833,70,66.80326060715784,100,3.39138784360145,-0.00259451952354988,-0.5523001190568678,1.972107775653413e-4,0,0.16805911735410384,NA,-0.7387603782577293,0.8798278198040256,-3.954254824768064e-4,-2.187281479069251e-4,7.74888134002686,0.04139717406953085
SHEN_WS_013_02,-14.3054695648228,58.333333333333336,18.763556620827103,0.7222222222222222,-2.631588648174134,18.055555555555557,50.97018314338838,0.5277777777777778,NA,NA,NA,62.4324505063456,100,-0.5702177212408833,70,74.99224281307102,100,3.39138784360145,-0.00259451952354988,-0.5523001190568678,1.4154830052331727e-4,0,0.313905433031907,NA,-0.7387603782577293,0.8798278198040256,-3.954254824768064e-4,-2.187281479069251e-4,121.92,0.04139717406953085
SHEN_WS_013_03,-14.3054695648228,58.333333333333336,18.763556620827103,0.7222222222222222,-2.631588648174134,18.055555555555557,50.97018314338838,0.5277777777777778,NA,NA,NA,62.4324505063456,100,-0.5702177212408833,70,66.80326060715784,100,3.39138784360145,-0.00259451952354988,-0.5523001190568678,1.972107775653413e-4,0,0.27397467823331273,NA,-0.7387603782577293,0.8798278198040256,-3.954254824768064e-4,-2.187281479069251e-4,7.74888134002686,0.04139717406953085
SHEN_WS_013_04,-14.3054695648228,58.333333333333336,18.763556620827103,0.7222222222222222,-2.631588648174134,18.055555555555557,50.97018314338838,0.5277777777777778,NA,NA,NA,62.4324505063456,100,-0.5702177212408833,70,74.99224281307102,100,3.39138784360145,-0.00259451952354988,-0.5523001190568678,1.4154830052331727e-4,0,0.3170477146801372,NA,-0.7387603782577293,0.8798278198040256,-3.954254824768064e-4,-2.187281479069251e-4,121.92,0.04139717406953085
SHEN_WS_013_05,-14.3054695648228,58.333333333333336,18.763556620827103,0.7222222222222222,-2.631588648174134,18.055555555555557,50.97018314338838,0.5277777777777778,NA,NA,NA,62.4324505063456,100,-0.5702177212408833,70,66.80326060715784,100,3.39138784360145,-0.00259451952354988,-0.5523001190568678,1.972107775653413e-4,0,0.2826839835802149,NA,-0.7387603782577293,0.8798278198040256,-3.954254824768064e-4,-2.187281479069251e-4,121.92,0.04139717406953085
SHEN_WS_014_01,-15.468604342432965,62.5,16.94312307673714,0.6388888888888888,-2.765551051354708,19.444444444444443,58.00889059021124,0.5277777777777778,NA,NA,NA,62.4324505063456,100,-0.6011613204682041,71.42857142857143,148.95766631891462,100,3.403289086787362,-0.0030716014821777,-0.5523001190568678,4.093611987084432e-4,0,0.8526562815516336,NA,-3.331782869264192,-1.8113471540824384,-0.0123593189298238,0.00979179637982943,8.22850036621094,0.04187517350319034
SHEN_WS_015_01,-14.50303779853807,61.111111111111114,17.01857854794454,0.5833333333333334,-2.811972818960764,19.444444444444443,57.11303720154454,0.5277777777777778,NA,NA,NA,62.4324505063456,100,-0.6371128522193453,71.42857142857143,NA,NA,3.3499476318101102,-0.00335761210884499,-0.5523001190568678,-5.123631292579921e-5,0.13025561546502537,1.1115055918413022,NA,-2.921854256164466,-1.2746724022759373,-0.00906914559709917,0.01263865718135122,18.2890014648438,0.04182562068093807
SHEN_WS_016_01,-13.630207175885086,55.55555555555556,19.155810796207444,0.6944444444444444,-3.2921414783944427,19.444444444444443,51.11792812486415,0.5555555555555556,NA,NA,NA,62.4324505063456,100,-0.5772407680469008,67.14285714285714,66.80326060715784,100,3.3484166248629936,-0.00272163589978963,-0.5523001190568678,1.972107775653413e-4,0,0.8032474553822836,NA,3.1430538052703905,3.9887399673461914,0.01948131388185184,-1.609331295812903e-4,81.19872000000001,0.04137293302703431
SHEN_WS_017_01,-13.276854872615193,58.333333333333336,18.932514129844655,0.7083333333333334,-2.78658788993684,20.833333333333332,48.79017205120685,0.5277777777777778,NA,NA,NA,62.4324505063456,100,-0.5396760205515273,65.71428571428571,74.99224281307102,100,3.3732954124585888,-0.00237232774754334,-0.5523001190568678,1.4154830052331727e-4,0,0.6346665709490856,NA,1.1267906586329104,2.3374168834989013,0.00646918846229236,1.297119926906577e-4,15.0421123504639,0.0406566243321376
SLBE_WS_001_01,-11.154039774043216,61.111111111111114,15.53584964632974,0.8333333333333334,-4.227595385750442,36.111111111111114,51.823426865152015,0.6527777777777778,NA,NA,NA,80.28336314717737,100,-1.109256111420841,91.42857142857144,23.77022174785048,75,4.037121302907756,0.0014352113686398,1.187400548405536,-1.8872540430202252e-4,0,16.743497993139535,NA,-4.405749365135475,-2.509615035284136,-0.0340703162602404,0.01893307586616112,41.6049995422363,0.06272648769150144
SLBE_WS_002_01,-12.03843594862562,56.94444444444444,14.024178656595112,0.6944444444444444,-4.421727393267848,37.5,51.67448817432038,0.6944444444444444,NA,NA,NA,80.28336314717737,100,-1.0896260969617728,90,-7.385384516703251,0,4.05657095550209,0.00116504579034196,1.187400548405536,-3.220926113346933e-4,0,36.35983753827184,NA,-4.452212162591793,-2.736353647141235,-0.03662899304565073,0.02713623046875,21.262848,0.06318990081762146
SLBE_WS_002_02,-12.03843594862562,56.94444444444444,14.024178656595112,0.6944444444444444,-4.421727393267848,37.5,51.67448817432038,0.6944444444444444,NA,NA,NA,80.28336314717737,100,-1.0896260969617728,90,-7.385384516703251,0,4.05657095550209,0.00116504579034196,1.187400548405536,-3.220926113346933e-4,0,35.74179584202196,NA,-4.452212162591793,-2.736353647141235,-0.03662899304565073,0.02713623046875,20.628864,0.06318990081762146
SLBE_WS_003_01,-13.23439708437352,56.94444444444444,13.978612518354357,0.6805555555555556,-4.7463329112952986,37.5,54.86417318490379,0.6944444444444444,NA,NA,NA,80.28336314717737,100,-1.0938283309265917,90,-7.385384516703251,0,4.035585330561744,9.155908473560126e-4,1.187400548405536,-3.220926113346933e-4,0,21.503407784347864,NA,-4.330092679886596,-2.640787742756032,-0.04026206248121466,0.02589736211867564,21.9456,0.0632209347784867
SLBE_WS_004_01,-13.23439708437352,56.94444444444444,13.978612518354357,0.6805555555555556,-4.7463329112952986,37.5,54.86417318490379,0.6944444444444444,NA,NA,NA,80.28336314717737,100,-1.0938283309265917,90,-7.385384516703251,0,4.035585330561744,9.155908473560126e-4,1.187400548405536,-3.220926113346933e-4,0,35.4216341091967,NA,-4.330092679886596,-2.640787742756032,-0.04026206248121466,0.02589736211867564,21.9456,0.0632209347784867
SLBE_WS_005_01,-12.883589301407486,66.66666666666667,18.726250729621416,0.8888888888888888,-4.4009890054645595,37.5,53.749489639801894,0.6666666666666666,NA,NA,NA,80.28336314717737,100,-1.1186113791340566,91.42857142857144,23.77022174785048,75,4.05042790744657,0.00138191318594765,1.187400548405536,-1.8872540430202252e-4,0,13.52686074851131,NA,-3.44153677344953,-2.03865639680351,-0.03163461735310387,0.01645507341549719,23.1599998474121,0.06235386626904993
SLBE_WS_006_01,-14.334984291856934,68.05555555555556,22.21452494426029,0.9722222222222222,-4.786918406868886,34.72222222222222,55.58321813514051,0.6388888888888888,NA,NA,NA,80.28336314717737,100,-1.1552404098820184,91.42857142857144,23.77022174785048,75,4.08014205483885,0.00143904269557824,1.187400548405536,-1.8872540430202252e-4,0,16.743497993139535,NA,-3.0653940768561516,-1.396027625553188,-0.02964057488835361,0.01385447587916445,45.110400000000006,0.06189458545003819
SLBE_WS_007_01,-14.334984291856934,68.05555555555556,22.21452494426029,0.9722222222222222,-4.786918406868886,34.72222222222222,55.58321813514051,0.6388888888888888,NA,NA,NA,80.28336314717737,100,-1.1552404098820184,91.42857142857144,23.77022174785048,75,4.08014205483885,0.00143904269557824,1.187400548405536,-1.8872540430202252e-4,0,17.001773345188585,NA,-3.0653940768561516,-1.396027625553188,-0.02964057488835361,0.01385447587916445,12.435840000000002,0.06189458545003819
SLBE_WS_008_01,-14.334984291856934,68.05555555555556,22.21452494426029,0.9722222222222222,-4.786918406868886,34.72222222222222,55.58321813514051,0.6388888888888888,NA,NA,NA,80.28336314717737,100,-1.1552404098820184,91.42857142857144,23.77022174785048,75,4.08014205483885,0.00143904269557824,1.187400548405536,-1.8872540430202252e-4,0,20.098795153146423,NA,-3.0653940768561516,-1.396027625553188,-0.02964057488835361,0.01385447587916445,13.898880000000002,0.06189458545003819
SLBE_WS_009_01,-11.344404467061226,54.166666666666664,23.90968720985898,0.9861111111111112,-3.660969604013363,29.166666666666668,72.9640849262274,0.7916666666666666,NA,NA,NA,80.28336314717737,100,-1.0955456446888598,88.57142857142857,23.77022174785048,75,4.075141711426844,0.00219138852235911,1.187400548405536,-1.8872540430202252e-4,0,16.743497993139535,NA,-2.804807615776859,-1.3884935520313395,-0.03232554008027777,0.01547414438736028,18.13450050354,0.06234075623040772
SLBE_WS_010_01,-12.883589301407486,66.66666666666667,18.726250729621416,0.8888888888888888,-4.4009890054645595,37.5,53.749489639801894,0.6666666666666666,NA,NA,NA,80.28336314717737,100,-1.1186113791340566,91.42857142857144,23.77022174785048,75,4.05042790744657,0.00138191318594765,1.187400548405536,-1.8872540430202252e-4,0,9.948162068660537,NA,-3.44153677344953,-2.03865639680351,-0.03163461735310387,0.01645507341549719,48.768,0.06235386626904993
SLBE_WS_011_01,-14.334984291856934,68.05555555555556,22.21452494426029,0.9722222222222222,-4.786918406868886,34.72222222222222,55.58321813514051,0.6388888888888888,NA,NA,NA,80.28336314717737,100,-1.1552404098820184,91.42857142857144,23.77022174785048,75,4.08014205483885,0.00143904269557824,1.187400548405536,-1.8872540430202252e-4,0,21.395629645594923,NA,-3.0653940768561516,-1.396027625553188,-0.02964057488835361,0.01385447587916445,21.45792,0.06189458545003819
SLBE_WS_012_01,-14.334984291856934,68.05555555555556,22.21452494426029,0.9722222222222222,-4.786918406868886,34.72222222222222,55.58321813514051,0.6388888888888888,NA,NA,NA,80.28336314717737,100,-1.1552404098820184,91.42857142857144,23.77022174785048,75,4.08014205483885,0.00143904269557824,1.187400548405536,-1.8872540430202252e-4,0,16.743497993139535,NA,-3.0653940768561516,-1.396027625553188,-0.02964057488835361,0.01385447587916445,19.5072,0.06189458545003819
SLBE_WS_013_01,-11.154039774043216,61.111111111111114,15.53584964632974,0.8333333333333334,-4.227595385750442,36.111111111111114,51.823426865152015,0.6527777777777778,NA,NA,NA,80.28336314717737,100,-1.109256111420841,91.42857142857144,23.77022174785048,75,4.037121302907756,0.0014352113686398,1.187400548405536,-1.8872540430202252e-4,0,14.902098608782818,NA,-4.405749365135475,-2.509615035284136,-0.0340703162602404,0.01893307586616112,30.48,0.06272648769150144
SLBE_WS_014_01,-11.154039774043216,61.111111111111114,15.53584964632974,0.8333333333333334,-4.227595385750442,36.111111111111114,51.823426865152015,0.6527777777777778,NA,NA,NA,80.28336314717737,100,-1.109256111420841,91.42857142857144,-7.385384516703251,0,4.037121302907756,0.0014352113686398,1.187400548405536,-3.220926113346933e-4,0,12.198756385701987,NA,-4.405749365135475,-2.509615035284136,-0.0340703162602404,0.01893307586616112,34.86912,0.06272648769150144
SLBE_WS_015_01,-14.334984291856934,68.05555555555556,22.21452494426029,0.9722222222222222,-4.786918406868886,34.72222222222222,55.58321813514051,0.6388888888888888,NA,NA,NA,80.28336314717737,100,-1.1552404098820184,91.42857142857144,23.77022174785048,75,4.08014205483885,0.00143904269557824,1.187400548405536,-1.8872540430202252e-4,0,20.011757073982896,NA,-3.0653940768561516,-1.396027625553188,-0.02964057488835361,0.01385447587916445,21.214080000000003,0.06189458545003819
SLBE_WS_016_01,-14.334984291856934,68.05555555555556,22.21452494426029,0.9722222222222222,-4.786918406868886,34.72222222222222,55.58321813514051,0.6388888888888888,NA,NA,NA,80.28336314717737,100,-1.1552404098820184,91.42857142857144,23.77022174785048,75,4.08014205483885,0.00143904269557824,1.187400548405536,-1.8872540430202252e-4,0,16.743497993139535,NA,-3.0653940768561516,-1.396027625553188,-0.02964057488835361,0.01385447587916445,0,0.06189458545003819
SLBE_WS_017_01,-11.260879905929938,63.888888888888886,22.87052872892327,0.9722222222222222,-4.07073171918163,33.333333333333336,67.64194921314639,0.7222222222222222,NA,NA,NA,80.28336314717737,100,-1.1019116521432055,91.42857142857144,23.77022174785048,75,4.066431402020701,0.00192175677339254,1.187400548405536,-1.8872540430202252e-4,0,14.393744775529942,NA,-2.6655766838475294,-1.5490313694800888,-0.02689739320497517,0.01011673861710495,18.288,0.06209784779846923
SLBE_WS_018_01,-11.99235747699411,65.27777777777777,23.16473956567196,0.9722222222222222,-4.435126508989291,37.5,55.720531793524216,0.6666666666666666,NA,NA,NA,80.28336314717737,100,-1.132555006775822,91.42857142857144,23.77022174785048,75,4.072169578678338,0.00182976427431875,1.187400548405536,-1.8872540430202252e-4,0,14.345234787307318,NA,-2.942895013819295,-1.3183954026964015,-0.02854440320701358,0.0113044314914279,11.1256999969482,0.06197947058567596
SLBE_WS_019_01,-11.99235747699411,65.27777777777777,23.16473956567196,0.9722222222222222,-4.435126508989291,37.5,55.720531793524216,0.6666666666666666,NA,NA,NA,80.28336314717737,100,-1.132555006775822,91.42857142857144,23.77022174785048,75,4.072169578678338,0.00182976427431875,1.187400548405536,-1.8872540430202252e-4,0,15.317057517166091,NA,-2.942895013819295,-1.3183954026964015,-0.02854440320701358,0.0113044314914279,26.8224,0.06197947058567596
SLBE_WS_020_01,-18.464394156412204,77.77777777777777,27.01375894412949,1,-4.48649550351411,36.111111111111114,51.83458128524063,0.5833333333333334,NA,NA,NA,80.28336314717737,100,-1.195546011133396,92.85714285714286,23.77022174785048,75,4.156919656101094,0.00221391659590156,1.187400548405536,-1.8872540430202252e-4,0,17.681269486725284,NA,-1.98957868044576,-1.071960985660553,-0.0285054874274553,0.00966078440348319,45.110400000000006,0.06084260199240864
SLBE_WS_021_01,-18.464394156412204,77.77777777777777,27.01375894412949,1,-4.48649550351411,36.111111111111114,51.83458128524063,0.5833333333333334,NA,NA,NA,80.28336314717737,100,-1.195546011133396,92.85714285714286,23.77022174785048,75,4.156919656101094,0.00221391659590156,1.187400548405536,-1.8872540430202252e-4,0,18.09020800860102,NA,-1.98957868044576,-1.071960985660553,-0.0285054874274553,0.00966078440348319,28.041600000000003,0.06084260199240864
SLBE_WS_022_01,-18.464394156412204,77.77777777777777,27.01375894412949,1,-4.48649550351411,36.111111111111114,51.83458128524063,0.5833333333333334,NA,NA,NA,80.28336314717737,100,-1.195546011133396,92.85714285714286,23.77022174785048,75,4.156919656101094,0.00221391659590156,1.187400548405536,-1.8872540430202252e-4,0,33.66169974858334,NA,-1.98957868044576,-1.071960985660553,-0.0285054874274553,0.00966078440348319,13.5625,0.06084260199240864
SLBE_WS_023_01,-18.464394156412204,77.77777777777777,27.01375894412949,1,-4.48649550351411,36.111111111111114,51.83458128524063,0.5833333333333334,NA,NA,NA,80.28336314717737,100,-1.195546011133396,92.85714285714286,23.77022174785048,75,4.156919656101094,0.00221391659590156,1.187400548405536,-1.8872540430202252e-4,0,16.743497993139535,NA,-1.98957868044576,-1.071960985660553,-0.0285054874274553,0.00966078440348319,13.5625,0.06084260199240864
SLBE_WS_024_01,-18.464394156412204,77.77777777777777,27.01375894412949,1,-4.48649550351411,36.111111111111114,51.83458128524063,0.5833333333333334,NA,NA,NA,80.28336314717737,100,-1.195546011133396,92.85714285714286,23.77022174785048,75,4.156919656101094,0.00221391659590156,1.187400548405536,-1.8872540430202252e-4,0,16.743497993139535,NA,-1.98957868044576,-1.071960985660553,-0.0285054874274553,0.00966078440348319,20.7264,0.06084260199240864
SLBE_WS_024_02,-18.464394156412204,77.77777777777777,27.01375894412949,1,-4.48649550351411,36.111111111111114,51.83458128524063,0.5833333333333334,NA,NA,NA,80.28336314717737,100,-1.195546011133396,92.85714285714286,23.77022174785048,75,4.156919656101094,0.00221391659590156,1.187400548405536,-1.8872540430202252e-4,0,16.743497993139535,NA,-1.98957868044576,-1.071960985660553,-0.0285054874274553,0.00966078440348319,19.5072,0.06084260199240864
SLBE_WS_025_01,-16.543921525328965,69.44444444444444,27.95043503203426,1,-3.6161171093761624,30.555555555555557,52.60939139642568,0.6388888888888888,NA,NA,NA,80.28336314717737,100,-1.1862861790277524,91.42857142857144,23.77022174785048,75,4.170980904834386,0.00233509253383876,1.187400548405536,-1.8872540430202252e-4,0,16.743497993139535,NA,-2.5092922065690244,-1.0694771578282471,-0.02779313502266241,0.01495426442120185,32.9184,0.06097038153311591
STRI_WS_001_01,-16.838039970102216,59.72222222222222,8.047443854296581,0.5416666666666666,-5.084115913948726,41.666666666666664,22.32472712074036,0.625,NA,NA,NA,74.49895215583535,100,-0.6989517326265487,75.71428571428571,159.78790458667277,100,3.0029440140258927,0.00288254837853551,1.605207563972742,0.00155915348499231,0,NA,NA,-1.3410171916087457,1.11896027459039,-0.01268257516517889,0.01328182220459006,112.41024000000002,0.03325681146724964
TAPR_WS_001_01,-46.43298223771225,83.33333333333333,23.777807577551155,0.625,-11.654666197874905,63.888888888888886,18.11245832548393,0.8333333333333334,NA,NA,NA,52.43040613265618,100,-1.0013065352941035,97.14285714285714,-14.011597733392955,0,3.896132729529192,1.0263945127918402e-4,2.2235009943051267,3.475337988881105e-5,69.12979643209492,9.538908674189948,NA,-0.7234588002962331,3.520933127513634,0.01879241017177542,-0.02176712177417898,5.19591999053955,0.02539104575647616
THRO_WS_001_01,-23.90370693428783,70.83333333333333,13.19476306359894,0.8333333333333334,-9.686688751847132,55.55555555555556,16.102232877180477,0.8333333333333334,NA,NA,NA,34.60738423822508,92.5,-1.3459748874114426,97.14285714285714,-74.0795228688388,0,4.041683675828847,0.0040384146051874,1.637577670419568,3.3296338080443856e-5,0,0,NA,0.12191418073792816,3.403069519996643,0.04387276012360463,-0.06171290079752607,96.56064,0.02621657428395618
THRO_WS_002_01,-24.009267073570463,70.83333333333333,12.691452236171092,0.8194444444444444,-9.790993421118143,55.55555555555556,16.361973164554357,0.8611111111111112,NA,NA,NA,34.60738423822508,92.5,-1.3481538433052085,97.14285714285714,-74.0795228688388,0,4.03949539737842,0.00467752220146269,1.637577670419568,3.3296338080443856e-5,0,0,NA,0.13249194444377074,3.847196012073096,0.04523171200564012,-0.06121511953848376,87.78240000000001,0.02710682244464472
THRO_WS_003_01,-24.009267073570463,70.83333333333333,12.691452236171092,0.8194444444444444,-9.790993421118143,55.55555555555556,16.361973164554357,0.8611111111111112,NA,NA,NA,34.60738423822508,92.5,-1.3481538433052085,97.14285714285714,-74.0795228688388,0,4.03949539737842,0.00467752220146269,1.637577670419568,3.3296338080443856e-5,0,NA,NA,0.13249194444377074,3.847196012073096,0.04523171200564012,-0.06121511953848376,8.49967384338379,0.02710682244464472
THRO_WS_004_01,-20.89801057343552,58.333333333333336,12.937667734683734,0.8333333333333334,-10.042966410728358,58.333333333333336,14.15815044981122,0.8611111111111112,NA,NA,NA,34.60738423822508,92.5,-1.423982809673367,98.57142857142856,-30.1528324669832,0,3.968132756659352,0.0037273793121475,1.637577670419568,-8.369781934660915e-7,0,NA,NA,0.10070694868368768,2.2604439747002423,0.03633548546847227,-0.05180364024358171,337.71840000000003,0.02510092835832078
THRO_WS_007_01,-20.89801057343552,58.333333333333336,12.937667734683734,0.8333333333333334,-10.042966410728358,58.333333333333336,14.15815044981122,0.8611111111111112,NA,NA,NA,34.60738423822508,92.5,-1.423982809673367,98.57142857142856,-30.1528324669832,0,3.968132756659352,0.0037273793121475,1.637577670419568,-8.369781934660915e-7,0,NA,NA,0.10070694868368768,2.2604439747002423,0.03633548546847227,-0.05180364024358171,5.48640012741089,0.02510092835832078
THRO_WS_008_01,-20.11623323979143,59.72222222222222,13.074654961248529,0.8472222222222222,-10.036373004783613,59.72222222222222,14.295609881794508,0.875,NA,NA,NA,34.60738423822508,92.5,-1.4677798624297878,98.57142857142856,-30.1528324669832,0,3.963497984034281,0.00394684021600822,1.637577670419568,-8.369781934660915e-7,0,NA,NA,0.1270546946851981,2.612215213703386,0.03436573033948702,-0.04875492755277655,323.088,0.02475648995351804
THRO_WS_009_01,-31.927019554162943,68.05555555555556,12.110540825322794,0.8333333333333334,-9.567723570556517,56.94444444444444,15.810521688114116,0.875,NA,NA,NA,30.43637523069407,100,-1.3435863678890227,97.14285714285714,-30.1528324669832,0,3.9725986607803,0.00374032226415847,1.637577670419568,-8.369781934660915e-7,0,NA,NA,0.08385249594642952,2.03256888827309,0.03419517220034471,-0.05222433584707753,6.09899997711182,0.02492947048398147
THST_WS_001_01,-18.71675287282407,70.83333333333333,12.610198357010692,0.5277777777777778,-3.3965722350748724,23.61111111111111,64.07165241743304,0.5555555555555556,0.5981534032758642,0,0.11415966692632716,47.04503869805253,100,-0.7369480051533673,85.71428571428571,76.78334819873172,100,3.261459448431559,-0.00122633474343384,1.6610770862368611,2.936164224382327e-4,0,6.604505310269138,0.5242129982040713,1.214233747494765,2.5403625700208856,0.010106503609713,0.01002294367009943,13.5270080566406,0.03566309520403769
TICA_WS_001_01,-13.025095769097607,50,40.82282592917205,1,-8.090944832480245,33.333333333333336,11.844937119905865,0.5138888888888888,NA,NA,NA,52.95764922510357,100,-0.8785314989039645,97.14285714285714,12.391962826767497,40,3.423865029936243,0.00728185841951169,0.17653964524483623,-1.083245000030736e-4,58.02001423752448,0,NA,-1.01851522260242,-3.2793735570953686,-0.01484952750473723,-3.597118236413621e-4,26.517599105835,0.03935963881520749
TICA_WS_001_02,-13.025095769097607,50,40.82282592917205,1,-8.090944832480245,33.333333333333336,11.844937119905865,0.5138888888888888,NA,NA,NA,52.95764922510357,100,-0.8785314989039645,97.14285714285714,12.391962826767497,40,3.423865029936243,0.00728185841951169,0.17653964524483623,-1.083245000030736e-4,55.62456219534351,0,NA,-1.01851522260242,-3.2793735570953686,-0.01484952750473723,-3.597118236413621e-4,12.4651260375977,0.03935963881520749
TIMU_WS_001_01,-20.909206175458905,47.22222222222222,131.52748904856276,0.5416666666666666,-5.637206756768929,36.111111111111114,20.273774041550368,0.6111111111111112,12.361287045278186,0.2305531102675114,0.11580954102740704,40.709352461331704,100,-0.5210916879693308,62.857142857142854,36.73527048721969,75,2.5089689599048164,0.00678547951753166,3.922771017266044,-0.00335944184394823,31.85931499139999,46.21334525830612,24.61287521895572,-0.6748939043393841,-0.2766719413882836,-0.00225398030661442,-0.00544145372178766,1.40470504760742,0.01186766436832539
TIMU_WS_002_01,-20.941188917830715,43.05555555555556,116.70627070907724,0.5555555555555556,-6.092481116287243,36.111111111111114,20.440674344724364,0.6111111111111112,17.013730492901047,1,0.1206237923461576,40.709352461331704,100,-0.5140802177774597,61.42857142857143,36.73527048721969,75,2.456244146738431,0.00777940684177405,3.922771017266044,-0.00335944184394823,18.03874999490603,NA,53.80898363150713,-0.9636332545015548,-0.2678619772195816,-0.00111217095024287,-0.00525792439778645,1.3198184967041,0.01185038735369167
TIMU_WS_003_01,-20.941188917830715,43.05555555555556,116.70627070907724,0.5555555555555556,-6.092481116287243,36.111111111111114,20.440674344724364,0.6111111111111112,12.624638830007626,1,0.12009507079113972,40.709352461331704,100,-0.5140802177774597,61.42857142857143,36.73527048721969,75,2.456244146738431,0.00777940684177405,3.922771017266044,-0.00335944184394823,26.36639733096325,82.41325426456592,61.6965707576349,-0.9636332545015548,-0.2678619772195816,-0.00111217095024287,-0.00525792439778645,138.01344,0.01185038735369167
TIMU_WS_006_01,-20.58582905120133,47.22222222222222,126.46272238412968,0.5138888888888888,-5.695808105069984,36.111111111111114,21.19824272033385,0.5972222222222222,11.731333972936705,1,0.12060520848388703,40.709352461331704,100,-0.5105951702673479,62.857142857142854,36.73527048721969,75,2.496414051403423,0.00698961288803315,3.922771017266044,-0.00335944184394823,26.585062637290505,81.30706910713764,61.2171494503338,-0.6670311305258008,-0.806431683024977,-0.0046787077759699,-0.00594859653049084,14.7218399047852,0.01209441222285297
TIMU_WS_007_01,-20.58582905120133,47.22222222222222,126.46272238412968,0.5138888888888888,-5.695808105069984,36.111111111111114,21.19824272033385,0.5972222222222222,12.24375168602124,1,0.12043891418176474,40.709352461331704,100,-0.5105951702673479,62.857142857142854,36.73527048721969,75,2.496414051403423,0.00698961288803315,3.922771017266044,-0.00335944184394823,27.29325901694079,81.11265706014964,60.431861364375294,-0.6670311305258008,-0.806431683024977,-0.0046787077759699,-0.00594859653049084,14.7218399047852,0.01209441222285297
TIMU_WS_008_01,-20.941188917830715,43.05555555555556,116.70627070907724,0.5555555555555556,-6.092481116287243,36.111111111111114,20.440674344724364,0.6111111111111112,12.368300355936256,1,0.1200557321590161,40.709352461331704,100,-0.5140802177774597,61.42857142857143,36.73527048721969,75,2.456244146738431,0.00777940684177405,3.922771017266044,-0.00335944184394823,25.880131057931973,82.82213351521624,62.43165276420446,-0.9636332545015548,-0.2678619772195816,-0.00111217095024287,-0.00525792439778645,14.7218399047852,0.01185038735369167
TIMU_WS_009_01,-17.810235583662134,38.888888888888886,101.93537316111588,0.5277777777777778,-5.895466075228973,37.5,19.03949509842711,0.6111111111111112,11.18462708624024,0.5139380848003626,0.11851748385033702,33.34824303419208,100,-0.48045830895296504,60,36.73527048721969,75,2.4345546956083197,0.00782801295460162,3.922771017266044,-0.00335944184394823,11.582835661494777,47.67713802573255,27.72489039553031,-1.8591085453828171,0.8989430533515019,-9.389972006466074e-4,-0.00335027906629772,5.25170421600342,0.01251201082276592
TONT_WS_001_01,-41.35896102263637,56.94444444444444,42.14242948809042,0.6111111111111112,-20.059379288288984,68.05555555555556,37.4558697662887,0.5,NA,NA,NA,40.04439566198564,65,-1.673429244471394,97.14285714285714,-18.077347049244903,0,2.973164880574817,0.00856078202111428,-2.7035869164212976,-2.986850615090752e-4,40.72389007957865,12.771908034860688,NA,-0.33725704921533073,-3.889390560943986,-0.03401126906666897,0.01857003323372962,34.1376,0.0185742277485457
TUMA_WS_001_01,-24.888028863108243,69.44444444444444,22.087461386473663,0.7638888888888888,-22.096604985029995,65.27777777777777,20.485936226297905,0.6944444444444444,NA,NA,NA,30.85387666875794,62.5,-1.658305214796711,98.57142857142856,6.733765208388519,20,2.7853164679498015,0.00993779116360544,-1.8605436644841984,1.984459436408575e-4,33.58802901933405,27.357242114715813,NA,-0.29810136860071274,-5.141311379080567,-0.02986353277437645,-0.00554087603533677,30.48,0.02865022107797266
TUMA_WS_002_01,-24.888028863108243,69.44444444444444,22.087461386473663,0.7638888888888888,-22.096604985029995,65.27777777777777,20.485936226297905,0.6944444444444444,NA,NA,NA,30.85387666875794,62.5,-1.658305214796711,98.57142857142856,6.733765208388519,20,2.7853164679498015,0.00993779116360544,-1.8605436644841984,1.984459436408575e-4,35.443157498414216,26.47266473463304,NA,-0.29810136860071274,-5.141311379080567,-0.02986353277437645,-0.00554087603533677,33.64992,0.02865022107797266
TUZI_WS_001_01,-39.91604838914075,62.5,105.34019606377228,0.6388888888888888,-20.56150746474454,65.27777777777777,29.171720392052407,0.5694444444444444,NA,NA,NA,27.718808917152664,77.5,-1.8143030330823464,98.57142857142856,26.367350187479794,60,3.186210424621851,0.00212801002435031,-0.7878318560483825,5.344216873846581e-5,0.3726548525097571,15.427116176633644,NA,-0.46724234488021354,-5.589421818308807,-0.0600772623315347,0.02330145077508013,39.0144,0.024602131477534
ULSG_WS_001_01,-26.912775665457627,69.44444444444444,13.16202531773462,0.6666666666666666,-4.815650194274891,40.27777777777778,61.27714530964702,0.9027777777777778,NA,NA,NA,69.33075286755465,100,-0.8209364201419733,81.42857142857143,-68.64358245374456,0,3.536777769508042,0.00181914633525596,4.946452294338205,0.03608671426784662,0,NA,NA,-1.0969742967022853,1.7618508787236702,0.00486602503939611,0.02823238856146444,7.47000026702881,0.04019531293233152
UPDE_WS_001_01,-11.442665281231957,48.611111111111114,9.99984870399691,0.5694444444444444,-3.5377840296157967,26.38888888888889,72.58691483739817,0.6805555555555556,NA,NA,NA,73.46342290754026,100,-0.6552688276919051,61.42857142857143,89.0435275443448,100,3.470556601496247,0.00229581115638799,-0.0914597889180209,1.3093233763837014e-4,0,NA,NA,8.335018655988904,7.354795773824094,0.04516932697648549,-0.01346796922722968,5.26999998092651,0.05636926061876963
UPDE_WS_002_01,-13.607971562297784,52.77777777777778,8.18292997898558,0.5138888888888888,-3.061526111038237,25,69.32882480280362,0.6111111111111112,NA,NA,NA,73.46342290754026,100,-0.6532663507132226,61.42857142857143,126.6071189839669,100,3.65180196096488,0.0028862632430615,-0.0914597889180209,1.2687806496131806e-4,0,NA,NA,8.446932482340978,7.456470083307333,0.05204998071341111,-6.295286578897219e-4,6.09800004959106,0.05664180008616116
UPDE_WS_003_01,-12.392392687937102,47.22222222222222,9.38288233753804,0.5694444444444444,-3.485069082351683,23.61111111111111,70.84110107984074,0.6388888888888888,NA,NA,NA,73.46342290754026,100,-0.667948254262029,60,182.4789214655896,100,3.524213967642334,0.00249853146562459,-0.0914597889180209,2.547245587168762e-4,0,NA,NA,8.042944412761267,7.104552735222706,0.05014161240685389,-0.00889869972511562,6.00228023529053,0.05646805755975161
UPDE_WS_004_01,-13.645010421077378,52.77777777777778,10.364277059234364,0.5138888888888888,-2.585033830052301,23.61111111111111,62.26524296284224,0.6666666666666666,NA,NA,NA,73.46342290754026,100,-0.6344830261443378,60,126.6071189839669,100,3.6606014908095936,0.00292759392590127,-0.0914597889180209,1.2687806496131806e-4,0,NA,NA,7.664449884494149,6.701955602626609,0.04238009915418429,0.00588682669180409,4.26859998703003,0.05640120519262814
UPDE_WS_005_01,-12.392392687937102,47.22222222222222,9.38288233753804,0.5694444444444444,-3.485069082351683,23.61111111111111,70.84110107984074,0.6388888888888888,NA,NA,NA,73.46342290754026,100,-0.667948254262029,60,182.4789214655896,100,3.524213967642334,0.00249853146562459,-0.0914597889180209,2.547245587168762e-4,0,NA,NA,8.042944412761267,7.104552735222706,0.05014161240685389,-0.00889869972511562,40.2336,0.05646805755975161
VAFO_WS_002_01,-15.275061369693324,63.888888888888886,12.13965995894364,0.6388888888888888,-2.8311757816708045,30.555555555555557,73.72825974890094,0.6111111111111112,0,NA,0.03176190432382595,61.56437497390367,100,-0.7953049565031652,68.57142857142857,36.3079374503013,75,3.3664717318668913,0.00482810566005725,0.6743805192678423,9.271348025408772e-4,0,NA,0,6.426541438178414,8.448391172620992,0.02295194304142304,0.03611190230758095,15.8678884506226,0.0308098955213456
VAFO_WS_003_01,-15.195253368184323,61.111111111111114,12.62298864595516,0.5833333333333334,-3.079792444024858,30.555555555555557,76.75485923690137,0.5972222222222222,0,0.00800351457821718,0.03251212123874233,61.56437497390367,100,-0.7467952594942147,70,-71.47711591985751,0,3.3672961467578055,0.00436714010644343,0.6743805192678423,-1.499774780888812e-4,0,6.133298430717649,0,6.222580570021488,8.69907706460837,0.02815781027872477,0.02875640521361948,0,0.0306793349395172
VAFO_WS_004_01,-15.195253368184323,61.111111111111114,12.62298864595516,0.5833333333333334,-3.079792444024858,30.555555555555557,76.75485923690137,0.5972222222222222,0,NA,0.02862522290049508,61.56437497390367,100,-0.7467952594942147,70,36.3079374503013,75,3.3672961467578055,0.00436714010644343,0.6743805192678423,9.271348025408772e-4,0,NA,0,6.222580570021488,8.69907706460837,0.02815781027872477,0.02875640521361948,7.94308805465698,0.0306793349395172
VALL_WS_001_01,-35.26083220210544,88.88888888888889,43.84946450859173,1,-13.504820924605864,68.05555555555556,41.03058251089907,0.6388888888888888,NA,NA,NA,32.37993413498433,100,-1.3462831973353795,100,47.371175155319634,55,3.379345572122964,NA,16.36907928536469,8.238217324883215e-5,43.671252820328,5.367448588014631,NA,-2.2846691637927137,-3.08540694197716,-0.03027266161051093,0.0084315829806858,0,NA
VALL_WS_003_01,-35.26083220210544,88.88888888888889,43.84946450859173,1,-13.504820924605864,68.05555555555556,41.03058251089907,0.6388888888888888,NA,NA,NA,32.37993413498433,100,-1.3462831973353795,100,47.371175155319634,55,3.379345572122964,NA,16.36907928536469,8.238217324883215e-5,45.80148416855703,6.1475777816326165,NA,-2.2846691637927137,-3.08540694197716,-0.03027266161051093,0.0084315829806858,7.82613182067871,NA
VOYA_WS_001_01,-29.039762914569277,77.77777777777777,19.34404065349653,0.9444444444444444,-5.1336186282309395,36.111111111111114,11.500112978660882,0.7222222222222222,NA,NA,NA,92.23214567090162,100,-0.9904180538009656,88.57142857142857,-69.62228696960395,0,3.967747457304688,0.00611503025892627,0.13337509535336736,3.254224644848136e-4,32.12394846703713,NA,NA,1.1528393824895204,1.3258642107248306,0.01221158288668763,-0.0056245042463389,8.75997543334961,0.0374853302316951
VOYA_WS_002_01,-29.29795274475362,84.72222222222223,24.799452247650525,0.9861111111111112,-6.53696094749596,48.611111111111114,10.794617668541086,0.6944444444444444,NA,NA,NA,92.23214567090162,100,-1.1052536242545077,94.28571428571428,-69.62228696960395,0,4.089994779576918,0.00743395039894705,0.13337509535336736,3.254224644848136e-4,32.12394846703713,NA,NA,1.3431036505434264,0.4230625924901075,0.01420542285857219,-0.01372786156925155,10.4647932052612,0.03815054883209348
VOYA_WS_003_01,-30.205068372772637,81.94444444444444,19.042020966566813,0.9444444444444444,-5.793445164246327,38.888888888888886,11.134472110088817,0.7083333333333334,NA,NA,NA,92.23214567090162,100,-1.0092836504738831,90,-69.62228696960395,0,3.9748772857721857,0.00653513911225444,0.13337509535336736,3.254224644848136e-4,42.60516393089044,NA,NA,3.21096952093972,2.877374226517145,0.02491880492617946,-0.003917255364431,119.4816,0.03716916756321659
VOYA_WS_004_01,-30.205068372772637,81.94444444444444,19.042020966566813,0.9444444444444444,-5.793445164246327,38.888888888888886,11.134472110088817,0.7083333333333334,NA,NA,NA,92.23214567090162,100,-1.0092836504738831,90,-69.62228696960395,0,3.9748772857721857,0.00653513911225444,0.13337509535336736,3.254224644848136e-4,32.12394846703713,NA,NA,3.21096952093972,2.877374226517145,0.02491880492617946,-0.003917255364431,48.768,0.03716916756321659
VOYA_WS_005_01,-37.272215537183136,87.5,16.898390358784678,0.9027777777777778,-6.967629623277463,40.27777777777778,12.098507219893383,0.7222222222222222,NA,NA,NA,92.23214567090162,100,-1.0199201782595604,91.42857142857144,-69.62228696960395,0,3.99151862695463,0.00514949699132675,0.13337509535336736,3.254224644848136e-4,32.12394846703713,NA,NA,4.100217898686728,3.9817127222600193,0.02949010011217906,-0.00963963010183577,3.66000008583069,0.03652789281506528
VOYA_WS_006_01,-37.272215537183136,87.5,16.898390358784678,0.9027777777777778,-6.967629623277463,40.27777777777778,12.098507219893383,0.7222222222222222,NA,NA,NA,92.23214567090162,100,-1.0199201782595604,91.42857142857144,-69.62228696960395,0,3.99151862695463,0.00514949699132675,0.13337509535336736,3.254224644848136e-4,11.8200699294612,NA,NA,4.100217898686728,3.9817127222600193,0.02949010011217906,-0.00963963010183577,89.00160000000001,0.03652789281506528
VOYA_WS_007_01,-29.281683161635385,77.77777777777777,19.696598119325373,0.9583333333333334,-5.4178596157826275,38.888888888888886,11.51005446935999,0.7222222222222222,NA,NA,NA,92.23214567090162,100,-1.0317669917400003,90,-69.62228696960395,0,3.960692840665046,0.00689612099159635,0.13337509535336736,3.254224644848136e-4,32.12394846703713,NA,NA,2.7620704725936585,2.25753147276039,0.02262359378535763,-0.00612991827505604,4.50537967681885,0.03722147236166417
VOYA_WS_008_01,-27.45618145512994,77.77777777777777,25.234816139719108,0.9722222222222222,-6.601206551425053,44.44444444444444,11.02451656833984,0.6944444444444444,NA,NA,NA,92.23214567090162,100,-1.0741575838696389,92.85714285714286,-69.62228696960395,0,4.052014880852603,0.00768209780806887,0.13337509535336736,3.254224644848136e-4,32.12394846703713,NA,NA,1.4224682648976636,0.5429524191064743,0.0123971583265633,-0.01075556248794364,30.48,0.03806973489798618
VOYA_WS_009_01,-27.45618145512994,77.77777777777777,25.234816139719108,0.9722222222222222,-6.601206551425053,44.44444444444444,11.02451656833984,0.6944444444444444,NA,NA,NA,92.23214567090162,100,-1.0741575838696389,92.85714285714286,-69.62228696960395,0,4.052014880852603,0.00768209780806887,0.13337509535336736,3.254224644848136e-4,12.5212430520088,NA,NA,1.4224682648976636,0.5429524191064743,0.0123971583265633,-0.01075556248794364,0,0.03806973489798618
VOYA_WS_010_01,-28.528457778364036,76.38888888888889,20.60225072045184,0.9583333333333334,-5.4471953222682234,40.27777777777778,11.348780128737737,0.7222222222222222,NA,NA,NA,92.23214567090162,100,-1.0113204428939189,90,-69.62228696960395,0,3.970526610461425,0.00705019729381625,0.13337509535336736,3.254224644848136e-4,36.44880902354505,NA,NA,2.278598915446888,2.137655095157461,0.01980949995500126,-0.00628005133734821,30.48,0.03750286023157809
VOYA_WS_011_01,-29.281683161635385,77.77777777777777,19.696598119325373,0.9583333333333334,-5.4178596157826275,38.888888888888886,11.51005446935999,0.7222222222222222,NA,NA,NA,92.23214567090162,100,-1.0317669917400003,90,-69.62228696960395,0,3.960692840665046,0.00689612099159635,0.13337509535336736,3.254224644848136e-4,32.12394846703713,NA,NA,2.7620704725936585,2.25753147276039,0.02262359378535763,-0.00612991827505604,4.50537967681885,0.03722147236166417
WACA_WS_001_01,-33.17781559322512,68.05555555555556,41.90297863519698,1,-15.252561208083968,68.05555555555556,42.8366507283846,0.5277777777777778,NA,NA,NA,27.718808917152664,77.5,-1.6689094641102766,98.57142857142856,91.37870385956415,100,3.325539016904038,0.01003349079349058,0.49841769525302254,4.458452640814057e-5,94.39139687493972,1.2291148597335428,NA,-3.9761629936706626,-6.503654425756802,-0.03682279156651307,-0.00173145613939904,438.912,0.02804649568249265
WEFA_WS_001_01,-11.535015640932958,47.22222222222222,11.073414347747756,0.5138888888888888,-3.774427697619004,23.61111111111111,150.70496121479428,0.5555555555555556,0,0.00485813750412433,0.15804029236089123,68.37393133052862,100,-0.5712115380533056,54.285714285714285,-23.060603003035517,0,3.4906706822341,0.00405014016878302,4.512189296567833,-0.00303231111190842,4.645397294937634,5.5819414617124234,0,-0.4827549516418862,2.038892541612898,0.01002561099607555,0.03768685423297645,6.09800004959106,0.03618361991029139
WEFA_WS_002_01,-11.535015640932958,47.22222222222222,11.073414347747756,0.5138888888888888,-3.774427697619004,23.61111111111111,150.70496121479428,0.5555555555555556,0,0.00464104786720007,0.08490066091539912,68.37393133052862,100,-0.5712115380533056,54.285714285714285,-23.060603003035517,0,3.4906706822341,0.00405014016878302,4.512189296567833,-0.00303231111190842,4.012381651162946,5.51190661285493,0,-0.4827549516418862,2.038892541612898,0.01002561099607555,0.03768685423297645,7.61999988555908,0.03618361991029139
WEFA_WS_003_01,-11.535015640932958,47.22222222222222,11.073414347747756,0.5138888888888888,-3.774427697619004,23.61111111111111,150.70496121479428,0.5555555555555556,0,0.00488007001481372,0.15848159391918096,68.37393133052862,100,-0.5712115380533056,54.285714285714285,-23.060603003035517,0,3.4906706822341,0.00405014016878302,4.512189296567833,-0.00303231111190842,4.742615276674757,5.556640358616729,0,-0.4827549516418862,2.038892541612898,0.01002561099607555,0.03768685423297645,6.71000003814697,0.03618361991029139
WEFA_WS_004_01,-11.535015640932958,47.22222222222222,11.073414347747756,0.5138888888888888,-3.774427697619004,23.61111111111111,150.70496121479428,0.5555555555555556,0,0.00484149806505964,0.15792551610549324,68.37393133052862,100,-0.5712115380533056,54.285714285714285,-23.060603003035517,0,3.4906706822341,0.00405014016878302,4.512189296567833,-0.00303231111190842,4.812055632861922,5.603770985463596,0,-0.4827549516418862,2.038892541612898,0.01002561099607555,0.03768685423297645,7.16380023956299,0.03618361991029139
WHIS_WS_001_01,-9.807933602864344,52.77777777777778,8.433952439102498,0.7083333333333334,-8.82641545722041,55.55555555555556,5.626793315448609,0.5277777777777778,NA,NA,NA,58.71088317464764,100,-0.49210317890271926,81.42857142857143,55.843341118847555,75,2.8607929310253635,0.00299857375353945,0.28231517761324604,-0.00151102969936705,77.79048339659585,8.583140545186437,NA,2.3196710659787563,0.765406709909439,-0.00348266548696415,0.01606908470693259,7.30385446548462,0.05154978962104503
WHIS_WS_002_01,-9.807933602864344,52.77777777777778,8.433952439102498,0.7083333333333334,-8.82641545722041,55.55555555555556,5.626793315448609,0.5277777777777778,NA,NA,NA,58.71088317464764,100,-0.49210317890271926,81.42857142857143,55.843341118847555,75,2.8607929310253635,0.00299857375353945,0.28231517761324604,-0.00151102969936705,77.79048339659585,8.583140545186437,NA,2.3196710659787563,0.765406709909439,-0.00348266548696415,0.01606908470693259,7.30385446548462,0.05154978962104503
WHIS_WS_003_01,-9.807933602864344,52.77777777777778,8.433952439102498,0.7083333333333334,-8.82641545722041,55.55555555555556,5.626793315448609,0.5277777777777778,NA,NA,NA,58.71088317464764,100,-0.49210317890271926,81.42857142857143,55.843341118847555,75,2.8607929310253635,0.00299857375353945,0.28231517761324604,-0.00151102969936705,76.2269881823331,9.843281305773232,NA,2.3196710659787563,0.765406709909439,-0.00348266548696415,0.01606908470693259,98.99904,0.05154978962104503
WHIS_WS_003_02,-9.807933602864344,52.77777777777778,8.433952439102498,0.7083333333333334,-8.82641545722041,55.55555555555556,5.626793315448609,0.5277777777777778,NA,NA,NA,58.71088317464764,100,-0.49210317890271926,81.42857142857143,55.843341118847555,75,2.8607929310253635,0.00299857375353945,0.28231517761324604,-0.00151102969936705,55.98884239756461,31.26602404413974,NA,2.3196710659787563,0.765406709909439,-0.00348266548696415,0.01606908470693259,123.62688,0.05154978962104503
WHIS_WS_004_01,-9.742270900193164,51.388888888888886,12.861146237365633,0.8888888888888888,-9.36765827293016,55.55555555555556,5.803605477477268,0.5277777777777778,NA,NA,NA,58.71088317464764,100,-0.5299465124866533,88.57142857142857,55.843341118847555,75,2.860639892741061,0.00521228365896354,0.28231517761324604,-0.00151102969936705,75.04550311490597,6.40368520571232,NA,0.42993195662422967,1.0571318168127786,-0.00181663785004018,0.01427670813334009,0,0.04786847104435043
WHIS_WS_006_01,-10.666667635862863,51.388888888888886,11.3441949473995,0.8194444444444444,-9.817912799281348,55.55555555555556,5.570932950595978,0.5138888888888888,NA,NA,NA,58.71088317464764,100,-0.583392728951364,88.57142857142857,55.843341118847555,75,2.8801979356341896,0.00335358408448047,0.28231517761324604,-0.00151102969936705,72.62135307583677,1.5022589633395675,NA,1.059082960325576,1.4790609065029456,-0.0020862333449263,0.01181991012008154,10.7493858337402,0.05209255578038834
WHIS_WS_007_01,-9.612204248658465,51.388888888888886,9.697619447446709,0.7222222222222222,-8.934208968372731,55.55555555555556,5.480686406224562,0.5277777777777778,NA,NA,NA,58.71088317464764,100,-0.4701342861875792,82.85714285714286,55.843341118847555,75,2.8698429711925595,0.00317986048782126,0.28231517761324604,-0.00151102969936705,68.40609585143353,10.934119577545564,NA,2.7601931580790753,2.21381814807417,-0.00195368969854742,0.01425368697555029,13.7189998626709,0.05097889330463137
WHIS_WS_008_01,-10.36576441121634,50,6.247752276315263,0.5555555555555556,-9.293583781121812,56.94444444444444,5.432632205635983,0.5138888888888888,NA,NA,NA,58.71088317464764,100,-0.48547621031763943,84.28571428571429,55.843341118847555,75,2.893550580974974,0.00172394656451402,0.28231517761324604,-0.00151102969936705,64.78003422442087,18.62100417047603,NA,4.087984220129279,1.3862152906025158,-0.00610757355390643,0.01574167974314446,0,0.05511619903577353
WHIS_WS_010_01,-9.612204248658465,51.388888888888886,9.697619447446709,0.7222222222222222,-8.934208968372731,55.55555555555556,5.480686406224562,0.5277777777777778,NA,NA,NA,58.71088317464764,100,-0.4701342861875792,82.85714285714286,55.843341118847555,75,2.8698429711925595,0.00317986048782126,0.28231517761324604,-0.00151102969936705,64.80886137795991,15.052128234746611,NA,2.7601931580790753,2.21381814807417,-0.00195368969854742,0.01425368697555029,24.384,0.05097889330463137
WHIS_WS_011_01,-9.612204248658465,51.388888888888886,9.697619447446709,0.7222222222222222,-8.934208968372731,55.55555555555556,5.480686406224562,0.5277777777777778,NA,NA,NA,58.71088317464764,100,-0.4701342861875792,82.85714285714286,55.843341118847555,75,2.8698429711925595,0.00317986048782126,0.28231517761324604,-0.00151102969936705,77.79048339659585,8.583140545186437,NA,2.7601931580790753,2.21381814807417,-0.00195368969854742,0.01425368697555029,10.0592002868652,0.05097889330463137
WHIS_WS_012_01,-9.742270900193164,51.388888888888886,12.861146237365633,0.8888888888888888,-9.36765827293016,55.55555555555556,5.803605477477268,0.5277777777777778,NA,NA,NA,58.71088317464764,100,-0.5299465124866533,88.57142857142857,55.843341118847555,75,2.860639892741061,0.00521228365896354,0.28231517761324604,-0.00151102969936705,73.66354834483566,4.268462364009816,NA,0.42993195662422967,1.0571318168127786,-0.00181663785004018,0.01427670813334009,5.04579019546509,0.04786847104435043
WHIS_WS_013_01,-9.742270900193164,51.388888888888886,12.861146237365633,0.8888888888888888,-9.36765827293016,55.55555555555556,5.803605477477268,0.5277777777777778,NA,NA,NA,58.71088317464764,100,-0.5299465124866533,88.57142857142857,55.843341118847555,75,2.860639892741061,0.00521228365896354,0.28231517761324604,-0.00151102969936705,73.31104104823714,4.330969202551442,NA,0.42993195662422967,1.0571318168127786,-0.00181663785004018,0.01427670813334009,11.8750076293945,0.04786847104435043
WHIS_WS_014_01,-9.465333834281608,48.611111111111114,6.869120840599079,0.6111111111111112,-9.028369091855549,55.55555555555556,5.356069375622162,0.5277777777777778,NA,NA,NA,58.71088317464764,100,-0.4562939295738379,82.85714285714286,55.843341118847555,75,2.8738962273254014,0.00213346098439685,0.28231517761324604,-0.00151102969936705,67.41655542788905,13.61887622364716,NA,3.742842869482181,2.760868050158024,-0.00306517802266864,0.01299316029489764,24.384,0.05390710953926714
WHMI_WS_001_01,-28.86578753398677,69.44444444444444,25.61054970614289,0.9444444444444444,-5.930683741327331,56.94444444444444,11.024409022782365,0.5416666666666666,NA,NA,NA,26.949929412848007,100,-1.9020656802239968,100,16.665299670639698,55,3.465539583358476,-0.00457127515109476,-1.8606270995437588,-3.2834266937743425e-4,0,NA,NA,-0.11952330411589251,-1.978170506012292,-0.02166073392556049,-0.00819300898799191,184.0992,0.03892758220118313
WICA_WS_001_01,-36.35534109571735,75,10.821126926277303,0.7777777777777778,-9.025643808766173,59.72222222222222,13.74984859582576,0.875,NA,NA,NA,33.77827120262041,97.5,-1.4337010907812848,98.57142857142856,78.91257975414982,100,3.3793015856991637,0.00592180783013267,-0.8298848237555919,2.476508240544077e-4,9.241356389708342,2.469797014875863,NA,0.2407352262198856,2.304136290815143,0.01557049273620658,-0.00281055157001195,195.072,0.02864341606060733
WICA_WS_001_02,-36.35534109571735,75,10.821126926277303,0.7777777777777778,-9.025643808766173,59.72222222222222,13.74984859582576,0.875,NA,NA,NA,33.77827120262041,97.5,-1.4337010907812848,98.57142857142856,78.91257975414982,100,3.3793015856991637,0.00592180783013267,-0.8298848237555919,2.476508240544077e-4,9.234937502669627,2.2483095589017967,NA,0.2407352262198856,2.304136290815143,0.01557049273620658,-0.00281055157001195,193.8528,0.02864341606060733
WICR_WS_001_01,-28.064629966931243,81.94444444444444,20.908292450565913,0.5972222222222222,-7.597310328205073,48.611111111111114,44.1624285063666,0.8194444444444444,NA,NA,NA,74.1784611412459,100,-0.9883998759535988,95.71428571428572,-70.40079277550613,0,3.5764744536708637,0.0032770000581374,1.224724103738872,0.00249185690046617,0,5.554872667224808,NA,-0.43235102097193306,-0.4723671756724213,-0.00294867640280936,-0.00739193730500199,134.112,0.03256413579005829
WICR_WS_002_01,-28.064629966931243,81.94444444444444,20.908292450565913,0.5972222222222222,-7.597310328205073,48.611111111111114,44.1624285063666,0.8194444444444444,NA,NA,NA,74.1784611412459,100,-0.9883998759535988,95.71428571428572,-70.40079277550613,0,3.5764744536708637,0.0032770000581374,1.224724103738872,0.00249185690046617,0,9.168304918110174,NA,-0.43235102097193306,-0.4723671756724213,-0.00294867640280936,-0.00739193730500199,41.4832801818848,0.03256413579005829
WICR_WS_003_01,-28.064629966931243,81.94444444444444,20.908292450565913,0.5972222222222222,-7.597310328205073,48.611111111111114,44.1624285063666,0.8194444444444444,NA,NA,NA,74.1784611412459,100,-0.9883998759535988,95.71428571428572,-70.40079277550613,0,3.5764744536708637,0.0032770000581374,1.224724103738872,0.00249185690046617,0,5.554872667224808,NA,-0.43235102097193306,-0.4723671756724213,-0.00294867640280936,-0.00739193730500199,47.2478103637695,0.03256413579005829
WICR_WS_004_01,-28.064629966931243,81.94444444444444,20.908292450565913,0.5972222222222222,-7.597310328205073,48.611111111111114,44.1624285063666,0.8194444444444444,NA,NA,NA,74.1784611412459,100,-0.9883998759535988,95.71428571428572,-70.40079277550613,0,3.5764744536708637,0.0032770000581374,1.224724103738872,0.00249185690046617,0,5.554872667224808,NA,-0.43235102097193306,-0.4723671756724213,-0.00294867640280936,-0.00739193730500199,47.2478103637695,0.03256413579005829
WUPA_WS_001_01,-22.88104575519874,58.333333333333336,29.437819679665814,0.8888888888888888,-19.71248049735722,63.888888888888886,19.52651612079079,0.6527777777777778,NA,NA,NA,22.82530264308381,62.5,-2.841891319873409,100,91.37870385956415,100,3.2092252432801516,0.00310857972290836,-0.8111251017860903,4.458452640814057e-5,8.386635719518825,0,NA,-0.09180422324290571,-1.94619059032864,-0.03174703838463996,-0.00189206966016643,220.6752,0.01865246677638745
YELL_WS_001_01,-14.21488373639632,61.111111111111114,30.327027750116535,1,-5.35380402796918,34.72222222222222,21.93556417290181,0.5972222222222222,NA,NA,NA,66.68498862952656,100,-1.0569823341352762,84.28571428571429,5.181805948392549,20,3.511954566412644,0.00750164975996631,1.3121185304977028,-0.00257540567192252,18.33880666173965,0,NA,-1.7893121261149645,-2.157361827956305,-0.03080169251470504,0.02251801667390041,9.42873191833496,0.0434535445288938
YELL_WS_001_02,-14.21488373639632,61.111111111111114,30.327027750116535,1,-5.35380402796918,34.72222222222222,21.93556417290181,0.5972222222222222,NA,NA,NA,66.68498862952656,100,-1.0569823341352762,84.28571428571429,5.181805948392549,20,3.511954566412644,0.00750164975996631,1.3121185304977028,-0.00257540567192252,18.33880666173965,0,NA,-1.7893121261149645,-2.157361827956305,-0.03080169251470504,0.02251801667390041,9.42873191833496,0.0434535445288938
YELL_WS_002_01,-16.455941539354228,70.83333333333333,24.75265456674804,1,-5.594644626382151,34.72222222222222,25.20990437282204,0.6944444444444444,NA,NA,NA,66.68498862952656,100,-1.241685069972711,90,5.181805948392549,20,3.2964949173929203,0.0065326402922976,1.3121185304977028,-0.00257540567192252,42.22785075686924,1.9707919004062289,NA,-1.957868611784998,-2.8091320337033694,-0.01054673348273355,-0.03185574970548115,12.8748970031738,0.03508477506263762
YELL_WS_002_02,-16.455941539354228,70.83333333333333,24.75265456674804,1,-5.594644626382151,34.72222222222222,25.20990437282204,0.6944444444444444,NA,NA,NA,66.68498862952656,100,-1.241685069972711,90,5.181805948392549,20,3.2964949173929203,0.0065326402922976,1.3121185304977028,-0.00257540567192252,42.22785075686924,1.9707919004062289,NA,-1.957868611784998,-2.8091320337033694,-0.01054673348273355,-0.03185574970548115,12.8748970031738,0.03508477506263762
YELL_WS_003_01,-12.597066254086696,72.22222222222223,21.97289342262154,1,-4.936569596019989,40.27777777777778,16.025072785218423,0.5833333333333334,NA,NA,NA,66.68498862952656,100,-0.9012742906160294,81.42857142857143,5.181805948392549,20,3.3117771463914467,0.0058501637080525,1.3121185304977028,-0.00257540567192252,54.36884341868532,1.180833998262499,NA,-2.7080809700268276,-2.2947362239914715,-0.02422195642836355,0.02455944485134548,18.531840000000003,0.03003010147429824
YELL_WS_004_01,-16.18736773882698,70.83333333333333,24.526283612033534,1,-6.811336902907465,37.5,47.48327067480182,0.7777777777777778,NA,NA,NA,66.68498862952656,100,-1.1161413811997258,90,-26.227590338399924,0,3.4073526643272993,0.00563421736759517,1.3121185304977028,-5.330830322308328e-4,39.040813081186734,1.0775189434756929,NA,-1.7603757550206156,-2.7288118799527488,-0.03332617801351495,0.01391788951137612,15.3303728103638,0.03874814809134516
YELL_WS_006_01,-17.53730161842658,80.55555555555556,24.11164667157665,1,-5.711579828621143,40.27777777777778,51.72583994606727,0.7916666666666666,NA,NA,NA,66.68498862952656,100,-1.279873253939363,94.28571428571428,5.181805948392549,20,3.4668446427225263,0.00651802114950924,1.3121185304977028,-0.00257540567192252,51.41004964279156,0,NA,-2.148995066607235,-3.3073068830702064,-0.03104183363699124,-0.01117273024570795,5.852160000000001,0.03528892254688328
YELL_WS_006_02,-17.53730161842658,80.55555555555556,24.11164667157665,1,-5.711579828621143,40.27777777777778,51.72583994606727,0.7916666666666666,NA,NA,NA,66.68498862952656,100,-1.279873253939363,94.28571428571428,5.181805948392549,20,3.4668446427225263,0.00651802114950924,1.3121185304977028,-0.00257540567192252,51.41004964279156,0,NA,-2.148995066607235,-3.3073068830702064,-0.03104183363699124,-0.01117273024570795,5.120640000000001,0.03528892254688328
YELL_WS_007_01,-14.271359214458816,75,22.359429854945883,1,-4.923882893792208,38.888888888888886,22.330119734654335,0.625,NA,NA,NA,66.68498862952656,100,-0.9470987563828964,84.28571428571429,-26.227590338399924,0,3.3785849058120108,0.00627600123814803,1.3121185304977028,-5.330830322308328e-4,33.663842274507246,1.1000918172207184,NA,-1.97470356795523,-2.4384337718190703,-0.01657849204629796,-0.0140238289881234,18.531840000000003,0.02867252065697085
YELL_WS_008_01,-12.567228924026267,69.44444444444444,26.69006160191512,1,-4.961935134297655,31.944444444444443,15.20598112483003,0.6527777777777778,NA,NA,NA,66.68498862952656,100,-1.0001117888708826,84.28571428571429,5.181805948392549,20,3.3900316257915497,0.00731396811731523,1.3121185304977028,-0.00257540567192252,18.747560004180254,0,NA,-0.5445819477792119,-1.1777769724528184,-0.019784060438694,0.01384534168635866,0,0.03554516685499549
YELL_WS_010_01,-16.001223473688846,62.5,29.747883270779035,1,-6.502606058169401,34.72222222222222,46.09100101074024,0.7361111111111112,NA,NA,NA,66.68498862952656,100,-1.0390845567336089,84.28571428571429,5.181805948392549,20,3.4513570545252357,0.00663300014122848,1.3121185304977028,-0.00257540567192252,7.015783052784648,0,NA,-1.4257572577362163,-2.324305311281083,-0.03400655694727627,0.01979788755759213,0,0.04475238626691551
YELL_WS_010_02,-14.424968529209073,65.27777777777777,27.424093507325324,1,-5.844578507406392,34.72222222222222,27.020495724605833,0.6388888888888888,NA,NA,NA,66.68498862952656,100,-0.9130580205912188,81.42857142857143,5.181805948392549,20,3.4824752128489784,0.00671633909104325,1.3121185304977028,-0.00257540567192252,7.049821855105614,0,NA,-2.3592649466461597,-2.903664370693226,-0.03298499410669495,0.02160125308566623,0,0.03690794664446188
YELL_WS_011_01,-19.27414961286994,73.61111111111111,23.720889622993983,1,-5.4215918888918715,37.5,57.80436687860289,0.8333333333333334,NA,NA,NA,66.68498862952656,100,-1.249876848772851,91.42857142857144,5.181805948392549,20,3.4596659998312633,0.00578341338739969,1.3121185304977028,-0.00257540567192252,13.164047130653255,0,NA,-2.819574406632671,-3.970592055055832,-0.04427519131619895,0.00568697580094199,9.7536,0.03789958162866187
YELL_WS_011_02,-19.27414961286994,73.61111111111111,23.720889622993983,1,-5.4215918888918715,37.5,57.80436687860289,0.8333333333333334,NA,NA,NA,66.68498862952656,100,-1.249876848772851,91.42857142857144,5.181805948392549,20,3.4596659998312633,0.00578341338739969,1.3121185304977028,-0.00257540567192252,13.164047130653255,0,NA,-2.819574406632671,-3.970592055055832,-0.04427519131619895,0.00568697580094199,9.7536,0.03789958162866187
YELL_WS_012_01,-10.386592595570626,58.333333333333336,34.19210260321589,1,-5.385953921659019,34.72222222222222,10.160561132565151,0.5555555555555556,NA,NA,NA,66.68498862952656,100,-0.7776853486717319,81.42857142857143,55.0279776275984,90,3.733461357050802,0.00977442849806664,1.3121185304977028,-8.287700758170437e-4,3.5818962784619024,1.0814513139870678,NA,-2.136122685490229,-3.716992367638477,-0.01076441723185985,0.0119463711382656,14.630400000000002,0.03895705827982178
YELL_WS_013_01,-16.751506978845715,58.333333333333336,26.920381568039954,1,-5.8346354899043575,36.111111111111114,52.21806162154643,0.7777777777777778,NA,NA,NA,66.68498862952656,100,-1.2218842326779558,91.42857142857144,5.181805948392549,20,3.406117728011912,0.00667509864294993,1.3121185304977028,-0.00257540567192252,15.352572729231312,0,NA,-1.7308013415616823,-3.0049434307116805,-0.03765036901640927,0.01525149875217014,15.6372690200806,0.04225747498589512
YELL_WS_013_02,-16.751506978845715,58.333333333333336,26.920381568039954,1,-5.8346354899043575,36.111111111111114,52.21806162154643,0.7777777777777778,NA,NA,NA,66.68498862952656,100,-1.2218842326779558,91.42857142857144,5.181805948392549,20,3.406117728011912,0.00667509864294993,1.3121185304977028,-0.00257540567192252,16.146507662370823,0,NA,-1.7308013415616823,-3.0049434307116805,-0.03765036901640927,0.01525149875217014,10.6857604980469,0.04225747498589512
YELL_WS_014_01,-8.822249538429054,59.72222222222222,23.469570877194545,1,-4.696006843355498,33.333333333333336,8.43120320166529,0.5138888888888888,NA,NA,NA,66.68498862952656,100,-0.548042815364939,74.28571428571429,55.0279776275984,90,3.484479781357426,0.00733982349985484,1.3121185304977028,-8.287700758170437e-4,13.343464312320668,2.675872682439504,NA,-3.5192454739620813,-3.90905647277832,-0.00827313455161794,0.02143166153519241,8.54781150817871,0.0259693497956849
YELL_WS_015_01,-11.359672019810722,66.66666666666667,26.03828395388231,1,-5.408043236546247,30.555555555555557,9.980614931049292,0.5138888888888888,NA,NA,NA,66.68498862952656,100,-0.9282966949398191,81.42857142857143,55.0279776275984,90,3.439996527419629,0.00754973705708066,1.3121185304977028,-8.287700758170437e-4,7.38372752897811,0,NA,-1.582296693742562,-1.9237443689714415,-0.01280660506889893,0.01498250608091001,0,0.03437821279372287
YELL_WS_016_01,-12.11593570069174,59.72222222222222,30.463668763404247,1,-5.592602124292289,30.555555555555557,9.292691851676096,0.5138888888888888,NA,NA,NA,66.68498862952656,100,-0.9745869815526884,92.85714285714286,55.0279776275984,90,3.6371441309977137,0.00838083395628685,1.3121185304977028,-8.287700758170437e-4,2.4553203486742463,0,NA,0.4509374145004472,-1.453242879261003,-0.01087871875027548,0.03244777457423942,0,0.04014242852265051
YELL_WS_017_01,-16.751506978845715,58.333333333333336,26.920381568039954,1,-5.8346354899043575,36.111111111111114,52.21806162154643,0.7777777777777778,NA,NA,NA,66.68498862952656,100,-1.2218842326779558,91.42857142857144,5.181805948392549,20,3.406117728011912,0.00667509864294993,1.3121185304977028,-0.00257540567192252,17.43296419712919,0,NA,-1.7308013415616823,-3.0049434307116805,-0.03765036901640927,0.01525149875217014,22.4571552276611,0.04225747498589512
YELL_WS_018_01,-16.001223473688846,62.5,29.747883270779035,1,-6.502606058169401,34.72222222222222,46.09100101074024,0.7361111111111112,NA,NA,NA,66.68498862952656,100,-1.0390845567336089,84.28571428571429,5.181805948392549,20,3.4513570545252357,0.00663300014122848,1.3121185304977028,-0.00257540567192252,6.192443091834673,0,NA,-1.4257572577362163,-2.324305311281083,-0.03400655694727627,0.01979788755759213,7.071360000000001,0.04475238626691551
YELL_WS_019_01,-8.62280574207177,58.333333333333336,21.42389755311948,1,-5.05438165518199,34.72222222222222,7.501274832648948,0.5555555555555556,NA,NA,NA,66.68498862952656,100,-0.5936284321627595,78.57142857142857,55.0279776275984,90,3.5357594374687444,0.00671541686724109,1.3121185304977028,-8.287700758170437e-4,29.24341251928561,0,NA,-4.631014581355785,-5.349920887417266,-0.01937166746964468,0.0137399744104456,31.45536,0.02524239834552653
YELL_WS_020_01,-20.31476041563448,80.55555555555556,24.24596815201293,1,-5.821287727008522,38.888888888888886,67.94662680239006,0.875,NA,NA,NA,66.68498862952656,100,-1.4019832103891328,98.57142857142856,5.181805948392549,20,3.507729427765111,0.00601758675173981,1.3121185304977028,-0.00257540567192252,18.69574564945933,0,NA,-3.2349054404063,-4.246066247092353,-0.0484929882280057,-6.085054374035466e-4,41.3712539672852,0.03863950708838561
YELL_WS_021_01,-13.99292027585224,68.05555555555556,25.18506526462426,1,-6.109746486040051,31.944444444444443,14.468215308635305,0.5138888888888888,NA,NA,NA,66.68498862952656,100,-1.1552085142374706,94.28571428571428,55.0279776275984,90,3.2738704361890916,0.00646004548255555,1.3121185304977028,-8.287700758170437e-4,0,0,NA,0.8660030864455072,0.02014736334483302,0.00219338707516253,0.01923940211166569,18.8716926574707,0.03849226391477073
YELL_WS_021_02,-13.99292027585224,68.05555555555556,25.18506526462426,1,-6.109746486040051,31.944444444444443,14.468215308635305,0.5138888888888888,NA,NA,NA,66.68498862952656,100,-1.1552085142374706,94.28571428571428,55.0279776275984,90,3.2738704361890916,0.00646004548255555,1.3121185304977028,-8.287700758170437e-4,0,0,NA,0.8660030864455072,0.02014736334483302,0.00219338707516253,0.01923940211166569,18.8716926574707,0.03849226391477073
YELL_WS_021_03,-13.99292027585224,68.05555555555556,25.18506526462426,1,-6.109746486040051,31.944444444444443,14.468215308635305,0.5138888888888888,NA,NA,NA,66.68498862952656,100,-1.1552085142374706,94.28571428571428,55.0279776275984,90,3.2738704361890916,0.00646004548255555,1.3121185304977028,-8.287700758170437e-4,0,0,NA,0.8660030864455072,0.02014736334483302,0.00219338707516253,0.01923940211166569,18.8716926574707,0.03849226391477073
YELL_WS_021_04,-14.02959320145686,69.44444444444444,25.34292089233588,1,-5.803748014037383,34.72222222222222,19.63903795578644,0.5,NA,NA,NA,66.68498862952656,100,-1.1754290861525591,90,5.181805948392549,20,3.272842620483482,0.00652018200861882,1.3121185304977028,-0.00257540567192252,0.8664744551954133,0,NA,0.48367511327304313,-0.24183087878756587,-3.959332969325195e-4,0.01732346648541988,76.8096,0.03685760178159616
YELL_WS_021_05,-14.02959320145686,69.44444444444444,25.34292089233588,1,-5.803748014037383,34.72222222222222,19.63903795578644,0.5,NA,NA,NA,66.68498862952656,100,-1.1754290861525591,90,5.181805948392549,20,3.272842620483482,0.00652018200861882,1.3121185304977028,-0.00257540567192252,0.8664744551954133,0,NA,0.48367511327304313,-0.24183087878756587,-3.959332969325195e-4,0.01732346648541988,52.4256,0.03685760178159616
YELL_WS_022_01,-11.744757720165486,69.44444444444444,24.985360073372107,1,-4.9607441015741,36.111111111111114,8.053850492357082,0.5416666666666666,NA,NA,NA,66.68498862952656,100,-0.8695100824634852,87.14285714285714,55.0279776275984,90,3.757862014178971,0.00724358893613648,1.3121185304977028,-8.287700758170437e-4,11.970227791733985,0,NA,-2.1074465865559024,-1.7445607470651008,-0.01512674121329986,0.01126110268054704,0,0.03201313966203489
YELL_WS_023_01,-12.788869854084892,58.333333333333336,29.0446011649443,1,-5.542351887430103,34.72222222222222,13.983816599942866,0.5555555555555556,NA,NA,NA,66.68498862952656,100,-1.1380954987290512,90,5.181805948392549,20,3.5546348339198164,0.00776937132045817,1.3121185304977028,-0.00257540567192252,7.352336183812056,0,NA,-0.6051168209976652,-2.6070946905348062,-0.02319339144786171,0.02749133762722046,0,0.04143467975680832
YOSE_WS_001_01,-15.974762311195304,66.66666666666667,25.146239660141987,1,-11.198168004670324,63.888888888888886,6.4031770357525035,0.5277777777777778,NA,NA,NA,48.20886953501758,100,-0.5671472941177005,85.71428571428571,707.7110385841876,100,2.972538856337714,0.00214254874247734,0.3741799981074936,2.731495369688743e-4,17.49468059146951,2.4572969900568427,NA,-0.720237127687564,1.1079637696345686,-7.380617592614189e-4,0.01266569914641193,0,0.01632997683452798
YOSE_WS_002_01,-15.706302587768404,63.888888888888886,28.887121481023037,1,-10.899221234993064,63.888888888888886,6.13285394203354,0.5,NA,NA,NA,48.20886953501758,100,-0.5963012115106301,88.57142857142857,707.7110385841876,100,2.9593388236219407,0.00287577586832138,0.3741799981074936,2.731495369688743e-4,8.925710640312328,0.639713876853504,NA,-0.5221804176215793,0.490979055563605,-0.00133362737014802,0.01431630887197292,0,0.01697275906140015
YOSE_WS_003_01,-15.866788944852608,68.05555555555556,20.729598421008763,1,-11.207615348161236,62.5,5.348053327732116,0.5138888888888888,NA,NA,NA,48.20886953501758,100,-0.6084262573817446,88.57142857142857,707.7110385841876,100,3.007252996397984,0.00226320909750349,0.3741799981074936,2.731495369688743e-4,0,2.6665873268922105,NA,-0.9536700324406736,-0.02358747104515556,-0.00186289887079721,0.01899730541087967,5.18558597564697,0.01797458650533156
YOSE_WS_004_01,-17.932917132454072,56.94444444444444,18.28220860170834,0.9583333333333334,-13.655547298089246,68.05555555555556,6.998407619970461,0.5833333333333334,NA,NA,NA,74.3668467359433,97.5,-0.809915221328165,91.42857142857144,707.7110385841876,100,3.0307645745981926,0.00560464659768134,0.3741799981074936,2.731495369688743e-4,42.211302321153035,2.441291767057362,NA,-2.2350518148806344,-4.406647279371621,-0.00636087698559513,0.00401874824806514,10.6690006256104,0.04784143150985047
YOSE_WS_004_02,-17.932917132454072,56.94444444444444,18.28220860170834,0.9583333333333334,-13.655547298089246,68.05555555555556,6.998407619970461,0.5833333333333334,NA,NA,NA,74.3668467359433,97.5,-0.809915221328165,91.42857142857144,707.7110385841876,100,3.0307645745981926,0.00560464659768134,0.3741799981074936,2.731495369688743e-4,42.211302321153035,2.441291767057362,NA,-2.2350518148806344,-4.406647279371621,-0.00636087698559513,0.00401874824806514,10.6690006256104,0.04784143150985047
YOSE_WS_004_03,-17.932917132454072,56.94444444444444,18.28220860170834,0.9583333333333334,-13.655547298089246,68.05555555555556,6.998407619970461,0.5833333333333334,NA,NA,NA,74.3668467359433,97.5,-0.809915221328165,91.42857142857144,707.7110385841876,100,3.0307645745981926,0.00560464659768134,0.3741799981074936,2.731495369688743e-4,42.211302321153035,2.441291767057362,NA,-2.2350518148806344,-4.406647279371621,-0.00636087698559513,0.00401874824806514,10.6690006256104,0.04784143150985047
YOSE_WS_004_04,-17.932917132454072,56.94444444444444,18.28220860170834,0.9583333333333334,-13.655547298089246,68.05555555555556,6.998407619970461,0.5833333333333334,NA,NA,NA,74.3668467359433,97.5,-0.809915221328165,91.42857142857144,707.7110385841876,100,3.0307645745981926,0.00560464659768134,0.3741799981074936,2.731495369688743e-4,42.211302321153035,2.441291767057362,NA,-2.2350518148806344,-4.406647279371621,-0.00636087698559513,0.00401874824806514,10.6690006256104,0.04784143150985047
YOSE_WS_004_05,-17.932917132454072,56.94444444444444,18.28220860170834,0.9583333333333334,-13.655547298089246,68.05555555555556,6.998407619970461,0.5833333333333334,NA,NA,NA,74.3668467359433,97.5,-0.809915221328165,91.42857142857144,707.7110385841876,100,3.0307645745981926,0.00560464659768134,0.3741799981074936,2.731495369688743e-4,42.211302321153035,2.441291767057362,NA,-2.2350518148806344,-4.406647279371621,-0.00636087698559513,0.00401874824806514,10.6690006256104,0.04784143150985047
YOSE_WS_004_06,-17.932917132454072,56.94444444444444,18.28220860170834,0.9583333333333334,-13.655547298089246,68.05555555555556,6.998407619970461,0.5833333333333334,NA,NA,NA,74.3668467359433,97.5,-0.809915221328165,91.42857142857144,707.7110385841876,100,3.0307645745981926,0.00560464659768134,0.3741799981074936,2.731495369688743e-4,42.211302321153035,2.441291767057362,NA,-2.2350518148806344,-4.406647279371621,-0.00636087698559513,0.00401874824806514,10.6690006256104,0.04784143150985047
YOSE_WS_005_01,-16.873629121624997,55.55555555555556,27.633016702713988,1,-13.546907362705566,65.27777777777777,6.7313323111541195,0.5833333333333334,NA,NA,NA,74.3668467359433,97.5,-0.7247648330877244,90,103.30222979711886,100,2.775445438485276,0.00935641448780057,0.3741799981074936,4.5042642922741926e-4,33.57679965001636,16.7981256164437,NA,-1.8421358142802948,-1.194613667390154,-0.00431729530446478,0.0212764932651713,0,0.03909599074097115
YOSE_WS_006_01,-14.45847958800495,51.388888888888886,42.99302529448799,1,-13.811651454017676,68.05555555555556,7.31528961467184,0.5694444444444444,NA,NA,NA,48.20886953501758,100,-0.7810640916110614,91.42857142857144,707.7110385841876,100,2.95305213967152,0.01245685776211687,0.3741799981074936,2.731495369688743e-4,80.47431204166074,0,NA,-2.5406362662712745,-2.147826440684071,-0.00889929443180934,0.01070506805522681,97.536,0.03256820531645522
YOSE_WS_007_01,-16.6494251081217,52.77777777777778,27.066312998721088,1,-14.236898506765314,68.05555555555556,7.34583097687876,0.5694444444444444,NA,NA,NA,48.20886953501758,100,-0.8259484218737372,91.42857142857144,103.30222979711886,100,2.929907533240383,0.00898643794727777,0.3741799981074936,4.5042642922741926e-4,60.367918009731646,0,NA,-2.197365395024292,-1.867051301578505,-0.00859145144158953,0.01161277609527428,36.7341842651367,0.04239073246989446
YOSE_WS_008_01,-17.31708976219387,54.166666666666664,25.5297070413016,1,-13.914658859131327,66.66666666666667,6.84044932313141,0.5833333333333334,NA,NA,NA,48.20886953501758,100,-0.7923462004631124,91.42857142857144,103.30222979711886,100,2.8634823834169723,0.00851265203641775,0.3741799981074936,4.5042642922741926e-4,43.91875431209256,2.240458794489588,NA,-1.671726843342185,-1.3143354589664171,-0.00930383972429203,0.02182468795348224,17.8060340881348,0.04194040163926646
YOSE_WS_009_01,-14.45847958800495,51.388888888888886,42.99302529448799,1,-13.811651454017676,68.05555555555556,7.31528961467184,0.5694444444444444,NA,NA,NA,48.20886953501758,100,-0.7810640916110614,91.42857142857144,707.7110385841876,100,2.95305213967152,0.01245685776211687,0.3741799981074936,2.731495369688743e-4,79.89785464072861,0,NA,-2.5406362662712745,-2.147826440684071,-0.00889929443180934,0.01070506805522681,0,0.03256820531645522
YOSE_WS_010_01,-13.86605736389518,54.166666666666664,64.49621875197653,1,-12.559221052286398,66.66666666666667,7.302352483458645,0.5694444444444444,NA,NA,NA,48.20886953501758,100,-0.64768746893065,87.14285714285714,103.30222979711886,100,2.9261545497361796,0.01389448813064567,0.3741799981074936,4.5042642922741926e-4,50.995861368720064,1.821434742299414,NA,-3.2837136442011055,-2.388347719791864,-0.0075414147772566,0.01110286813564404,60.47232,0.01772035605748187
YOSE_WS_011_01,-14.360942325514175,59.72222222222222,52.74601196718259,1,-12.19531166453628,63.888888888888886,7.143785134960388,0.5555555555555556,NA,NA,NA,48.20886953501758,100,-0.6104143570510343,85.71428571428571,707.7110385841876,100,2.96544086676772,0.0108608829260253,0.3741799981074936,2.731495369688743e-4,27.607190624484566,0.44484703304198775,NA,-3.439715738873929,-3.796576587499203,-0.00698802029849363,0.0021730823281371,0,0.01347651472959728
YOSE_WS_012_01,-15.389900725246308,54.166666666666664,32.351124548156534,1,-13.068786850066482,66.66666666666667,7.113710421577751,0.5833333333333334,NA,NA,NA,74.3668467359433,97.5,-0.7672595171522963,91.42857142857144,707.7110385841876,100,3.02668994387418,0.01106335369822716,0.3741799981074936,2.731495369688743e-4,48.86936877401954,1.7882599140831823,NA,-3.0592663624347813,-3.321294886094544,-0.00870260633504331,0.003348950986509,6.1638765335083,0.03591255742406445
YOSE_WS_013_01,-12.468773121895463,54.166666666666664,66.73887838197186,1,-12.036096798064412,63.888888888888886,7.811021768511564,0.5694444444444444,NA,NA,NA,48.20886953501758,100,-0.640301789751724,88.57142857142857,707.7110385841876,100,2.9128328216166093,0.01472973224588123,0.3741799981074936,2.731495369688743e-4,51.624087582014624,6.1209459699954865,NA,-3.506000060174202,-4.884066629327009,-0.00775474598049338,-0.00226821247329065,13.4112,0.02054110004801453
YOSE_WS_013_02,-12.468773121895463,54.166666666666664,66.73887838197186,1,-12.036096798064412,63.888888888888886,7.811021768511564,0.5694444444444444,NA,NA,NA,48.20886953501758,100,-0.640301789751724,88.57142857142857,707.7110385841876,100,2.9128328216166093,0.01472973224588123,0.3741799981074936,2.731495369688743e-4,51.624087582014624,6.1209459699954865,NA,-3.506000060174202,-4.884066629327009,-0.00775474598049338,-0.00226821247329065,121.92,0.02054110004801453
YOSE_WS_013_03,-12.468773121895463,54.166666666666664,66.73887838197186,1,-12.036096798064412,63.888888888888886,7.811021768511564,0.5694444444444444,NA,NA,NA,48.20886953501758,100,-0.640301789751724,88.57142857142857,707.7110385841876,100,2.9128328216166093,0.01472973224588123,0.3741799981074936,2.731495369688743e-4,51.624087582014624,6.1209459699954865,NA,-3.506000060174202,-4.884066629327009,-0.00775474598049338,-0.00226821247329065,256.03200000000004,0.02054110004801453
YOSE_WS_014_01,-13.706597087489888,54.166666666666664,55.47929456484323,1,-12.510296097606952,66.66666666666667,7.248196601421198,0.5833333333333334,NA,NA,NA,48.20886953501758,100,-0.7108214164280148,91.42857142857144,707.7110385841876,100,3.0014610848831325,0.01407025276669517,0.3741799981074936,2.731495369688743e-4,93.37448756511492,0,NA,-3.6836059888203865,-4.010579808994559,-0.00928935363212036,0.00297005735797638,38.282880000000006,0.02564892338750981
YOSE_WS_015_01,-13.571990543038806,55.55555555555556,67.23085039838006,1,-12.242208026908548,63.888888888888886,7.39142396865496,0.5833333333333334,NA,NA,NA,48.20886953501758,100,-0.6537960958743474,88.57142857142857,707.7110385841876,100,2.9756570545053727,0.01371364206826557,0.3741799981074936,2.731495369688743e-4,65.14545670791223,0,NA,-3.579901749557922,-3.815957688312565,-0.00950086560068248,0.00225342644585513,41.4528,0.0174452397785562
YOSE_WS_016_01,-15.389900725246308,54.166666666666664,32.351124548156534,1,-13.068786850066482,66.66666666666667,7.113710421577751,0.5833333333333334,NA,NA,NA,48.20886953501758,100,-0.7672595171522963,91.42857142857144,707.7110385841876,100,3.02668994387418,0.01106335369822716,0.3741799981074936,2.731495369688743e-4,72.26764914726552,0,NA,-3.0592663624347813,-3.321294886094544,-0.00870260633504331,0.003348950986509,58.52160000000001,0.03591255742406445
YOSE_WS_017_01,-12.468773121895463,54.166666666666664,66.73887838197186,1,-12.036096798064412,63.888888888888886,7.811021768511564,0.5694444444444444,NA,NA,NA,48.20886953501758,100,-0.640301789751724,88.57142857142857,707.7110385841876,100,2.9128328216166093,0.01472973224588123,0.3741799981074936,2.731495369688743e-4,71.25718065740283,0.817738941498679,NA,-3.506000060174202,-4.884066629327009,-0.00775474598049338,-0.00226821247329065,0,0.02054110004801453
YOSE_WS_017_02,-12.468773121895463,54.166666666666664,66.73887838197186,1,-12.036096798064412,63.888888888888886,7.811021768511564,0.5694444444444444,NA,NA,NA,48.20886953501758,100,-0.640301789751724,88.57142857142857,707.7110385841876,100,2.9128328216166093,0.01472973224588123,0.3741799981074936,2.731495369688743e-4,54.81654156263996,5.96822532748328,NA,-3.506000060174202,-4.884066629327009,-0.00775474598049338,-0.00226821247329065,0,0.02054110004801453
YOSE_WS_018_01,-15.25561009233829,54.166666666666664,71.79707147417426,1,-14.091259061138524,63.888888888888886,7.425112192362493,0.625,NA,NA,NA,48.20886953501758,100,-0.695030676291985,85.71428571428571,198.6444031266508,55,3.107823693814006,0.01366905012758745,0.3741799981074936,-0.01003019593488704,93.59699992935484,0,NA,-4.009895016013837,-3.0277265290338784,-0.01476719752136024,0.01294046566810136,0,0.01585230566706977
YOSE_WS_020_01,-16.36055282067277,55.55555555555556,30.08544579960646,1,-13.857816666697495,65.27777777777777,6.8466711612273965,0.5833333333333334,NA,NA,NA,74.3668467359433,97.5,-0.7652800263692704,91.42857142857144,707.7110385841876,100,3.077427576899479,0.01065438663963785,0.3741799981074936,2.731495369688743e-4,88.54593146879205,2.044909712351831,NA,-2.720517670843333,-4.228598006511175,-0.01358739358411308,0.00504981146918375,0,0.03605584619611843
ZION_WS_003_01,-41.9285194054481,61.111111111111114,32.67998675590196,0.9722222222222222,-14.389529113877098,50,37.10367785559485,0.6666666666666666,NA,NA,NA,31.28802133993632,77.5,-1.5205240112374874,100,50.9458346477495,70,3.3652403750584803,0.00169195326725118,2.089977229231803,3.907988243802563e-5,16.757445790478698,0.8661100157418509,NA,-0.4232432903556707,-4.74753001332283,-0.04489592310911411,0.02920370995349105,45.7200012207031,0.04629766451460609
ZION_WS_003_02,-39.540897266768056,59.72222222222222,34.986251662339946,0.9722222222222222,-13.485511263561298,50,42.321412437932075,0.6666666666666666,NA,NA,NA,31.28802133993632,77.5,-1.5185246155216496,100,50.9458346477495,70,3.344601281037704,0.00252943907394403,2.089977229231803,3.907988243802563e-5,18.548533545021847,0.05889409005708081,NA,-1.050061394586975,-4.778291569815735,-0.04666344982548694,0.02876733850549821,21.3380012512207,0.04393705120684326
ZION_WS_003_03,-39.540897266768056,59.72222222222222,34.986251662339946,0.9722222222222222,-13.485511263561298,50,42.321412437932075,0.6666666666666666,NA,NA,NA,31.28802133993632,77.5,-1.5185246155216496,100,50.9458346477495,70,3.344601281037704,0.00252943907394403,2.089977229231803,3.907988243802563e-5,17.24009851610251,0.09766311863272473,NA,-1.050061394586975,-4.778291569815735,-0.04666344982548694,0.02876733850549821,41.5815505981445,0.04393705120684326
ZION_WS_003_04,-41.9285194054481,61.111111111111114,32.67998675590196,0.9722222222222222,-14.389529113877098,50,37.10367785559485,0.6666666666666666,NA,NA,NA,31.28802133993632,77.5,-1.5205240112374874,100,50.9458346477495,70,3.3652403750584803,0.00169195326725118,2.089977229231803,3.907988243802563e-5,15.408250296080068,0.7471145783865935,NA,-0.4232432903556707,-4.74753001332283,-0.04489592310911411,0.02920370995349105,23.5176219940186,0.04629766451460609
ZION_WS_004_01,-35.95956027101381,59.72222222222222,38.57719523517491,0.9861111111111112,-11.170772991953092,47.22222222222222,63.40821997615004,0.625,NA,NA,NA,35.27112319048638,90,-1.6629172000511303,100,50.9458346477495,70,3.44596682559537,0.00454102492346887,2.089977229231803,3.907988243802563e-5,62.207896598679014,1.8924882511037375,NA,-0.766860107302145,-3.8550452905751422,-0.03714650032176503,-0.00827269377531839,50.23104000000001,0.03511925549285363
ZION_WS_005_01,-39.55625323683664,59.72222222222222,34.24684001210738,0.9722222222222222,-13.866285481293652,51.388888888888886,40.4590461644093,0.6666666666666666,NA,NA,NA,31.28802133993632,77.5,-1.556923697771649,100,23.577178001463103,35,3.3647139862399325,0.00207025299015254,2.089977229231803,1.3121683535825007e-4,23.855920223208805,0,NA,-0.3683690671987776,-4.5789195082715555,-0.04439890107071762,0.02772019867204196,225.552,0.04514324011039834
ZION_WS_006_01,-39.540897266768056,59.72222222222222,34.986251662339946,0.9722222222222222,-13.485511263561298,50,42.321412437932075,0.6666666666666666,NA,NA,NA,31.28802133993632,77.5,-1.5185246155216496,100,50.9458346477495,70,3.344601281037704,0.00252943907394403,2.089977229231803,3.907988243802563e-5,29.24797594227692,0,NA,-1.050061394586975,-4.778291569815735,-0.04666344982548694,0.02876733850549821,51.9696197509766,0.04393705120684326
DRTO_WS_001_01,NA,NA,NA,NA,NA,NA,NA,NA,0.0636562497722224,1,NA,26.001798898456652,100,NA,NA,82.10012427049074,100,NA,NA,2.358249406420345,3.5907650938322224e-4,0,NA,99.70468683311778,0,0,NA,NA,0,NA
DRTO_WS_002_01,NA,NA,NA,NA,NA,NA,NA,NA,0.0636562497722224,1,NA,26.001798898456652,100,NA,NA,82.10012427049074,100,NA,NA,2.358249406420345,3.5907650938322224e-4,0,NA,99.70468683311778,0,0,NA,NA,0,NA
DRTO_WS_003_01,NA,NA,NA,NA,NA,NA,NA,NA,0.02614184721790025,1,NA,26.001798898456652,100,NA,NA,82.10012427049074,100,NA,NA,2.358249406420345,3.5907650938322224e-4,0,NA,99.61537147095186,0,0,NA,NA,0,NA
CECH_WS_001_01,NA,NA,NA,NA,NA,NA,NA,NA,NA,NA,NA,NA,NA,NA,NA,NA,NA,NA,NA,3.611536745737727,NA,82.97689574393921,2.0316754807076944,NA,NA,NA,NA,NA,NA,NA
GLCA_WS_001_01,NA,NA,NA,NA,NA,NA,NA,NA,NA,NA,NA,NA,NA,NA,NA,NA,NA,NA,NA,0.5001026538543605,NA,0,0,NA,NA,NA,NA,NA,NA,NA
GRPO_WS_001_01,NA,NA,NA,NA,NA,NA,NA,NA,NA,NA,NA,NA,NA,NA,NA,NA,NA,NA,NA,1.0689547869581753,NA,1.9815372731930752,NA,NA,NA,NA,NA,NA,NA,NA
REDW_WS_012_01,NA,NA,NA,NA,NA,NA,NA,NA,NA,NA,NA,NA,NA,NA,NA,NA,NA,NA,NA,0.4762282989805583,NA,1.458293772948619,0.550831619865271,NA,NA,NA,NA,NA,NA,NA
