id,park,delta_fp_p10,delta_fp_p50,delta_fp_p90,delta_fp_p10_pcntl,delta_fp_p50_pcntl,delta_fp_p90_pcntl
BICR_WS_001,BICR,14.964785582234196,34.68606326289563,52.248911219398565,70.86330935251799,69.69424460431655,54.49640287769785
FRRI_WS_001,FRRI,14.964785582234196,34.68606326289563,52.248911219398565,70.86330935251799,69.69424460431655,54.49640287769785
HOBE_WS_001,HOBE,15.037626002309027,29.91867458488226,42.303662700346386,72.66187050359713,40.647482014388494,36.780575539568346
LIRI_WS_001,LIRI,14.94944286108931,38.22798283015302,58.45752426719481,68.9748201438849,83.45323741007195,77.60791366906474
LIRI_WS_002,LIRI,14.964785582234196,34.68606326289563,52.248911219398565,70.86330935251799,69.69424460431655,54.49640287769785
NATR_WS_001,NATR,11.276954436206253,34.30494864809392,54.013699724311735,48.74100719424461,65.1978417266187,56.29496402877698
NATR_WS_002,NATR,12.443403314440559,39.16394574645316,60.39171846004885,53.05755395683454,84.62230215827337,78.9568345323741
NATR_WS_003,NATR,12.443403314440559,39.16394574645316,60.39171846004885,53.05755395683454,84.62230215827337,78.9568345323741
NATR_WS_004,NATR,11.276954436206253,34.30494864809392,54.013699724311735,48.74100719424461,65.1978417266187,56.29496402877698
NATR_WS_005,NATR,11.276954436206253,34.30494864809392,54.013699724311735,48.74100719424461,65.1978417266187,56.29496402877698
NATR_WS_006,NATR,11.276954436206253,34.30494864809392,54.013699724311735,48.74100719424461,65.1978417266187,56.29496402877698
NATR_WS_007,NATR,13.479174163424009,39.472990622945204,65.33226271919156,61.2410071942446,85.16187050359713,87.41007194244604
NATR_WS_008,NATR,12.443403314440559,39.16394574645316,60.39171846004885,53.05755395683454,84.62230215827337,78.9568345323741
NATR_WS_009,NATR,11.276954436206253,34.30494864809392,54.013699724311735,48.74100719424461,65.1978417266187,56.29496402877698
NATR_WS_010,NATR,11.276954436206253,34.30494864809392,54.013699724311735,48.74100719424461,65.1978417266187,56.29496402877698
NATR_WS_011,NATR,11.276954436206253,34.30494864809392,54.013699724311735,48.74100719424461,65.1978417266187,56.29496402877698
NATR_WS_012,NATR,11.276954436206253,34.30494864809392,54.013699724311735,48.74100719424461,65.1978417266187,56.29496402877698
NATR_WS_013,NATR,11.276954436206253,34.30494864809392,54.013699724311735,48.74100719424461,65.1978417266187,56.29496402877698
NATR_WS_014,NATR,14.951250459624674,35.95637020683493,56.41443484141227,70.05395683453237,77.87769784172663,64.29856115107914
NATR_WS_015,NATR,14.951250459624674,35.95637020683493,56.41443484141227,70.05395683453237,77.87769784172663,64.29856115107914
NATR_WS_016,NATR,13.479174163424009,39.472990622945204,65.33226271919156,61.2410071942446,85.16187050359713,87.41007194244604
NATR_WS_017,NATR,14.951250459624674,35.95637020683493,56.41443484141227,70.05395683453237,77.87769784172663,64.29856115107914
NATR_WS_018,NATR,11.276954436206253,34.30494864809392,54.013699724311735,48.74100719424461,65.1978417266187,56.29496402877698
NATR_WS_019,NATR,13.479174163424009,39.472990622945204,65.33226271919156,61.2410071942446,85.16187050359713,87.41007194244604
NATR_WS_020,NATR,11.276954436206253,34.30494864809392,54.013699724311735,48.74100719424461,65.1978417266187,56.29496402877698
NATR_WS_020,NATR,11.276954436206253,34.30494864809392,54.013699724311735,48.74100719424461,65.1978417266187,56.29496402877698
RUCA_WS_001,RUCA,15.569892981377787,39.9541456010378,57.80581376836427,73.47122302158273,87.41007194244604,72.12230215827337
SEMO_WS_001,SEMO,11.276954436206253,34.30494864809392,54.013699724311735,48.74100719424461,65.1978417266187,56.29496402877698
TUIN_WS_001,TUIN,11.276954436206253,34.30494864809392,54.013699724311735,48.74100719424461,65.1978417266187,56.29496402877698
CACH_WS_002,CACH,-24.662276758466117,-8.625988044465947,10.503768657497508,2.338129496402878,1.7985611510791366,1.169064748201439
CAGR_WS_001,CAGR,-33.41978228418421,-11.733311805617545,16.621517457151214,0.44964028776978415,0.44964028776978415,3.776978417266187
CHIR_WS_002,CHIR,-28.584615044502502,-9.553910177887985,11.958340624687317,1.5287769784172662,1.079136690647482,1.7985611510791366
CHIR_WS_001,CHIR,-28.584615044502502,-9.553910177887985,11.958340624687317,1.5287769784172662,1.079136690647482,1.7985611510791366
CORO_WS_001,CORO,-28.584615044502502,-9.553910177887985,11.958340624687317,1.5287769784172662,1.079136690647482,1.7985611510791366
FOBO_WS_001,FOBO,-28.584615044502502,-9.553910177887985,11.958340624687317,1.5287769784172662,1.079136690647482,1.7985611510791366
ARCH_WS_002,ARCH,-8.335142334793035,9.678108472990079,24.13422286503292,13.848920863309353,14.928057553956833,16.996402877697843
ARCH_WS_001,ARCH,-8.335142334793035,9.678108472990079,24.13422286503292,13.848920863309353,14.928057553956833,16.996402877697843
BRCA_WS_002,BRCA,20.025237668477338,33.48379203872507,51.4659593882657,91.99640287769785,57.2841726618705,53.05755395683454
BRCA_WS_002,BRCA,20.025237668477338,33.48379203872507,51.4659593882657,91.99640287769785,57.2841726618705,53.05755395683454
BRCA_WS_001,BRCA,-8.335142334793035,9.678108472990079,24.13422286503292,13.848920863309353,14.928057553956833,16.996402877697843
GLCA_WS_006,GLCA,-8.335142334793035,9.678108472990079,24.13422286503292,13.848920863309353,14.928057553956833,16.996402877697843
GLCA_WS_006,GLCA,-8.335142334793035,9.678108472990079,24.13422286503292,13.848920863309353,14.928057553956833,16.996402877697843
GLCA_WS_009,GLCA,-8.335142334793035,9.678108472990079,24.13422286503292,13.848920863309353,14.928057553956833,16.996402877697843
GLCA_WS_009,GLCA,-8.335142334793035,9.678108472990079,24.13422286503292,13.848920863309353,14.928057553956833,16.996402877697843
GRCA_WS_003,GRCA,-14.158069909383105,2.293533015609921,31.250607686040226,9.082733812949641,7.913669064748201,23.021582733812952
LAKE_WS_001,LAKE,-14.91181842601328,0.6076431192941064,31.28575639684715,8.992805755395683,6.924460431654676,24.730215827338128
LAKE_WS_002,LAKE,-14.91181842601328,0.6076431192941064,31.28575639684715,8.992805755395683,6.924460431654676,24.730215827338128
LAKE_WS_004,LAKE,-14.91181842601328,0.6076431192941064,31.28575639684715,8.992805755395683,6.924460431654676,24.730215827338128
LAKE_WS_005,LAKE,-14.91181842601328,0.6076431192941064,31.28575639684715,8.992805755395683,6.924460431654676,24.730215827338128
LAKE_WS_005,LAKE,-14.91181842601328,0.6076431192941064,31.28575639684715,8.992805755395683,6.924460431654676,24.730215827338128
LAKE_WS_005,LAKE,-14.91181842601328,0.6076431192941064,31.28575639684715,8.992805755395683,6.924460431654676,24.730215827338128
LAKE_WS_005,LAKE,-14.91181842601328,0.6076431192941064,31.28575639684715,8.992805755395683,6.924460431654676,24.730215827338128
LAKE_WS_005,LAKE,-14.91181842601328,0.6076431192941064,31.28575639684715,8.992805755395683,6.924460431654676,24.730215827338128
LAKE_WS_006,LAKE,-14.91181842601328,0.6076431192941064,31.28575639684715,8.992805755395683,6.924460431654676,24.730215827338128
LAKE_WS_008,LAKE,-14.91181842601328,0.6076431192941064,31.28575639684715,8.992805755395683,6.924460431654676,24.730215827338128
LAKE_WS_009,LAKE,-14.91181842601328,0.6076431192941064,31.28575639684715,8.992805755395683,6.924460431654676,24.730215827338128
LAKE_WS_009,LAKE,-14.91181842601328,0.6076431192941064,31.28575639684715,8.992805755395683,6.924460431654676,24.730215827338128
LAKE_WS_009,LAKE,-14.91181842601328,0.6076431192941064,31.28575639684715,8.992805755395683,6.924460431654676,24.730215827338128
LAKE_WS_010,LAKE,-14.91181842601328,0.6076431192941064,31.28575639684715,8.992805755395683,6.924460431654676,24.730215827338128
LAKE_WS_010,LAKE,-14.91181842601328,0.6076431192941064,31.28575639684715,8.992805755395683,6.924460431654676,24.730215827338128
MOCA_WS_002,MOCA,-11.727324010727731,1.718622843501592,19.75321776828036,10.161870503597124,7.823741007194244,5.305755395683454
MOCA_WS_003,MOCA,-11.727324010727731,1.718622843501592,19.75321776828036,10.161870503597124,7.823741007194244,5.305755395683454
MOCA_WS_001,MOCA,-11.727324010727731,1.718622843501592,19.75321776828036,10.161870503597124,7.823741007194244,5.305755395683454
NAVA_WS_001,NAVA,-24.662276758466117,-8.625988044465947,10.503768657497508,2.338129496402878,1.7985611510791366,1.169064748201439
ORPI_WS_001,ORPI,-33.41978228418421,-11.733311805617545,16.621517457151214,0.44964028776978415,0.44964028776978415,3.776978417266187
ORPI_WS_001,ORPI,-33.41978228418421,-11.733311805617545,16.621517457151214,0.44964028776978415,0.44964028776978415,3.776978417266187
PISP_WS_001,PISP,-8.335142334793035,9.678108472990079,24.13422286503292,13.848920863309353,14.928057553956833,16.996402877697843
SAGU_WS_005,SAGU,-28.584615044502502,-9.553910177887985,11.958340624687317,1.5287769784172662,1.079136690647482,1.7985611510791366
SAGU_WS_003,SAGU,-33.41978228418421,-11.733311805617545,16.621517457151214,0.44964028776978415,0.44964028776978415,3.776978417266187
SUCR_WS_001,SUCR,-11.727324010727731,1.718622843501592,19.75321776828036,10.161870503597124,7.823741007194244,5.305755395683454
TONT_WS_001,TONT,-33.41978228418421,-11.733311805617545,16.621517457151214,0.44964028776978415,0.44964028776978415,3.776978417266187
TUMA_WS_002,TUMA,-28.584615044502502,-9.553910177887985,11.958340624687317,1.5287769784172662,1.079136690647482,1.7985611510791366
TUMA_WS_001,TUMA,-28.584615044502502,-9.553910177887985,11.958340624687317,1.5287769784172662,1.079136690647482,1.7985611510791366
TUZI_WS_001,TUZI,-11.727324010727731,1.718622843501592,19.75321776828036,10.161870503597124,7.823741007194244,5.305755395683454
WACA_WS_001,WACA,-11.727324010727731,1.718622843501592,19.75321776828036,10.161870503597124,7.823741007194244,5.305755395683454
WUPA_WS_001,WUPA,-24.662276758466117,-8.625988044465947,10.503768657497508,2.338129496402878,1.7985611510791366,1.169064748201439
CHIS_WS_004,CHIS,-21.324338338025093,-0.3788344601674061,17.66535887955072,3.327338129496403,5.215827338129497,4.676258992805756
CHIS_WS_005,CHIS,-21.324338338025093,-0.3788344601674061,17.66535887955072,3.327338129496403,5.215827338129497,4.676258992805756
CHIS_WS_008,CHIS,-21.324338338025093,-0.3788344601674061,17.66535887955072,3.327338129496403,5.215827338129497,4.676258992805756
DEVA_WS_001,DEVA,-16.588008337778838,2.972299313168291,47.397614440652255,7.014388489208632,9.352517985611511,42.086330935251794
DEVA_WS_002,DEVA,-16.588008337778838,2.972299313168291,47.397614440652255,7.014388489208632,9.352517985611511,42.086330935251794
DEVA_WS_003,DEVA,-16.588008337778838,2.972299313168291,47.397614440652255,7.014388489208632,9.352517985611511,42.086330935251794
DEVA_WS_003,DEVA,-16.588008337778838,2.972299313168291,47.397614440652255,7.014388489208632,9.352517985611511,42.086330935251794
DEVA_WS_004,DEVA,-16.588008337778838,2.972299313168291,47.397614440652255,7.014388489208632,9.352517985611511,42.086330935251794
DEVA_WS_007,DEVA,-16.588008337778838,2.972299313168291,47.397614440652255,7.014388489208632,9.352517985611511,42.086330935251794
DEVA_WS_008,DEVA,-16.588008337778838,2.972299313168291,47.397614440652255,7.014388489208632,9.352517985611511,42.086330935251794
GOGA_WS_003,GOGA,9.427745518346287,15.78519083960451,22.833919383225897,27.87769784172662,22.571942446043167,13.489208633093524
JOMU_WS_001,JOMU,-11.824465313290638,4.739779749988996,21.74727618554616,9.532374100719425,10.161870503597124,9.442446043165468
JOTR_WS_001,JOTR,-16.588008337778838,2.972299313168291,47.397614440652255,7.014388489208632,9.352517985611511,42.086330935251794
JOTR_WS_002,JOTR,-16.588008337778838,2.972299313168291,47.397614440652255,7.014388489208632,9.352517985611511,42.086330935251794
JOTR_WS_003,JOTR,-16.588008337778838,2.972299313168291,47.397614440652255,7.014388489208632,9.352517985611511,42.086330935251794
JOTR_WS_005,JOTR,-16.588008337778838,2.972299313168291,47.397614440652255,7.014388489208632,9.352517985611511,42.086330935251794
JOTR_WS_006,JOTR,-16.588008337778838,2.972299313168291,47.397614440652255,7.014388489208632,9.352517985611511,42.086330935251794
JOTR_WS_008,JOTR,-16.588008337778838,2.972299313168291,47.397614440652255,7.014388489208632,9.352517985611511,42.086330935251794
JOTR_WS_009,JOTR,-16.588008337778838,2.972299313168291,47.397614440652255,7.014388489208632,9.352517985611511,42.086330935251794
LABE_WS_001,LABE,7.91613746262201,13.733840045630332,24.024637242803344,24.010791366906474,16.636690647482013,13.758992805755396
LAVO_WS_003,LAVO,19.888547857632684,33.60731578964235,49.765097594297,91.63669064748201,58.00359712230215,44.60431654676259
LAVO_WS_004,LAVO,19.888547857632684,33.60731578964235,49.765097594297,91.63669064748201,58.00359712230215,44.60431654676259
LAVO_WS_005,LAVO,19.888547857632684,33.60731578964235,49.765097594297,91.63669064748201,58.00359712230215,44.60431654676259
LAVO_WS_006,LAVO,19.888547857632684,33.60731578964235,49.765097594297,91.63669064748201,58.00359712230215,44.60431654676259
LAVO_WS_007,LAVO,19.888547857632684,33.60731578964235,49.765097594297,91.63669064748201,58.00359712230215,44.60431654676259
LAVO_WS_008,LAVO,19.888547857632684,33.60731578964235,49.765097594297,91.63669064748201,58.00359712230215,44.60431654676259
LAVO_WS_009,LAVO,19.888547857632684,33.60731578964235,49.765097594297,91.63669064748201,58.00359712230215,44.60431654676259
LAVO_WS_011,LAVO,19.888547857632684,33.60731578964235,49.765097594297,91.63669064748201,58.00359712230215,44.60431654676259
MOJA_WS_001,MOJA,-16.588008337778838,2.972299313168291,47.397614440652255,7.014388489208632,9.352517985611511,42.086330935251794
MOJA_WS_004,MOJA,-14.91181842601328,0.6076431192941064,31.28575639684715,8.992805755395683,6.924460431654676,24.730215827338128
MOJA_WS_005,MOJA,-14.91181842601328,0.6076431192941064,31.28575639684715,8.992805755395683,6.924460431654676,24.730215827338128
MOJA_WS_006,MOJA,-14.91181842601328,0.6076431192941064,31.28575639684715,8.992805755395683,6.924460431654676,24.730215827338128
MOJA_WS_007,MOJA,-14.91181842601328,0.6076431192941064,31.28575639684715,8.992805755395683,6.924460431654676,24.730215827338128
MOJA_WS_008,MOJA,-16.588008337778838,2.972299313168291,47.397614440652255,7.014388489208632,9.352517985611511,42.086330935251794
PINN_WS_001,PINN,-11.824465313290638,4.739779749988996,21.74727618554616,9.532374100719425,10.161870503597124,9.442446043165468
PINN_WS_002,PINN,-11.824465313290638,4.739779749988996,21.74727618554616,9.532374100719425,10.161870503597124,9.442446043165468
PINN_WS_003,PINN,-11.824465313290638,4.739779749988996,21.74727618554616,9.532374100719425,10.161870503597124,9.442446043165468
PINN_WS_004,PINN,-11.824465313290638,4.739779749988996,21.74727618554616,9.532374100719425,10.161870503597124,9.442446043165468
PORE_WS_004,PORE,9.427745518346287,15.78519083960451,22.833919383225897,27.87769784172662,22.571942446043167,13.489208633093524
PORE_WS_005,PORE,9.427745518346287,15.78519083960451,22.833919383225897,27.87769784172662,22.571942446043167,13.489208633093524
PORE_WS_006,PORE,9.427745518346287,15.78519083960451,22.833919383225897,27.87769784172662,22.571942446043167,13.489208633093524
PORE_WS_007,PORE,9.427745518346287,15.78519083960451,22.833919383225897,27.87769784172662,22.571942446043167,13.489208633093524
PORE_WS_008,PORE,9.427745518346287,15.78519083960451,22.833919383225897,27.87769784172662,22.571942446043167,13.489208633093524
PORE_WS_008,PORE,9.427745518346287,15.78519083960451,22.833919383225897,27.87769784172662,22.571942446043167,13.489208633093524
PORE_WS_009,PORE,9.427745518346287,15.78519083960451,22.833919383225897,27.87769784172662,22.571942446043167,13.489208633093524
PORE_WS_010,PORE,9.427745518346287,15.78519083960451,22.833919383225897,27.87769784172662,22.571942446043167,13.489208633093524
PORE_WS_012,PORE,9.427745518346287,15.78519083960451,22.833919383225897,27.87769784172662,22.571942446043167,13.489208633093524
PORE_WS_013,PORE,9.427745518346287,15.78519083960451,22.833919383225897,27.87769784172662,22.571942446043167,13.489208633093524
PORE_WS_014,PORE,9.427745518346287,15.78519083960451,22.833919383225897,27.87769784172662,22.571942446043167,13.489208633093524
PORE_WS_016,PORE,9.427745518346287,15.78519083960451,22.833919383225897,27.87769784172662,22.571942446043167,13.489208633093524
PORE_WS_017,PORE,9.427745518346287,15.78519083960451,22.833919383225897,27.87769784172662,22.571942446043167,13.489208633093524
PORE_WS_019,PORE,9.427745518346287,15.78519083960451,22.833919383225897,27.87769784172662,22.571942446043167,13.489208633093524
PORE_WS_020,PORE,9.427745518346287,15.78519083960451,22.833919383225897,27.87769784172662,22.571942446043167,13.489208633093524
REDW_WS_002,REDW,8.733564821331134,31.50116221100607,60.65828470515346,26.43884892086331,50.62949640287769,79.76618705035972
REDW_WS_004,REDW,8.733564821331134,31.50116221100607,60.65828470515346,26.43884892086331,50.62949640287769,79.76618705035972
REDW_WS_005,REDW,8.733564821331134,31.50116221100607,60.65828470515346,26.43884892086331,50.62949640287769,79.76618705035972
REDW_WS_006,REDW,8.733564821331134,31.50116221100607,60.65828470515346,26.43884892086331,50.62949640287769,79.76618705035972
REDW_WS_007,REDW,8.733564821331134,31.50116221100607,60.65828470515346,26.43884892086331,50.62949640287769,79.76618705035972
REDW_WS_008,REDW,8.733564821331134,31.50116221100607,60.65828470515346,26.43884892086331,50.62949640287769,79.76618705035972
REDW_WS_009,REDW,8.733564821331134,31.50116221100607,60.65828470515346,26.43884892086331,50.62949640287769,79.76618705035972
REDW_WS_010,REDW,8.733564821331134,31.50116221100607,60.65828470515346,26.43884892086331,50.62949640287769,79.76618705035972
REDW_WS_012,REDW,8.733564821331134,31.50116221100607,60.65828470515346,26.43884892086331,50.62949640287769,79.76618705035972
SAMO_WS_001,SAMO,-21.324338338025093,-0.3788344601674061,17.66535887955072,3.327338129496403,5.215827338129497,4.676258992805756
SAMO_WS_003,SAMO,-21.324338338025093,-0.3788344601674061,17.66535887955072,3.327338129496403,5.215827338129497,4.676258992805756
SAMO_WS_004,SAMO,-21.324338338025093,-0.3788344601674061,17.66535887955072,3.327338129496403,5.215827338129497,4.676258992805756
SAMO_WS_005,SAMO,-21.324338338025093,-0.3788344601674061,17.66535887955072,3.327338129496403,5.215827338129497,4.676258992805756
SAMO_WS_006,SAMO,-21.324338338025093,-0.3788344601674061,17.66535887955072,3.327338129496403,5.215827338129497,4.676258992805756
SAMO_WS_007,SAMO,-21.324338338025093,-0.3788344601674061,17.66535887955072,3.327338129496403,5.215827338129497,4.676258992805756
SAMO_WS_008,SAMO,-21.324338338025093,-0.3788344601674061,17.66535887955072,3.327338129496403,5.215827338129497,4.676258992805756
SEKI_WS_002,SEKI,18.027735055922314,28.732033909572287,42.98200169720208,89.47841726618705,38.84892086330935,39.298561151079134
SEKI_WS_003,SEKI,18.027735055922314,28.732033909572287,42.98200169720208,89.47841726618705,38.84892086330935,39.298561151079134
SEKI_WS_004,SEKI,18.027735055922314,28.732033909572287,42.98200169720208,89.47841726618705,38.84892086330935,39.298561151079134
SEKI_WS_006,SEKI,18.027735055922314,28.732033909572287,42.98200169720208,89.47841726618705,38.84892086330935,39.298561151079134
SEKI_WS_007,SEKI,18.027735055922314,28.732033909572287,42.98200169720208,89.47841726618705,38.84892086330935,39.298561151079134
SEKI_WS_010,SEKI,18.027735055922314,28.732033909572287,42.98200169720208,89.47841726618705,38.84892086330935,39.298561151079134
SEKI_WS_011,SEKI,18.027735055922314,28.732033909572287,42.98200169720208,89.47841726618705,38.84892086330935,39.298561151079134
SEKI_WS_012,SEKI,18.027735055922314,28.732033909572287,42.98200169720208,89.47841726618705,38.84892086330935,39.298561151079134
SEKI_WS_013,SEKI,18.027735055922314,28.732033909572287,42.98200169720208,89.47841726618705,38.84892086330935,39.298561151079134
SEKI_WS_014,SEKI,18.027735055922314,28.732033909572287,42.98200169720208,89.47841726618705,38.84892086330935,39.298561151079134
SEKI_WS_015,SEKI,18.027735055922314,28.732033909572287,42.98200169720208,89.47841726618705,38.84892086330935,39.298561151079134
SEKI_WS_016,SEKI,18.027735055922314,28.732033909572287,42.98200169720208,89.47841726618705,38.84892086330935,39.298561151079134
SEKI_WS_019,SEKI,18.027735055922314,28.732033909572287,42.98200169720208,89.47841726618705,38.84892086330935,39.298561151079134
SEKI_WS_020,SEKI,18.027735055922314,28.732033909572287,42.98200169720208,89.47841726618705,38.84892086330935,39.298561151079134
SEKI_WS_021,SEKI,18.027735055922314,28.732033909572287,42.98200169720208,89.47841726618705,38.84892086330935,39.298561151079134
SEKI_WS_022,SEKI,18.027735055922314,28.732033909572287,42.98200169720208,89.47841726618705,38.84892086330935,39.298561151079134
WHIS_WS_003,WHIS,13.931294832589208,31.459264152474013,51.128384021271366,62.05035971223022,49.82014388489209,49.910071942446045
WHIS_WS_005,WHIS,13.931294832589208,31.459264152474013,51.128384021271366,62.05035971223022,49.82014388489209,49.910071942446045
WHIS_WS_006,WHIS,13.931294832589208,31.459264152474013,51.128384021271366,62.05035971223022,49.82014388489209,49.910071942446045
WHIS_WS_007,WHIS,13.931294832589208,31.459264152474013,51.128384021271366,62.05035971223022,49.82014388489209,49.910071942446045
WHIS_WS_008,WHIS,13.931294832589208,31.459264152474013,51.128384021271366,62.05035971223022,49.82014388489209,49.910071942446045
WHIS_WS_010,WHIS,13.931294832589208,31.459264152474013,51.128384021271366,62.05035971223022,49.82014388489209,49.910071942446045
WHIS_WS_014,WHIS,13.931294832589208,31.459264152474013,51.128384021271366,62.05035971223022,49.82014388489209,49.910071942446045
YOSE_WS_001,YOSE,18.027735055922314,28.732033909572287,42.98200169720208,89.47841726618705,38.84892086330935,39.298561151079134
YOSE_WS_006,YOSE,18.027735055922314,28.732033909572287,42.98200169720208,89.47841726618705,38.84892086330935,39.298561151079134
YOSE_WS_007,YOSE,18.027735055922314,28.732033909572287,42.98200169720208,89.47841726618705,38.84892086330935,39.298561151079134
YOSE_WS_009,YOSE,18.027735055922314,28.732033909572287,42.98200169720208,89.47841726618705,38.84892086330935,39.298561151079134
YOSE_WS_011,YOSE,18.027735055922314,28.732033909572287,42.98200169720208,89.47841726618705,38.84892086330935,39.298561151079134
YOSE_WS_012,YOSE,18.060623273997397,40.84837689670965,65.77679295488429,89.65827338129496,87.58992805755396,87.85971223021582
YOSE_WS_014,YOSE,18.027735055922314,28.732033909572287,42.98200169720208,89.47841726618705,38.84892086330935,39.298561151079134
YOSE_WS_015,YOSE,18.027735055922314,28.732033909572287,42.98200169720208,89.47841726618705,38.84892086330935,39.298561151079134
YOSE_WS_016,YOSE,18.027735055922314,28.732033909572287,42.98200169720208,89.47841726618705,38.84892086330935,39.298561151079134
YOSE_WS_017,YOSE,18.027735055922314,28.732033909572287,42.98200169720208,89.47841726618705,38.84892086330935,39.298561151079134
YOSE_WS_017,YOSE,18.027735055922314,28.732033909572287,42.98200169720208,89.47841726618705,38.84892086330935,39.298561151079134
YOSE_WS_018,YOSE,18.027735055922314,28.732033909572287,42.98200169720208,89.47841726618705,38.84892086330935,39.298561151079134
YOSE_WS_019,YOSE,18.027735055922314,28.732033909572287,42.98200169720208,89.47841726618705,38.84892086330935,39.298561151079134
YOSE_WS_020,YOSE,18.060623273997397,40.84837689670965,65.77679295488429,89.65827338129496,87.58992805755396,87.85971223021582
BEOL_WS_002,BEOL,-19.7637946253119,-1.7241565388429438,14.561710831682287,3.507194244604316,2.5179856115107913,2.697841726618705
BEOL_WS_001,BEOL,-19.7637946253119,-1.7241565388429438,14.561710831682287,3.507194244604316,2.5179856115107913,2.697841726618705
COLM_WS_001,COLM,-8.335142334793035,9.678108472990079,24.13422286503292,13.848920863309353,14.928057553956833,16.996402877697843
COLM_WS_002,COLM,-8.335142334793035,9.678108472990079,24.13422286503292,13.848920863309353,14.928057553956833,16.996402877697843
CURE_WS_006,CURE,-8.335142334793035,9.678108472990079,24.13422286503292,13.848920863309353,14.928057553956833,16.996402877697843
CURE_WS_007,CURE,21.92356368347024,34.508577603786655,47.99732080345607,93.16546762589928,66.4568345323741,43.25539568345324
CURE_WS_011,CURE,21.92356368347024,34.508577603786655,47.99732080345607,93.16546762589928,66.4568345323741,43.25539568345324
CURE_WS_009,CURE,-8.335142334793035,9.678108472990079,24.13422286503292,13.848920863309353,14.928057553956833,16.996402877697843
CURE_WS_010,CURE,21.92356368347024,34.508577603786655,47.99732080345607,93.16546762589928,66.4568345323741,43.25539568345324
CURE_WS_010,CURE,21.92356368347024,34.508577603786655,47.99732080345607,93.16546762589928,66.4568345323741,43.25539568345324
CURE_WS_001,CURE,21.92356368347024,34.508577603786655,47.99732080345607,93.16546762589928,66.4568345323741,43.25539568345324
CURE_WS_005,CURE,21.92356368347024,34.508577603786655,47.99732080345607,93.16546762589928,66.4568345323741,43.25539568345324
CURE_WS_003,CURE,21.92356368347024,34.508577603786655,47.99732080345607,93.16546762589928,66.4568345323741,43.25539568345324
CURE_WS_008,CURE,21.92356368347024,34.508577603786655,47.99732080345607,93.16546762589928,66.4568345323741,43.25539568345324
CURE_WS_004,CURE,21.92356368347024,34.508577603786655,47.99732080345607,93.16546762589928,66.4568345323741,43.25539568345324
CURE_WS_002,CURE,21.92356368347024,34.508577603786655,47.99732080345607,93.16546762589928,66.4568345323741,43.25539568345324
DINO_WS_002,DINO,3.9100224636138736,13.58262829840092,30.932949533427344,16.636690647482013,16.546762589928058,22.93165467625899
DINO_WS_004,DINO,3.9100224636138736,13.58262829840092,30.932949533427344,16.636690647482013,16.546762589928058,22.93165467625899
DINO_WS_001,DINO,3.9100224636138736,13.58262829840092,30.932949533427344,16.636690647482013,16.546762589928058,22.93165467625899
DINO_WS_006,DINO,1.4238559310081553,14.648954652083814,30.824064752216547,15.91726618705036,17.62589928057554,22.39208633093525
CANY_WS_002,CANY,-8.335142334793035,9.678108472990079,24.13422286503292,13.848920863309353,14.928057553956833,16.996402877697843
CARE_WS_001,CARE,-8.335142334793035,9.678108472990079,24.13422286503292,13.848920863309353,14.928057553956833,16.996402877697843
FLFO_WS_001,FLFO,13.248151913143674,23.41745666062056,34.238410379739356,59.172661870503596,29.76618705035971,26.70863309352518
FLFO_WS_002,FLFO,13.248151913143674,23.41745666062056,34.238410379739356,59.172661870503596,29.76618705035971,26.70863309352518
GRSA_WS_001,GRSA,7.117674617105784,19.559719904404695,30.79144785864513,23.92086330935252,26.43884892086331,22.302158273381295
GRSA_WS_002,GRSA,7.117674617105784,19.559719904404695,30.79144785864513,23.92086330935252,26.43884892086331,22.302158273381295
HOVE_WS_001,HOVE,-8.335142334793035,9.678108472990079,24.13422286503292,13.848920863309353,14.928057553956833,16.996402877697843
MEVE_WS_001,MEVE,7.117674617105784,19.559719904404695,30.79144785864513,23.92086330935252,26.43884892086331,22.302158273381295
ROMO_WS_005,ROMO,21.92356368347024,34.508577603786655,47.99732080345607,93.16546762589928,66.4568345323741,43.25539568345324
ROMO_WS_006,ROMO,13.248151913143674,23.41745666062056,34.238410379739356,59.172661870503596,29.76618705035971,26.70863309352518
ROMO_WS_006,ROMO,13.248151913143674,23.41745666062056,34.238410379739356,59.172661870503596,29.76618705035971,26.70863309352518
ROMO_WS_013,ROMO,13.248151913143674,23.41745666062056,34.238410379739356,59.172661870503596,29.76618705035971,26.70863309352518
ROMO_WS_004,ROMO,13.248151913143674,23.41745666062056,34.238410379739356,59.172661870503596,29.76618705035971,26.70863309352518
ROMO_WS_003,ROMO,21.92356368347024,34.508577603786655,47.99732080345607,93.16546762589928,66.4568345323741,43.25539568345324
ROMO_WS_008,ROMO,21.92356368347024,34.508577603786655,47.99732080345607,93.16546762589928,66.4568345323741,43.25539568345324
ROMO_WS_012,ROMO,13.248151913143674,23.41745666062056,34.238410379739356,59.172661870503596,29.76618705035971,26.70863309352518
ROMO_WS_016,ROMO,13.248151913143674,23.41745666062056,34.238410379739356,59.172661870503596,29.76618705035971,26.70863309352518
ROMO_WS_014,ROMO,13.248151913143674,23.41745666062056,34.238410379739356,59.172661870503596,29.76618705035971,26.70863309352518
ROMO_WS_020,ROMO,13.248151913143674,23.41745666062056,34.238410379739356,59.172661870503596,29.76618705035971,26.70863309352518
ROMO_WS_017,ROMO,13.248151913143674,23.41745666062056,34.238410379739356,59.172661870503596,29.76618705035971,26.70863309352518
ROMO_WS_007,ROMO,13.248151913143674,23.41745666062056,34.238410379739356,59.172661870503596,29.76618705035971,26.70863309352518
ROMO_WS_018,ROMO,13.248151913143674,23.41745666062056,34.238410379739356,59.172661870503596,29.76618705035971,26.70863309352518
ROMO_WS_002,ROMO,13.248151913143674,23.41745666062056,34.238410379739356,59.172661870503596,29.76618705035971,26.70863309352518
ROMO_WS_019,ROMO,13.248151913143674,23.41745666062056,34.238410379739356,59.172661870503596,29.76618705035971,26.70863309352518
ROMO_WS_015,ROMO,13.248151913143674,23.41745666062056,34.238410379739356,59.172661870503596,29.76618705035971,26.70863309352518
ROMO_WS_010,ROMO,13.248151913143674,23.41745666062056,34.238410379739356,59.172661870503596,29.76618705035971,26.70863309352518
SAND_WS_001,SAND,-8.6322429092705,6.00705582196874,14.1467222899842,10.611510791366907,11.33093525179856,2.5179856115107913
WEFA_WS_001,WEFA,16.778635589077226,30.144041252973796,56.46312564562811,82.73381294964028,47.84172661870504,71.49280575539568
WEFA_WS_003,WEFA,16.778635589077226,30.144041252973796,56.46312564562811,82.73381294964028,47.84172661870504,71.49280575539568
WEFA_WS_004,WEFA,16.778635589077226,30.144041252973796,56.46312564562811,82.73381294964028,47.84172661870504,71.49280575539568
FRST_WS_001,FRST,9.954061301047991,32.37429089015554,50.52008951068596,41.097122302158276,55.12589928057554,49.10071942446043
FRST_WS_002,FRST,9.954061301047991,32.37429089015554,50.52008951068596,41.097122302158276,55.12589928057554,49.10071942446043
FRST_WS_003,FRST,9.954061301047991,32.37429089015554,50.52008951068596,41.097122302158276,55.12589928057554,49.10071942446043
FRST_WS_004,FRST,9.954061301047991,32.37429089015554,50.52008951068596,41.097122302158276,55.12589928057554,49.10071942446043
FRST_WS_005,FRST,9.954061301047991,32.37429089015554,50.52008951068596,41.097122302158276,55.12589928057554,49.10071942446043
FRST_WS_006,FRST,9.954061301047991,32.37429089015554,50.52008951068596,41.097122302158276,55.12589928057554,49.10071942446043
FRST_WS_007,FRST,9.954061301047991,32.37429089015554,50.52008951068596,41.097122302158276,55.12589928057554,49.10071942446043
FRST_WS_008,FRST,9.954061301047991,32.37429089015554,50.52008951068596,41.097122302158276,55.12589928057554,49.10071942446043
FRST_WS_009,FRST,9.954061301047991,32.37429089015554,50.52008951068596,41.097122302158276,55.12589928057554,49.10071942446043
FRST_WS_010,FRST,9.954061301047991,32.37429089015554,50.52008951068596,41.097122302158276,55.12589928057554,49.10071942446043
FRST_WS_011,FRST,9.954061301047991,32.37429089015554,50.52008951068596,41.097122302158276,55.12589928057554,49.10071942446043
FRST_WS_012,FRST,9.954061301047991,32.37429089015554,50.52008951068596,41.097122302158276,55.12589928057554,49.10071942446043
FRST_WS_013,FRST,9.954061301047991,32.37429089015554,50.52008951068596,41.097122302158276,55.12589928057554,49.10071942446043
FRST_WS_014,FRST,9.954061301047991,32.37429089015554,50.52008951068596,41.097122302158276,55.12589928057554,49.10071942446043
FRST_WS_015,FRST,9.954061301047991,32.37429089015554,50.52008951068596,41.097122302158276,55.12589928057554,49.10071942446043
FRST_WS_016,FRST,9.954061301047991,32.37429089015554,50.52008951068596,41.097122302158276,55.12589928057554,49.10071942446043
FRST_WS_017,FRST,9.954061301047991,32.37429089015554,50.52008951068596,41.097122302158276,55.12589928057554,49.10071942446043
FRST_WS_018,FRST,9.954061301047991,32.37429089015554,50.52008951068596,41.097122302158276,55.12589928057554,49.10071942446043
FRST_WS_019,FRST,9.954061301047991,32.37429089015554,50.52008951068596,41.097122302158276,55.12589928057554,49.10071942446043
FRST_WS_020,FRST,9.954061301047991,32.37429089015554,50.52008951068596,41.097122302158276,55.12589928057554,49.10071942446043
FRST_WS_021,FRST,9.954061301047991,32.37429089015554,50.52008951068596,41.097122302158276,55.12589928057554,49.10071942446043
FRST_WS_022,FRST,9.954061301047991,32.37429089015554,50.52008951068596,41.097122302158276,55.12589928057554,49.10071942446043
FRST_WS_023,FRST,9.954061301047991,32.37429089015554,50.52008951068596,41.097122302158276,55.12589928057554,49.10071942446043
FRST_WS_024,FRST,9.954061301047991,32.37429089015554,50.52008951068596,41.097122302158276,55.12589928057554,49.10071942446043
FRST_WS_025,FRST,13.010108088683273,28.780770086390294,46.90259630837068,57.37410071942446,39.38848920863309,40.647482014388494
FRST_WS_026,FRST,9.954061301047991,32.37429089015554,50.52008951068596,41.097122302158276,55.12589928057554,49.10071942446043
BICY_WS_001,BICY,6.2559532228403105,15.581631026105022,21.11798688240274,21.762589928057555,21.133093525179856,8.992805755395683
BICY_WS_002,BICY,6.2559532228403105,15.581631026105022,21.11798688240274,21.762589928057555,21.133093525179856,8.992805755395683
BICY_WS_003,BICY,6.2559532228403105,15.581631026105022,21.11798688240274,21.762589928057555,21.133093525179856,8.992805755395683
BICY_WS_007,BICY,6.2559532228403105,15.581631026105022,21.11798688240274,21.762589928057555,21.133093525179856,8.992805755395683
BICY_WS_008,BICY,6.2559532228403105,15.581631026105022,21.11798688240274,21.762589928057555,21.133093525179856,8.992805755395683
BICY_WS_009,BICY,6.2559532228403105,15.581631026105022,21.11798688240274,21.762589928057555,21.133093525179856,8.992805755395683
BICY_WS_010,BICY,6.2559532228403105,15.581631026105022,21.11798688240274,21.762589928057555,21.133093525179856,8.992805755395683
BICY_WS_011,BICY,6.2559532228403105,15.581631026105022,21.11798688240274,21.762589928057555,21.133093525179856,8.992805755395683
BICY_WS_012,BICY,6.2559532228403105,15.581631026105022,21.11798688240274,21.762589928057555,21.133093525179856,8.992805755395683
BICY_WS_013,BICY,6.2559532228403105,15.581631026105022,21.11798688240274,21.762589928057555,21.133093525179856,8.992805755395683
BICY_WS_014,BICY,6.2559532228403105,15.581631026105022,21.11798688240274,21.762589928057555,21.133093525179856,8.992805755395683
BICY_WS_015,BICY,6.2559532228403105,15.581631026105022,21.11798688240274,21.762589928057555,21.133093525179856,8.992805755395683
BICY_WS_016,BICY,6.2559532228403105,15.581631026105022,21.11798688240274,21.762589928057555,21.133093525179856,8.992805755395683
BICY_WS_018,BICY,6.2559532228403105,15.581631026105022,21.11798688240274,21.762589928057555,21.133093525179856,8.992805755395683
BICY_WS_021,BICY,6.2559532228403105,15.581631026105022,21.11798688240274,21.762589928057555,21.133093525179856,8.992805755395683
BISC_WS_004,BISC,6.2559532228403105,15.581631026105022,21.11798688240274,21.762589928057555,21.133093525179856,8.992805755395683
BISC_WS_005,BISC,6.2559532228403105,15.581631026105022,21.11798688240274,21.762589928057555,21.133093525179856,8.992805755395683
BISC_WS_006,BISC,6.2559532228403105,15.581631026105022,21.11798688240274,21.762589928057555,21.133093525179856,8.992805755395683
CANA_WS_001,CANA,4.706812593046528,16.38886943185677,29.593333551846012,18.345323741007196,23.741007194244602,20.953237410071942
CANA_WS_002,CANA,4.706812593046528,16.38886943185677,29.593333551846012,18.345323741007196,23.741007194244602,20.953237410071942
CANA_WS_003,CANA,4.706812593046528,16.38886943185677,29.593333551846012,18.345323741007196,23.741007194244602,20.953237410071942
CANA_WS_004,CANA,4.706812593046528,16.38886943185677,29.593333551846012,18.345323741007196,23.741007194244602,20.953237410071942
CANA_WS_005,CANA,4.706812593046528,16.38886943185677,29.593333551846012,18.345323741007196,23.741007194244602,20.953237410071942
CANA_WS_006,CANA,4.706812593046528,16.38886943185677,29.593333551846012,18.345323741007196,23.741007194244602,20.953237410071942
CASA_WS_001,CASA,4.706812593046528,16.38886943185677,29.593333551846012,18.345323741007196,23.741007194244602,20.953237410071942
CASA_WS_002,CASA,4.706812593046528,16.38886943185677,29.593333551846012,18.345323741007196,23.741007194244602,20.953237410071942
CASA_WS_003,CASA,4.706812593046528,16.38886943185677,29.593333551846012,18.345323741007196,23.741007194244602,20.953237410071942
DESO_WS_001,DESO,4.706812593046528,16.38886943185677,29.593333551846012,18.345323741007196,23.741007194244602,20.953237410071942
DESO_WS_002,DESO,4.706812593046528,16.38886943185677,29.593333551846012,18.345323741007196,23.741007194244602,20.953237410071942
EVER_WS_001,EVER,6.2559532228403105,15.581631026105022,21.11798688240274,21.762589928057555,21.133093525179856,8.992805755395683
EVER_WS_002,EVER,6.2559532228403105,15.581631026105022,21.11798688240274,21.762589928057555,21.133093525179856,8.992805755395683
EVER_WS_003,EVER,6.2559532228403105,15.581631026105022,21.11798688240274,21.762589928057555,21.133093525179856,8.992805755395683
EVER_WS_003,EVER,6.2559532228403105,15.581631026105022,21.11798688240274,21.762589928057555,21.133093525179856,8.992805755395683
EVER_WS_004,EVER,6.2559532228403105,15.581631026105022,21.11798688240274,21.762589928057555,21.133093525179856,8.992805755395683
EVER_WS_005,EVER,6.2559532228403105,15.581631026105022,21.11798688240274,21.762589928057555,21.133093525179856,8.992805755395683
EVER_WS_006,EVER,6.2559532228403105,15.581631026105022,21.11798688240274,21.762589928057555,21.133093525179856,8.992805755395683
EVER_WS_007,EVER,6.2559532228403105,15.581631026105022,21.11798688240274,21.762589928057555,21.133093525179856,8.992805755395683
EVER_WS_008,EVER,6.2559532228403105,15.581631026105022,21.11798688240274,21.762589928057555,21.133093525179856,8.992805755395683
EVER_WS_009,EVER,6.2559532228403105,15.581631026105022,21.11798688240274,21.762589928057555,21.133093525179856,8.992805755395683
EVER_WS_010,EVER,6.2559532228403105,15.581631026105022,21.11798688240274,21.762589928057555,21.133093525179856,8.992805755395683
EVER_WS_011,EVER,6.2559532228403105,15.581631026105022,21.11798688240274,21.762589928057555,21.133093525179856,8.992805755395683
EVER_WS_012,EVER,6.2559532228403105,15.581631026105022,21.11798688240274,21.762589928057555,21.133093525179856,8.992805755395683
EVER_WS_013,EVER,6.2559532228403105,15.581631026105022,21.11798688240274,21.762589928057555,21.133093525179856,8.992805755395683
EVER_WS_014,EVER,6.2559532228403105,15.581631026105022,21.11798688240274,21.762589928057555,21.133093525179856,8.992805755395683
EVER_WS_015,EVER,6.2559532228403105,15.581631026105022,21.11798688240274,21.762589928057555,21.133093525179856,8.992805755395683
EVER_WS_015,EVER,6.2559532228403105,15.581631026105022,21.11798688240274,21.762589928057555,21.133093525179856,8.992805755395683
EVER_WS_016,EVER,6.2559532228403105,15.581631026105022,21.11798688240274,21.762589928057555,21.133093525179856,8.992805755395683
FOMA_WS_001,FOMA,4.706812593046528,16.38886943185677,29.593333551846012,18.345323741007196,23.741007194244602,20.953237410071942
GUIS_WS_001,GUIS,14.951250459624674,35.95637020683493,56.41443484141227,70.05395683453237,77.87769784172663,64.29856115107914
GUIS_WS_003,GUIS,14.951250459624674,35.95637020683493,56.41443484141227,70.05395683453237,77.87769784172663,64.29856115107914
GUIS_WS_006,GUIS,14.951250459624674,35.95637020683493,56.41443484141227,70.05395683453237,77.87769784172663,64.29856115107914
GUIS_WS_006,GUIS,14.951250459624674,35.95637020683493,56.41443484141227,70.05395683453237,77.87769784172663,64.29856115107914
GUIS_WS_007,GUIS,14.951250459624674,35.95637020683493,56.41443484141227,70.05395683453237,77.87769784172663,64.29856115107914
GUIS_WS_008,GUIS,14.951250459624674,35.95637020683493,56.41443484141227,70.05395683453237,77.87769784172663,64.29856115107914
GUIS_WS_010,GUIS,14.951250459624674,35.95637020683493,56.41443484141227,70.05395683453237,77.87769784172663,64.29856115107914
GUIS_WS_011,GUIS,14.951250459624674,35.95637020683493,56.41443484141227,70.05395683453237,77.87769784172663,64.29856115107914
GUIS_WS_014,GUIS,14.951250459624674,35.95637020683493,56.41443484141227,70.05395683453237,77.87769784172663,64.29856115107914
TIMU_WS_002,TIMU,11.097710630948873,24.206264734462245,37.39143469457153,45.23381294964029,34.622302158273385,32.55395683453237
TIMU_WS_003,TIMU,11.097710630948873,24.206264734462245,37.39143469457153,45.23381294964029,34.622302158273385,32.55395683453237
TIMU_WS_006,TIMU,11.097710630948873,24.206264734462245,37.39143469457153,45.23381294964029,34.622302158273385,32.55395683453237
TIMU_WS_007,TIMU,11.097710630948873,24.206264734462245,37.39143469457153,45.23381294964029,34.622302158273385,32.55395683453237
TIMU_WS_008,TIMU,11.097710630948873,24.206264734462245,37.39143469457153,45.23381294964029,34.622302158273385,32.55395683453237
TIMU_WS_009,TIMU,4.706812593046528,16.38886943185677,29.593333551846012,18.345323741007196,23.741007194244602,20.953237410071942
ANDE_WS_001,ANDE,13.342673349524311,23.455429289018944,35.64259552493635,60.701438848920866,30.485611510791365,28.41726618705036
ANDE_WS_002,ANDE,13.342673349524311,23.455429289018944,35.64259552493635,60.701438848920866,30.485611510791365,28.41726618705036
CHAT_WS_001,CHAT,15.037626002309027,29.91867458488226,42.303662700346386,72.66187050359713,40.647482014388494,36.780575539568346
CHAT_WS_002,CHAT,15.037626002309027,29.91867458488226,42.303662700346386,72.66187050359713,40.647482014388494,36.780575539568346
CHAT_WS_003,CHAT,15.037626002309027,29.91867458488226,42.303662700346386,72.66187050359713,40.647482014388494,36.780575539568346
CHAT_WS_004,CHAT,15.037626002309027,29.91867458488226,42.303662700346386,72.66187050359713,40.647482014388494,36.780575539568346
CHAT_WS_005,CHAT,15.037626002309027,29.91867458488226,42.303662700346386,72.66187050359713,40.647482014388494,36.780575539568346
CHCH_WS_001,CHCH,14.964785582234196,34.68606326289563,52.248911219398565,70.86330935251799,69.69424460431655,54.49640287769785
CHCH_WS_002,CHCH,15.569892981377787,39.9541456010378,57.80581376836427,73.47122302158273,87.41007194244604,72.12230215827337
CHCH_WS_003,CHCH,14.964785582234196,34.68606326289563,52.248911219398565,70.86330935251799,69.69424460431655,54.49640287769785
CHCH_WS_004,CHCH,14.964785582234196,34.68606326289563,52.248911219398565,70.86330935251799,69.69424460431655,54.49640287769785
CUIS_WS_001,CUIS,11.097710630948873,24.206264734462245,37.39143469457153,45.23381294964029,34.622302158273385,32.55395683453237
CUIS_WS_002,CUIS,11.097710630948873,24.206264734462245,37.39143469457153,45.23381294964029,34.622302158273385,32.55395683453237
CUIS_WS_004,CUIS,11.097710630948873,24.206264734462245,37.39143469457153,45.23381294964029,34.622302158273385,32.55395683453237
CUIS_WS_008,CUIS,11.097710630948873,24.206264734462245,37.39143469457153,45.23381294964029,34.622302158273385,32.55395683453237
CUIS_WS_009,CUIS,11.097710630948873,24.206264734462245,37.39143469457153,45.23381294964029,34.622302158273385,32.55395683453237
CUIS_WS_010,CUIS,11.097710630948873,24.206264734462245,37.39143469457153,45.23381294964029,34.622302158273385,32.55395683453237
CUIS_WS_012,CUIS,11.097710630948873,24.206264734462245,37.39143469457153,45.23381294964029,34.622302158273385,32.55395683453237
CUIS_WS_013,CUIS,11.097710630948873,24.206264734462245,37.39143469457153,45.23381294964029,34.622302158273385,32.55395683453237
CUIS_WS_014,CUIS,11.097710630948873,24.206264734462245,37.39143469457153,45.23381294964029,34.622302158273385,32.55395683453237
CUIS_WS_015,CUIS,11.097710630948873,24.206264734462245,37.39143469457153,45.23381294964029,34.622302158273385,32.55395683453237
CUIS_WS_016,CUIS,11.097710630948873,24.206264734462245,37.39143469457153,45.23381294964029,34.622302158273385,32.55395683453237
CUIS_WS_017,CUIS,11.097710630948873,24.206264734462245,37.39143469457153,45.23381294964029,34.622302158273385,32.55395683453237
CUIS_WS_018,CUIS,11.097710630948873,24.206264734462245,37.39143469457153,45.23381294964029,34.622302158273385,32.55395683453237
CUIS_WS_019,CUIS,11.097710630948873,24.206264734462245,37.39143469457153,45.23381294964029,34.622302158273385,32.55395683453237
FOFR_WS_001,FOFR,11.097710630948873,24.206264734462245,37.39143469457153,45.23381294964029,34.622302158273385,32.55395683453237
FOFR_WS_002,FOFR,11.097710630948873,24.206264734462245,37.39143469457153,45.23381294964029,34.622302158273385,32.55395683453237
FOPU_WS_001,FOPU,11.097710630948873,24.206264734462245,37.39143469457153,45.23381294964029,34.622302158273385,32.55395683453237
FOPU_WS_002,FOPU,11.097710630948873,24.206264734462245,37.39143469457153,45.23381294964029,34.622302158273385,32.55395683453237
FOPU_WS_004,FOPU,11.097710630948873,24.206264734462245,37.39143469457153,45.23381294964029,34.622302158273385,32.55395683453237
JICA_WS_001,JICA,13.342673349524311,23.455429289018944,35.64259552493635,60.701438848920866,30.485611510791365,28.41726618705036
JICA_WS_002,JICA,13.342673349524311,23.455429289018944,35.64259552493635,60.701438848920866,30.485611510791365,28.41726618705036
KEMO_WS_001,KEMO,15.037626002309027,29.91867458488226,42.303662700346386,72.66187050359713,40.647482014388494,36.780575539568346
KEMO_WS_002,KEMO,15.037626002309027,29.91867458488226,42.303662700346386,72.66187050359713,40.647482014388494,36.780575539568346
MALU_WS_001,MALU,15.037626002309027,29.91867458488226,42.303662700346386,72.66187050359713,40.647482014388494,36.780575539568346
OCMU_WS_001,OCMU,13.342673349524311,23.455429289018944,35.64259552493635,60.701438848920866,30.485611510791365,28.41726618705036
EFMO_WS_001,EFMO,17.28510792680197,49.64784439160649,86.01736840232054,82.91366906474819,98.83093525179856,97.75179856115108
HEHO_WS_001,HEHO,15.263191880642433,41.4081709568078,64.60820551682819,72.84172661870504,90.64748201438849,86.87050359712231
CIRO_WS_002,CIRO,4.741309739174804,18.896601148089346,28.261152309845812,18.43525179856115,24.910071942446045,18.884892086330936
HAFO_WS_001,HAFO,2.134224853399103,13.286602409524292,23.178586798907723,16.097122302158272,15.107913669064748,13.66906474820144
MIIN_WS_001,MIIN,2.134224853399103,13.286602409524292,23.178586798907723,16.097122302158272,15.107913669064748,13.66906474820144
NEPE_WS_001,NEPE,8.116610400719784,13.451550180519423,22.288697037668552,24.910071942446045,16.007194244604317,12.050359712230216
NEPE_WS_002,NEPE,8.116610400719784,13.451550180519423,22.288697037668552,24.910071942446045,16.007194244604317,12.050359712230216
NEPE_WS_003,NEPE,8.116610400719784,13.451550180519423,22.288697037668552,24.910071942446045,16.007194244604317,12.050359712230216
NEPE_WS_004,NEPE,8.116610400719784,13.451550180519423,22.288697037668552,24.910071942446045,16.007194244604317,12.050359712230216
NEPE_WS_005,NEPE,11.115437921447544,19.371937559188577,26.5660909107406,45.413669064748206,25.089928057553955,17.62589928057554
YELL_WS_001,YELL,22.904696863476197,41.05705965789835,65.78586058707728,97.12230215827337,90.46762589928058,90.46762589928058
YELL_WS_001,YELL,22.904696863476197,41.05705965789835,65.78586058707728,97.12230215827337,90.46762589928058,90.46762589928058
YELL_WS_012,YELL,22.904696863476197,41.05705965789835,65.78586058707728,97.12230215827337,90.46762589928058,90.46762589928058
YELL_WS_002,YELL,22.904696863476197,41.05705965789835,65.78586058707728,97.12230215827337,90.46762589928058,90.46762589928058
YELL_WS_002,YELL,22.904696863476197,41.05705965789835,65.78586058707728,97.12230215827337,90.46762589928058,90.46762589928058
YELL_WS_008,YELL,22.904696863476197,41.05705965789835,65.78586058707728,97.12230215827337,90.46762589928058,90.46762589928058
YELL_WS_003,YELL,22.904696863476197,41.05705965789835,65.78586058707728,97.12230215827337,90.46762589928058,90.46762589928058
YELL_WS_015,YELL,22.904696863476197,41.05705965789835,65.78586058707728,97.12230215827337,90.46762589928058,90.46762589928058
YELL_WS_018,YELL,22.904696863476197,41.05705965789835,65.78586058707728,97.12230215827337,90.46762589928058,90.46762589928058
YELL_WS_019,YELL,22.904696863476197,41.05705965789835,65.78586058707728,97.12230215827337,90.46762589928058,90.46762589928058
YELL_WS_020,YELL,22.904696863476197,41.05705965789835,65.78586058707728,97.12230215827337,90.46762589928058,90.46762589928058
YELL_WS_010,YELL,22.904696863476197,41.05705965789835,65.78586058707728,97.12230215827337,90.46762589928058,90.46762589928058
YELL_WS_010,YELL,22.904696863476197,41.05705965789835,65.78586058707728,97.12230215827337,90.46762589928058,90.46762589928058
YELL_WS_016,YELL,22.904696863476197,41.05705965789835,65.78586058707728,97.12230215827337,90.46762589928058,90.46762589928058
YELL_WS_007,YELL,22.904696863476197,41.05705965789835,65.78586058707728,97.12230215827337,90.46762589928058,90.46762589928058
YELL_WS_005,YELL,22.904696863476197,41.05705965789835,65.78586058707728,97.12230215827337,90.46762589928058,90.46762589928058
YELL_WS_023,YELL,22.904696863476197,41.05705965789835,65.78586058707728,97.12230215827337,90.46762589928058,90.46762589928058
YELL_WS_022,YELL,22.904696863476197,41.05705965789835,65.78586058707728,97.12230215827337,90.46762589928058,90.46762589928058
YELL_WS_006,YELL,22.904696863476197,41.05705965789835,65.78586058707728,97.12230215827337,90.46762589928058,90.46762589928058
YELL_WS_006,YELL,22.904696863476197,41.05705965789835,65.78586058707728,97.12230215827337,90.46762589928058,90.46762589928058
YELL_WS_014,YELL,22.904696863476197,41.05705965789835,65.78586058707728,97.12230215827337,90.46762589928058,90.46762589928058
YELL_WS_011,YELL,22.904696863476197,41.05705965789835,65.78586058707728,97.12230215827337,90.46762589928058,90.46762589928058
YELL_WS_011,YELL,22.904696863476197,41.05705965789835,65.78586058707728,97.12230215827337,90.46762589928058,90.46762589928058
YELL_WS_004,YELL,22.904696863476197,41.05705965789835,65.78586058707728,97.12230215827337,90.46762589928058,90.46762589928058
YELL_WS_017,YELL,22.904696863476197,41.05705965789835,65.78586058707728,97.12230215827337,90.46762589928058,90.46762589928058
YELL_WS_013,YELL,22.904696863476197,41.05705965789835,65.78586058707728,97.12230215827337,90.46762589928058,90.46762589928058
YELL_WS_013,YELL,22.904696863476197,41.05705965789835,65.78586058707728,97.12230215827337,90.46762589928058,90.46762589928058
YELL_WS_009,YELL,22.904696863476197,41.05705965789835,65.78586058707728,97.12230215827337,90.46762589928058,90.46762589928058
LIHO_WS_001,LIHO,11.841384355701088,41.8016528720058,67.28866435493003,49.64028776978417,90.82733812949641,90.64748201438849
PULL_WS_001,PULL,11.841384355701088,41.8016528720058,67.28866435493003,49.64028776978417,90.82733812949641,90.64748201438849
GERO_WS_001,GERO,9.879484801731934,42.387237653521225,67.78183526272763,36.60071942446043,93.79496402877699,90.73741007194245
INDU_WS_003,INDU,15.0183571451762,42.630135088395235,64.51164898599252,71.40287769784173,94.69424460431655,86.6906474820144
INDU_WS_004,INDU,15.0183571451762,42.630135088395235,64.51164898599252,71.40287769784173,94.69424460431655,86.6906474820144
INDU_WS_005,INDU,15.0183571451762,42.630135088395235,64.51164898599252,71.40287769784173,94.69424460431655,86.6906474820144
INDU_WS_006,INDU,15.0183571451762,42.630135088395235,64.51164898599252,71.40287769784173,94.69424460431655,86.6906474820144
INDU_WS_007,INDU,15.0183571451762,42.630135088395235,64.51164898599252,71.40287769784173,94.69424460431655,86.6906474820144
BRVB_WS_001,BRVB,13.186849730519437,41.04836921258098,65.35447639296412,57.64388489208633,87.85971223021582,87.67985611510791
FOLS_WS_001,FOLS,8.182326053581024,18.08970974849039,27.6042100165103,25.359712230215827,24.820143884892087,18.794964028776977
FOLS_WS_002,FOLS,8.182326053581024,18.08970974849039,27.6042100165103,25.359712230215827,24.820143884892087,18.794964028776977
FOLS_WS_003,FOLS,8.182326053581024,18.08970974849039,27.6042100165103,25.359712230215827,24.820143884892087,18.794964028776977
FOLS_WS_004,FOSC,13.186849730519437,41.04836921258098,65.35447639296412,57.64388489208633,87.85971223021582,87.67985611510791
FOLS_WS_005,FOSC,13.186849730519437,41.04836921258098,65.35447639296412,57.64388489208633,87.85971223021582,87.67985611510791
NICO_WS_001,NICO,8.182326053581024,18.08970974849039,27.6042100165103,25.359712230215827,24.820143884892087,18.794964028776977
TAPR_WS_003,TAPR,11.955632164033013,34.3056492410538,48.37712660571923,49.73021582733813,65.28776978417267,43.3453237410072
ABLI_WS_001,ABLI,12.443403314440559,39.16394574645316,60.39171846004885,53.05755395683454,84.62230215827337,78.9568345323741
ABLI_WS_002,ABLI,12.443403314440559,39.16394574645316,60.39171846004885,53.05755395683454,84.62230215827337,78.9568345323741
CANE_WS_001,CANE,12.443403314440559,39.16394574645316,60.39171846004885,53.05755395683454,84.62230215827337,78.9568345323741
CUGA_WS_001,CUGA,12.076742428929526,34.260498027449025,51.9012365815382,50.35971223021583,63.57913669064749,53.68705035971223
CUGA_WS_002,CUGA,12.076742428929526,34.260498027449025,51.9012365815382,50.35971223021583,63.57913669064749,53.68705035971223
CUGA_WS_003,CUGA,12.076742428929526,34.260498027449025,51.9012365815382,50.35971223021583,63.57913669064749,53.68705035971223
CUGA_WS_004,CUGA,12.076742428929526,34.260498027449025,51.9012365815382,50.35971223021583,63.57913669064749,53.68705035971223
CUGA_WS_005,CUGA,12.076742428929526,34.260498027449025,51.9012365815382,50.35971223021583,63.57913669064749,53.68705035971223
CUGA_WS_006,CUGA,12.076742428929526,34.260498027449025,51.9012365815382,50.35971223021583,63.57913669064749,53.68705035971223
CUGA_WS_007,CUGA,12.076742428929526,34.260498027449025,51.9012365815382,50.35971223021583,63.57913669064749,53.68705035971223
FODO_WS_001,FODO,11.276954436206253,34.30494864809392,54.013699724311735,48.74100719424461,65.1978417266187,56.29496402877698
MACA_WS_001,MACA,12.443403314440559,39.16394574645316,60.39171846004885,53.05755395683454,84.62230215827337,78.9568345323741
MISP_WS_001,MISP,12.443403314440559,39.16394574645316,60.39171846004885,53.05755395683454,84.62230215827337,78.9568345323741
CARI_WS_001,CARI,22.187792351699276,42.65146349027717,69.15372541185924,93.25539568345323,94.7841726618705,93.70503597122301
JELA_WS_001,JELA,18.47125682346191,42.443564327848094,60.73163709383094,90.55755395683454,94.15467625899281,80.12589928057554
JELA_WS_003,JELA,18.47125682346191,42.443564327848094,60.73163709383094,90.55755395683454,94.15467625899281,80.12589928057554
JELA_WS_004,JELA,15.87543709230632,43.76576857689933,59.559777082773714,75.44964028776978,95.50359712230215,78.05755395683454
JELA_WS_005,JELA,15.87543709230632,43.76576857689933,59.559777082773714,75.44964028776978,95.50359712230215,78.05755395683454
JELA_WS_006,JELA,18.47125682346191,42.443564327848094,60.73163709383094,90.55755395683454,94.15467625899281,80.12589928057554
JELA_WS_007,JELA,18.47125682346191,42.443564327848094,60.73163709383094,90.55755395683454,94.15467625899281,80.12589928057554
VICK_WS_001,VICK,13.479174163424009,39.472990622945204,65.33226271919156,61.2410071942446,85.16187050359713,87.41007194244604
VICK_WS_002,VICK,13.479174163424009,39.472990622945204,65.33226271919156,61.2410071942446,85.16187050359713,87.41007194244604
BOAF_WS_001,BOAF,16.778635589077226,30.144041252973796,56.46312564562811,82.73381294964028,47.84172661870504,71.49280575539568
BOHA_WS_002,BOHA,16.778635589077226,30.144041252973796,56.46312564562811,82.73381294964028,47.84172661870504,71.49280575539568
BOHA_WS_003,BOHA,16.778635589077226,30.144041252973796,56.46312564562811,82.73381294964028,47.84172661870504,71.49280575539568
BOHA_WS_004,BOHA,16.778635589077226,30.144041252973796,56.46312564562811,82.73381294964028,47.84172661870504,71.49280575539568
BOHA_WS_005,BOHA,16.778635589077226,30.144041252973796,56.46312564562811,82.73381294964028,47.84172661870504,71.49280575539568
BOHA_WS_006,BOHA,16.778635589077226,30.144041252973796,56.46312564562811,82.73381294964028,47.84172661870504,71.49280575539568
BOST_WS_001,BOST,16.778635589077226,30.144041252973796,56.46312564562811,82.73381294964028,47.84172661870504,71.49280575539568
CACO_WS_002,CACO,16.778635589077226,30.144041252973796,56.46312564562811,82.73381294964028,47.84172661870504,71.49280575539568
CACO_WS_003,CACO,16.778635589077226,30.144041252973796,56.46312564562811,82.73381294964028,47.84172661870504,71.49280575539568
CACO_WS_004,CACO,16.778635589077226,30.144041252973796,56.46312564562811,82.73381294964028,47.84172661870504,71.49280575539568
CACO_WS_006,CACO,16.778635589077226,30.144041252973796,56.46312564562811,82.73381294964028,47.84172661870504,71.49280575539568
CACO_WS_008,CACO,16.778635589077226,30.144041252973796,56.46312564562811,82.73381294964028,47.84172661870504,71.49280575539568
CACO_WS_008,CACO,16.778635589077226,30.144041252973796,56.46312564562811,82.73381294964028,47.84172661870504,71.49280575539568
CACO_WS_009,CACO,16.778635589077226,30.144041252973796,56.46312564562811,82.73381294964028,47.84172661870504,71.49280575539568
CACO_WS_011,CACO,16.778635589077226,30.144041252973796,56.46312564562811,82.73381294964028,47.84172661870504,71.49280575539568
CACO_WS_012,CACO,16.778635589077226,30.144041252973796,56.46312564562811,82.73381294964028,47.84172661870504,71.49280575539568
CACO_WS_014,CACO,16.778635589077226,30.144041252973796,56.46312564562811,82.73381294964028,47.84172661870504,71.49280575539568
CACO_WS_016,CACO,16.778635589077226,30.144041252973796,56.46312564562811,82.73381294964028,47.84172661870504,71.49280575539568
CACO_WS_017,CACO,16.778635589077226,30.144041252973796,56.46312564562811,82.73381294964028,47.84172661870504,71.49280575539568
CACO_WS_018,CACO,16.778635589077226,30.144041252973796,56.46312564562811,82.73381294964028,47.84172661870504,71.49280575539568
CACO_WS_019,CACO,16.778635589077226,30.144041252973796,56.46312564562811,82.73381294964028,47.84172661870504,71.49280575539568
CACO_WS_021,CACO,16.778635589077226,30.144041252973796,56.46312564562811,82.73381294964028,47.84172661870504,71.49280575539568
CACO_WS_022,CACO,16.778635589077226,30.144041252973796,56.46312564562811,82.73381294964028,47.84172661870504,71.49280575539568
CACO_WS_022,CACO,16.778635589077226,30.144041252973796,56.46312564562811,82.73381294964028,47.84172661870504,71.49280575539568
CACO_WS_023,CACO,16.778635589077226,30.144041252973796,56.46312564562811,82.73381294964028,47.84172661870504,71.49280575539568
CACO_WS_025,CACO,16.778635589077226,30.144041252973796,56.46312564562811,82.73381294964028,47.84172661870504,71.49280575539568
CACO_WS_027,CACO,16.778635589077226,30.144041252973796,56.46312564562811,82.73381294964028,47.84172661870504,71.49280575539568
CACO_WS_028,CACO,16.778635589077226,30.144041252973796,56.46312564562811,82.73381294964028,47.84172661870504,71.49280575539568
CACO_WS_029,CACO,16.778635589077226,30.144041252973796,56.46312564562811,82.73381294964028,47.84172661870504,71.49280575539568
CACO_WS_031,CACO,16.778635589077226,30.144041252973796,56.46312564562811,82.73381294964028,47.84172661870504,71.49280575539568
CACO_WS_033,CACO,16.778635589077226,30.144041252973796,56.46312564562811,82.73381294964028,47.84172661870504,71.49280575539568
CACO_WS_036,CACO,16.778635589077226,30.144041252973796,56.46312564562811,82.73381294964028,47.84172661870504,71.49280575539568
CACO_WS_037,CACO,16.778635589077226,30.144041252973796,56.46312564562811,82.73381294964028,47.84172661870504,71.49280575539568
CACO_WS_038,CACO,16.778635589077226,30.144041252973796,56.46312564562811,82.73381294964028,47.84172661870504,71.49280575539568
CACO_WS_040,CACO,16.778635589077226,30.144041252973796,56.46312564562811,82.73381294964028,47.84172661870504,71.49280575539568
CACO_WS_041,CACO,16.778635589077226,30.144041252973796,56.46312564562811,82.73381294964028,47.84172661870504,71.49280575539568
CACO_WS_041,CACO,16.778635589077226,30.144041252973796,56.46312564562811,82.73381294964028,47.84172661870504,71.49280575539568
CACO_WS_043,CACO,16.778635589077226,30.144041252973796,56.46312564562811,82.73381294964028,47.84172661870504,71.49280575539568
CACO_WS_044,CACO,16.778635589077226,30.144041252973796,56.46312564562811,82.73381294964028,47.84172661870504,71.49280575539568
CACO_WS_045,CACO,16.778635589077226,30.144041252973796,56.46312564562811,82.73381294964028,47.84172661870504,71.49280575539568
CACO_WS_046,CACO,16.778635589077226,30.144041252973796,56.46312564562811,82.73381294964028,47.84172661870504,71.49280575539568
CACO_WS_049,CACO,16.778635589077226,30.144041252973796,56.46312564562811,82.73381294964028,47.84172661870504,71.49280575539568
CACO_WS_050,CACO,16.778635589077226,30.144041252973796,56.46312564562811,82.73381294964028,47.84172661870504,71.49280575539568
CACO_WS_051,CACO,16.778635589077226,30.144041252973796,56.46312564562811,82.73381294964028,47.84172661870504,71.49280575539568
CACO_WS_052,CACO,16.778635589077226,30.144041252973796,56.46312564562811,82.73381294964028,47.84172661870504,71.49280575539568
CACO_WS_053,CACO,16.778635589077226,30.144041252973796,56.46312564562811,82.73381294964028,47.84172661870504,71.49280575539568
CACO_WS_055,CACO,16.778635589077226,30.144041252973796,56.46312564562811,82.73381294964028,47.84172661870504,71.49280575539568
CACO_WS_057,CACO,16.778635589077226,30.144041252973796,56.46312564562811,82.73381294964028,47.84172661870504,71.49280575539568
CACO_WS_059,CACO,16.778635589077226,30.144041252973796,56.46312564562811,82.73381294964028,47.84172661870504,71.49280575539568
CACO_WS_062,CACO,16.778635589077226,30.144041252973796,56.46312564562811,82.73381294964028,47.84172661870504,71.49280575539568
CACO_WS_063,CACO,16.778635589077226,30.144041252973796,56.46312564562811,82.73381294964028,47.84172661870504,71.49280575539568
CACO_WS_066,CACO,16.778635589077226,30.144041252973796,56.46312564562811,82.73381294964028,47.84172661870504,71.49280575539568
CACO_WS_067,CACO,16.778635589077226,30.144041252973796,56.46312564562811,82.73381294964028,47.84172661870504,71.49280575539568
CACO_WS_069,CACO,16.778635589077226,30.144041252973796,56.46312564562811,82.73381294964028,47.84172661870504,71.49280575539568
CACO_WS_070,CACO,16.778635589077226,30.144041252973796,56.46312564562811,82.73381294964028,47.84172661870504,71.49280575539568
LOWE_WS_001,LOWE,16.778635589077226,30.144041252973796,56.46312564562811,82.73381294964028,47.84172661870504,71.49280575539568
MIMA_WS_001,MIMA,16.778635589077226,30.144041252973796,56.46312564562811,82.73381294964028,47.84172661870504,71.49280575539568
MIMA_WS_003,MIMA,16.778635589077226,30.144041252973796,56.46312564562811,82.73381294964028,47.84172661870504,71.49280575539568
MIMA_WS_004,MIMA,16.778635589077226,30.144041252973796,56.46312564562811,82.73381294964028,47.84172661870504,71.49280575539568
ASIS_WS_001,ASIS,13.010108088683273,28.780770086390294,46.90259630837068,57.37410071942446,39.38848920863309,40.647482014388494
ASIS_WS_001,ASIS,13.010108088683273,28.780770086390294,46.90259630837068,57.37410071942446,39.38848920863309,40.647482014388494
ASIS_WS_002,ASIS,13.010108088683273,28.780770086390294,46.90259630837068,57.37410071942446,39.38848920863309,40.647482014388494
CAJO_WS_001,CAJO,9.813910266816622,27.146587201776452,40.004755355360075,36.510791366906474,36.330935251798564,35.52158273381295
HATU_WS_001,HATU,13.010108088683273,28.780770086390294,46.90259630837068,57.37410071942446,39.38848920863309,40.647482014388494
THST_WS_001,THST,9.813910266816622,27.146587201776452,40.004755355360075,36.510791366906474,36.330935251798564,35.52158273381295
ACAD_WS_001,ACAD,15.831702167685313,32.628414636265276,61.2764853692353,75.26978417266187,56.92446043165468,81.92446043165468
ACAD_WS_004,ACAD,15.831702167685313,32.628414636265276,61.2764853692353,75.26978417266187,56.92446043165468,81.92446043165468
ACAD_WS_005,ACAD,15.831702167685313,32.628414636265276,61.2764853692353,75.26978417266187,56.92446043165468,81.92446043165468
ACAD_WS_007,ACAD,15.831702167685313,32.628414636265276,61.2764853692353,75.26978417266187,56.92446043165468,81.92446043165468
ACAD_WS_008,ACAD,15.831702167685313,32.628414636265276,61.2764853692353,75.26978417266187,56.92446043165468,81.92446043165468
ACAD_WS_010,ACAD,15.831702167685313,32.628414636265276,61.2764853692353,75.26978417266187,56.92446043165468,81.92446043165468
ACAD_WS_011,ACAD,15.831702167685313,32.628414636265276,61.2764853692353,75.26978417266187,56.92446043165468,81.92446043165468
ACAD_WS_012,ACAD,15.831702167685313,32.628414636265276,61.2764853692353,75.26978417266187,56.92446043165468,81.92446043165468
ACAD_WS_013,ACAD,15.831702167685313,32.628414636265276,61.2764853692353,75.26978417266187,56.92446043165468,81.92446043165468
ACAD_WS_014,ACAD,15.831702167685313,32.628414636265276,61.2764853692353,75.26978417266187,56.92446043165468,81.92446043165468
ACAD_WS_016,ACAD,15.831702167685313,32.628414636265276,61.2764853692353,75.26978417266187,56.92446043165468,81.92446043165468
ACAD_WS_017,ACAD,15.831702167685313,32.628414636265276,61.2764853692353,75.26978417266187,56.92446043165468,81.92446043165468
ACAD_WS_019,ACAD,15.831702167685313,32.628414636265276,61.2764853692353,75.26978417266187,56.92446043165468,81.92446043165468
ACAD_WS_020,ACAD,15.831702167685313,32.628414636265276,61.2764853692353,75.26978417266187,56.92446043165468,81.92446043165468
ACAD_WS_022,ACAD,15.831702167685313,32.628414636265276,61.2764853692353,75.26978417266187,56.92446043165468,81.92446043165468
ACAD_WS_023,ACAD,15.831702167685313,32.628414636265276,61.2764853692353,75.26978417266187,56.92446043165468,81.92446043165468
ACAD_WS_025,ACAD,15.831702167685313,32.628414636265276,61.2764853692353,75.26978417266187,56.92446043165468,81.92446043165468
ACAD_WS_026,ACAD,15.831702167685313,32.628414636265276,61.2764853692353,75.26978417266187,56.92446043165468,81.92446043165468
KAWW_WS_002,KAWW,15.831702167685313,32.628414636265276,61.2764853692353,75.26978417266187,56.92446043165468,81.92446043165468
SACR_WS_001,SACR,15.831702167685313,32.628414636265276,61.2764853692353,75.26978417266187,56.92446043165468,81.92446043165468
ISRO_WS_003,ISRO,12.51548934254107,48.34644134827846,79.21092137762193,54.40647482014388,98.65107913669064,97.39208633093526
ISRO_WS_006,ISRO,11.605912376357498,52.802125935342424,83.66369490906725,49.460431654676256,99.01079136690647,97.57194244604317
ISRO_WS_009,ISRO,11.605912376357498,52.802125935342424,83.66369490906725,49.460431654676256,99.01079136690647,97.57194244604317
KEWE_WS_001,KEWE,12.51548934254107,48.34644134827846,79.21092137762193,54.40647482014388,98.65107913669064,97.39208633093526
PIRO_WS_003,PIRO,12.51548934254107,48.34644134827846,79.21092137762193,54.40647482014388,98.65107913669064,97.39208633093526
PIRO_WS_004,PIRO,12.51548934254107,48.34644134827846,79.21092137762193,54.40647482014388,98.65107913669064,97.39208633093526
PIRO_WS_005,PIRO,12.51548934254107,48.34644134827846,79.21092137762193,54.40647482014388,98.65107913669064,97.39208633093526
PIRO_WS_007,PIRO,12.51548934254107,48.34644134827846,79.21092137762193,54.40647482014388,98.65107913669064,97.39208633093526
PIRO_WS_008,PIRO,12.51548934254107,48.34644134827846,79.21092137762193,54.40647482014388,98.65107913669064,97.39208633093526
PIRO_WS_010,PIRO,12.51548934254107,48.34644134827846,79.21092137762193,54.40647482014388,98.65107913669064,97.39208633093526
PIRO_WS_011,PIRO,12.51548934254107,48.34644134827846,79.21092137762193,54.40647482014388,98.65107913669064,97.39208633093526
PIRO_WS_012,PIRO,12.51548934254107,48.34644134827846,79.21092137762193,54.40647482014388,98.65107913669064,97.39208633093526
PIRO_WS_013,PIRO,12.51548934254107,48.34644134827846,79.21092137762193,54.40647482014388,98.65107913669064,97.39208633093526
PIRO_WS_014,PIRO,12.51548934254107,48.34644134827846,79.21092137762193,54.40647482014388,98.65107913669064,97.39208633093526
PIRO_WS_018,PIRO,12.51548934254107,48.34644134827846,79.21092137762193,54.40647482014388,98.65107913669064,97.39208633093526
PIRO_WS_019,PIRO,12.51548934254107,48.34644134827846,79.21092137762193,54.40647482014388,98.65107913669064,97.39208633093526
PIRO_WS_020,PIRO,12.51548934254107,48.34644134827846,79.21092137762193,54.40647482014388,98.65107913669064,97.39208633093526
RIRA_WS_001,RIRA,15.0183571451762,42.630135088395235,64.51164898599252,71.40287769784173,94.69424460431655,86.6906474820144
SLBE_WS_002,SLBE,12.397299968372144,46.35478645248755,72.10755560435264,52.15827338129496,97.3021582733813,95.50359712230215
SLBE_WS_002,SLBE,12.397299968372144,46.35478645248755,72.10755560435264,52.15827338129496,97.3021582733813,95.50359712230215
SLBE_WS_003,SLBE,12.397299968372144,46.35478645248755,72.10755560435264,52.15827338129496,97.3021582733813,95.50359712230215
SLBE_WS_004,SLBE,12.397299968372144,46.35478645248755,72.10755560435264,52.15827338129496,97.3021582733813,95.50359712230215
SLBE_WS_005,SLBE,12.397299968372144,46.35478645248755,72.10755560435264,52.15827338129496,97.3021582733813,95.50359712230215
SLBE_WS_007,SLBE,12.397299968372144,46.35478645248755,72.10755560435264,52.15827338129496,97.3021582733813,95.50359712230215
SLBE_WS_008,SLBE,12.397299968372144,46.35478645248755,72.10755560435264,52.15827338129496,97.3021582733813,95.50359712230215
SLBE_WS_010,SLBE,12.397299968372144,46.35478645248755,72.10755560435264,52.15827338129496,97.3021582733813,95.50359712230215
SLBE_WS_011,SLBE,12.397299968372144,46.35478645248755,72.10755560435264,52.15827338129496,97.3021582733813,95.50359712230215
SLBE_WS_013,SLBE,12.397299968372144,46.35478645248755,72.10755560435264,52.15827338129496,97.3021582733813,95.50359712230215
SLBE_WS_014,SLBE,12.397299968372144,46.35478645248755,72.10755560435264,52.15827338129496,97.3021582733813,95.50359712230215
SLBE_WS_015,SLBE,12.397299968372144,46.35478645248755,72.10755560435264,52.15827338129496,97.3021582733813,95.50359712230215
SLBE_WS_017,SLBE,12.397299968372144,46.35478645248755,72.10755560435264,52.15827338129496,97.3021582733813,95.50359712230215
SLBE_WS_018,SLBE,12.397299968372144,46.35478645248755,72.10755560435264,52.15827338129496,97.3021582733813,95.50359712230215
SLBE_WS_019,SLBE,12.397299968372144,46.35478645248755,72.10755560435264,52.15827338129496,97.3021582733813,95.50359712230215
SLBE_WS_020,SLBE,12.397299968372144,46.35478645248755,72.10755560435264,52.15827338129496,97.3021582733813,95.50359712230215
SLBE_WS_021,SLBE,12.397299968372144,46.35478645248755,72.10755560435264,52.15827338129496,97.3021582733813,95.50359712230215
SLBE_WS_022,SLBE,12.397299968372144,46.35478645248755,72.10755560435264,52.15827338129496,97.3021582733813,95.50359712230215
SLBE_WS_026,SLBE,12.397299968372144,46.35478645248755,72.10755560435264,52.15827338129496,97.3021582733813,95.50359712230215
MEMY_WS_001,MEMY,11.276954436206253,34.30494864809392,54.013699724311735,48.74100719424461,65.1978417266187,56.29496402877698
NATC_WS_001,NATC,13.479174163424009,39.472990622945204,65.33226271919156,61.2410071942446,85.16187050359713,87.41007194244604
SHIL_WS_001,SHIL,11.276954436206253,34.30494864809392,54.013699724311735,48.74100719424461,65.1978417266187,56.29496402877698
SHIL_WS_002,SHIL,11.276954436206253,34.30494864809392,54.013699724311735,48.74100719424461,65.1978417266187,56.29496402877698
BICA_WS_008,BICA,6.570133388510444,15.3317841695226,31.865943983762286,22.032374100719423,17.89568345323741,25
BICA_WS_004,BICA,6.570133388510444,15.3317841695226,31.865943983762286,22.032374100719423,17.89568345323741,25
BICA_WS_003,BICA,6.570133388510444,15.3317841695226,31.865943983762286,22.032374100719423,17.89568345323741,25
FOUS_WS_001,FOUS,8.24112217851229,21.110491846779443,38.848984425566854,25.449640287769785,26.70863309352518,33.81294964028777
GLAC_WS_013,GLAC,17.435393197348684,34.03087545295562,51.19875323913904,86.33093525179856,62.94964028776978,52.69784172661871
GLAC_WS_014,GLAC,17.435393197348684,34.03087545295562,51.19875323913904,86.33093525179856,62.94964028776978,52.69784172661871
GLAC_WS_022,GLAC,17.435393197348684,34.03087545295562,51.19875323913904,86.33093525179856,62.94964028776978,52.69784172661871
GLAC_WS_020,GLAC,17.435393197348684,34.03087545295562,51.19875323913904,86.33093525179856,62.94964028776978,52.69784172661871
GLAC_WS_010,GLAC,17.435393197348684,34.03087545295562,51.19875323913904,86.33093525179856,62.94964028776978,52.69784172661871
GLAC_WS_007,GLAC,17.435393197348684,34.03087545295562,51.19875323913904,86.33093525179856,62.94964028776978,52.69784172661871
GLAC_WS_007,GLAC,17.435393197348684,34.03087545295562,51.19875323913904,86.33093525179856,62.94964028776978,52.69784172661871
GLAC_WS_015,GLAC,17.435393197348684,34.03087545295562,51.19875323913904,86.33093525179856,62.94964028776978,52.69784172661871
GLAC_WS_012,GLAC,17.435393197348684,34.03087545295562,51.19875323913904,86.33093525179856,62.94964028776978,52.69784172661871
GLAC_WS_009,GLAC,17.435393197348684,34.03087545295562,51.19875323913904,86.33093525179856,62.94964028776978,52.69784172661871
GLAC_WS_009,GLAC,17.435393197348684,34.03087545295562,51.19875323913904,86.33093525179856,62.94964028776978,52.69784172661871
GLAC_WS_001,GLAC,17.435393197348684,34.03087545295562,51.19875323913904,86.33093525179856,62.94964028776978,52.69784172661871
GLAC_WS_008,GLAC,17.435393197348684,34.03087545295562,51.19875323913904,86.33093525179856,62.94964028776978,52.69784172661871
GLAC_WS_024,GLAC,17.435393197348684,34.03087545295562,51.19875323913904,86.33093525179856,62.94964028776978,52.69784172661871
GLAC_WS_024,GLAC,17.435393197348684,34.03087545295562,51.19875323913904,86.33093525179856,62.94964028776978,52.69784172661871
GLAC_WS_016,GLAC,17.435393197348684,34.03087545295562,51.19875323913904,86.33093525179856,62.94964028776978,52.69784172661871
GLAC_WS_004,GLAC,17.435393197348684,34.03087545295562,51.19875323913904,86.33093525179856,62.94964028776978,52.69784172661871
GLAC_WS_019,GLAC,17.435393197348684,34.03087545295562,51.19875323913904,86.33093525179856,62.94964028776978,52.69784172661871
GLAC_WS_006,GLAC,17.435393197348684,34.03087545295562,51.19875323913904,86.33093525179856,62.94964028776978,52.69784172661871
GLAC_WS_002,GLAC,17.435393197348684,34.03087545295562,51.19875323913904,86.33093525179856,62.94964028776978,52.69784172661871
GLAC_WS_021,GLAC,17.435393197348684,34.03087545295562,51.19875323913904,86.33093525179856,62.94964028776978,52.69784172661871
GLAC_WS_003,GLAC,17.435393197348684,34.03087545295562,51.19875323913904,86.33093525179856,62.94964028776978,52.69784172661871
GLAC_WS_017,GLAC,17.435393197348684,34.03087545295562,51.19875323913904,86.33093525179856,62.94964028776978,52.69784172661871
GLAC_WS_005,GLAC,17.435393197348684,34.03087545295562,51.19875323913904,86.33093525179856,62.94964028776978,52.69784172661871
GLAC_WS_023,GLAC,17.435393197348684,34.03087545295562,51.19875323913904,86.33093525179856,62.94964028776978,52.69784172661871
GLAC_WS_011,GLAC,17.435393197348684,34.03087545295562,51.19875323913904,86.33093525179856,62.94964028776978,52.69784172661871
GLAC_WS_018,GLAC,17.435393197348684,34.03087545295562,51.19875323913904,86.33093525179856,62.94964028776978,52.69784172661871
LIBI_WS_001,LIBI,6.751792416670732,22.490014335419485,38.422469411184814,22.571942446043167,28.23741007194245,33.093525179856115
BLRI_WS_001,BLRI,14.94944286108931,38.22798283015302,58.45752426719481,68.9748201438849,83.45323741007195,77.60791366906474
BLRI_WS_002,BLRI,14.94944286108931,38.22798283015302,58.45752426719481,68.9748201438849,83.45323741007195,77.60791366906474
BLRI_WS_003,BLRI,14.94944286108931,38.22798283015302,58.45752426719481,68.9748201438849,83.45323741007195,77.60791366906474
BLRI_WS_004,BLRI,14.94944286108931,38.22798283015302,58.45752426719481,68.9748201438849,83.45323741007195,77.60791366906474
BLRI_WS_005,BLRI,14.94944286108931,38.22798283015302,58.45752426719481,68.9748201438849,83.45323741007195,77.60791366906474
BLRI_WS_006,BLRI,14.94944286108931,38.22798283015302,58.45752426719481,68.9748201438849,83.45323741007195,77.60791366906474
BLRI_WS_007,BLRI,14.94944286108931,38.22798283015302,58.45752426719481,68.9748201438849,83.45323741007195,77.60791366906474
BLRI_WS_008,BLRI,14.94944286108931,38.22798283015302,58.45752426719481,68.9748201438849,83.45323741007195,77.60791366906474
BLRI_WS_09,BLRI,14.94944286108931,38.22798283015302,58.45752426719481,68.9748201438849,83.45323741007195,77.60791366906474
BLRI_WS_010,BLRI,14.94944286108931,38.22798283015302,58.45752426719481,68.9748201438849,83.45323741007195,77.60791366906474
BLRI_WS_011,BLRI,14.94944286108931,38.22798283015302,58.45752426719481,68.9748201438849,83.45323741007195,77.60791366906474
BLRI_WS_012,BLRI,14.94944286108931,38.22798283015302,58.45752426719481,68.9748201438849,83.45323741007195,77.60791366906474
BLRI_WS_013,BLRI,14.94944286108931,38.22798283015302,58.45752426719481,68.9748201438849,83.45323741007195,77.60791366906474
BLRI_WS_014,BLRI,14.94944286108931,38.22798283015302,58.45752426719481,68.9748201438849,83.45323741007195,77.60791366906474
BLRI_WS_015,BLRI,14.94944286108931,38.22798283015302,58.45752426719481,68.9748201438849,83.45323741007195,77.60791366906474
BLRI_WS_016,BLRI,13.271309692689162,33.669516826193814,45.26473816151581,59.98201438848921,58.81294964028777,40.10791366906475
BLRI_WS_017,BLRI,13.271309692689162,33.669516826193814,45.26473816151581,59.98201438848921,58.81294964028777,40.10791366906475
BLRI_WS_018,BLRI,9.765888612949233,34.82876090748339,56.355164868520525,34.802158273381295,76.61870503597122,63.219424460431654
BLRI_WS_019,BLRI,14.94944286108931,38.22798283015302,58.45752426719481,68.9748201438849,83.45323741007195,77.60791366906474
BLRI_WS_020,BLRI,14.94944286108931,38.22798283015302,58.45752426719481,68.9748201438849,83.45323741007195,77.60791366906474
BLRI_WS_021,BLRI,14.94944286108931,38.22798283015302,58.45752426719481,68.9748201438849,83.45323741007195,77.60791366906474
BLRI_WS_022,BLRI,14.94944286108931,38.22798283015302,58.45752426719481,68.9748201438849,83.45323741007195,77.60791366906474
BLRI_WS_024,BLRI,9.765888612949233,34.82876090748339,56.355164868520525,34.802158273381295,76.61870503597122,63.219424460431654
BLRI_WS_025,BLRI,9.765888612949233,34.82876090748339,56.355164868520525,34.802158273381295,76.61870503597122,63.219424460431654
BLRI_WS_026,BLRI,9.765888612949233,34.82876090748339,56.355164868520525,34.802158273381295,76.61870503597122,63.219424460431654
BLRI_WS_027,BLRI,14.94944286108931,38.22798283015302,58.45752426719481,68.9748201438849,83.45323741007195,77.60791366906474
BLRI_WS_028,BLRI,14.94944286108931,38.22798283015302,58.45752426719481,68.9748201438849,83.45323741007195,77.60791366906474
BLRI_WS_029,BLRI,14.94944286108931,38.22798283015302,58.45752426719481,68.9748201438849,83.45323741007195,77.60791366906474
BLRI_WS_029,BLRI,14.94944286108931,38.22798283015302,58.45752426719481,68.9748201438849,83.45323741007195,77.60791366906474
BLRI_WS_030,BLRI,14.94944286108931,38.22798283015302,58.45752426719481,68.9748201438849,83.45323741007195,77.60791366906474
BLRI_WS_031,BLRI,9.765888612949233,34.82876090748339,56.355164868520525,34.802158273381295,76.61870503597122,63.219424460431654
BLRI_WS_031,BLRI,9.765888612949233,34.82876090748339,56.355164868520525,34.802158273381295,76.61870503597122,63.219424460431654
BLRI_WS_032,BLRI,9.765888612949233,34.82876090748339,56.355164868520525,34.802158273381295,76.61870503597122,63.219424460431654
BLRI_WS_033,BLRI,14.94944286108931,38.22798283015302,58.45752426719481,68.9748201438849,83.45323741007195,77.60791366906474
BLRI_WS_034,BLRI,14.94944286108931,38.22798283015302,58.45752426719481,68.9748201438849,83.45323741007195,77.60791366906474
BLRI_WS_035,BLRI,14.94944286108931,38.22798283015302,58.45752426719481,68.9748201438849,83.45323741007195,77.60791366906474
BLRI_WS_036,BLRI,14.94944286108931,38.22798283015302,58.45752426719481,68.9748201438849,83.45323741007195,77.60791366906474
BLRI_WS_038,BLRI,14.94944286108931,38.22798283015302,58.45752426719481,68.9748201438849,83.45323741007195,77.60791366906474
BLRI_WS_039,BLRI,14.94944286108931,38.22798283015302,58.45752426719481,68.9748201438849,83.45323741007195,77.60791366906474
BLRI_WS_040,BLRI,14.94944286108931,38.22798283015302,58.45752426719481,68.9748201438849,83.45323741007195,77.60791366906474
BLRI_WS_041,BLRI,14.94944286108931,38.22798283015302,58.45752426719481,68.9748201438849,83.45323741007195,77.60791366906474
BLRI_WS_042,BLRI,14.94944286108931,38.22798283015302,58.45752426719481,68.9748201438849,83.45323741007195,77.60791366906474
BLRI_WS_043,BLRI,14.94944286108931,38.22798283015302,58.45752426719481,68.9748201438849,83.45323741007195,77.60791366906474
BLRI_WS_044,BLRI,14.964785582234196,34.68606326289563,52.248911219398565,70.86330935251799,69.69424460431655,54.49640287769785
CAHA_WS_001,CAHA,11.097710630948873,24.206264734462245,37.39143469457153,45.23381294964029,34.622302158273385,32.55395683453237
CAHA_WS_002,CAHA,11.097710630948873,24.206264734462245,37.39143469457153,45.23381294964029,34.622302158273385,32.55395683453237
CAHA_WS_002,CAHA,11.097710630948873,24.206264734462245,37.39143469457153,45.23381294964029,34.622302158273385,32.55395683453237
CAHA_WS_002,CAHA,11.097710630948873,24.206264734462245,37.39143469457153,45.23381294964029,34.622302158273385,32.55395683453237
CAHA_WS_003,CAHA,11.097710630948873,24.206264734462245,37.39143469457153,45.23381294964029,34.622302158273385,32.55395683453237
CAHA_WS_004,CAHA,11.097710630948873,24.206264734462245,37.39143469457153,45.23381294964029,34.622302158273385,32.55395683453237
CAHA_WS_005,CAHA,11.097710630948873,24.206264734462245,37.39143469457153,45.23381294964029,34.622302158273385,32.55395683453237
CAHA_WS_006,CAHA,11.097710630948873,24.206264734462245,37.39143469457153,45.23381294964029,34.622302158273385,32.55395683453237
CALO_WS_001,CALO,11.097710630948873,24.206264734462245,37.39143469457153,45.23381294964029,34.622302158273385,32.55395683453237
CALO_WS_004,CALO,11.097710630948873,24.206264734462245,37.39143469457153,45.23381294964029,34.622302158273385,32.55395683453237
CALO_WS_005,CALO,11.097710630948873,24.206264734462245,37.39143469457153,45.23381294964029,34.622302158273385,32.55395683453237
CALO_WS_006,CALO,11.097710630948873,24.206264734462245,37.39143469457153,45.23381294964029,34.622302158273385,32.55395683453237
CARL_WS_001,CARL,14.94944286108931,38.22798283015302,58.45752426719481,68.9748201438849,83.45323741007195,77.60791366906474
FORA_WS_001,FORA,11.097710630948873,24.206264734462245,37.39143469457153,45.23381294964029,34.622302158273385,32.55395683453237
FORA_WS_001,FORA,11.097710630948873,24.206264734462245,37.39143469457153,45.23381294964029,34.622302158273385,32.55395683453237
GRSM_WS_001,GRSM,14.94944286108931,38.22798283015302,58.45752426719481,68.9748201438849,83.45323741007195,77.60791366906474
GRSM_WS_002,GRSM,14.94944286108931,38.22798283015302,58.45752426719481,68.9748201438849,83.45323741007195,77.60791366906474
GRSM_WS_003,GRSM,14.94944286108931,38.22798283015302,58.45752426719481,68.9748201438849,83.45323741007195,77.60791366906474
GRSM_WS_004,GRSM,14.94944286108931,38.22798283015302,58.45752426719481,68.9748201438849,83.45323741007195,77.60791366906474
GRSM_WS_005,GRSM,14.94944286108931,38.22798283015302,58.45752426719481,68.9748201438849,83.45323741007195,77.60791366906474
GRSM_WS_006,GRSM,14.94944286108931,38.22798283015302,58.45752426719481,68.9748201438849,83.45323741007195,77.60791366906474
GRSM_WS_007,GRSM,14.94944286108931,38.22798283015302,58.45752426719481,68.9748201438849,83.45323741007195,77.60791366906474
GRSM_WS_008,GRSM,14.94944286108931,38.22798283015302,58.45752426719481,68.9748201438849,83.45323741007195,77.60791366906474
GRSM_WS_009,GRSM,14.94944286108931,38.22798283015302,58.45752426719481,68.9748201438849,83.45323741007195,77.60791366906474
GRSM_WS_010,GRSM,14.94944286108931,38.22798283015302,58.45752426719481,68.9748201438849,83.45323741007195,77.60791366906474
GRSM_WS_011,GRSM,14.94944286108931,38.22798283015302,58.45752426719481,68.9748201438849,83.45323741007195,77.60791366906474
GRSM_WS_012,GRSM,14.94944286108931,38.22798283015302,58.45752426719481,68.9748201438849,83.45323741007195,77.60791366906474
GRSM_WS_013,GRSM,14.94944286108931,38.22798283015302,58.45752426719481,68.9748201438849,83.45323741007195,77.60791366906474
GRSM_WS_014,GRSM,14.94944286108931,38.22798283015302,58.45752426719481,68.9748201438849,83.45323741007195,77.60791366906474
GRSM_WS_016,GRSM,14.94944286108931,38.22798283015302,58.45752426719481,68.9748201438849,83.45323741007195,77.60791366906474
GRSM_WS_017,GRSM,14.94944286108931,38.22798283015302,58.45752426719481,68.9748201438849,83.45323741007195,77.60791366906474
GRSM_WS_019,GRSM,14.94944286108931,38.22798283015302,58.45752426719481,68.9748201438849,83.45323741007195,77.60791366906474
GRSM_WS_020,GRSM,14.94944286108931,38.22798283015302,58.45752426719481,68.9748201438849,83.45323741007195,77.60791366906474
GRSM_WS_022,GRSM,14.94944286108931,38.22798283015302,58.45752426719481,68.9748201438849,83.45323741007195,77.60791366906474
GRSM_WS_023,GRSM,14.94944286108931,38.22798283015302,58.45752426719481,68.9748201438849,83.45323741007195,77.60791366906474
GRSM_WS_024,GRSM,14.94944286108931,38.22798283015302,58.45752426719481,68.9748201438849,83.45323741007195,77.60791366906474
GRSM_WS_025,GRSM,14.94944286108931,38.22798283015302,58.45752426719481,68.9748201438849,83.45323741007195,77.60791366906474
GRSM_WS_031,GRSM,14.94944286108931,38.22798283015302,58.45752426719481,68.9748201438849,83.45323741007195,77.60791366906474
GRSM_WS_032,GRSM,14.94944286108931,38.22798283015302,58.45752426719481,68.9748201438849,83.45323741007195,77.60791366906474
GRSM_WS_033,GRSM,14.94944286108931,38.22798283015302,58.45752426719481,68.9748201438849,83.45323741007195,77.60791366906474
GUCO_WS_001,GUCO,15.037626002309027,29.91867458488226,42.303662700346386,72.66187050359713,40.647482014388494,36.780575539568346
MOCR_WS_001,MOCR,11.097710630948873,24.206264734462245,37.39143469457153,45.23381294964029,34.622302158273385,32.55395683453237
MOCR_WS_002,MOCR,11.097710630948873,24.206264734462245,37.39143469457153,45.23381294964029,34.622302158273385,32.55395683453237
WRBR_WS_001,WRBR,11.097710630948873,24.206264734462245,37.39143469457153,45.23381294964029,34.622302158273385,32.55395683453237
KNRI_WS_001,KNRI,12.397299968372144,46.35478645248755,72.10755560435264,52.15827338129496,97.3021582733813,95.50359712230215
KNRI_WS_002,KNRI,4.467069190853829,17.01212556779893,26.878342640535973,17.176258992805753,24.280575539568343,18.165467625899282
KNRI_WS_002,KNRI,4.467069190853829,17.01212556779893,26.878342640535973,17.176258992805753,24.280575539568343,18.165467625899282
THRO_WS_001,THRO,6.751792416670732,22.490014335419485,38.422469411184814,22.571942446043167,28.23741007194245,33.093525179856115
THRO_WS_002,THRO,6.751792416670732,22.490014335419485,38.422469411184814,22.571942446043167,28.23741007194245,33.093525179856115
THRO_WS_004,THRO,6.751792416670732,22.490014335419485,38.422469411184814,22.571942446043167,28.23741007194245,33.093525179856115
THRO_WS_007,THRO,6.751792416670732,22.490014335419485,38.422469411184814,22.571942446043167,28.23741007194245,33.093525179856115
THRO_WS_008,THRO,6.751792416670732,22.490014335419485,38.422469411184814,22.571942446043167,28.23741007194245,33.093525179856115
AGFO_WS_002,AGFO,0.5014086297425354,14.2439218994144,28.27257905922559,15.827338129496402,17.535971223021583,19.784172661870503
AGFO_WS_003,AGFO,0.5014086297425354,14.2439218994144,28.27257905922559,15.827338129496402,17.535971223021583,19.784172661870503
AGFO_WS_004,AGFO,0.5014086297425354,14.2439218994144,28.27257905922559,15.827338129496402,17.535971223021583,19.784172661870503
HOME_WS_001,HOME,8.182326053581024,18.08970974849039,27.6042100165103,25.359712230215827,24.820143884892087,18.794964028776977
HOME_WS_002,HOME,15.263191880642433,41.4081709568078,64.60820551682819,72.84172661870504,90.64748201438849,86.87050359712231
MNRR_WS_001,MNRR,16.45455267061746,36.63174981972977,63.12978531200504,75.53956834532374,77.96762589928058,82.01438848920863
NIOB_WS_001,NIOB,4.467069190853829,17.01212556779893,26.878342640535973,17.176258992805753,24.280575539568343,18.165467625899282
NIOB_WS_002,NIOB,6.10663058211283,17.412241055678262,26.500812853913878,18.525179856115106,24.370503597122305,17.446043165467625
SCBL_WS_001,SCBL,-8.6322429092705,6.00705582196874,14.1467222899842,10.611510791366907,11.33093525179856,2.5179856115107913
SAGA_WS_002,SAGA,16.778635589077226,30.144041252973796,56.46312564562811,82.73381294964028,47.84172661870504,71.49280575539568
SAGA_WS_003,SAGA,16.778635589077226,30.144041252973796,56.46312564562811,82.73381294964028,47.84172661870504,71.49280575539568
DEWA_WS_002,DEWA,9.765888612949233,34.82876090748339,56.355164868520525,34.802158273381295,76.61870503597122,63.219424460431654
DEWA_WS_003,DEWA,9.765888612949233,34.82876090748339,56.355164868520525,34.802158273381295,76.61870503597122,63.219424460431654
DEWA_WS_004,DEWA,9.765888612949233,34.82876090748339,56.355164868520525,34.802158273381295,76.61870503597122,63.219424460431654
DEWA_WS_006,DEWA,11.275658650587953,33.97880796210598,63.30347998188387,47.122302158273385,60.52158273381295,86.15107913669064
DEWA_WS_007,DEWA,11.275658650587953,33.97880796210598,63.30347998188387,47.122302158273385,60.52158273381295,86.15107913669064
DEWA_WS_008,DEWA,9.765888612949233,34.82876090748339,56.355164868520525,34.802158273381295,76.61870503597122,63.219424460431654
DEWA_WS_009,DEWA,9.765888612949233,34.82876090748339,56.355164868520525,34.802158273381295,76.61870503597122,63.219424460431654
DEWA_WS_011,DEWA,11.275658650587953,33.97880796210598,63.30347998188387,47.122302158273385,60.52158273381295,86.15107913669064
DEWA_WS_012,DEWA,11.275658650587953,33.97880796210598,63.30347998188387,47.122302158273385,60.52158273381295,86.15107913669064
DEWA_WS_015,DEWA,9.765888612949233,34.82876090748339,56.355164868520525,34.802158273381295,76.61870503597122,63.219424460431654
DEWA_WS_017,DEWA,9.765888612949233,34.82876090748339,56.355164868520525,34.802158273381295,76.61870503597122,63.219424460431654
DEWA_WS_018,DEWA,11.275658650587953,33.97880796210598,63.30347998188387,47.122302158273385,60.52158273381295,86.15107913669064
DEWA_WS_019,DEWA,11.275658650587953,33.97880796210598,63.30347998188387,47.122302158273385,60.52158273381295,86.15107913669064
DEWA_WS_020,DEWA,11.275658650587953,33.97880796210598,63.30347998188387,47.122302158273385,60.52158273381295,86.15107913669064
DEWA_WS_021,DEWA,9.765888612949233,34.82876090748339,56.355164868520525,34.802158273381295,76.61870503597122,63.219424460431654
DEWA_WS_023,DEWA,11.275658650587953,33.97880796210598,63.30347998188387,47.122302158273385,60.52158273381295,86.15107913669064
DEWA_WS_029,DEWA,9.765888612949233,34.82876090748339,56.355164868520525,34.802158273381295,76.61870503597122,63.219424460431654
DEWA_WS_030,DEWA,9.765888612949233,34.82876090748339,56.355164868520525,34.802158273381295,76.61870503597122,63.219424460431654
DEWA_WS_038,DEWA,9.765888612949233,34.82876090748339,56.355164868520525,34.802158273381295,76.61870503597122,63.219424460431654
DEWA_WS_039,DEWA,9.765888612949233,34.82876090748339,56.355164868520525,34.802158273381295,76.61870503597122,63.219424460431654
DEWA_WS_041,DEWA,9.765888612949233,34.82876090748339,56.355164868520525,34.802158273381295,76.61870503597122,63.219424460431654
DEWA_WS_042,DEWA,9.765888612949233,34.82876090748339,56.355164868520525,34.802158273381295,76.61870503597122,63.219424460431654
DEWA_WS_043,DEWA,11.275658650587953,33.97880796210598,63.30347998188387,47.122302158273385,60.52158273381295,86.15107913669064
DEWA_WS_046,DEWA,9.765888612949233,34.82876090748339,56.355164868520525,34.802158273381295,76.61870503597122,63.219424460431654
DEWA_WS_047,DEWA,9.765888612949233,34.82876090748339,56.355164868520525,34.802158273381295,76.61870503597122,63.219424460431654
DEWA_WS_048,DEWA,9.765888612949233,34.82876090748339,56.355164868520525,34.802158273381295,76.61870503597122,63.219424460431654
DEWA_WS_049,DEWA,9.765888612949233,34.82876090748339,56.355164868520525,34.802158273381295,76.61870503597122,63.219424460431654
DEWA_WS_050,DEWA,9.765888612949233,34.82876090748339,56.355164868520525,34.802158273381295,76.61870503597122,63.219424460431654
DEWA_WS_052,DEWA,9.765888612949233,34.82876090748339,56.355164868520525,34.802158273381295,76.61870503597122,63.219424460431654
DEWA_WS_053,DEWA,9.765888612949233,34.82876090748339,56.355164868520525,34.802158273381295,76.61870503597122,63.219424460431654
DEWA_WS_054,DEWA,9.765888612949233,34.82876090748339,56.355164868520525,34.802158273381295,76.61870503597122,63.219424460431654
DEWA_WS_056,DEWA,11.275658650587953,33.97880796210598,63.30347998188387,47.122302158273385,60.52158273381295,86.15107913669064
DEWA_WS_057,DEWA,11.275658650587953,33.97880796210598,63.30347998188387,47.122302158273385,60.52158273381295,86.15107913669064
DEWA_WS_059,DEWA,11.275658650587953,33.97880796210598,63.30347998188387,47.122302158273385,60.52158273381295,86.15107913669064
DEWA_WS_060,DEWA,11.275658650587953,33.97880796210598,63.30347998188387,47.122302158273385,60.52158273381295,86.15107913669064
DEWA_WS_061,DEWA,9.765888612949233,34.82876090748339,56.355164868520525,34.802158273381295,76.61870503597122,63.219424460431654
DEWA_WS_063,DEWA,11.275658650587953,33.97880796210598,63.30347998188387,47.122302158273385,60.52158273381295,86.15107913669064
DEWA_WS_065,DEWA,9.765888612949233,34.82876090748339,56.355164868520525,34.802158273381295,76.61870503597122,63.219424460431654
DEWA_WS_069,DEWA,9.765888612949233,34.82876090748339,56.355164868520525,34.802158273381295,76.61870503597122,63.219424460431654
DEWA_WS_071,DEWA,9.765888612949233,34.82876090748339,56.355164868520525,34.802158273381295,76.61870503597122,63.219424460431654
DEWA_WS_072,DEWA,9.765888612949233,34.82876090748339,56.355164868520525,34.802158273381295,76.61870503597122,63.219424460431654
DEWA_WS_074,DEWA,9.765888612949233,34.82876090748339,56.355164868520525,34.802158273381295,76.61870503597122,63.219424460431654
DEWA_WS_075,DEWA,9.765888612949233,34.82876090748339,56.355164868520525,34.802158273381295,76.61870503597122,63.219424460431654
DEWA_WS_077,DEWA,9.765888612949233,34.82876090748339,56.355164868520525,34.802158273381295,76.61870503597122,63.219424460431654
DEWA_WS_079,DEWA,9.765888612949233,34.82876090748339,56.355164868520525,34.802158273381295,76.61870503597122,63.219424460431654
DEWA_WS_080,DEWA,9.765888612949233,34.82876090748339,56.355164868520525,34.802158273381295,76.61870503597122,63.219424460431654
DEWA_WS_081,DEWA,11.275658650587953,33.97880796210598,63.30347998188387,47.122302158273385,60.52158273381295,86.15107913669064
GATE_WS_001,GATE,13.010108088683273,28.780770086390294,46.90259630837068,57.37410071942446,39.38848920863309,40.647482014388494
MORR_WS_001,MORR,9.954061301047991,32.37429089015554,50.52008951068596,41.097122302158276,55.12589928057554,49.10071942446043
MORR_WS_002,MORR,9.954061301047991,32.37429089015554,50.52008951068596,41.097122302158276,55.12589928057554,49.10071942446043
MORR_WS_003,MORR,9.954061301047991,32.37429089015554,50.52008951068596,41.097122302158276,55.12589928057554,49.10071942446043
MORR_WS_004,MORR,9.954061301047991,32.37429089015554,50.52008951068596,41.097122302158276,55.12589928057554,49.10071942446043
MORR_WS_005,MORR,9.954061301047991,32.37429089015554,50.52008951068596,41.097122302158276,55.12589928057554,49.10071942446043
MORR_WS_006,MORR,9.954061301047991,32.37429089015554,50.52008951068596,41.097122302158276,55.12589928057554,49.10071942446043
MORR_WS_007,MORR,9.954061301047991,32.37429089015554,50.52008951068596,41.097122302158276,55.12589928057554,49.10071942446043
MORR_WS_008,MORR,9.954061301047991,32.37429089015554,50.52008951068596,41.097122302158276,55.12589928057554,49.10071942446043
STLI_WS_001,STLI,9.954061301047991,32.37429089015554,50.52008951068596,41.097122302158276,55.12589928057554,49.10071942446043
STLI_WS_002,STLI,9.954061301047991,32.37429089015554,50.52008951068596,41.097122302158276,55.12589928057554,49.10071942446043
AZRU_WS_001,AZRU,-24.662276758466117,-8.625988044465947,10.503768657497508,2.338129496402878,1.7985611510791366,1.169064748201439
BAND_WS_002,BAND,7.117674617105784,19.559719904404695,30.79144785864513,23.92086330935252,26.43884892086331,22.302158273381295
BAND_WS_003,BAND,7.117674617105784,19.559719904404695,30.79144785864513,23.92086330935252,26.43884892086331,22.302158273381295
BAND_WS_001,BAND,7.117674617105784,19.559719904404695,30.79144785864513,23.92086330935252,26.43884892086331,22.302158273381295
BAND_WS_004,BAND,7.117674617105784,19.559719904404695,30.79144785864513,23.92086330935252,26.43884892086331,22.302158273381295
CAVE_WS_001,CAVE,-24.140681897440576,-1.6046162535058726,20.626032475377688,2.4280575539568345,2.6079136690647484,5.755395683453238
CAVO_WS_001,CAVO,-29.265556795043274,-7.913612776586479,10.293407107683548,0.8992805755395683,2.2482014388489207,0.44964028776978415
ELMA_WS_001,ELMA,-24.662276758466117,-8.625988044465947,10.503768657497508,2.338129496402878,1.7985611510791366,1.169064748201439
ELMA_WS_003,ELMA,-24.662276758466117,-8.625988044465947,10.503768657497508,2.338129496402878,1.7985611510791366,1.169064748201439
ELMA_WS_002,ELMA,-24.662276758466117,-8.625988044465947,10.503768657497508,2.338129496402878,1.7985611510791366,1.169064748201439
ELMO_WS_001,ELMO,-24.662276758466117,-8.625988044465947,10.503768657497508,2.338129496402878,1.7985611510791366,1.169064748201439
FOUN_WS_001,FOUN,-29.265556795043274,-7.913612776586479,10.293407107683548,0.8992805755395683,2.2482014388489207,0.44964028776978415
GICL_WS_001,GICL,-11.727324010727731,1.718622843501592,19.75321776828036,10.161870503597124,7.823741007194244,5.305755395683454
PECO_WS_001,PECO,7.117674617105784,19.559719904404695,30.79144785864513,23.92086330935252,26.43884892086331,22.302158273381295
PECO_WS_002,PECO,7.117674617105784,19.559719904404695,30.79144785864513,23.92086330935252,26.43884892086331,22.302158273381295
PECO_WS_004,PECO,7.117674617105784,19.559719904404695,30.79144785864513,23.92086330935252,26.43884892086331,22.302158273381295
PECO_WS_003,PECO,7.117674617105784,19.559719904404695,30.79144785864513,23.92086330935252,26.43884892086331,22.302158273381295
PECO_WS_005,PECO,7.117674617105784,19.559719904404695,30.79144785864513,23.92086330935252,26.43884892086331,22.302158273381295
PECO_WS_006,PECO,7.117674617105784,19.559719904404695,30.79144785864513,23.92086330935252,26.43884892086331,22.302158273381295
SAPU_WS_001,SAPU,-29.265556795043274,-7.913612776586479,10.293407107683548,0.8992805755395683,2.2482014388489207,0.44964028776978415
SAPU_WS_003,SAPU,-29.265556795043274,-7.913612776586479,10.293407107683548,0.8992805755395683,2.2482014388489207,0.44964028776978415
SAPU_WS_002,SAPU,-29.265556795043274,-7.913612776586479,10.293407107683548,0.8992805755395683,2.2482014388489207,0.44964028776978415
VALL_WS_003,VALL,7.117674617105784,19.559719904404695,30.79144785864513,23.92086330935252,26.43884892086331,22.302158273381295
VALL_WS_001,VALL,7.117674617105784,19.559719904404695,30.79144785864513,23.92086330935252,26.43884892086331,22.302158273381295
WHSA_WS_001,WHSA,-27.423242477571314,-6.137796805217807,14.578519576772415,1.618705035971223,2.338129496402878,2.787769784172662
GRBA_WS_001,GRBA,-5.5633099059515345,5.412626444697099,32.74512697400305,14.568345323741008,10.881294964028777,25.179856115107913
GRBA_WS_002,GRBA,-5.5633099059515345,5.412626444697099,32.74512697400305,14.568345323741008,10.881294964028777,25.179856115107913
GRBA_WS_003,GRBA,-2.344123778222067,8.639151590624115,25.219651412208126,14.928057553956833,11.690647482014388,17.35611510791367
GRBA_WS_003,GRBA,-2.344123778222067,8.639151590624115,25.219651412208126,14.928057553956833,11.690647482014388,17.35611510791367
ELRO_WS_001,ELRO,16.778635589077226,30.144041252973796,56.46312564562811,82.73381294964028,47.84172661870504,71.49280575539568
ELRO_WS_002,ELRO,16.778635589077226,30.144041252973796,56.46312564562811,82.73381294964028,47.84172661870504,71.49280575539568
FIIS_WS_004,FIIS,16.778635589077226,30.144041252973796,56.46312564562811,82.73381294964028,47.84172661870504,71.49280575539568
FOST_WS_001,FOST,14.494723459621758,38.630360871775856,58.90151141876687,63.30935251798561,83.72302158273382,77.87769784172663
HOFR_WS_001,HOFR,16.778635589077226,30.144041252973796,56.46312564562811,82.73381294964028,47.84172661870504,71.49280575539568
HOFR_WS_002,HOFR,16.778635589077226,30.144041252973796,56.46312564562811,82.73381294964028,47.84172661870504,71.49280575539568
HOFR_WS_004,HOFR,16.778635589077226,30.144041252973796,56.46312564562811,82.73381294964028,47.84172661870504,71.49280575539568
MAVA_WS_001,MAVA,16.778635589077226,30.144041252973796,56.46312564562811,82.73381294964028,47.84172661870504,71.49280575539568
MAVA_WS_002,MAVA,16.778635589077226,30.144041252973796,56.46312564562811,82.73381294964028,47.84172661870504,71.49280575539568
MAVA_WS_003,MAVA,16.778635589077226,30.144041252973796,56.46312564562811,82.73381294964028,47.84172661870504,71.49280575539568
MAVA_WS_004,MAVA,16.778635589077226,30.144041252973796,56.46312564562811,82.73381294964028,47.84172661870504,71.49280575539568
SAHI_WS_001,SAHI,16.778635589077226,30.144041252973796,56.46312564562811,82.73381294964028,47.84172661870504,71.49280575539568
SARA_WS_001,SARA,16.778635589077226,30.144041252973796,56.46312564562811,82.73381294964028,47.84172661870504,71.49280575539568
SARA_WS_002,SARA,16.778635589077226,30.144041252973796,56.46312564562811,82.73381294964028,47.84172661870504,71.49280575539568
VAMA_WS_001,VAMA,16.778635589077226,30.144041252973796,56.46312564562811,82.73381294964028,47.84172661870504,71.49280575539568
WORI_WS_001,WORI,14.494723459621758,38.630360871775856,58.90151141876687,63.30935251798561,83.72302158273382,77.87769784172663
WORI_WS_002,WORI,14.494723459621758,38.630360871775856,58.90151141876687,63.30935251798561,83.72302158273382,77.87769784172663
CHIC_WS_002,CHIC,17.78146760952072,30.54584863720881,38.683544538117225,86.96043165467626,48.47122302158273,33.723021582733814
CHIC_WS_005,CHIC,17.78146760952072,30.54584863720881,38.683544538117225,86.96043165467626,48.47122302158273,33.723021582733814
CHIC_WS_003,CHIC,17.78146760952072,30.54584863720881,38.683544538117225,86.96043165467626,48.47122302158273,33.723021582733814
CHIC_WS_001,CHIC,17.78146760952072,30.54584863720881,38.683544538117225,86.96043165467626,48.47122302158273,33.723021582733814
CHIC_WS_004,CHIC,17.78146760952072,30.54584863720881,38.683544538117225,86.96043165467626,48.47122302158273,33.723021582733814
CHIC_WS_006,CHIC,17.78146760952072,30.54584863720881,38.683544538117225,86.96043165467626,48.47122302158273,33.723021582733814
CHIC_WS_007,CHIC,17.78146760952072,30.54584863720881,38.683544538117225,86.96043165467626,48.47122302158273,33.723021582733814
CRLA_WS_001,CRLA,22.399506626287664,39.804749095246514,89.03077115771119,94.51438848920863,86.78057553956835,99.01079136690647
CRLA_WS_002,CRLA,22.399506626287664,39.804749095246514,89.03077115771119,94.51438848920863,86.78057553956835,99.01079136690647
CRLA_WS_003,CRLA,22.399506626287664,39.804749095246514,89.03077115771119,94.51438848920863,86.78057553956835,99.01079136690647
JODA_WS_006,JODA,11.115437921447544,19.371937559188577,26.5660909107406,45.413669064748206,25.089928057553955,17.62589928057554
ORCA_WS_001,ORCA,13.931294832589208,31.459264152474013,51.128384021271366,62.05035971223022,49.82014388489209,49.910071942446045
ORCA_WS_003,ORCA,13.931294832589208,31.459264152474013,51.128384021271366,62.05035971223022,49.82014388489209,49.910071942446045
ALPO_WS_001,ALPO,9.765888612949233,34.82876090748339,56.355164868520525,34.802158273381295,76.61870503597122,63.219424460431654
ALPO_WS_002,ALPO,9.765888612949233,34.82876090748339,56.355164868520525,34.802158273381295,76.61870503597122,63.219424460431654
ALPO_WS_003,ALPO,9.765888612949233,34.82876090748339,56.355164868520525,34.802158273381295,76.61870503597122,63.219424460431654
ALPO_WS_004,ALPO,9.765888612949233,34.82876090748339,56.355164868520525,34.802158273381295,76.61870503597122,63.219424460431654
EISE_WS_001,EISE,9.954061301047991,32.37429089015554,50.52008951068596,41.097122302158276,55.12589928057554,49.10071942446043
FLNI_WS_001,FLNI,9.765888612949233,34.82876090748339,56.355164868520525,34.802158273381295,76.61870503597122,63.219424460431654
FLNI_WS_002,FLNI,9.765888612949233,34.82876090748339,56.355164868520525,34.802158273381295,76.61870503597122,63.219424460431654
FLNI_WS_003,FLNI,9.765888612949233,34.82876090748339,56.355164868520525,34.802158273381295,76.61870503597122,63.219424460431654
FLNI_WS_004,FLNI,9.765888612949233,34.82876090748339,56.355164868520525,34.802158273381295,76.61870503597122,63.219424460431654
FONE_WS_001,FONE,9.765888612949233,34.82876090748339,56.355164868520525,34.802158273381295,76.61870503597122,63.219424460431654
FRHI_WS_001,FRHI,8.472893321135164,35.40491117654628,53.28634319510287,25.6294964028777,76.79856115107914,54.67625899280576
FRHI_WS_002,FRHI,8.472893321135164,35.40491117654628,53.28634319510287,25.6294964028777,76.79856115107914,54.67625899280576
GETT_WS_001,GETT,9.954061301047991,32.37429089015554,50.52008951068596,41.097122302158276,55.12589928057554,49.10071942446043
GETT_WS_002,GETT,9.954061301047991,32.37429089015554,50.52008951068596,41.097122302158276,55.12589928057554,49.10071942446043
GETT_WS_004,GETT,9.954061301047991,32.37429089015554,50.52008951068596,41.097122302158276,55.12589928057554,49.10071942446043
GETT_WS_005,GETT,9.954061301047991,32.37429089015554,50.52008951068596,41.097122302158276,55.12589928057554,49.10071942446043
GETT_WS_007,GETT,9.954061301047991,32.37429089015554,50.52008951068596,41.097122302158276,55.12589928057554,49.10071942446043
GETT_WS_008,GETT,9.954061301047991,32.37429089015554,50.52008951068596,41.097122302158276,55.12589928057554,49.10071942446043
HOFU_WS_001,HOFU,9.954061301047991,32.37429089015554,50.52008951068596,41.097122302158276,55.12589928057554,49.10071942446043
HOFU_WS_002,HOFU,9.954061301047991,32.37429089015554,50.52008951068596,41.097122302158276,55.12589928057554,49.10071942446043
HOFU_WS_003,HOFU,9.954061301047991,32.37429089015554,50.52008951068596,41.097122302158276,55.12589928057554,49.10071942446043
HOFU_WS_004,HOFU,9.954061301047991,32.37429089015554,50.52008951068596,41.097122302158276,55.12589928057554,49.10071942446043
HOFU_WS_005,HOFU,9.954061301047991,32.37429089015554,50.52008951068596,41.097122302158276,55.12589928057554,49.10071942446043
JOFL_WS_001,JOFL,9.765888612949233,34.82876090748339,56.355164868520525,34.802158273381295,76.61870503597122,63.219424460431654
JOFL_WS_002,JOFL,9.765888612949233,34.82876090748339,56.355164868520525,34.802158273381295,76.61870503597122,63.219424460431654
UPDE_WS_001,UPDE,11.275658650587953,33.97880796210598,63.30347998188387,47.122302158273385,60.52158273381295,86.15107913669064
UPDE_WS_002,UPDE,11.275658650587953,33.97880796210598,63.30347998188387,47.122302158273385,60.52158273381295,86.15107913669064
UPDE_WS_004,UPDE,11.275658650587953,33.97880796210598,63.30347998188387,47.122302158273385,60.52158273381295,86.15107913669064
UPDE_WS_005,UPDE,11.275658650587953,33.97880796210598,63.30347998188387,47.122302158273385,60.52158273381295,86.15107913669064
VAFO_WS_002,VAFO,9.954061301047991,32.37429089015554,50.52008951068596,41.097122302158276,55.12589928057554,49.10071942446043
VAFO_WS_003,VAFO,9.954061301047991,32.37429089015554,50.52008951068596,41.097122302158276,55.12589928057554,49.10071942446043
VAFO_WS_004,VAFO,9.954061301047991,32.37429089015554,50.52008951068596,41.097122302158276,55.12589928057554,49.10071942446043
CHPI_WS_001,CHPI,11.097710630948873,24.206264734462245,37.39143469457153,45.23381294964029,34.622302158273385,32.55395683453237
CONG_WS_001,CONG,13.342673349524311,23.455429289018944,35.64259552493635,60.701438848920866,30.485611510791365,28.41726618705036
CONG_WS_002,CONG,13.342673349524311,23.455429289018944,35.64259552493635,60.701438848920866,30.485611510791365,28.41726618705036
CONG_WS_003,CONG,13.342673349524311,23.455429289018944,35.64259552493635,60.701438848920866,30.485611510791365,28.41726618705036
COWP_WS_001,COWP,15.037626002309027,29.91867458488226,42.303662700346386,72.66187050359713,40.647482014388494,36.780575539568346
FOSU_WS_001,FOSU,11.097710630948873,24.206264734462245,37.39143469457153,45.23381294964029,34.622302158273385,32.55395683453237
FOSU_WS_004,FOSU,11.097710630948873,24.206264734462245,37.39143469457153,45.23381294964029,34.622302158273385,32.55395683453237
FOSU_WS_005,FOSU,11.097710630948873,24.206264734462245,37.39143469457153,45.23381294964029,34.622302158273385,32.55395683453237
KIMO_WS_002,KIMO,15.037626002309027,29.91867458488226,42.303662700346386,72.66187050359713,40.647482014388494,36.780575539568346
KIMO_WS_002,KIMO,15.037626002309027,29.91867458488226,42.303662700346386,72.66187050359713,40.647482014388494,36.780575539568346
NISI_WS_001,NISI,15.037626002309027,29.91867458488226,42.303662700346386,72.66187050359713,40.647482014388494,36.780575539568346
REER_WS_001,REER,11.097710630948873,24.206264734462245,37.39143469457153,45.23381294964029,34.622302158273385,32.55395683453237
BADL_WS_001,BADL,4.467069190853829,17.01212556779893,26.878342640535973,17.176258992805753,24.280575539568343,18.165467625899282
JECA_WS_001,JECA,0.5014086297425354,14.2439218994144,28.27257905922559,15.827338129496402,17.535971223021583,19.784172661870503
JECA_WS_001,JECA,0.5014086297425354,14.2439218994144,28.27257905922559,15.827338129496402,17.535971223021583,19.784172661870503
MIMI_WS_001,MIMI,4.467069190853829,17.01212556779893,26.878342640535973,17.176258992805753,24.280575539568343,18.165467625899282
MIMI_WS_002,MIMI,4.467069190853829,17.01212556779893,26.878342640535973,17.176258992805753,24.280575539568343,18.165467625899282
MORU_WS_002,MORU,0.5014086297425354,14.2439218994144,28.27257905922559,15.827338129496402,17.535971223021583,19.784172661870503
MORU_WS_002,MORU,0.5014086297425354,14.2439218994144,28.27257905922559,15.827338129496402,17.535971223021583,19.784172661870503
WICA_WS_001,WICA,0.5014086297425354,14.2439218994144,28.27257905922559,15.827338129496402,17.535971223021583,19.784172661870503
WICA_WS_001,WICA,0.5014086297425354,14.2439218994144,28.27257905922559,15.827338129496402,17.535971223021583,19.784172661870503
ANJO_WS_001,ANJO,14.964785582234196,34.68606326289563,52.248911219398565,70.86330935251799,69.69424460431655,54.49640287769785
BISO_WS_001,BISO,15.569892981377787,39.9541456010378,57.80581376836427,73.47122302158273,87.41007194244604,72.12230215827337
BISO_WS_002,BISO,15.569892981377787,39.9541456010378,57.80581376836427,73.47122302158273,87.41007194244604,72.12230215827337
BISO_WS_003,BISO,15.569892981377787,39.9541456010378,57.80581376836427,73.47122302158273,87.41007194244604,72.12230215827337
BISO_WS_004,BISO,15.569892981377787,39.9541456010378,57.80581376836427,73.47122302158273,87.41007194244604,72.12230215827337
OBRI_WS_001,OBRI,15.569892981377787,39.9541456010378,57.80581376836427,73.47122302158273,87.41007194244604,72.12230215827337
STRI_WS_001,STRI,12.443403314440559,39.16394574645316,60.39171846004885,53.05755395683454,84.62230215827337,78.9568345323741
STRI_WS_002,STRI,12.443403314440559,39.16394574645316,60.39171846004885,53.05755395683454,84.62230215827337,78.9568345323741
ALFL_WS_001,ALFL,-15.084166103281621,0.902708565567724,13.41579308719184,7.284172661870504,7.1942446043165464,2.068345323741007
AMIS_WS_004,AMIS,-19.527172561473442,-0.6634681351432973,22.00301827664357,5.215827338129497,4.316546762589928,11.151079136690647
AMIS_WS_005,AMIS,-19.527172561473442,-0.6634681351432973,22.00301827664357,5.215827338129497,4.316546762589928,11.151079136690647
AMIS_WS_003,AMIS,-19.527172561473442,-0.6634681351432973,22.00301827664357,5.215827338129497,4.316546762589928,11.151079136690647
AMIS_WS_002,AMIS,-19.527172561473442,-0.6634681351432973,22.00301827664357,5.215827338129497,4.316546762589928,11.151079136690647
AMIS_WS_001,AMIS,-19.527172561473442,-0.6634681351432973,22.00301827664357,5.215827338129497,4.316546762589928,11.151079136690647
BIBE_WS_004,BIBE,-19.527172561473442,-0.6634681351432973,22.00301827664357,5.215827338129497,4.316546762589928,11.151079136690647
BIBE_WS_001,BIBE,-19.527172561473442,-0.6634681351432973,22.00301827664357,5.215827338129497,4.316546762589928,11.151079136690647
BIBE_WS_001,BIBE,-19.527172561473442,-0.6634681351432973,22.00301827664357,5.215827338129497,4.316546762589928,11.151079136690647
BIBE_WS_001,BIBE,-19.527172561473442,-0.6634681351432973,22.00301827664357,5.215827338129497,4.316546762589928,11.151079136690647
BIBE_WS_003,BIBE,-19.527172561473442,-0.6634681351432973,22.00301827664357,5.215827338129497,4.316546762589928,11.151079136690647
BIBE_WS_005,BIBE,-19.527172561473442,-0.6634681351432973,22.00301827664357,5.215827338129497,4.316546762589928,11.151079136690647
BIBE_WS_006,BIBE,-19.527172561473442,-0.6634681351432973,22.00301827664357,5.215827338129497,4.316546762589928,11.151079136690647
BIBE_WS_006,BIBE,-19.527172561473442,-0.6634681351432973,22.00301827664357,5.215827338129497,4.316546762589928,11.151079136690647
BIBE_WS_006,BIBE,-19.527172561473442,-0.6634681351432973,22.00301827664357,5.215827338129497,4.316546762589928,11.151079136690647
BIBE_WS_008,BIBE,-19.527172561473442,-0.6634681351432973,22.00301827664357,5.215827338129497,4.316546762589928,11.151079136690647
BIBE_WS_007,BIBE,-19.527172561473442,-0.6634681351432973,22.00301827664357,5.215827338129497,4.316546762589928,11.151079136690647
BITH_WS_004,BITH,18.534592832288414,39.633153357887814,51.137117793668786,90.91726618705036,85.52158273381295,50.26978417266187
BITH_WS_006,BITH,18.534592832288414,39.633153357887814,51.137117793668786,90.91726618705036,85.52158273381295,50.26978417266187
BITH_WS_001,BITH,18.534592832288414,39.633153357887814,51.137117793668786,90.91726618705036,85.52158273381295,50.26978417266187
BITH_WS_003,BITH,18.534592832288414,39.633153357887814,51.137117793668786,90.91726618705036,85.52158273381295,50.26978417266187
BLSC_WS_001,BLSC,-19.527172561473442,-0.6634681351432973,22.00301827664357,5.215827338129497,4.316546762589928,11.151079136690647
FODA_WS_002,FODA,-19.527172561473442,-0.6634681351432973,22.00301827664357,5.215827338129497,4.316546762589928,11.151079136690647
FODA_WS_001,FODA,-19.527172561473442,-0.6634681351432973,22.00301827664357,5.215827338129497,4.316546762589928,11.151079136690647
GUMO_WS_004,GUMO,-18.830884855680043,4.310568343430553,20.067008405698193,5.575539568345324,9.712230215827338,5.66546762589928
GUMO_WS_001,GUMO,-18.830884855680043,4.310568343430553,20.067008405698193,5.575539568345324,9.712230215827338,5.66546762589928
GUMO_WS_002,GUMO,-18.830884855680043,4.310568343430553,20.067008405698193,5.575539568345324,9.712230215827338,5.66546762589928
GUMO_WS_003,GUMO,-18.830884855680043,4.310568343430553,20.067008405698193,5.575539568345324,9.712230215827338,5.66546762589928
LAMR_WS_001,LAMR,-15.084166103281621,0.902708565567724,13.41579308719184,7.284172661870504,7.1942446043165464,2.068345323741007
LAMR_WS_002,LAMR,-15.084166103281621,0.902708565567724,13.41579308719184,7.284172661870504,7.1942446043165464,2.068345323741007
LYJO_WS_003,LYJO,-6.710993744802933,5.1481602656427174,15.590607656382419,14.388489208633093,10.701438848920864,3.327338129496403
LYJO_WS_006,LYJO,-6.710993744802933,5.1481602656427174,15.590607656382419,14.388489208633093,10.701438848920864,3.327338129496403
LYJO_WS_004,LYJO,-6.710993744802933,5.1481602656427174,15.590607656382419,14.388489208633093,10.701438848920864,3.327338129496403
LYJO_WS_005,LYJO,-6.710993744802933,5.1481602656427174,15.590607656382419,14.388489208633093,10.701438848920864,3.327338129496403
LYJO_WS_002,LYJO,-6.710993744802933,5.1481602656427174,15.590607656382419,14.388489208633093,10.701438848920864,3.327338129496403
LYJO_WS_002,LYJO,-6.710993744802933,5.1481602656427174,15.590607656382419,14.388489208633093,10.701438848920864,3.327338129496403
SAAN_WS_001,SAAN,14.51883023743285,20.88063924575076,27.50087727593535,63.48920863309353,26.618705035971225,18.345323741007196
WACO_WS_001,WACO,14.51883023743285,20.88063924575076,27.50087727593535,63.48920863309353,26.618705035971225,18.345323741007196
CARE_WS_001,CARE,-8.335142334793035,9.678108472990079,24.13422286503292,13.848920863309353,14.928057553956833,16.996402877697843
CARE_WS_002,CARE,-8.335142334793035,9.678108472990079,24.13422286503292,13.848920863309353,14.928057553956833,16.996402877697843
CEBR_WS_001,CEBR,20.025237668477338,33.48379203872507,51.4659593882657,91.99640287769785,57.2841726618705,53.05755395683454
DINO_WS_005,DINO,3.9100224636138736,13.58262829840092,30.932949533427344,16.636690647482013,16.546762589928058,22.93165467625899
DINO_WS_007,DINO,3.9100224636138736,13.58262829840092,30.932949533427344,16.636690647482013,16.546762589928058,22.93165467625899
DINO_WS_003,DINO,3.9100224636138736,13.58262829840092,30.932949533427344,16.636690647482013,16.546762589928058,22.93165467625899
GLCA_WS_002,GLCA,-8.335142334793035,9.678108472990079,24.13422286503292,13.848920863309353,14.928057553956833,16.996402877697843
GLCA_WS_002,GLCA,-8.335142334793035,9.678108472990079,24.13422286503292,13.848920863309353,14.928057553956833,16.996402877697843
GLCA_WS_002,GLCA,-8.335142334793035,9.678108472990079,24.13422286503292,13.848920863309353,14.928057553956833,16.996402877697843
GLCA_WS_003,GLCA,-8.335142334793035,9.678108472990079,24.13422286503292,13.848920863309353,14.928057553956833,16.996402877697843
GLCA_WS_003,GLCA,-8.335142334793035,9.678108472990079,24.13422286503292,13.848920863309353,14.928057553956833,16.996402877697843
GLCA_WS_004,GLCA,-8.335142334793035,9.678108472990079,24.13422286503292,13.848920863309353,14.928057553956833,16.996402877697843
GLCA_WS_004,GLCA,-8.335142334793035,9.678108472990079,24.13422286503292,13.848920863309353,14.928057553956833,16.996402877697843
GLCA_WS_005,GLCA,-8.335142334793035,9.678108472990079,24.13422286503292,13.848920863309353,14.928057553956833,16.996402877697843
GLCA_WS_007,GLCA,-8.335142334793035,9.678108472990079,24.13422286503292,13.848920863309353,14.928057553956833,16.996402877697843
GOSP_WS_001,GOSP,-2.344123778222067,8.639151590624115,25.219651412208126,14.928057553956833,11.690647482014388,17.35611510791367
NABR_WS_001,NABR,-8.335142334793035,9.678108472990079,24.13422286503292,13.848920863309353,14.928057553956833,16.996402877697843
NABR_WS_001,NABR,-8.335142334793035,9.678108472990079,24.13422286503292,13.848920863309353,14.928057553956833,16.996402877697843
TICA_WS_001,TICA,20.025237668477338,33.48379203872507,51.4659593882657,91.99640287769785,57.2841726618705,53.05755395683454
ZION_WS_001,ZION,-8.335142334793035,9.678108472990079,24.13422286503292,13.848920863309353,14.928057553956833,16.996402877697843
ZION_WS_002,ZION,-8.335142334793035,9.678108472990079,24.13422286503292,13.848920863309353,14.928057553956833,16.996402877697843
ZION_WS_003,ZION,-8.335142334793035,9.678108472990079,24.13422286503292,13.848920863309353,14.928057553956833,16.996402877697843
ZION_WS_003,ZION,-8.335142334793035,9.678108472990079,24.13422286503292,13.848920863309353,14.928057553956833,16.996402877697843
ZION_WS_003,ZION,-8.335142334793035,9.678108472990079,24.13422286503292,13.848920863309353,14.928057553956833,16.996402877697843
ZION_WS_003,ZION,-8.335142334793035,9.678108472990079,24.13422286503292,13.848920863309353,14.928057553956833,16.996402877697843
ZION_WS_004,ZION,-2.344123778222067,8.639151590624115,25.219651412208126,14.928057553956833,11.690647482014388,17.35611510791367
ZION_WS_005,ZION,-8.335142334793035,9.678108472990079,24.13422286503292,13.848920863309353,14.928057553956833,16.996402877697843
ZION_WS_006,ZION,-8.335142334793035,9.678108472990079,24.13422286503292,13.848920863309353,14.928057553956833,16.996402877697843
APCO_WS_001,APCO,13.271309692689162,33.669516826193814,45.26473816151581,59.98201438848921,58.81294964028777,40.10791366906475
APCO_WS_002,APCO,13.271309692689162,33.669516826193814,45.26473816151581,59.98201438848921,58.81294964028777,40.10791366906475
APCO_WS_003,APCO,13.271309692689162,33.669516826193814,45.26473816151581,59.98201438848921,58.81294964028777,40.10791366906475
BOWA_WS_001,BOWA,13.271309692689162,33.669516826193814,45.26473816151581,59.98201438848921,58.81294964028777,40.10791366906475
BOWA_WS_002,BOWA,13.271309692689162,33.669516826193814,45.26473816151581,59.98201438848921,58.81294964028777,40.10791366906475
BOWA_WS_003,BOWA,14.964785582234196,34.68606326289563,52.248911219398565,70.86330935251799,69.69424460431655,54.49640287769785
CEBE_WS_003,CEBE,9.765888612949233,34.82876090748339,56.355164868520525,34.802158273381295,76.61870503597122,63.219424460431654
CEBE_WS_004,CEBE,9.765888612949233,34.82876090748339,56.355164868520525,34.802158273381295,76.61870503597122,63.219424460431654
COLO_WS_001,COLO,9.813910266816622,27.146587201776452,40.004755355360075,36.510791366906474,36.330935251798564,35.52158273381295
COLO_WS_002,COLO,9.813910266816622,27.146587201776452,40.004755355360075,36.510791366906474,36.330935251798564,35.52158273381295
FOMR_WS_001,FOMR,9.813910266816622,27.146587201776452,40.004755355360075,36.510791366906474,36.330935251798564,35.52158273381295
FRSP_WS_001,FRSP,9.813910266816622,27.146587201776452,40.004755355360075,36.510791366906474,36.330935251798564,35.52158273381295
FRSP_WS_002,FRSP,13.271309692689162,33.669516826193814,45.26473816151581,59.98201438848921,58.81294964028777,40.10791366906475
FRSP_WS_003,FRSP,9.813910266816622,27.146587201776452,40.004755355360075,36.510791366906474,36.330935251798564,35.52158273381295
FRSP_WS_004,FRSP,9.813910266816622,27.146587201776452,40.004755355360075,36.510791366906474,36.330935251798564,35.52158273381295
FRSP_WS_006,FRSP,9.813910266816622,27.146587201776452,40.004755355360075,36.510791366906474,36.330935251798564,35.52158273381295
GEWA_WS_001,GEWA,9.813910266816622,27.146587201776452,40.004755355360075,36.510791366906474,36.330935251798564,35.52158273381295
PETE_WS_002,PETE,13.271309692689162,33.669516826193814,45.26473816151581,59.98201438848921,58.81294964028777,40.10791366906475
PETE_WS_003,PETE,9.813910266816622,27.146587201776452,40.004755355360075,36.510791366906474,36.330935251798564,35.52158273381295
PETE_WS_004,PETE,9.813910266816622,27.146587201776452,40.004755355360075,36.510791366906474,36.330935251798564,35.52158273381295
PETE_WS_005,PETE,9.813910266816622,27.146587201776452,40.004755355360075,36.510791366906474,36.330935251798564,35.52158273381295
RICH_WS_001,RICH,9.813910266816622,27.146587201776452,40.004755355360075,36.510791366906474,36.330935251798564,35.52158273381295
RICH_WS_002,RICH,9.813910266816622,27.146587201776452,40.004755355360075,36.510791366906474,36.330935251798564,35.52158273381295
RICH_WS_003,RICH,9.813910266816622,27.146587201776452,40.004755355360075,36.510791366906474,36.330935251798564,35.52158273381295
RICH_WS_004,RICH,9.813910266816622,27.146587201776452,40.004755355360075,36.510791366906474,36.330935251798564,35.52158273381295
RICH_WS_005,RICH,9.813910266816622,27.146587201776452,40.004755355360075,36.510791366906474,36.330935251798564,35.52158273381295
RICH_WS_007,RICH,9.813910266816622,27.146587201776452,40.004755355360075,36.510791366906474,36.330935251798564,35.52158273381295
SHEN_WS_001,SHEN,9.765888612949233,34.82876090748339,56.355164868520525,34.802158273381295,76.61870503597122,63.219424460431654
SHEN_WS_001,SHEN,9.765888612949233,34.82876090748339,56.355164868520525,34.802158273381295,76.61870503597122,63.219424460431654
SHEN_WS_001,SHEN,9.765888612949233,34.82876090748339,56.355164868520525,34.802158273381295,76.61870503597122,63.219424460431654
SHEN_WS_002,SHEN,9.765888612949233,34.82876090748339,56.355164868520525,34.802158273381295,76.61870503597122,63.219424460431654
SHEN_WS_003,SHEN,9.765888612949233,34.82876090748339,56.355164868520525,34.802158273381295,76.61870503597122,63.219424460431654
SHEN_WS_005,SHEN,9.765888612949233,34.82876090748339,56.355164868520525,34.802158273381295,76.61870503597122,63.219424460431654
SHEN_WS_006,SHEN,9.765888612949233,34.82876090748339,56.355164868520525,34.802158273381295,76.61870503597122,63.219424460431654
SHEN_WS_007,SHEN,9.765888612949233,34.82876090748339,56.355164868520525,34.802158273381295,76.61870503597122,63.219424460431654
SHEN_WS_007,SHEN,9.765888612949233,34.82876090748339,56.355164868520525,34.802158273381295,76.61870503597122,63.219424460431654
SHEN_WS_008,SHEN,9.765888612949233,34.82876090748339,56.355164868520525,34.802158273381295,76.61870503597122,63.219424460431654
SHEN_WS_008,SHEN,9.765888612949233,34.82876090748339,56.355164868520525,34.802158273381295,76.61870503597122,63.219424460431654
SHEN_WS_009,SHEN,9.765888612949233,34.82876090748339,56.355164868520525,34.802158273381295,76.61870503597122,63.219424460431654
SHEN_WS_010,SHEN,9.765888612949233,34.82876090748339,56.355164868520525,34.802158273381295,76.61870503597122,63.219424460431654
SHEN_WS_011,SHEN,9.765888612949233,34.82876090748339,56.355164868520525,34.802158273381295,76.61870503597122,63.219424460431654
SHEN_WS_012,SHEN,9.765888612949233,34.82876090748339,56.355164868520525,34.802158273381295,76.61870503597122,63.219424460431654
SHEN_WS_013,SHEN,9.765888612949233,34.82876090748339,56.355164868520525,34.802158273381295,76.61870503597122,63.219424460431654
SHEN_WS_013,SHEN,9.765888612949233,34.82876090748339,56.355164868520525,34.802158273381295,76.61870503597122,63.219424460431654
SHEN_WS_013,SHEN,9.765888612949233,34.82876090748339,56.355164868520525,34.802158273381295,76.61870503597122,63.219424460431654
SHEN_WS_013,SHEN,9.765888612949233,34.82876090748339,56.355164868520525,34.802158273381295,76.61870503597122,63.219424460431654
SHEN_WS_015,SHEN,9.765888612949233,34.82876090748339,56.355164868520525,34.802158273381295,76.61870503597122,63.219424460431654
SHEN_WS_016,SHEN,9.765888612949233,34.82876090748339,56.355164868520525,34.802158273381295,76.61870503597122,63.219424460431654
SHEN_WS_017,SHEN,9.765888612949233,34.82876090748339,56.355164868520525,34.802158273381295,76.61870503597122,63.219424460431654
MABI_WS_001,MABI,16.778635589077226,30.144041252973796,56.46312564562811,82.73381294964028,47.84172661870504,71.49280575539568
MABI_WS_002,MABI,16.778635589077226,30.144041252973796,56.46312564562811,82.73381294964028,47.84172661870504,71.49280575539568
EBLA_WS_001,EBLA,12.983909476997715,34.63898714559429,63.27119602309398,56.83453237410072,68.88489208633094,84.44244604316546
EBLA_WS_002,EBLA,12.983909476997715,34.63898714559429,63.27119602309398,56.83453237410072,68.88489208633094,84.44244604316546
EBLA_WS_003,EBLA,12.983909476997715,34.63898714559429,63.27119602309398,56.83453237410072,68.88489208633094,84.44244604316546
FOVA_WS_001,FOVA,12.983909476997715,34.63898714559429,63.27119602309398,56.83453237410072,68.88489208633094,84.44244604316546
LARO_WS_001,LARO,13.959276097217035,22.11299879239987,34.50315463282096,63.03956834532374,27.697841726618705,27.697841726618705
LARO_WS_002,LARO,13.959276097217035,22.11299879239987,34.50315463282096,63.03956834532374,27.697841726618705,27.697841726618705
LARO_WS_003,LARO,8.116610400719784,13.451550180519423,22.288697037668552,24.910071942446045,16.007194244604317,12.050359712230216
LARO_WS_004,LARO,13.959276097217035,22.11299879239987,34.50315463282096,63.03956834532374,27.697841726618705,27.697841726618705
LARO_WS_006,LARO,13.959276097217035,22.11299879239987,34.50315463282096,63.03956834532374,27.697841726618705,27.697841726618705
LARO_WS_007,LARO,13.959276097217035,22.11299879239987,34.50315463282096,63.03956834532374,27.697841726618705,27.697841726618705
LARO_WS_008,LARO,8.116610400719784,13.451550180519423,22.288697037668552,24.910071942446045,16.007194244604317,12.050359712230216
LARO_WS_009,LARO,13.959276097217035,22.11299879239987,34.50315463282096,63.03956834532374,27.697841726618705,27.697841726618705
LARO_WS_010,LARO,13.959276097217035,22.11299879239987,34.50315463282096,63.03956834532374,27.697841726618705,27.697841726618705
LARO_WS_011,LARO,8.116610400719784,13.451550180519423,22.288697037668552,24.910071942446045,16.007194244604317,12.050359712230216
LARO_WS_012,LARO,8.116610400719784,13.451550180519423,22.288697037668552,24.910071942446045,16.007194244604317,12.050359712230216
LARO_WS_014,LARO,13.959276097217035,22.11299879239987,34.50315463282096,63.03956834532374,27.697841726618705,27.697841726618705
LARO_WS_015,LARO,13.959276097217035,22.11299879239987,34.50315463282096,63.03956834532374,27.697841726618705,27.697841726618705
LARO_WS_016,LARO,13.959276097217035,22.11299879239987,34.50315463282096,63.03956834532374,27.697841726618705,27.697841726618705
LARO_WS_017,LARO,8.116610400719784,13.451550180519423,22.288697037668552,24.910071942446045,16.007194244604317,12.050359712230216
LARO_WS_018,LARO,13.959276097217035,22.11299879239987,34.50315463282096,63.03956834532374,27.697841726618705,27.697841726618705
MORA_WS_001,MORA,22.399506626287664,39.804749095246514,89.03077115771119,94.51438848920863,86.78057553956835,99.01079136690647
MORA_WS_003,MORA,22.399506626287664,39.804749095246514,89.03077115771119,94.51438848920863,86.78057553956835,99.01079136690647
MORA_WS_004,MORA,22.399506626287664,39.804749095246514,89.03077115771119,94.51438848920863,86.78057553956835,99.01079136690647
MORA_WS_006,MORA,22.399506626287664,39.804749095246514,89.03077115771119,94.51438848920863,86.78057553956835,99.01079136690647
MORA_WS_007,MORA,22.399506626287664,39.804749095246514,89.03077115771119,94.51438848920863,86.78057553956835,99.01079136690647
MORA_WS_008,MORA,22.399506626287664,39.804749095246514,89.03077115771119,94.51438848920863,86.78057553956835,99.01079136690647
MORA_WS_009,MORA,22.399506626287664,39.804749095246514,89.03077115771119,94.51438848920863,86.78057553956835,99.01079136690647
MORA_WS_010,MORA,22.399506626287664,39.804749095246514,89.03077115771119,94.51438848920863,86.78057553956835,99.01079136690647
MORA_WS_011,MORA,22.399506626287664,39.804749095246514,89.03077115771119,94.51438848920863,86.78057553956835,99.01079136690647
MORA_WS_012,MORA,22.399506626287664,39.804749095246514,89.03077115771119,94.51438848920863,86.78057553956835,99.01079136690647
MORA_WS_013,MORA,22.399506626287664,39.804749095246514,89.03077115771119,94.51438848920863,86.78057553956835,99.01079136690647
NOCA_WS_001,NOCA,18.379634947872933,30.850969381150772,49.120529399964354,90.1978417266187,49.010791366906474,43.884892086330936
NOCA_WS_002,NOCA,18.379634947872933,30.850969381150772,49.120529399964354,90.1978417266187,49.010791366906474,43.884892086330936
NOCA_WS_003,NOCA,18.379634947872933,30.850969381150772,49.120529399964354,90.1978417266187,49.010791366906474,43.884892086330936
NOCA_WS_004,NOCA,11.303659265281977,43.30265652698406,76.877597619425,49.280575539568346,95.32374100719424,96.0431654676259
NOCA_WS_005,NOCA,18.379634947872933,30.850969381150772,49.120529399964354,90.1978417266187,49.010791366906474,43.884892086330936
NOCA_WS_006,NOCA,11.303659265281977,43.30265652698406,76.877597619425,49.280575539568346,95.32374100719424,96.0431654676259
NOCA_WS_007,NOCA,11.303659265281977,43.30265652698406,76.877597619425,49.280575539568346,95.32374100719424,96.0431654676259
NOCA_WS_009,NOCA,11.303659265281977,43.30265652698406,76.877597619425,49.280575539568346,95.32374100719424,96.0431654676259
NOCA_WS_010,NOCA,11.303659265281977,43.30265652698406,76.877597619425,49.280575539568346,95.32374100719424,96.0431654676259
NOCA_WS_012,NOCA,11.303659265281977,43.30265652698406,76.877597619425,49.280575539568346,95.32374100719424,96.0431654676259
NOCA_WS_013,NOCA,18.379634947872933,30.850969381150772,49.120529399964354,90.1978417266187,49.010791366906474,43.884892086330936
NOCA_WS_019,NOCA,18.379634947872933,30.850969381150772,49.120529399964354,90.1978417266187,49.010791366906474,43.884892086330936
OLYM_WS_002,OLYM,12.983909476997715,34.63898714559429,63.27119602309398,56.83453237410072,68.88489208633094,84.44244604316546
OLYM_WS_005,OLYM,12.983909476997715,34.63898714559429,63.27119602309398,56.83453237410072,68.88489208633094,84.44244604316546
OLYM_WS_006,OLYM,12.983909476997715,34.63898714559429,63.27119602309398,56.83453237410072,68.88489208633094,84.44244604316546
OLYM_WS_008,OLYM,12.983909476997715,34.63898714559429,63.27119602309398,56.83453237410072,68.88489208633094,84.44244604316546
OLYM_WS_010,OLYM,12.983909476997715,34.63898714559429,63.27119602309398,56.83453237410072,68.88489208633094,84.44244604316546
OLYM_WS_011,OLYM,12.983909476997715,34.63898714559429,63.27119602309398,56.83453237410072,68.88489208633094,84.44244604316546
OLYM_WS_012,OLYM,12.983909476997715,34.63898714559429,63.27119602309398,56.83453237410072,68.88489208633094,84.44244604316546
OLYM_WS_013,OLYM,12.983909476997715,34.63898714559429,63.27119602309398,56.83453237410072,68.88489208633094,84.44244604316546
OLYM_WS_015,OLYM,12.983909476997715,34.63898714559429,63.27119602309398,56.83453237410072,68.88489208633094,84.44244604316546
OLYM_WS_015,OLYM,12.983909476997715,34.63898714559429,63.27119602309398,56.83453237410072,68.88489208633094,84.44244604316546
OLYM_WS_016,OLYM,12.983909476997715,34.63898714559429,63.27119602309398,56.83453237410072,68.88489208633094,84.44244604316546
OLYM_WS_016,OLYM,12.983909476997715,34.63898714559429,63.27119602309398,56.83453237410072,68.88489208633094,84.44244604316546
OLYM_WS_017,OLYM,12.983909476997715,34.63898714559429,63.27119602309398,56.83453237410072,68.88489208633094,84.44244604316546
OLYM_WS_018,OLYM,12.983909476997715,34.63898714559429,63.27119602309398,56.83453237410072,68.88489208633094,84.44244604316546
OLYM_WS_019,OLYM,12.983909476997715,34.63898714559429,63.27119602309398,56.83453237410072,68.88489208633094,84.44244604316546
OLYM_WS_020,OLYM,12.983909476997715,34.63898714559429,63.27119602309398,56.83453237410072,68.88489208633094,84.44244604316546
OLYM_WS_021,OLYM,12.983909476997715,34.63898714559429,63.27119602309398,56.83453237410072,68.88489208633094,84.44244604316546
OLYM_WS_022,OLYM,12.983909476997715,34.63898714559429,63.27119602309398,56.83453237410072,68.88489208633094,84.44244604316546
OLYM_WS_023,OLYM,12.983909476997715,34.63898714559429,63.27119602309398,56.83453237410072,68.88489208633094,84.44244604316546
OLYM_WS_024,OLYM,12.983909476997715,34.63898714559429,63.27119602309398,56.83453237410072,68.88489208633094,84.44244604316546
SAJH_WS_001,SAJH,12.983909476997715,34.63898714559429,63.27119602309398,56.83453237410072,68.88489208633094,84.44244604316546
SAJH_WS_002,SAJH,12.983909476997715,34.63898714559429,63.27119602309398,56.83453237410072,68.88489208633094,84.44244604316546
SAJH_WS_003,SAJH,12.983909476997715,34.63898714559429,63.27119602309398,56.83453237410072,68.88489208633094,84.44244604316546
WHMI_WS_001,WHMI,8.116610400719784,13.451550180519423,22.288697037668552,24.910071942446045,16.007194244604317,12.050359712230216
APIS_WS_003,APIS,17.3535305468521,56.57564635342109,90.31402925800201,83.90287769784173,100,100
APIS_WS_004,APIS,17.3535305468521,56.57564635342109,90.31402925800201,83.90287769784173,100,100
APIS_WS_005,APIS,17.3535305468521,56.57564635342109,90.31402925800201,83.90287769784173,100,100
APIS_WS_007,APIS,17.3535305468521,56.57564635342109,90.31402925800201,83.90287769784173,100,100
APIS_WS_008,APIS,17.3535305468521,56.57564635342109,90.31402925800201,83.90287769784173,100,100
APIS_WS_009,APIS,17.3535305468521,56.57564635342109,90.31402925800201,83.90287769784173,100,100
APIS_WS_0010,APIS,17.3535305468521,56.57564635342109,90.31402925800201,83.90287769784173,100,100
APIS_WS_011,APIS,17.3535305468521,56.57564635342109,90.31402925800201,83.90287769784173,100,100
APIS_WS_013,APIS,17.3535305468521,56.57564635342109,90.31402925800201,83.90287769784173,100,100
APIS_WS_014,APIS,17.3535305468521,56.57564635342109,90.31402925800201,83.90287769784173,100,100
APIS_WS_015,APIS,17.3535305468521,56.57564635342109,90.31402925800201,83.90287769784173,100,100
IATR_WS_001,IATR,17.28510792680197,49.64784439160649,86.01736840232054,82.91366906474819,98.83093525179856,97.75179856115108
NERI_WS_003,NERI,9.765888612949233,34.82876090748339,56.355164868520525,34.802158273381295,76.61870503597122,63.219424460431654
NERI_WS_005,NERI,9.765888612949233,34.82876090748339,56.355164868520525,34.802158273381295,76.61870503597122,63.219424460431654
NERI_WS_006,NERI,9.765888612949233,34.82876090748339,56.355164868520525,34.802158273381295,76.61870503597122,63.219424460431654
DETO_WS_002,DETO,0.5014086297425354,14.2439218994144,28.27257905922559,15.827338129496402,17.535971223021583,19.784172661870503
FOLA_WS_001,FOLA,-8.6322429092705,6.00705582196874,14.1467222899842,10.611510791366907,11.33093525179856,2.5179856115107913
FOLA_WS_003,FOLA,-8.6322429092705,6.00705582196874,14.1467222899842,10.611510791366907,11.33093525179856,2.5179856115107913
FOLA_WS_002,FOLA,-8.6322429092705,6.00705582196874,14.1467222899842,10.611510791366907,11.33093525179856,2.5179856115107913
GRTE_WS_001,GRTE,25.9848052819211,42.064042393782714,68.07935195403255,100,93.70503597122301,93.61510791366906
GRTE_WS_025,GRTE,25.9848052819211,42.064042393782714,68.07935195403255,100,93.70503597122301,93.61510791366906
GRTE_WS_025,GRTE,25.9848052819211,42.064042393782714,68.07935195403255,100,93.70503597122301,93.61510791366906
GRTE_WS_022,GRTE,25.9848052819211,42.064042393782714,68.07935195403255,100,93.70503597122301,93.61510791366906
GRTE_WS_005,GRTE,25.9848052819211,42.064042393782714,68.07935195403255,100,93.70503597122301,93.61510791366906
GRTE_WS_003,GRTE,22.904696863476197,41.05705965789835,65.78586058707728,97.12230215827337,90.46762589928058,90.46762589928058
GRTE_WS_034,GRTE,25.9848052819211,42.064042393782714,68.07935195403255,100,93.70503597122301,93.61510791366906
GRTE_WS_026,GRTE,25.9848052819211,42.064042393782714,68.07935195403255,100,93.70503597122301,93.61510791366906
GRTE_WS_017,GRTE,25.9848052819211,42.064042393782714,68.07935195403255,100,93.70503597122301,93.61510791366906
GRTE_WS_016,GRTE,25.9848052819211,42.064042393782714,68.07935195403255,100,93.70503597122301,93.61510791366906
GRTE_WS_030,GRTE,25.9848052819211,42.064042393782714,68.07935195403255,100,93.70503597122301,93.61510791366906
GRTE_WS_032,GRTE,25.9848052819211,42.064042393782714,68.07935195403255,100,93.70503597122301,93.61510791366906
GRTE_WS_031,GRTE,25.9848052819211,42.064042393782714,68.07935195403255,100,93.70503597122301,93.61510791366906
GRTE_WS_006,GRTE,25.9848052819211,42.064042393782714,68.07935195403255,100,93.70503597122301,93.61510791366906
GRTE_WS_019,GRTE,25.9848052819211,42.064042393782714,68.07935195403255,100,93.70503597122301,93.61510791366906
GRTE_WS_035,GRTE,25.9848052819211,42.064042393782714,68.07935195403255,100,93.70503597122301,93.61510791366906
GRTE_WS_015,GRTE,25.9848052819211,42.064042393782714,68.07935195403255,100,93.70503597122301,93.61510791366906
GRTE_WS_020,GRTE,25.9848052819211,42.064042393782714,68.07935195403255,100,93.70503597122301,93.61510791366906
GRTE_WS_020,GRTE,25.9848052819211,42.064042393782714,68.07935195403255,100,93.70503597122301,93.61510791366906
GRTE_WS_020,GRTE,25.9848052819211,42.064042393782714,68.07935195403255,100,93.70503597122301,93.61510791366906
GRTE_WS_033,GRTE,25.9848052819211,42.064042393782714,68.07935195403255,100,93.70503597122301,93.61510791366906
GRTE_WS_018,GRTE,25.9848052819211,42.064042393782714,68.07935195403255,100,93.70503597122301,93.61510791366906
GRTE_WS_011,GRTE,25.9848052819211,42.064042393782714,68.07935195403255,100,93.70503597122301,93.61510791366906
GRTE_WS_004,GRTE,25.9848052819211,42.064042393782714,68.07935195403255,100,93.70503597122301,93.61510791366906
GRTE_WS_024,GRTE,25.9848052819211,42.064042393782714,68.07935195403255,100,93.70503597122301,93.61510791366906
GRTE_WS_012,GRTE,25.9848052819211,42.064042393782714,68.07935195403255,100,93.70503597122301,93.61510791366906
GRTE_WS_012,GRTE,25.9848052819211,42.064042393782714,68.07935195403255,100,93.70503597122301,93.61510791366906
GRTE_WS_027,GRTE,25.9848052819211,42.064042393782714,68.07935195403255,100,93.70503597122301,93.61510791366906
GRTE_WS_013,GRTE,25.9848052819211,42.064042393782714,68.07935195403255,100,93.70503597122301,93.61510791366906
GRTE_WS_007,GRTE,25.9848052819211,42.064042393782714,68.07935195403255,100,93.70503597122301,93.61510791366906
GRTE_WS_023,GRTE,25.9848052819211,42.064042393782714,68.07935195403255,100,93.70503597122301,93.61510791366906
GRTE_WS_010,GRTE,25.9848052819211,42.064042393782714,68.07935195403255,100,93.70503597122301,93.61510791366906
GRTE_WS_014,GRTE,25.9848052819211,42.064042393782714,68.07935195403255,100,93.70503597122301,93.61510791366906
