wsd_source_id,park_unit,park_name,raw_fire_prob_change_p10,raw_fire_prob_change_p50,raw_fire_prob_change_p90,norm_fire_prob_change_p10,rank_fire_prob_change_p10,norm_fire_prob_change_p50,rank_fire_prob_change_p50,norm_fire_prob_change_p90,rank_fire_prob_change_p90
BICR_WS_001_01,BICR,Birmingham Civil Rights National Monument,14.964785582234196,34.68606326289563,52.248911219398565,0.8144921099330276,70.85201793721974,0.6795503301402784,69.50672645739911,0.5243086467498559,54.34977578475336
FRRI_WS_001_01,FRRI,Freedom Riders National Monument,14.964785582234196,34.68606326289563,52.248911219398565,0.8144921099330276,70.85201793721974,0.6795503301402784,69.50672645739911,0.5243086467498559,54.34977578475336
HOBE_WS_001_01,HOBE,Horseshoe Bend National Military Park,15.037626002309027,29.91867458488226,42.303662700346386,0.8157182849316128,72.6457399103139,0.6097587712218447,40.53811659192825,0.40002507769224394,36.681614349775785
LIRI_WS_001_01,LIRI,Little River Canyon National Preserve,14.94944286108931,38.22798283015302,58.45752426719481,0.814233834911291,68.96860986547085,0.7314017953465111,83.40807174887892,0.6018963095417471,77.48878923766817
LIRI_WS_002_01,LIRI,Little River Canyon National Preserve,14.964785582234196,34.68606326289563,52.248911219398565,0.8144921099330276,70.85201793721974,0.6795503301402784,69.50672645739911,0.5243086467498559,54.34977578475336
NATR_WS_001_01,NATR,Natchez Trace Parkway,11.276954436206253,34.30494864809392,54.013699724311735,0.7524122050448043,48.699551569506724,0.6739710529111573,65.02242152466367,0.5463628180058356,56.233183856502244
NATR_WS_002_01,NATR,Natchez Trace Parkway,12.443403314440559,39.16394574645316,60.39171846004885,0.7720478750498572,53.00448430493273,0.7451037012388687,84.57399103139014,0.6260675061767927,78.83408071748879
NATR_WS_003_01,NATR,Natchez Trace Parkway,12.443403314440559,39.16394574645316,60.39171846004885,0.7720478750498572,53.00448430493273,0.7451037012388687,84.57399103139014,0.6260675061767927,78.83408071748879
NATR_WS_004_01,NATR,Natchez Trace Parkway,11.276954436206253,34.30494864809392,54.013699724311735,0.7524122050448043,48.699551569506724,0.6739710529111573,65.02242152466367,0.5463628180058356,56.233183856502244
NATR_WS_005_01,NATR,Natchez Trace Parkway,11.276954436206253,34.30494864809392,54.013699724311735,0.7524122050448043,48.699551569506724,0.6739710529111573,65.02242152466367,0.5463628180058356,56.233183856502244
NATR_WS_006_01,NATR,Natchez Trace Parkway,11.276954436206253,34.30494864809392,54.013699724311735,0.7524122050448043,48.699551569506724,0.6739710529111573,65.02242152466367,0.5463628180058356,56.233183856502244
NATR_WS_007_01,NATR,Natchez Trace Parkway,13.479174163424009,39.472990622945204,65.33226271919156,0.7894837481266771,61.25560538116592,0.7496279230220866,85.1121076233184,0.6878083940426971,87.3542600896861
NATR_WS_008_01,NATR,Natchez Trace Parkway,12.443403314440559,39.16394574645316,60.39171846004885,0.7720478750498572,53.00448430493273,0.7451037012388687,84.57399103139014,0.6260675061767927,78.83408071748879
NATR_WS_009_01,NATR,Natchez Trace Parkway,11.276954436206253,34.30494864809392,54.013699724311735,0.7524122050448043,48.699551569506724,0.6739710529111573,65.02242152466367,0.5463628180058356,56.233183856502244
NATR_WS_010_01,NATR,Natchez Trace Parkway,11.276954436206253,34.30494864809392,54.013699724311735,0.7524122050448043,48.699551569506724,0.6739710529111573,65.02242152466367,0.5463628180058356,56.233183856502244
NATR_WS_011_01,NATR,Natchez Trace Parkway,11.276954436206253,34.30494864809392,54.013699724311735,0.7524122050448043,48.699551569506724,0.6739710529111573,65.02242152466367,0.5463628180058356,56.233183856502244
NATR_WS_012_01,NATR,Natchez Trace Parkway,11.276954436206253,34.30494864809392,54.013699724311735,0.7524122050448043,48.699551569506724,0.6739710529111573,65.02242152466367,0.5463628180058356,56.233183856502244
NATR_WS_013_01,NATR,Natchez Trace Parkway,11.276954436206253,34.30494864809392,54.013699724311735,0.7524122050448043,48.699551569506724,0.6739710529111573,65.02242152466367,0.5463628180058356,56.233183856502244
NATR_WS_014_01,NATR,Natchez Trace Parkway,14.951250459624674,35.95637020683493,56.41443484141227,0.8142642635130106,70.04484304932735,0.6981468214084039,77.75784753363229,0.5763642732880848,64.21524663677131
NATR_WS_015_01,NATR,Natchez Trace Parkway,14.951250459624674,35.95637020683493,56.41443484141227,0.8142642635130106,70.04484304932735,0.6981468214084039,77.75784753363229,0.5763642732880848,64.21524663677131
NATR_WS_016_01,NATR,Natchez Trace Parkway,13.479174163424009,39.472990622945204,65.33226271919156,0.7894837481266771,61.25560538116592,0.7496279230220866,85.1121076233184,0.6878083940426971,87.3542600896861
NATR_WS_017_01,NATR,Natchez Trace Parkway,14.951250459624674,35.95637020683493,56.41443484141227,0.8142642635130106,70.04484304932735,0.6981468214084039,77.75784753363229,0.5763642732880848,64.21524663677131
NATR_WS_018_01,NATR,Natchez Trace Parkway,11.276954436206253,34.30494864809392,54.013699724311735,0.7524122050448043,48.699551569506724,0.6739710529111573,65.02242152466367,0.5463628180058356,56.233183856502244
NATR_WS_019_01,NATR,Natchez Trace Parkway,13.479174163424009,39.472990622945204,65.33226271919156,0.7894837481266771,61.25560538116592,0.7496279230220866,85.1121076233184,0.6878083940426971,87.3542600896861
NATR_WS_020_01,NATR,Natchez Trace Parkway,11.276954436206253,34.30494864809392,54.013699724311735,0.7524122050448043,48.699551569506724,0.6739710529111573,65.02242152466367,0.5463628180058356,56.233183856502244
NATR_WS_020_02,NATR,Natchez Trace Parkway,11.276954436206253,34.30494864809392,54.013699724311735,0.7524122050448043,48.699551569506724,0.6739710529111573,65.02242152466367,0.5463628180058356,56.233183856502244
RUCA_WS_001_01,RUCA,Russell Cave National Monument,15.569892981377787,39.9541456010378,57.80581376836427,0.8246783164860186,73.45291479820628,0.7566717279791518,87.3542600896861,0.5937520277139164,72.01793721973094
SEMO_WS_001_01,SEMO,Selma to Montgomery National Historic Trail,11.276954436206253,34.30494864809392,54.013699724311735,0.7524122050448043,48.699551569506724,0.6739710529111573,65.02242152466367,0.5463628180058356,56.233183856502244
TUIN_WS_001_01,TUIN,Tuskegee Institute National Historic Site,11.276954436206253,34.30494864809392,54.013699724311735,0.7524122050448043,48.699551569506724,0.6739710529111573,65.02242152466367,0.5463628180058356,56.233183856502244
CACH_WS_002_01,CACH,Canyon de Chelly National Monument,-24.662276758466117,-8.625988044465947,10.503768657497508,0.14742136734764394,2.3318385650224216,0.045489257117888524,1.7937219730941705,0.0026288417180610887,1.1659192825112108
CAGR_WS_001_01,CAGR,Casa Grande Ruins National Monument,-33.41978228418421,-11.733311805617545,16.621517457151214,0,0.4484304932735426,0,0.4484304932735426,0.07908099411649579,3.766816143497758
CHIR_WS_002_01,CHIR,Chiricahua National Monument,-28.584615044502502,-9.553910177887985,11.958340624687317,0.08139383569158092,1.5246636771300448,0.03190506320789466,1.0762331838565022,0.020806305578032088,1.7937219730941705
CHIR_WS_001_01,CHIR,Chiricahua National Monument,-28.584615044502502,-9.553910177887985,11.958340624687317,0.08139383569158092,1.5246636771300448,0.03190506320789466,1.0762331838565022,0.020806305578032088,1.7937219730941705
CORO_WS_001_01,CORO,Coronado National Memorial,-28.584615044502502,-9.553910177887985,11.958340624687317,0.08139383569158092,1.5246636771300448,0.03190506320789466,1.0762331838565022,0.020806305578032088,1.7937219730941705
FOBO_WS_001_01,FOBO,Fort Bowie National Historic Site,-28.584615044502502,-9.553910177887985,11.958340624687317,0.08139383569158092,1.5246636771300448,0.03190506320789466,1.0762331838565022,0.020806305578032088,1.7937219730941705
ARCH_WS_002_01,ARCH,Arches National Park,-8.335142334793035,9.678108472990079,24.13422286503292,0.4222677233719877,13.811659192825113,0.3134496683254488,14.887892376681613,0.1729656104316391,16.95067264573991
ARCH_WS_001_01,ARCH,Arches National Park,-8.335142334793035,9.678108472990079,24.13422286503292,0.4222677233719877,13.811659192825113,0.3134496683254488,14.887892376681613,0.1729656104316391,16.95067264573991
BRCA_WS_002_01,BRCA,Bryce Canyon National Park,20.025237668477338,33.48379203872507,51.4659593882657,0.8996783269168906,92.01793721973094,0.6619498388347106,57.13004484304933,0.5145242710465266,52.91479820627802
BRCA_WS_002_02,BRCA,Bryce Canyon National Park,20.025237668477338,33.48379203872507,51.4659593882657,0.8996783269168906,92.01793721973094,0.6619498388347106,57.13004484304933,0.5145242710465266,52.91479820627802
BRCA_WS_001_01,BRCA,Bryce Canyon National Park,-8.335142334793035,9.678108472990079,24.13422286503292,0.4222677233719877,13.811659192825113,0.3134496683254488,14.887892376681613,0.1729656104316391,16.95067264573991
GLCA_WS_006_01,GLCA,Glen Canyon National Recreation Area,-8.335142334793035,9.678108472990079,24.13422286503292,0.4222677233719877,13.811659192825113,0.3134496683254488,14.887892376681613,0.1729656104316391,16.95067264573991
GLCA_WS_006_02,GLCA,Glen Canyon National Recreation Area,-8.335142334793035,9.678108472990079,24.13422286503292,0.4222677233719877,13.811659192825113,0.3134496683254488,14.887892376681613,0.1729656104316391,16.95067264573991
GLCA_WS_009_01,GLCA,Glen Canyon National Recreation Area,-8.335142334793035,9.678108472990079,24.13422286503292,0.4222677233719877,13.811659192825113,0.3134496683254488,14.887892376681613,0.1729656104316391,16.95067264573991
GLCA_WS_009_02,GLCA,Glen Canyon National Recreation Area,-8.335142334793035,9.678108472990079,24.13422286503292,0.4222677233719877,13.811659192825113,0.3134496683254488,14.887892376681613,0.1729656104316391,16.95067264573991
GRCA_WS_003_01,GRCA,Grand Canyon National Park,-14.158069909383105,2.293533015609921,31.250607686040226,0.3242462099979519,9.058295964125561,0.20534414810675067,7.8923766816143495,0.2618974961102983,22.95964125560538
LAKE_WS_001_01,LAKE,Lake Mead National Recreation Area,-14.91181842601328,0.6076431192941064,31.28575639684715,0.31155782097763585,8.968609865470851,0.18066378491938245,6.9058295964125564,0.26233674176801014,24.663677130044842
LAKE_WS_002_01,LAKE,Lake Mead National Recreation Area,-14.91181842601328,0.6076431192941064,31.28575639684715,0.31155782097763585,8.968609865470851,0.18066378491938245,6.9058295964125564,0.26233674176801014,24.663677130044842
LAKE_WS_004_01,LAKE,Lake Mead National Recreation Area,-14.91181842601328,0.6076431192941064,31.28575639684715,0.31155782097763585,8.968609865470851,0.18066378491938245,6.9058295964125564,0.26233674176801014,24.663677130044842
LAKE_WS_005_01,LAKE,Lake Mead National Recreation Area,-14.91181842601328,0.6076431192941064,31.28575639684715,0.31155782097763585,8.968609865470851,0.18066378491938245,6.9058295964125564,0.26233674176801014,24.663677130044842
LAKE_WS_005_02,LAKE,Lake Mead National Recreation Area,-14.91181842601328,0.6076431192941064,31.28575639684715,0.31155782097763585,8.968609865470851,0.18066378491938245,6.9058295964125564,0.26233674176801014,24.663677130044842
LAKE_WS_005_03,LAKE,Lake Mead National Recreation Area,-14.91181842601328,0.6076431192941064,31.28575639684715,0.31155782097763585,8.968609865470851,0.18066378491938245,6.9058295964125564,0.26233674176801014,24.663677130044842
LAKE_WS_005_04,LAKE,Lake Mead National Recreation Area,-14.91181842601328,0.6076431192941064,31.28575639684715,0.31155782097763585,8.968609865470851,0.18066378491938245,6.9058295964125564,0.26233674176801014,24.663677130044842
LAKE_WS_005_05,LAKE,Lake Mead National Recreation Area,-14.91181842601328,0.6076431192941064,31.28575639684715,0.31155782097763585,8.968609865470851,0.18066378491938245,6.9058295964125564,0.26233674176801014,24.663677130044842
LAKE_WS_006_01,LAKE,Lake Mead National Recreation Area,-14.91181842601328,0.6076431192941064,31.28575639684715,0.31155782097763585,8.968609865470851,0.18066378491938245,6.9058295964125564,0.26233674176801014,24.663677130044842
LAKE_WS_008_01,LAKE,Lake Mead National Recreation Area,-14.91181842601328,0.6076431192941064,31.28575639684715,0.31155782097763585,8.968609865470851,0.18066378491938245,6.9058295964125564,0.26233674176801014,24.663677130044842
LAKE_WS_009_01,LAKE,Lake Mead National Recreation Area,-14.91181842601328,0.6076431192941064,31.28575639684715,0.31155782097763585,8.968609865470851,0.18066378491938245,6.9058295964125564,0.26233674176801014,24.663677130044842
LAKE_WS_009_02,LAKE,Lake Mead National Recreation Area,-14.91181842601328,0.6076431192941064,31.28575639684715,0.31155782097763585,8.968609865470851,0.18066378491938245,6.9058295964125564,0.26233674176801014,24.663677130044842
LAKE_WS_009_03,LAKE,Lake Mead National Recreation Area,-14.91181842601328,0.6076431192941064,31.28575639684715,0.31155782097763585,8.968609865470851,0.18066378491938245,6.9058295964125564,0.26233674176801014,24.663677130044842
LAKE_WS_010_01,LAKE,Lake Mead National Recreation Area,-14.91181842601328,0.6076431192941064,31.28575639684715,0.31155782097763585,8.968609865470851,0.18066378491938245,6.9058295964125564,0.26233674176801014,24.663677130044842
LAKE_WS_010_02,LAKE,Lake Mead National Recreation Area,-14.91181842601328,0.6076431192941064,31.28575639684715,0.31155782097763585,8.968609865470851,0.18066378491938245,6.9058295964125564,0.26233674176801014,24.663677130044842
MOCA_WS_002_01,MOCA,Montezuma Castle National Monument,-11.727324010727731,1.718622843501592,19.75321776828036,0.3651646979169269,10.134529147982063,0.1969278263298937,7.802690582959642,0.1182171596070147,5.291479820627803
MOCA_WS_003_01,MOCA,Montezuma Castle National Monument,-11.727324010727731,1.718622843501592,19.75321776828036,0.3651646979169269,10.134529147982063,0.1969278263298937,7.802690582959642,0.1182171596070147,5.291479820627803
MOCA_WS_001_01,MOCA,Montezuma Castle National Monument,-11.727324010727731,1.718622843501592,19.75321776828036,0.3651646979169269,10.134529147982063,0.1969278263298937,7.802690582959642,0.1182171596070147,5.291479820627803
NAVA_WS_001_01,NAVA,Navajo National Monument,-24.662276758466117,-8.625988044465947,10.503768657497508,0.14742136734764394,2.3318385650224216,0.045489257117888524,1.7937219730941705,0.0026288417180610887,1.1659192825112108
ORPI_WS_001_01,ORPI,Organ Pipe Cactus National Monument,-33.41978228418421,-11.733311805617545,16.621517457151214,0,0.4484304932735426,0,0.4484304932735426,0.07908099411649579,3.766816143497758
ORPI_WS_001_02,ORPI,Organ Pipe Cactus National Monument,-33.41978228418421,-11.733311805617545,16.621517457151214,0,0.4484304932735426,0,0.4484304932735426,0.07908099411649579,3.766816143497758
PISP_WS_001_01,PISP,Pipe Spring National Monument,-8.335142334793035,9.678108472990079,24.13422286503292,0.4222677233719877,13.811659192825113,0.3134496683254488,14.887892376681613,0.1729656104316391,16.95067264573991
SAGU_WS_005_01,SAGU,Saguaro National Park,-28.584615044502502,-9.553910177887985,11.958340624687317,0.08139383569158092,1.5246636771300448,0.03190506320789466,1.0762331838565022,0.020806305578032088,1.7937219730941705
SAGU_WS_003_01,SAGU,Saguaro National Park,-33.41978228418421,-11.733311805617545,16.621517457151214,0,0.4484304932735426,0,0.4484304932735426,0.07908099411649579,3.766816143497758
SUCR_WS_001_01,SUCR,Sunset Crater Volcano National Monument,-11.727324010727731,1.718622843501592,19.75321776828036,0.3651646979169269,10.134529147982063,0.1969278263298937,7.802690582959642,0.1182171596070147,5.291479820627803
TONT_WS_001_01,TONT,Tonto National Monument,-33.41978228418421,-11.733311805617545,16.621517457151214,0,0.4484304932735426,0,0.4484304932735426,0.07908099411649579,3.766816143497758
TUMA_WS_002_01,TUMA,Tumacacori National Historical Park,-28.584615044502502,-9.553910177887985,11.958340624687317,0.08139383569158092,1.5246636771300448,0.03190506320789466,1.0762331838565022,0.020806305578032088,1.7937219730941705
TUMA_WS_001_01,TUMA,Tumacacori National Historical Park,-28.584615044502502,-9.553910177887985,11.958340624687317,0.08139383569158092,1.5246636771300448,0.03190506320789466,1.0762331838565022,0.020806305578032088,1.7937219730941705
TUZI_WS_001_01,TUZI,Tuzigoot National Monument,-11.727324010727731,1.718622843501592,19.75321776828036,0.3651646979169269,10.134529147982063,0.1969278263298937,7.802690582959642,0.1182171596070147,5.291479820627803
WACA_WS_001_01,WACA,Walnut Canyon National Monument,-11.727324010727731,1.718622843501592,19.75321776828036,0.3651646979169269,10.134529147982063,0.1969278263298937,7.802690582959642,0.1182171596070147,5.291479820627803
WUPA_WS_001_01,WUPA,Wupatki National Monument,-24.662276758466117,-8.625988044465947,10.503768657497508,0.14742136734764394,2.3318385650224216,0.045489257117888524,1.7937219730941705,0.0026288417180610887,1.1659192825112108
CHIS_WS_004_01,CHIS,Channel Islands National Park,-21.324338338025093,-0.3788344601674061,17.66535887955072,0.20361127720480054,3.3183856502242155,0.16622237626599953,5.201793721973094,0.09212564928599264,4.663677130044843
CHIS_WS_005_01,CHIS,Channel Islands National Park,-21.324338338025093,-0.3788344601674061,17.66535887955072,0.20361127720480054,3.3183856502242155,0.16622237626599953,5.201793721973094,0.09212564928599264,4.663677130044843
CHIS_WS_008_01,CHIS,Channel Islands National Park,-21.324338338025093,-0.3788344601674061,17.66535887955072,0.20361127720480054,3.3183856502242155,0.16622237626599953,5.201793721973094,0.09212564928599264,4.663677130044843
DEVA_WS_001_01,DEVA,Death Valley National Park,-16.588008337778838,2.972299313168291,47.397614440652255,0.2833413148046017,6.995515695067264,0.21528085795933033,9.327354260089686,0.46368306488880556,41.973094170403584
DEVA_WS_002_01,DEVA,Death Valley National Park,-16.588008337778838,2.972299313168291,47.397614440652255,0.2833413148046017,6.995515695067264,0.21528085795933033,9.327354260089686,0.46368306488880556,41.973094170403584
DEVA_WS_003_01,DEVA,Death Valley National Park,-16.588008337778838,2.972299313168291,47.397614440652255,0.2833413148046017,6.995515695067264,0.21528085795933033,9.327354260089686,0.46368306488880556,41.973094170403584
DEVA_WS_003_02,DEVA,Death Valley National Park,-16.588008337778838,2.972299313168291,47.397614440652255,0.2833413148046017,6.995515695067264,0.21528085795933033,9.327354260089686,0.46368306488880556,41.973094170403584
DEVA_WS_004_01,DEVA,Death Valley National Park,-16.588008337778838,2.972299313168291,47.397614440652255,0.2833413148046017,6.995515695067264,0.21528085795933033,9.327354260089686,0.46368306488880556,41.973094170403584
DEVA_WS_007_01,DEVA,Death Valley National Park,-16.588008337778838,2.972299313168291,47.397614440652255,0.2833413148046017,6.995515695067264,0.21528085795933033,9.327354260089686,0.46368306488880556,41.973094170403584
DEVA_WS_008_01,DEVA,Death Valley National Park,-16.588008337778838,2.972299313168291,47.397614440652255,0.2833413148046017,6.995515695067264,0.21528085795933033,9.327354260089686,0.46368306488880556,41.973094170403584
GOGA_WS_003_01,GOGA,Golden Gate National Recreation Area,9.427745518346287,15.78519083960451,22.833919383225897,0.721283145932961,27.89237668161435,0.4028534966256224,22.51121076233184,0.15671600568144847,13.452914798206278
JOMU_WS_001_01,JOMU,John Muir National Historic Site,-11.824465313290638,4.739779749988996,21.74727618554616,0.36352944874606435,9.506726457399104,0.2411556551229119,10.134529147982063,0.14313646620175682,9.417040358744394
JOTR_WS_001_01,JOTR,Joshua Tree National Park,-16.588008337778838,2.972299313168291,47.397614440652255,0.2833413148046017,6.995515695067264,0.21528085795933033,9.327354260089686,0.46368306488880556,41.973094170403584
JOTR_WS_002_01,JOTR,Joshua Tree National Park,-16.588008337778838,2.972299313168291,47.397614440652255,0.2833413148046017,6.995515695067264,0.21528085795933033,9.327354260089686,0.46368306488880556,41.973094170403584
JOTR_WS_003_01,JOTR,Joshua Tree National Park,-16.588008337778838,2.972299313168291,47.397614440652255,0.2833413148046017,6.995515695067264,0.21528085795933033,9.327354260089686,0.46368306488880556,41.973094170403584
JOTR_WS_005_01,JOTR,Joshua Tree National Park,-16.588008337778838,2.972299313168291,47.397614440652255,0.2833413148046017,6.995515695067264,0.21528085795933033,9.327354260089686,0.46368306488880556,41.973094170403584
JOTR_WS_006_01,JOTR,Joshua Tree National Park,-16.588008337778838,2.972299313168291,47.397614440652255,0.2833413148046017,6.995515695067264,0.21528085795933033,9.327354260089686,0.46368306488880556,41.973094170403584
JOTR_WS_008_01,JOTR,Joshua Tree National Park,-16.588008337778838,2.972299313168291,47.397614440652255,0.2833413148046017,6.995515695067264,0.21528085795933033,9.327354260089686,0.46368306488880556,41.973094170403584
JOTR_WS_009_01,JOTR,Joshua Tree National Park,-16.588008337778838,2.972299313168291,47.397614440652255,0.2833413148046017,6.995515695067264,0.21528085795933033,9.327354260089686,0.46368306488880556,41.973094170403584
LABE_WS_001_01,LABE,Lava Beds National Monument,7.91613746262201,13.733840045630332,24.024637242803344,0.6958371641046693,23.946188340807176,0.3728230167404195,16.591928251121075,0.17159614317076577,13.721973094170403
LAVO_WS_003_01,LAVO,Lassen Volcanic National Park,19.888547857632684,33.60731578964235,49.765097594297,0.8973773293602197,91.65919282511211,0.6637581485241907,57.847533632286996,0.49326897774508704,44.48430493273543
LAVO_WS_004_01,LAVO,Lassen Volcanic National Park,19.888547857632684,33.60731578964235,49.765097594297,0.8973773293602197,91.65919282511211,0.6637581485241907,57.847533632286996,0.49326897774508704,44.48430493273543
LAVO_WS_005_01,LAVO,Lassen Volcanic National Park,19.888547857632684,33.60731578964235,49.765097594297,0.8973773293602197,91.65919282511211,0.6637581485241907,57.847533632286996,0.49326897774508704,44.48430493273543
LAVO_WS_006_01,LAVO,Lassen Volcanic National Park,19.888547857632684,33.60731578964235,49.765097594297,0.8973773293602197,91.65919282511211,0.6637581485241907,57.847533632286996,0.49326897774508704,44.48430493273543
LAVO_WS_007_01,LAVO,Lassen Volcanic National Park,19.888547857632684,33.60731578964235,49.765097594297,0.8973773293602197,91.65919282511211,0.6637581485241907,57.847533632286996,0.49326897774508704,44.48430493273543
LAVO_WS_008_01,LAVO,Lassen Volcanic National Park,19.888547857632684,33.60731578964235,49.765097594297,0.8973773293602197,91.65919282511211,0.6637581485241907,57.847533632286996,0.49326897774508704,44.48430493273543
LAVO_WS_009_01,LAVO,Lassen Volcanic National Park,19.888547857632684,33.60731578964235,49.765097594297,0.8973773293602197,91.65919282511211,0.6637581485241907,57.847533632286996,0.49326897774508704,44.48430493273543
LAVO_WS_011_01,LAVO,Lassen Volcanic National Park,19.888547857632684,33.60731578964235,49.765097594297,0.8973773293602197,91.65919282511211,0.6637581485241907,57.847533632286996,0.49326897774508704,44.48430493273543
MOJA_WS_001_01,MOJA,Mojave National Preserve,-16.588008337778838,2.972299313168291,47.397614440652255,0.2833413148046017,6.995515695067264,0.21528085795933033,9.327354260089686,0.46368306488880556,41.973094170403584
MOJA_WS_004_01,MOJA,Mojave National Preserve,-14.91181842601328,0.6076431192941064,31.28575639684715,0.31155782097763585,8.968609865470851,0.18066378491938245,6.9058295964125564,0.26233674176801014,24.663677130044842
MOJA_WS_005_01,MOJA,Mojave National Preserve,-14.91181842601328,0.6076431192941064,31.28575639684715,0.31155782097763585,8.968609865470851,0.18066378491938245,6.9058295964125564,0.26233674176801014,24.663677130044842
MOJA_WS_006_01,MOJA,Mojave National Preserve,-14.91181842601328,0.6076431192941064,31.28575639684715,0.31155782097763585,8.968609865470851,0.18066378491938245,6.9058295964125564,0.26233674176801014,24.663677130044842
MOJA_WS_007_01,MOJA,Mojave National Preserve,-14.91181842601328,0.6076431192941064,31.28575639684715,0.31155782097763585,8.968609865470851,0.18066378491938245,6.9058295964125564,0.26233674176801014,24.663677130044842
MOJA_WS_008_01,MOJA,Mojave National Preserve,-16.588008337778838,2.972299313168291,47.397614440652255,0.2833413148046017,6.995515695067264,0.21528085795933033,9.327354260089686,0.46368306488880556,41.973094170403584
PINN_WS_001_01,PINN,Pinnacles National Park,-11.824465313290638,4.739779749988996,21.74727618554616,0.36352944874606435,9.506726457399104,0.2411556551229119,10.134529147982063,0.14313646620175682,9.417040358744394
PINN_WS_002_01,PINN,Pinnacles National Park,-11.824465313290638,4.739779749988996,21.74727618554616,0.36352944874606435,9.506726457399104,0.2411556551229119,10.134529147982063,0.14313646620175682,9.417040358744394
PINN_WS_003_01,PINN,Pinnacles National Park,-11.824465313290638,4.739779749988996,21.74727618554616,0.36352944874606435,9.506726457399104,0.2411556551229119,10.134529147982063,0.14313646620175682,9.417040358744394
PINN_WS_004_01,PINN,Pinnacles National Park,-11.824465313290638,4.739779749988996,21.74727618554616,0.36352944874606435,9.506726457399104,0.2411556551229119,10.134529147982063,0.14313646620175682,9.417040358744394
PORE_WS_004_01,PORE,Point Reyes National Seashore,9.427745518346287,15.78519083960451,22.833919383225897,0.721283145932961,27.89237668161435,0.4028534966256224,22.51121076233184,0.15671600568144847,13.452914798206278
PORE_WS_005_01,PORE,Point Reyes National Seashore,9.427745518346287,15.78519083960451,22.833919383225897,0.721283145932961,27.89237668161435,0.4028534966256224,22.51121076233184,0.15671600568144847,13.452914798206278
PORE_WS_006_01,PORE,Point Reyes National Seashore,9.427745518346287,15.78519083960451,22.833919383225897,0.721283145932961,27.89237668161435,0.4028534966256224,22.51121076233184,0.15671600568144847,13.452914798206278
PORE_WS_007_01,PORE,Point Reyes National Seashore,9.427745518346287,15.78519083960451,22.833919383225897,0.721283145932961,27.89237668161435,0.4028534966256224,22.51121076233184,0.15671600568144847,13.452914798206278
PORE_WS_008_01,PORE,Point Reyes National Seashore,9.427745518346287,15.78519083960451,22.833919383225897,0.721283145932961,27.89237668161435,0.4028534966256224,22.51121076233184,0.15671600568144847,13.452914798206278
PORE_WS_008_02,PORE,Point Reyes National Seashore,9.427745518346287,15.78519083960451,22.833919383225897,0.721283145932961,27.89237668161435,0.4028534966256224,22.51121076233184,0.15671600568144847,13.452914798206278
PORE_WS_009_01,PORE,Point Reyes National Seashore,9.427745518346287,15.78519083960451,22.833919383225897,0.721283145932961,27.89237668161435,0.4028534966256224,22.51121076233184,0.15671600568144847,13.452914798206278
PORE_WS_010_01,PORE,Point Reyes National Seashore,9.427745518346287,15.78519083960451,22.833919383225897,0.721283145932961,27.89237668161435,0.4028534966256224,22.51121076233184,0.15671600568144847,13.452914798206278
PORE_WS_012_01,PORE,Point Reyes National Seashore,9.427745518346287,15.78519083960451,22.833919383225897,0.721283145932961,27.89237668161435,0.4028534966256224,22.51121076233184,0.15671600568144847,13.452914798206278
PORE_WS_013_01,PORE,Point Reyes National Seashore,9.427745518346287,15.78519083960451,22.833919383225897,0.721283145932961,27.89237668161435,0.4028534966256224,22.51121076233184,0.15671600568144847,13.452914798206278
PORE_WS_014_01,PORE,Point Reyes National Seashore,9.427745518346287,15.78519083960451,22.833919383225897,0.721283145932961,27.89237668161435,0.4028534966256224,22.51121076233184,0.15671600568144847,13.452914798206278
PORE_WS_016_01,PORE,Point Reyes National Seashore,9.427745518346287,15.78519083960451,22.833919383225897,0.721283145932961,27.89237668161435,0.4028534966256224,22.51121076233184,0.15671600568144847,13.452914798206278
PORE_WS_017_01,PORE,Point Reyes National Seashore,9.427745518346287,15.78519083960451,22.833919383225897,0.721283145932961,27.89237668161435,0.4028534966256224,22.51121076233184,0.15671600568144847,13.452914798206278
PORE_WS_019_01,PORE,Point Reyes National Seashore,9.427745518346287,15.78519083960451,22.833919383225897,0.721283145932961,27.89237668161435,0.4028534966256224,22.51121076233184,0.15671600568144847,13.452914798206278
PORE_WS_020_01,PORE,Point Reyes National Seashore,9.427745518346287,15.78519083960451,22.833919383225897,0.721283145932961,27.89237668161435,0.4028534966256224,22.51121076233184,0.15671600568144847,13.452914798206278
REDW_WS_002_01,REDW,Redwood National Park,8.733564821331134,31.50116221100607,60.65828470515346,0.7095975047147189,26.45739910313901,0.6329253904877896,50.49327354260089,0.6293987255292726,79.64125560538116
REDW_WS_004_01,REDW,Redwood National Park,8.733564821331134,31.50116221100607,60.65828470515346,0.7095975047147189,26.45739910313901,0.6329253904877896,50.49327354260089,0.6293987255292726,79.64125560538116
REDW_WS_005_01,REDW,Redwood National Park,8.733564821331134,31.50116221100607,60.65828470515346,0.7095975047147189,26.45739910313901,0.6329253904877896,50.49327354260089,0.6293987255292726,79.64125560538116
REDW_WS_006_01,REDW,Redwood National Park,8.733564821331134,31.50116221100607,60.65828470515346,0.7095975047147189,26.45739910313901,0.6329253904877896,50.49327354260089,0.6293987255292726,79.64125560538116
REDW_WS_007_01,REDW,Redwood National Park,8.733564821331134,31.50116221100607,60.65828470515346,0.7095975047147189,26.45739910313901,0.6329253904877896,50.49327354260089,0.6293987255292726,79.64125560538116
REDW_WS_008_01,REDW,Redwood National Park,8.733564821331134,31.50116221100607,60.65828470515346,0.7095975047147189,26.45739910313901,0.6329253904877896,50.49327354260089,0.6293987255292726,79.64125560538116
REDW_WS_009_01,REDW,Redwood National Park,8.733564821331134,31.50116221100607,60.65828470515346,0.7095975047147189,26.45739910313901,0.6329253904877896,50.49327354260089,0.6293987255292726,79.64125560538116
REDW_WS_010_01,REDW,Redwood National Park,8.733564821331134,31.50116221100607,60.65828470515346,0.7095975047147189,26.45739910313901,0.6329253904877896,50.49327354260089,0.6293987255292726,79.64125560538116
REDW_WS_012_01,REDW,Redwood National Park,8.733564821331134,31.50116221100607,60.65828470515346,0.7095975047147189,26.45739910313901,0.6329253904877896,50.49327354260089,0.6293987255292726,79.64125560538116
SAMO_WS_001_01,SAMO,Santa Monica Mountains National Recreation Area,-21.324338338025093,-0.3788344601674061,17.66535887955072,0.20361127720480054,3.3183856502242155,0.16622237626599953,5.201793721973094,0.09212564928599264,4.663677130044843
SAMO_WS_003_01,SAMO,Santa Monica Mountains National Recreation Area,-21.324338338025093,-0.3788344601674061,17.66535887955072,0.20361127720480054,3.3183856502242155,0.16622237626599953,5.201793721973094,0.09212564928599264,4.663677130044843
SAMO_WS_004_01,SAMO,Santa Monica Mountains National Recreation Area,-21.324338338025093,-0.3788344601674061,17.66535887955072,0.20361127720480054,3.3183856502242155,0.16622237626599953,5.201793721973094,0.09212564928599264,4.663677130044843
SAMO_WS_005_01,SAMO,Santa Monica Mountains National Recreation Area,-21.324338338025093,-0.3788344601674061,17.66535887955072,0.20361127720480054,3.3183856502242155,0.16622237626599953,5.201793721973094,0.09212564928599264,4.663677130044843
SAMO_WS_006_01,SAMO,Santa Monica Mountains National Recreation Area,-21.324338338025093,-0.3788344601674061,17.66535887955072,0.20361127720480054,3.3183856502242155,0.16622237626599953,5.201793721973094,0.09212564928599264,4.663677130044843
SAMO_WS_007_01,SAMO,Santa Monica Mountains National Recreation Area,-21.324338338025093,-0.3788344601674061,17.66535887955072,0.20361127720480054,3.3183856502242155,0.16622237626599953,5.201793721973094,0.09212564928599264,4.663677130044843
SAMO_WS_008_01,SAMO,Santa Monica Mountains National Recreation Area,-21.324338338025093,-0.3788344601674061,17.66535887955072,0.20361127720480054,3.3183856502242155,0.16622237626599953,5.201793721973094,0.09212564928599264,4.663677130044843
SEKI_WS_002_01,SEKI,Sequoia & Kings Canyon National Parks,18.027735055922314,28.732033909572287,42.98200169720208,0.8660529337545829,89.5067264573991,0.592387101278538,38.744394618834086,0.4085021299648623,39.19282511210762
SEKI_WS_003_01,SEKI,Sequoia & Kings Canyon National Parks,18.027735055922314,28.732033909572287,42.98200169720208,0.8660529337545829,89.5067264573991,0.592387101278538,38.744394618834086,0.4085021299648623,39.19282511210762
SEKI_WS_004_01,SEKI,Sequoia & Kings Canyon National Parks,18.027735055922314,28.732033909572287,42.98200169720208,0.8660529337545829,89.5067264573991,0.592387101278538,38.744394618834086,0.4085021299648623,39.19282511210762
SEKI_WS_006_01,SEKI,Sequoia & Kings Canyon National Parks,18.027735055922314,28.732033909572287,42.98200169720208,0.8660529337545829,89.5067264573991,0.592387101278538,38.744394618834086,0.4085021299648623,39.19282511210762
SEKI_WS_007_01,SEKI,Sequoia & Kings Canyon National Parks,18.027735055922314,28.732033909572287,42.98200169720208,0.8660529337545829,89.5067264573991,0.592387101278538,38.744394618834086,0.4085021299648623,39.19282511210762
SEKI_WS_010_01,SEKI,Sequoia & Kings Canyon National Parks,18.027735055922314,28.732033909572287,42.98200169720208,0.8660529337545829,89.5067264573991,0.592387101278538,38.744394618834086,0.4085021299648623,39.19282511210762
SEKI_WS_011_01,SEKI,Sequoia & Kings Canyon National Parks,18.027735055922314,28.732033909572287,42.98200169720208,0.8660529337545829,89.5067264573991,0.592387101278538,38.744394618834086,0.4085021299648623,39.19282511210762
SEKI_WS_012_01,SEKI,Sequoia & Kings Canyon National Parks,18.027735055922314,28.732033909572287,42.98200169720208,0.8660529337545829,89.5067264573991,0.592387101278538,38.744394618834086,0.4085021299648623,39.19282511210762
SEKI_WS_013_01,SEKI,Sequoia & Kings Canyon National Parks,18.027735055922314,28.732033909572287,42.98200169720208,0.8660529337545829,89.5067264573991,0.592387101278538,38.744394618834086,0.4085021299648623,39.19282511210762
SEKI_WS_014_01,SEKI,Sequoia & Kings Canyon National Parks,18.027735055922314,28.732033909572287,42.98200169720208,0.8660529337545829,89.5067264573991,0.592387101278538,38.744394618834086,0.4085021299648623,39.19282511210762
SEKI_WS_015_01,SEKI,Sequoia & Kings Canyon National Parks,18.027735055922314,28.732033909572287,42.98200169720208,0.8660529337545829,89.5067264573991,0.592387101278538,38.744394618834086,0.4085021299648623,39.19282511210762
SEKI_WS_016_01,SEKI,Sequoia & Kings Canyon National Parks,18.027735055922314,28.732033909572287,42.98200169720208,0.8660529337545829,89.5067264573991,0.592387101278538,38.744394618834086,0.4085021299648623,39.19282511210762
SEKI_WS_019_01,SEKI,Sequoia & Kings Canyon National Parks,18.027735055922314,28.732033909572287,42.98200169720208,0.8660529337545829,89.5067264573991,0.592387101278538,38.744394618834086,0.4085021299648623,39.19282511210762
SEKI_WS_020_01,SEKI,Sequoia & Kings Canyon National Parks,18.027735055922314,28.732033909572287,42.98200169720208,0.8660529337545829,89.5067264573991,0.592387101278538,38.744394618834086,0.4085021299648623,39.19282511210762
SEKI_WS_021_01,SEKI,Sequoia & Kings Canyon National Parks,18.027735055922314,28.732033909572287,42.98200169720208,0.8660529337545829,89.5067264573991,0.592387101278538,38.744394618834086,0.4085021299648623,39.19282511210762
SEKI_WS_022_01,SEKI,Sequoia & Kings Canyon National Parks,18.027735055922314,28.732033909572287,42.98200169720208,0.8660529337545829,89.5067264573991,0.592387101278538,38.744394618834086,0.4085021299648623,39.19282511210762
WHIS_WS_003_01,WHIS,Whiskeytown National Recreation Area,13.931294832589208,31.459264152474013,51.128384021271366,0.7970946194026048,62.062780269058294,0.6323120293758472,49.68609865470852,0.5103056664178324,49.775784753363226
WHIS_WS_005_01,WHIS,Whiskeytown National Recreation Area,13.931294832589208,31.459264152474013,51.128384021271366,0.7970946194026048,62.062780269058294,0.6323120293758472,49.68609865470852,0.5103056664178324,49.775784753363226
WHIS_WS_006_01,WHIS,Whiskeytown National Recreation Area,13.931294832589208,31.459264152474013,51.128384021271366,0.7970946194026048,62.062780269058294,0.6323120293758472,49.68609865470852,0.5103056664178324,49.775784753363226
WHIS_WS_007_01,WHIS,Whiskeytown National Recreation Area,13.931294832589208,31.459264152474013,51.128384021271366,0.7970946194026048,62.062780269058294,0.6323120293758472,49.68609865470852,0.5103056664178324,49.775784753363226
WHIS_WS_008_01,WHIS,Whiskeytown National Recreation Area,13.931294832589208,31.459264152474013,51.128384021271366,0.7970946194026048,62.062780269058294,0.6323120293758472,49.68609865470852,0.5103056664178324,49.775784753363226
WHIS_WS_010_01,WHIS,Whiskeytown National Recreation Area,13.931294832589208,31.459264152474013,51.128384021271366,0.7970946194026048,62.062780269058294,0.6323120293758472,49.68609865470852,0.5103056664178324,49.775784753363226
WHIS_WS_014_01,WHIS,Whiskeytown National Recreation Area,13.931294832589208,31.459264152474013,51.128384021271366,0.7970946194026048,62.062780269058294,0.6323120293758472,49.68609865470852,0.5103056664178324,49.775784753363226
YOSE_WS_001_01,YOSE,Yosemite National Park,18.027735055922314,28.732033909572287,42.98200169720208,0.8660529337545829,89.5067264573991,0.592387101278538,38.744394618834086,0.4085021299648623,39.19282511210762
YOSE_WS_006_01,YOSE,Yosemite National Park,18.027735055922314,28.732033909572287,42.98200169720208,0.8660529337545829,89.5067264573991,0.592387101278538,38.744394618834086,0.4085021299648623,39.19282511210762
YOSE_WS_007_01,YOSE,Yosemite National Park,18.027735055922314,28.732033909572287,42.98200169720208,0.8660529337545829,89.5067264573991,0.592387101278538,38.744394618834086,0.4085021299648623,39.19282511210762
YOSE_WS_009_01,YOSE,Yosemite National Park,18.027735055922314,28.732033909572287,42.98200169720208,0.8660529337545829,89.5067264573991,0.592387101278538,38.744394618834086,0.4085021299648623,39.19282511210762
YOSE_WS_011_01,YOSE,Yosemite National Park,18.027735055922314,28.732033909572287,42.98200169720208,0.8660529337545829,89.5067264573991,0.592387101278538,38.744394618834086,0.4085021299648623,39.19282511210762
YOSE_WS_012_01,YOSE,Yosemite National Park,18.060623273997397,40.84837689670965,65.77679295488429,0.8666065647016623,89.68609865470853,0.7697627093053474,87.53363228699551,0.6933635899877832,87.80269058295964
YOSE_WS_014_01,YOSE,Yosemite National Park,18.027735055922314,28.732033909572287,42.98200169720208,0.8660529337545829,89.5067264573991,0.592387101278538,38.744394618834086,0.4085021299648623,39.19282511210762
YOSE_WS_015_01,YOSE,Yosemite National Park,18.027735055922314,28.732033909572287,42.98200169720208,0.8660529337545829,89.5067264573991,0.592387101278538,38.744394618834086,0.4085021299648623,39.19282511210762
YOSE_WS_016_01,YOSE,Yosemite National Park,18.027735055922314,28.732033909572287,42.98200169720208,0.8660529337545829,89.5067264573991,0.592387101278538,38.744394618834086,0.4085021299648623,39.19282511210762
YOSE_WS_017_01,YOSE,Yosemite National Park,18.027735055922314,28.732033909572287,42.98200169720208,0.8660529337545829,89.5067264573991,0.592387101278538,38.744394618834086,0.4085021299648623,39.19282511210762
YOSE_WS_017_02,YOSE,Yosemite National Park,18.027735055922314,28.732033909572287,42.98200169720208,0.8660529337545829,89.5067264573991,0.592387101278538,38.744394618834086,0.4085021299648623,39.19282511210762
YOSE_WS_018_01,YOSE,Yosemite National Park,18.027735055922314,28.732033909572287,42.98200169720208,0.8660529337545829,89.5067264573991,0.592387101278538,38.744394618834086,0.4085021299648623,39.19282511210762
YOSE_WS_019_01,YOSE,Yosemite National Park,18.027735055922314,28.732033909572287,42.98200169720208,0.8660529337545829,89.5067264573991,0.592387101278538,38.744394618834086,0.4085021299648623,39.19282511210762
YOSE_WS_020_01,YOSE,Yosemite National Park,18.060623273997397,40.84837689670965,65.77679295488429,0.8666065647016623,89.68609865470853,0.7697627093053474,87.53363228699551,0.6933635899877832,87.80269058295964
BEOL_WS_002_01,BEOL,Bent's Old Fort National Historic Site,-19.7637946253119,-1.7241565388429438,14.561710831682287,0.22988102802121055,3.497757847533632,0.14652771080874974,2.5112107623318383,0.05334004671921628,2.690582959641256
BEOL_WS_001_01,BEOL,Bent's Old Fort National Historic Site,-19.7637946253119,-1.7241565388429438,14.561710831682287,0.22988102802121055,3.497757847533632,0.14652771080874974,2.5112107623318383,0.05334004671921628,2.690582959641256
COLM_WS_001_01,COLM,Colorado National Monument,-8.335142334793035,9.678108472990079,24.13422286503292,0.4222677233719877,13.811659192825113,0.3134496683254488,14.887892376681613,0.1729656104316391,16.95067264573991
COLM_WS_002_01,COLM,Colorado National Monument,-8.335142334793035,9.678108472990079,24.13422286503292,0.4222677233719877,13.811659192825113,0.3134496683254488,14.887892376681613,0.1729656104316391,16.95067264573991
CURE_WS_006_01,CURE,Curecanti National Recreation Area,-8.335142334793035,9.678108472990079,24.13422286503292,0.4222677233719877,13.811659192825113,0.3134496683254488,14.887892376681613,0.1729656104316391,16.95067264573991
CURE_WS_007_01,CURE,Curecanti National Recreation Area,21.92356368347024,34.508577603786655,47.99732080345607,0.9316342093288414,93.18385650224215,0.6769520521999862,66.2780269058296,0.4711774625414165,43.139013452914796
CURE_WS_011_01,CURE,Curecanti National Recreation Area,21.92356368347024,34.508577603786655,47.99732080345607,0.9316342093288414,93.18385650224215,0.6769520521999862,66.2780269058296,0.4711774625414165,43.139013452914796
CURE_WS_009_01,CURE,Curecanti National Recreation Area,-8.335142334793035,9.678108472990079,24.13422286503292,0.4222677233719877,13.811659192825113,0.3134496683254488,14.887892376681613,0.1729656104316391,16.95067264573991
CURE_WS_010_01,CURE,Curecanti National Recreation Area,21.92356368347024,34.508577603786655,47.99732080345607,0.9316342093288414,93.18385650224215,0.6769520521999862,66.2780269058296,0.4711774625414165,43.139013452914796
CURE_WS_010_02,CURE,Curecanti National Recreation Area,21.92356368347024,34.508577603786655,47.99732080345607,0.9316342093288414,93.18385650224215,0.6769520521999862,66.2780269058296,0.4711774625414165,43.139013452914796
CURE_WS_001_01,CURE,Curecanti National Recreation Area,21.92356368347024,34.508577603786655,47.99732080345607,0.9316342093288414,93.18385650224215,0.6769520521999862,66.2780269058296,0.4711774625414165,43.139013452914796
CURE_WS_005_01,CURE,Curecanti National Recreation Area,21.92356368347024,34.508577603786655,47.99732080345607,0.9316342093288414,93.18385650224215,0.6769520521999862,66.2780269058296,0.4711774625414165,43.139013452914796
CURE_WS_003_01,CURE,Curecanti National Recreation Area,21.92356368347024,34.508577603786655,47.99732080345607,0.9316342093288414,93.18385650224215,0.6769520521999862,66.2780269058296,0.4711774625414165,43.139013452914796
CURE_WS_008_01,CURE,Curecanti National Recreation Area,21.92356368347024,34.508577603786655,47.99732080345607,0.9316342093288414,93.18385650224215,0.6769520521999862,66.2780269058296,0.4711774625414165,43.139013452914796
CURE_WS_004_01,CURE,Curecanti National Recreation Area,21.92356368347024,34.508577603786655,47.99732080345607,0.9316342093288414,93.18385650224215,0.6769520521999862,66.2780269058296,0.4711774625414165,43.139013452914796
CURE_WS_002_01,CURE,Curecanti National Recreation Area,21.92356368347024,34.508577603786655,47.99732080345607,0.9316342093288414,93.18385650224215,0.6769520521999862,66.2780269058296,0.4711774625414165,43.139013452914796
DINO_WS_002_01,DINO,Dinosaur National Monument,3.9100224636138736,13.58262829840092,30.932949533427344,0.6283993589932351,16.591928251121075,0.37060937227409113,16.50224215246637,0.25792779250044434,22.869955156950674
DINO_WS_004_01,DINO,Dinosaur National Monument,3.9100224636138736,13.58262829840092,30.932949533427344,0.6283993589932351,16.591928251121075,0.37060937227409113,16.50224215246637,0.25792779250044434,22.869955156950674
DINO_WS_001_01,DINO,Dinosaur National Monument,3.9100224636138736,13.58262829840092,30.932949533427344,0.6283993589932351,16.591928251121075,0.37060937227409113,16.50224215246637,0.25792779250044434,22.869955156950674
DINO_WS_006_01,DINO,Dinosaur National Monument,1.4238559310081553,14.648954652083814,30.824064752216547,0.5865479358209235,15.874439461883409,0.38621971654548587,17.57847533632287,0.2565670834946301,22.331838565022423
CANY_WS_002_01,CANY,Canyonlands National Park,-8.335142334793035,9.678108472990079,24.13422286503292,0.4222677233719877,13.811659192825113,0.3134496683254488,14.887892376681613,0.1729656104316391,16.95067264573991
CARE_WS_001_01,CARE,Capitol Reef National Park,-8.335142334793035,9.678108472990079,24.13422286503292,0.4222677233719877,13.811659192825113,0.3134496683254488,14.887892376681613,0.1729656104316391,16.95067264573991
FLFO_WS_001_01,FLFO,Florissant Fossil Beds National Monument,13.248151913143674,23.41745666062056,34.238410379739356,0.7855947850053819,59.19282511210763,0.5145850473139877,29.68609865470852,0.2992354049319337,26.63677130044843
FLFO_WS_002_01,FLFO,Florissant Fossil Beds National Monument,13.248151913143674,23.41745666062056,34.238410379739356,0.7855947850053819,59.19282511210763,0.5145850473139877,29.68609865470852,0.2992354049319337,26.63677130044843
GRSA_WS_001_01,GRSA,Great Sand Dunes National Park,7.117674617105784,19.559719904404695,30.79144785864513,0.682396066737775,23.856502242152466,0.45811021794776924,26.367713004484305,0.25615947739641526,22.242152466367713
GRSA_WS_002_01,GRSA,Great Sand Dunes National Park,7.117674617105784,19.559719904404695,30.79144785864513,0.682396066737775,23.856502242152466,0.45811021794776924,26.367713004484305,0.25615947739641526,22.242152466367713
HOVE_WS_001_01,HOVE,Hovenweep National Monument,-8.335142334793035,9.678108472990079,24.13422286503292,0.4222677233719877,13.811659192825113,0.3134496683254488,14.887892376681613,0.1729656104316391,16.95067264573991
MEVE_WS_001_01,MEVE,Mesa Verde National Park,7.117674617105784,19.559719904404695,30.79144785864513,0.682396066737775,23.856502242152466,0.45811021794776924,26.367713004484305,0.25615947739641526,22.242152466367713
ROMO_WS_005_01,ROMO,Rocky Mountain National Park,21.92356368347024,34.508577603786655,47.99732080345607,0.9316342093288414,93.18385650224215,0.6769520521999862,66.2780269058296,0.4711774625414165,43.139013452914796
ROMO_WS_006_01,ROMO,Rocky Mountain National Park,13.248151913143674,23.41745666062056,34.238410379739356,0.7855947850053819,59.19282511210763,0.5145850473139877,29.68609865470852,0.2992354049319337,26.63677130044843
ROMO_WS_006_02,ROMO,Rocky Mountain National Park,13.248151913143674,23.41745666062056,34.238410379739356,0.7855947850053819,59.19282511210763,0.5145850473139877,29.68609865470852,0.2992354049319337,26.63677130044843
ROMO_WS_013_01,ROMO,Rocky Mountain National Park,13.248151913143674,23.41745666062056,34.238410379739356,0.7855947850053819,59.19282511210763,0.5145850473139877,29.68609865470852,0.2992354049319337,26.63677130044843
ROMO_WS_004_01,ROMO,Rocky Mountain National Park,13.248151913143674,23.41745666062056,34.238410379739356,0.7855947850053819,59.19282511210763,0.5145850473139877,29.68609865470852,0.2992354049319337,26.63677130044843
ROMO_WS_003_01,ROMO,Rocky Mountain National Park,21.92356368347024,34.508577603786655,47.99732080345607,0.9316342093288414,93.18385650224215,0.6769520521999862,66.2780269058296,0.4711774625414165,43.139013452914796
ROMO_WS_008_01,ROMO,Rocky Mountain National Park,21.92356368347024,34.508577603786655,47.99732080345607,0.9316342093288414,93.18385650224215,0.6769520521999862,66.2780269058296,0.4711774625414165,43.139013452914796
ROMO_WS_012_01,ROMO,Rocky Mountain National Park,13.248151913143674,23.41745666062056,34.238410379739356,0.7855947850053819,59.19282511210763,0.5145850473139877,29.68609865470852,0.2992354049319337,26.63677130044843
ROMO_WS_016_01,ROMO,Rocky Mountain National Park,13.248151913143674,23.41745666062056,34.238410379739356,0.7855947850053819,59.19282511210763,0.5145850473139877,29.68609865470852,0.2992354049319337,26.63677130044843
ROMO_WS_014_01,ROMO,Rocky Mountain National Park,13.248151913143674,23.41745666062056,34.238410379739356,0.7855947850053819,59.19282511210763,0.5145850473139877,29.68609865470852,0.2992354049319337,26.63677130044843
ROMO_WS_020_01,ROMO,Rocky Mountain National Park,13.248151913143674,23.41745666062056,34.238410379739356,0.7855947850053819,59.19282511210763,0.5145850473139877,29.68609865470852,0.2992354049319337,26.63677130044843
ROMO_WS_017_01,ROMO,Rocky Mountain National Park,13.248151913143674,23.41745666062056,34.238410379739356,0.7855947850053819,59.19282511210763,0.5145850473139877,29.68609865470852,0.2992354049319337,26.63677130044843
ROMO_WS_007_01,ROMO,Rocky Mountain National Park,13.248151913143674,23.41745666062056,34.238410379739356,0.7855947850053819,59.19282511210763,0.5145850473139877,29.68609865470852,0.2992354049319337,26.63677130044843
ROMO_WS_018_01,ROMO,Rocky Mountain National Park,13.248151913143674,23.41745666062056,34.238410379739356,0.7855947850053819,59.19282511210763,0.5145850473139877,29.68609865470852,0.2992354049319337,26.63677130044843
ROMO_WS_002_01,ROMO,Rocky Mountain National Park,13.248151913143674,23.41745666062056,34.238410379739356,0.7855947850053819,59.19282511210763,0.5145850473139877,29.68609865470852,0.2992354049319337,26.63677130044843
ROMO_WS_019_01,ROMO,Rocky Mountain National Park,13.248151913143674,23.41745666062056,34.238410379739356,0.7855947850053819,59.19282511210763,0.5145850473139877,29.68609865470852,0.2992354049319337,26.63677130044843
ROMO_WS_015_01,ROMO,Rocky Mountain National Park,13.248151913143674,23.41745666062056,34.238410379739356,0.7855947850053819,59.19282511210763,0.5145850473139877,29.68609865470852,0.2992354049319337,26.63677130044843
ROMO_WS_010_01,ROMO,Rocky Mountain National Park,13.248151913143674,23.41745666062056,34.238410379739356,0.7855947850053819,59.19282511210763,0.5145850473139877,29.68609865470852,0.2992354049319337,26.63677130044843
SAND_WS_001_01,SAND,Sand Creek Massacre National Historic Site,-8.6322429092705,6.00705582196874,14.1467222899842,0.41726641645866464,10.582959641255606,0.2597077763400038,11.300448430493274,0.048154026784023425,2.5112107623318383
WEFA_WS_001_01,WEFA,Weir Farm National Historic Site,16.778635589077226,30.144041252973796,56.46312564562811,0.8450259471526629,82.78026905829596,0.6130579968895358,47.71300448430493,0.5769727514891712,71.39013452914799
WEFA_WS_003_01,WEFA,Weir Farm National Historic Site,16.778635589077226,30.144041252973796,56.46312564562811,0.8450259471526629,82.78026905829596,0.6130579968895358,47.71300448430493,0.5769727514891712,71.39013452914799
WEFA_WS_004_01,WEFA,Weir Farm National Historic Site,16.778635589077226,30.144041252973796,56.46312564562811,0.8450259471526629,82.78026905829596,0.6130579968895358,47.71300448430493,0.5769727514891712,71.39013452914799
FRST_WS_001_01,FRST,First State National Historic Park,9.954061301047991,32.37429089015554,50.52008951068596,0.730142996733474,41.0762331838565,0.6457074428375947,54.97757847533632,0.5027039445836441,48.96860986547085
FRST_WS_002_01,FRST,First State National Historic Park,9.954061301047991,32.37429089015554,50.52008951068596,0.730142996733474,41.0762331838565,0.6457074428375947,54.97757847533632,0.5027039445836441,48.96860986547085
FRST_WS_003_01,FRST,First State National Historic Park,9.954061301047991,32.37429089015554,50.52008951068596,0.730142996733474,41.0762331838565,0.6457074428375947,54.97757847533632,0.5027039445836441,48.96860986547085
FRST_WS_004_01,FRST,First State National Historic Park,9.954061301047991,32.37429089015554,50.52008951068596,0.730142996733474,41.0762331838565,0.6457074428375947,54.97757847533632,0.5027039445836441,48.96860986547085
FRST_WS_005_01,FRST,First State National Historic Park,9.954061301047991,32.37429089015554,50.52008951068596,0.730142996733474,41.0762331838565,0.6457074428375947,54.97757847533632,0.5027039445836441,48.96860986547085
FRST_WS_006_01,FRST,First State National Historic Park,9.954061301047991,32.37429089015554,50.52008951068596,0.730142996733474,41.0762331838565,0.6457074428375947,54.97757847533632,0.5027039445836441,48.96860986547085
FRST_WS_007_01,FRST,First State National Historic Park,9.954061301047991,32.37429089015554,50.52008951068596,0.730142996733474,41.0762331838565,0.6457074428375947,54.97757847533632,0.5027039445836441,48.96860986547085
FRST_WS_008_01,FRST,First State National Historic Park,9.954061301047991,32.37429089015554,50.52008951068596,0.730142996733474,41.0762331838565,0.6457074428375947,54.97757847533632,0.5027039445836441,48.96860986547085
FRST_WS_009_01,FRST,First State National Historic Park,9.954061301047991,32.37429089015554,50.52008951068596,0.730142996733474,41.0762331838565,0.6457074428375947,54.97757847533632,0.5027039445836441,48.96860986547085
FRST_WS_010_01,FRST,First State National Historic Park,9.954061301047991,32.37429089015554,50.52008951068596,0.730142996733474,41.0762331838565,0.6457074428375947,54.97757847533632,0.5027039445836441,48.96860986547085
FRST_WS_011_01,FRST,First State National Historic Park,9.954061301047991,32.37429089015554,50.52008951068596,0.730142996733474,41.0762331838565,0.6457074428375947,54.97757847533632,0.5027039445836441,48.96860986547085
FRST_WS_012_01,FRST,First State National Historic Park,9.954061301047991,32.37429089015554,50.52008951068596,0.730142996733474,41.0762331838565,0.6457074428375947,54.97757847533632,0.5027039445836441,48.96860986547085
FRST_WS_013_01,FRST,First State National Historic Park,9.954061301047991,32.37429089015554,50.52008951068596,0.730142996733474,41.0762331838565,0.6457074428375947,54.97757847533632,0.5027039445836441,48.96860986547085
FRST_WS_014_01,FRST,First State National Historic Park,9.954061301047991,32.37429089015554,50.52008951068596,0.730142996733474,41.0762331838565,0.6457074428375947,54.97757847533632,0.5027039445836441,48.96860986547085
FRST_WS_015_01,FRST,First State National Historic Park,9.954061301047991,32.37429089015554,50.52008951068596,0.730142996733474,41.0762331838565,0.6457074428375947,54.97757847533632,0.5027039445836441,48.96860986547085
FRST_WS_016_01,FRST,First State National Historic Park,9.954061301047991,32.37429089015554,50.52008951068596,0.730142996733474,41.0762331838565,0.6457074428375947,54.97757847533632,0.5027039445836441,48.96860986547085
FRST_WS_017_01,FRST,First State National Historic Park,9.954061301047991,32.37429089015554,50.52008951068596,0.730142996733474,41.0762331838565,0.6457074428375947,54.97757847533632,0.5027039445836441,48.96860986547085
FRST_WS_018_01,FRST,First State National Historic Park,9.954061301047991,32.37429089015554,50.52008951068596,0.730142996733474,41.0762331838565,0.6457074428375947,54.97757847533632,0.5027039445836441,48.96860986547085
FRST_WS_019_01,FRST,First State National Historic Park,9.954061301047991,32.37429089015554,50.52008951068596,0.730142996733474,41.0762331838565,0.6457074428375947,54.97757847533632,0.5027039445836441,48.96860986547085
FRST_WS_020_01,FRST,First State National Historic Park,9.954061301047991,32.37429089015554,50.52008951068596,0.730142996733474,41.0762331838565,0.6457074428375947,54.97757847533632,0.5027039445836441,48.96860986547085
FRST_WS_021_01,FRST,First State National Historic Park,9.954061301047991,32.37429089015554,50.52008951068596,0.730142996733474,41.0762331838565,0.6457074428375947,54.97757847533632,0.5027039445836441,48.96860986547085
FRST_WS_022_01,FRST,First State National Historic Park,9.954061301047991,32.37429089015554,50.52008951068596,0.730142996733474,41.0762331838565,0.6457074428375947,54.97757847533632,0.5027039445836441,48.96860986547085
FRST_WS_023_01,FRST,First State National Historic Park,9.954061301047991,32.37429089015554,50.52008951068596,0.730142996733474,41.0762331838565,0.6457074428375947,54.97757847533632,0.5027039445836441,48.96860986547085
FRST_WS_024_01,FRST,First State National Historic Park,9.954061301047991,32.37429089015554,50.52008951068596,0.730142996733474,41.0762331838565,0.6457074428375947,54.97757847533632,0.5027039445836441,48.96860986547085
FRST_WS_025_01,FRST,First State National Historic Park,13.010108088683273,28.780770086390294,46.90259630837068,0.7815876226932876,57.309417040358746,0.5931005681228797,39.28251121076233,0.45749693287708887,40.53811659192825
FRST_WS_026_01,FRST,First State National Historic Park,9.954061301047991,32.37429089015554,50.52008951068596,0.730142996733474,41.0762331838565,0.6457074428375947,54.97757847533632,0.5027039445836441,48.96860986547085
BICY_WS_001_01,BICY,Big Cypress National Preserve,6.2559532228403105,15.581631026105022,21.11798688240274,0.667890092880006,21.704035874439462,0.3998735095348289,21.076233183856502,0.13527237709281062,8.968609865470851
BICY_WS_002_01,BICY,Big Cypress National Preserve,6.2559532228403105,15.581631026105022,21.11798688240274,0.667890092880006,21.704035874439462,0.3998735095348289,21.076233183856502,0.13527237709281062,8.968609865470851
BICY_WS_003_01,BICY,Big Cypress National Preserve,6.2559532228403105,15.581631026105022,21.11798688240274,0.667890092880006,21.704035874439462,0.3998735095348289,21.076233183856502,0.13527237709281062,8.968609865470851
BICY_WS_007_01,BICY,Big Cypress National Preserve,6.2559532228403105,15.581631026105022,21.11798688240274,0.667890092880006,21.704035874439462,0.3998735095348289,21.076233183856502,0.13527237709281062,8.968609865470851
BICY_WS_008_01,BICY,Big Cypress National Preserve,6.2559532228403105,15.581631026105022,21.11798688240274,0.667890092880006,21.704035874439462,0.3998735095348289,21.076233183856502,0.13527237709281062,8.968609865470851
BICY_WS_009_01,BICY,Big Cypress National Preserve,6.2559532228403105,15.581631026105022,21.11798688240274,0.667890092880006,21.704035874439462,0.3998735095348289,21.076233183856502,0.13527237709281062,8.968609865470851
BICY_WS_010_01,BICY,Big Cypress National Preserve,6.2559532228403105,15.581631026105022,21.11798688240274,0.667890092880006,21.704035874439462,0.3998735095348289,21.076233183856502,0.13527237709281062,8.968609865470851
BICY_WS_011_01,BICY,Big Cypress National Preserve,6.2559532228403105,15.581631026105022,21.11798688240274,0.667890092880006,21.704035874439462,0.3998735095348289,21.076233183856502,0.13527237709281062,8.968609865470851
BICY_WS_012_01,BICY,Big Cypress National Preserve,6.2559532228403105,15.581631026105022,21.11798688240274,0.667890092880006,21.704035874439462,0.3998735095348289,21.076233183856502,0.13527237709281062,8.968609865470851
BICY_WS_013_01,BICY,Big Cypress National Preserve,6.2559532228403105,15.581631026105022,21.11798688240274,0.667890092880006,21.704035874439462,0.3998735095348289,21.076233183856502,0.13527237709281062,8.968609865470851
BICY_WS_014_01,BICY,Big Cypress National Preserve,6.2559532228403105,15.581631026105022,21.11798688240274,0.667890092880006,21.704035874439462,0.3998735095348289,21.076233183856502,0.13527237709281062,8.968609865470851
BICY_WS_015_01,BICY,Big Cypress National Preserve,6.2559532228403105,15.581631026105022,21.11798688240274,0.667890092880006,21.704035874439462,0.3998735095348289,21.076233183856502,0.13527237709281062,8.968609865470851
BICY_WS_016_01,BICY,Big Cypress National Preserve,6.2559532228403105,15.581631026105022,21.11798688240274,0.667890092880006,21.704035874439462,0.3998735095348289,21.076233183856502,0.13527237709281062,8.968609865470851
BICY_WS_018_01,BICY,Big Cypress National Preserve,6.2559532228403105,15.581631026105022,21.11798688240274,0.667890092880006,21.704035874439462,0.3998735095348289,21.076233183856502,0.13527237709281062,8.968609865470851
BICY_WS_021_01,BICY,Big Cypress National Preserve,6.2559532228403105,15.581631026105022,21.11798688240274,0.667890092880006,21.704035874439462,0.3998735095348289,21.076233183856502,0.13527237709281062,8.968609865470851
BISC_WS_004_01,BISC,Biscayne National Park,6.2559532228403105,15.581631026105022,21.11798688240274,0.667890092880006,21.704035874439462,0.3998735095348289,21.076233183856502,0.13527237709281062,8.968609865470851
BISC_WS_005_01,BISC,Biscayne National Park,6.2559532228403105,15.581631026105022,21.11798688240274,0.667890092880006,21.704035874439462,0.3998735095348289,21.076233183856502,0.13527237709281062,8.968609865470851
BISC_WS_006_01,BISC,Biscayne National Park,6.2559532228403105,15.581631026105022,21.11798688240274,0.667890092880006,21.704035874439462,0.3998735095348289,21.076233183856502,0.13527237709281062,8.968609865470851
CANA_WS_001_01,CANA,Canaveral National Seashore,4.706812593046528,16.38886943185677,29.593333551846012,0.6418122983313963,18.295964125560538,0.411690969901774,23.67713004484305,0.24118690814359856,20.896860986547086
CANA_WS_002_01,CANA,Canaveral National Seashore,4.706812593046528,16.38886943185677,29.593333551846012,0.6418122983313963,18.295964125560538,0.411690969901774,23.67713004484305,0.24118690814359856,20.896860986547086
CANA_WS_003_01,CANA,Canaveral National Seashore,4.706812593046528,16.38886943185677,29.593333551846012,0.6418122983313963,18.295964125560538,0.411690969901774,23.67713004484305,0.24118690814359856,20.896860986547086
CANA_WS_004_01,CANA,Canaveral National Seashore,4.706812593046528,16.38886943185677,29.593333551846012,0.6418122983313963,18.295964125560538,0.411690969901774,23.67713004484305,0.24118690814359856,20.896860986547086
CANA_WS_005_01,CANA,Canaveral National Seashore,4.706812593046528,16.38886943185677,29.593333551846012,0.6418122983313963,18.295964125560538,0.411690969901774,23.67713004484305,0.24118690814359856,20.896860986547086
CANA_WS_006_01,CANA,Canaveral National Seashore,4.706812593046528,16.38886943185677,29.593333551846012,0.6418122983313963,18.295964125560538,0.411690969901774,23.67713004484305,0.24118690814359856,20.896860986547086
CASA_WS_001_01,CASA,Castillo de San Marcos National Monument,4.706812593046528,16.38886943185677,29.593333551846012,0.6418122983313963,18.295964125560538,0.411690969901774,23.67713004484305,0.24118690814359856,20.896860986547086
CASA_WS_002_01,CASA,Castillo de San Marcos National Monument,4.706812593046528,16.38886943185677,29.593333551846012,0.6418122983313963,18.295964125560538,0.411690969901774,23.67713004484305,0.24118690814359856,20.896860986547086
CASA_WS_003_01,CASA,Castillo de San Marcos National Monument,4.706812593046528,16.38886943185677,29.593333551846012,0.6418122983313963,18.295964125560538,0.411690969901774,23.67713004484305,0.24118690814359856,20.896860986547086
DESO_WS_001_01,DESO,De Soto National Memorial,4.706812593046528,16.38886943185677,29.593333551846012,0.6418122983313963,18.295964125560538,0.411690969901774,23.67713004484305,0.24118690814359856,20.896860986547086
DESO_WS_002_01,DESO,De Soto National Memorial,4.706812593046528,16.38886943185677,29.593333551846012,0.6418122983313963,18.295964125560538,0.411690969901774,23.67713004484305,0.24118690814359856,20.896860986547086
EVER_WS_001_01,EVER,Everglades National Park,6.2559532228403105,15.581631026105022,21.11798688240274,0.667890092880006,21.704035874439462,0.3998735095348289,21.076233183856502,0.13527237709281062,8.968609865470851
EVER_WS_002_01,EVER,Everglades National Park,6.2559532228403105,15.581631026105022,21.11798688240274,0.667890092880006,21.704035874439462,0.3998735095348289,21.076233183856502,0.13527237709281062,8.968609865470851
EVER_WS_003_01,EVER,Everglades National Park,6.2559532228403105,15.581631026105022,21.11798688240274,0.667890092880006,21.704035874439462,0.3998735095348289,21.076233183856502,0.13527237709281062,8.968609865470851
EVER_WS_003_02,EVER,Everglades National Park,6.2559532228403105,15.581631026105022,21.11798688240274,0.667890092880006,21.704035874439462,0.3998735095348289,21.076233183856502,0.13527237709281062,8.968609865470851
EVER_WS_004_01,EVER,Everglades National Park,6.2559532228403105,15.581631026105022,21.11798688240274,0.667890092880006,21.704035874439462,0.3998735095348289,21.076233183856502,0.13527237709281062,8.968609865470851
EVER_WS_005_01,EVER,Everglades National Park,6.2559532228403105,15.581631026105022,21.11798688240274,0.667890092880006,21.704035874439462,0.3998735095348289,21.076233183856502,0.13527237709281062,8.968609865470851
EVER_WS_006_01,EVER,Everglades National Park,6.2559532228403105,15.581631026105022,21.11798688240274,0.667890092880006,21.704035874439462,0.3998735095348289,21.076233183856502,0.13527237709281062,8.968609865470851
EVER_WS_007_01,EVER,Everglades National Park,6.2559532228403105,15.581631026105022,21.11798688240274,0.667890092880006,21.704035874439462,0.3998735095348289,21.076233183856502,0.13527237709281062,8.968609865470851
EVER_WS_008_01,EVER,Everglades National Park,6.2559532228403105,15.581631026105022,21.11798688240274,0.667890092880006,21.704035874439462,0.3998735095348289,21.076233183856502,0.13527237709281062,8.968609865470851
EVER_WS_009_01,EVER,Everglades National Park,6.2559532228403105,15.581631026105022,21.11798688240274,0.667890092880006,21.704035874439462,0.3998735095348289,21.076233183856502,0.13527237709281062,8.968609865470851
EVER_WS_010_01,EVER,Everglades National Park,6.2559532228403105,15.581631026105022,21.11798688240274,0.667890092880006,21.704035874439462,0.3998735095348289,21.076233183856502,0.13527237709281062,8.968609865470851
EVER_WS_011_01,EVER,Everglades National Park,6.2559532228403105,15.581631026105022,21.11798688240274,0.667890092880006,21.704035874439462,0.3998735095348289,21.076233183856502,0.13527237709281062,8.968609865470851
EVER_WS_012_01,EVER,Everglades National Park,6.2559532228403105,15.581631026105022,21.11798688240274,0.667890092880006,21.704035874439462,0.3998735095348289,21.076233183856502,0.13527237709281062,8.968609865470851
EVER_WS_013_01,EVER,Everglades National Park,6.2559532228403105,15.581631026105022,21.11798688240274,0.667890092880006,21.704035874439462,0.3998735095348289,21.076233183856502,0.13527237709281062,8.968609865470851
EVER_WS_014_01,EVER,Everglades National Park,6.2559532228403105,15.581631026105022,21.11798688240274,0.667890092880006,21.704035874439462,0.3998735095348289,21.076233183856502,0.13527237709281062,8.968609865470851
EVER_WS_015_01,EVER,Everglades National Park,6.2559532228403105,15.581631026105022,21.11798688240274,0.667890092880006,21.704035874439462,0.3998735095348289,21.076233183856502,0.13527237709281062,8.968609865470851
EVER_WS_015_02,EVER,Everglades National Park,6.2559532228403105,15.581631026105022,21.11798688240274,0.667890092880006,21.704035874439462,0.3998735095348289,21.076233183856502,0.13527237709281062,8.968609865470851
EVER_WS_016_01,EVER,Everglades National Park,6.2559532228403105,15.581631026105022,21.11798688240274,0.667890092880006,21.704035874439462,0.3998735095348289,21.076233183856502,0.13527237709281062,8.968609865470851
FOMA_WS_001_01,FOMA,Fort Matanzas National Monument,4.706812593046528,16.38886943185677,29.593333551846012,0.6418122983313963,18.295964125560538,0.411690969901774,23.67713004484305,0.24118690814359856,20.896860986547086
GUIS_WS_001_01,GUIS,Gulf Islands National Seashore,14.951250459624674,35.95637020683493,56.41443484141227,0.8142642635130106,70.04484304932735,0.6981468214084039,77.75784753363229,0.5763642732880848,64.21524663677131
GUIS_WS_003_01,GUIS,Gulf Islands National Seashore,14.951250459624674,35.95637020683493,56.41443484141227,0.8142642635130106,70.04484304932735,0.6981468214084039,77.75784753363229,0.5763642732880848,64.21524663677131
GUIS_WS_006_01,GUIS,Gulf Islands National Seashore,14.951250459624674,35.95637020683493,56.41443484141227,0.8142642635130106,70.04484304932735,0.6981468214084039,77.75784753363229,0.5763642732880848,64.21524663677131
GUIS_WS_006_02,GUIS,Gulf Islands National Seashore,14.951250459624674,35.95637020683493,56.41443484141227,0.8142642635130106,70.04484304932735,0.6981468214084039,77.75784753363229,0.5763642732880848,64.21524663677131
GUIS_WS_007_01,GUIS,Gulf Islands National Seashore,14.951250459624674,35.95637020683493,56.41443484141227,0.8142642635130106,70.04484304932735,0.6981468214084039,77.75784753363229,0.5763642732880848,64.21524663677131
GUIS_WS_008_01,GUIS,Gulf Islands National Seashore,14.951250459624674,35.95637020683493,56.41443484141227,0.8142642635130106,70.04484304932735,0.6981468214084039,77.75784753363229,0.5763642732880848,64.21524663677131
GUIS_WS_010_01,GUIS,Gulf Islands National Seashore,14.951250459624674,35.95637020683493,56.41443484141227,0.8142642635130106,70.04484304932735,0.6981468214084039,77.75784753363229,0.5763642732880848,64.21524663677131
GUIS_WS_011_01,GUIS,Gulf Islands National Seashore,14.951250459624674,35.95637020683493,56.41443484141227,0.8142642635130106,70.04484304932735,0.6981468214084039,77.75784753363229,0.5763642732880848,64.21524663677131
GUIS_WS_015_01,GUIS,Gulf Islands National Seashore,14.951250459624674,35.95637020683493,56.41443484141227,0.8142642635130106,70.04484304932735,0.6981468214084039,77.75784753363229,0.5763642732880848,64.21524663677131
TIMU_WS_002_01,TIMU,Timucuan Ecological and Historic Preserve,11.097710630948873,24.206264734462245,37.39143469457153,0.7493948656001375,45.2017937219731,0.5261326992633142,34.52914798206278,0.3386380517760088,32.46636771300449
TIMU_WS_003_01,TIMU,Timucuan Ecological and Historic Preserve,11.097710630948873,24.206264734462245,37.39143469457153,0.7493948656001375,45.2017937219731,0.5261326992633142,34.52914798206278,0.3386380517760088,32.46636771300449
TIMU_WS_006_01,TIMU,Timucuan Ecological and Historic Preserve,11.097710630948873,24.206264734462245,37.39143469457153,0.7493948656001375,45.2017937219731,0.5261326992633142,34.52914798206278,0.3386380517760088,32.46636771300449
TIMU_WS_007_01,TIMU,Timucuan Ecological and Historic Preserve,11.097710630948873,24.206264734462245,37.39143469457153,0.7493948656001375,45.2017937219731,0.5261326992633142,34.52914798206278,0.3386380517760088,32.46636771300449
TIMU_WS_008_01,TIMU,Timucuan Ecological and Historic Preserve,11.097710630948873,24.206264734462245,37.39143469457153,0.7493948656001375,45.2017937219731,0.5261326992633142,34.52914798206278,0.3386380517760088,32.46636771300449
TIMU_WS_009_01,TIMU,Timucuan Ecological and Historic Preserve,4.706812593046528,16.38886943185677,29.593333551846012,0.6418122983313963,18.295964125560538,0.411690969901774,23.67713004484305,0.24118690814359856,20.896860986547086
ANDE_WS_001_01,ANDE,Andersonville National Historic Site,13.342673349524311,23.455429289018944,35.64259552493635,0.7871859320910418,60.71748878923767,0.5151409426082766,30.40358744394619,0.31678319583212483,28.340807174887892
ANDE_WS_002_01,ANDE,Andersonville National Historic Site,13.342673349524311,23.455429289018944,35.64259552493635,0.7871859320910418,60.71748878923767,0.5151409426082766,30.40358744394619,0.31678319583212483,28.340807174887892
CHAT_WS_001_01,CHAT,Chattahoochee River National Recreation Area,15.037626002309027,29.91867458488226,42.303662700346386,0.8157182849316128,72.6457399103139,0.6097587712218447,40.53811659192825,0.40002507769224394,36.681614349775785
CHAT_WS_002_01,CHAT,Chattahoochee River National Recreation Area,15.037626002309027,29.91867458488226,42.303662700346386,0.8157182849316128,72.6457399103139,0.6097587712218447,40.53811659192825,0.40002507769224394,36.681614349775785
CHAT_WS_003_01,CHAT,Chattahoochee River National Recreation Area,15.037626002309027,29.91867458488226,42.303662700346386,0.8157182849316128,72.6457399103139,0.6097587712218447,40.53811659192825,0.40002507769224394,36.681614349775785
CHAT_WS_004_01,CHAT,Chattahoochee River National Recreation Area,15.037626002309027,29.91867458488226,42.303662700346386,0.8157182849316128,72.6457399103139,0.6097587712218447,40.53811659192825,0.40002507769224394,36.681614349775785
CHAT_WS_005_01,CHAT,Chattahoochee River National Recreation Area,15.037626002309027,29.91867458488226,42.303662700346386,0.8157182849316128,72.6457399103139,0.6097587712218447,40.53811659192825,0.40002507769224394,36.681614349775785
CHCH_WS_001_01,CHCH,Chickamauga and Chattanooga National Military Park,14.964785582234196,34.68606326289563,52.248911219398565,0.8144921099330276,70.85201793721974,0.6795503301402784,69.50672645739911,0.5243086467498559,54.34977578475336
CHCH_WS_002_01,CHCH,Chickamauga and Chattanooga National Military Park,15.569892981377787,39.9541456010378,57.80581376836427,0.8246783164860186,73.45291479820628,0.7566717279791518,87.3542600896861,0.5937520277139164,72.01793721973094
CHCH_WS_003_01,CHCH,Chickamauga and Chattanooga National Military Park,14.964785582234196,34.68606326289563,52.248911219398565,0.8144921099330276,70.85201793721974,0.6795503301402784,69.50672645739911,0.5243086467498559,54.34977578475336
CHCH_WS_004_01,CHCH,Chickamauga and Chattanooga National Military Park,14.964785582234196,34.68606326289563,52.248911219398565,0.8144921099330276,70.85201793721974,0.6795503301402784,69.50672645739911,0.5243086467498559,54.34977578475336
CUIS_WS_001_01,CUIS,Cumberland Island National Seashore,11.097710630948873,24.206264734462245,37.39143469457153,0.7493948656001375,45.2017937219731,0.5261326992633142,34.52914798206278,0.3386380517760088,32.46636771300449
CUIS_WS_002_01,CUIS,Cumberland Island National Seashore,11.097710630948873,24.206264734462245,37.39143469457153,0.7493948656001375,45.2017937219731,0.5261326992633142,34.52914798206278,0.3386380517760088,32.46636771300449
CUIS_WS_004_01,CUIS,Cumberland Island National Seashore,11.097710630948873,24.206264734462245,37.39143469457153,0.7493948656001375,45.2017937219731,0.5261326992633142,34.52914798206278,0.3386380517760088,32.46636771300449
CUIS_WS_008_01,CUIS,Cumberland Island National Seashore,11.097710630948873,24.206264734462245,37.39143469457153,0.7493948656001375,45.2017937219731,0.5261326992633142,34.52914798206278,0.3386380517760088,32.46636771300449
CUIS_WS_009_01,CUIS,Cumberland Island National Seashore,11.097710630948873,24.206264734462245,37.39143469457153,0.7493948656001375,45.2017937219731,0.5261326992633142,34.52914798206278,0.3386380517760088,32.46636771300449
CUIS_WS_010_01,CUIS,Cumberland Island National Seashore,11.097710630948873,24.206264734462245,37.39143469457153,0.7493948656001375,45.2017937219731,0.5261326992633142,34.52914798206278,0.3386380517760088,32.46636771300449
CUIS_WS_012_01,CUIS,Cumberland Island National Seashore,11.097710630948873,24.206264734462245,37.39143469457153,0.7493948656001375,45.2017937219731,0.5261326992633142,34.52914798206278,0.3386380517760088,32.46636771300449
CUIS_WS_013_01,CUIS,Cumberland Island National Seashore,11.097710630948873,24.206264734462245,37.39143469457153,0.7493948656001375,45.2017937219731,0.5261326992633142,34.52914798206278,0.3386380517760088,32.46636771300449
CUIS_WS_014_01,CUIS,Cumberland Island National Seashore,11.097710630948873,24.206264734462245,37.39143469457153,0.7493948656001375,45.2017937219731,0.5261326992633142,34.52914798206278,0.3386380517760088,32.46636771300449
CUIS_WS_015_01,CUIS,Cumberland Island National Seashore,11.097710630948873,24.206264734462245,37.39143469457153,0.7493948656001375,45.2017937219731,0.5261326992633142,34.52914798206278,0.3386380517760088,32.46636771300449
CUIS_WS_016_01,CUIS,Cumberland Island National Seashore,11.097710630948873,24.206264734462245,37.39143469457153,0.7493948656001375,45.2017937219731,0.5261326992633142,34.52914798206278,0.3386380517760088,32.46636771300449
CUIS_WS_017_01,CUIS,Cumberland Island National Seashore,11.097710630948873,24.206264734462245,37.39143469457153,0.7493948656001375,45.2017937219731,0.5261326992633142,34.52914798206278,0.3386380517760088,32.46636771300449
CUIS_WS_018_01,CUIS,Cumberland Island National Seashore,11.097710630948873,24.206264734462245,37.39143469457153,0.7493948656001375,45.2017937219731,0.5261326992633142,34.52914798206278,0.3386380517760088,32.46636771300449
CUIS_WS_019_01,CUIS,Cumberland Island National Seashore,11.097710630948873,24.206264734462245,37.39143469457153,0.7493948656001375,45.2017937219731,0.5261326992633142,34.52914798206278,0.3386380517760088,32.46636771300449
FOFR_WS_001_01,FOFR,Fort Frederica National Monument,11.097710630948873,24.206264734462245,37.39143469457153,0.7493948656001375,45.2017937219731,0.5261326992633142,34.52914798206278,0.3386380517760088,32.46636771300449
FOFR_WS_002_01,FOFR,Fort Frederica National Monument,11.097710630948873,24.206264734462245,37.39143469457153,0.7493948656001375,45.2017937219731,0.5261326992633142,34.52914798206278,0.3386380517760088,32.46636771300449
FOPU_WS_001_01,FOPU,Fort Pulaski National Monument,11.097710630948873,24.206264734462245,37.39143469457153,0.7493948656001375,45.2017937219731,0.5261326992633142,34.52914798206278,0.3386380517760088,32.46636771300449
FOPU_WS_002_01,FOPU,Fort Pulaski National Monument,11.097710630948873,24.206264734462245,37.39143469457153,0.7493948656001375,45.2017937219731,0.5261326992633142,34.52914798206278,0.3386380517760088,32.46636771300449
FOPU_WS_004_01,FOPU,Fort Pulaski National Monument,11.097710630948873,24.206264734462245,37.39143469457153,0.7493948656001375,45.2017937219731,0.5261326992633142,34.52914798206278,0.3386380517760088,32.46636771300449
JICA_WS_001_01,JICA,Jimmy Carter National Historic Site,13.342673349524311,23.455429289018944,35.64259552493635,0.7871859320910418,60.71748878923767,0.5151409426082766,30.40358744394619,0.31678319583212483,28.340807174887892
JICA_WS_002_01,JICA,Jimmy Carter National Historic Site,13.342673349524311,23.455429289018944,35.64259552493635,0.7871859320910418,60.71748878923767,0.5151409426082766,30.40358744394619,0.31678319583212483,28.340807174887892
KEMO_WS_001_01,KEMO,Kennesaw Mountain National Battlefield Park,15.037626002309027,29.91867458488226,42.303662700346386,0.8157182849316128,72.6457399103139,0.6097587712218447,40.53811659192825,0.40002507769224394,36.681614349775785
KEMO_WS_002_01,KEMO,Kennesaw Mountain National Battlefield Park,15.037626002309027,29.91867458488226,42.303662700346386,0.8157182849316128,72.6457399103139,0.6097587712218447,40.53811659192825,0.40002507769224394,36.681614349775785
MALU_WS_001_01,MALU,"Martin Luther King, Jr. National Historic Site",15.037626002309027,29.91867458488226,42.303662700346386,0.8157182849316128,72.6457399103139,0.6097587712218447,40.53811659192825,0.40002507769224394,36.681614349775785
OCMU_WS_001_01,OCMU,Ocmulgee National Monument,13.342673349524311,23.455429289018944,35.64259552493635,0.7871859320910418,60.71748878923767,0.5151409426082766,30.40358744394619,0.31678319583212483,28.340807174887892
EFMO_WS_001_01,EFMO,Effigy Mounds National Monument,17.28510792680197,49.64784439160649,86.01736840232054,0.8535517590213362,82.95964125560538,0.8985813552347685,98.83408071748879,0.9463055804838633,97.75784753363229
HEHO_WS_001_01,HEHO,Herbert Hoover National Historic Site,15.263191880642433,41.4081709568078,64.60820551682819,0.8195153970331386,72.82511210762331,0.7779577407504885,90.5829596412556,0.6787600114769726,86.81614349775785
CIRO_WS_002_01,CIRO,City of Rocks National Reserve,4.741309739174804,18.896601148089346,28.261152309845812,0.6423930135175743,18.385650224215247,0.44840257821519625,24.84304932735426,0.2245389340813911,18.83408071748879
HAFO_WS_001_01,HAFO,Hagerman Fossil Beds National Monument,2.134224853399103,13.286602409524292,23.178586798907723,0.5985060850396257,16.053811659192828,0.3662757402461013,15.067264573991032,0.16102323807254848,13.632286995515694
MIIN_WS_001_01,MIIN,Minidoka National Historic Site,2.134224853399103,13.286602409524292,23.178586798907723,0.5985060850396257,16.053811659192828,0.3662757402461013,15.067264573991032,0.16102323807254848,13.632286995515694
NEPE_WS_001_01,NEPE,Nez Perce National Historical Park,8.116610400719784,13.451550180519423,22.288697037668552,0.6992118687581558,24.84304932735426,0.36869047142398126,15.964125560538116,0.14990248273066278,12.01793721973094
NEPE_WS_002_01,NEPE,Nez Perce National Historical Park,8.116610400719784,13.451550180519423,22.288697037668552,0.6992118687581558,24.84304932735426,0.36869047142398126,15.964125560538116,0.14990248273066278,12.01793721973094
NEPE_WS_003_01,NEPE,Nez Perce National Historical Park,8.116610400719784,13.451550180519423,22.288697037668552,0.6992118687581558,24.84304932735426,0.36869047142398126,15.964125560538116,0.14990248273066278,12.01793721973094
NEPE_WS_004_01,NEPE,Nez Perce National Historical Park,8.116610400719784,13.451550180519423,22.288697037668552,0.6992118687581558,24.84304932735426,0.36869047142398126,15.964125560538116,0.14990248273066278,12.01793721973094
NEPE_WS_005_01,NEPE,Nez Perce National Historical Park,11.115437921447544,19.371937559188577,26.5660909107406,0.7496932817869166,45.38116591928251,0.4553612030267845,25.02242152466368,0.2033561270304656,17.57847533632287
YELL_WS_001_01,YELL,Yellowstone National Park,22.904696863476197,41.05705965789835,65.78586058707728,0.9481503273628933,97.13004484304932,0.7728176931143939,90.4035874439462,0.6934769061799013,90.4035874439462
YELL_WS_001_02,YELL,Yellowstone National Park,22.904696863476197,41.05705965789835,65.78586058707728,0.9481503273628933,97.13004484304932,0.7728176931143939,90.4035874439462,0.6934769061799013,90.4035874439462
YELL_WS_012_01,YELL,Yellowstone National Park,22.904696863476197,41.05705965789835,65.78586058707728,0.9481503273628933,97.13004484304932,0.7728176931143939,90.4035874439462,0.6934769061799013,90.4035874439462
YELL_WS_002_01,YELL,Yellowstone National Park,22.904696863476197,41.05705965789835,65.78586058707728,0.9481503273628933,97.13004484304932,0.7728176931143939,90.4035874439462,0.6934769061799013,90.4035874439462
YELL_WS_002_02,YELL,Yellowstone National Park,22.904696863476197,41.05705965789835,65.78586058707728,0.9481503273628933,97.13004484304932,0.7728176931143939,90.4035874439462,0.6934769061799013,90.4035874439462
YELL_WS_008_01,YELL,Yellowstone National Park,22.904696863476197,41.05705965789835,65.78586058707728,0.9481503273628933,97.13004484304932,0.7728176931143939,90.4035874439462,0.6934769061799013,90.4035874439462
YELL_WS_003_01,YELL,Yellowstone National Park,22.904696863476197,41.05705965789835,65.78586058707728,0.9481503273628933,97.13004484304932,0.7728176931143939,90.4035874439462,0.6934769061799013,90.4035874439462
YELL_WS_015_01,YELL,Yellowstone National Park,22.904696863476197,41.05705965789835,65.78586058707728,0.9481503273628933,97.13004484304932,0.7728176931143939,90.4035874439462,0.6934769061799013,90.4035874439462
YELL_WS_018_01,YELL,Yellowstone National Park,22.904696863476197,41.05705965789835,65.78586058707728,0.9481503273628933,97.13004484304932,0.7728176931143939,90.4035874439462,0.6934769061799013,90.4035874439462
YELL_WS_019_01,YELL,Yellowstone National Park,22.904696863476197,41.05705965789835,65.78586058707728,0.9481503273628933,97.13004484304932,0.7728176931143939,90.4035874439462,0.6934769061799013,90.4035874439462
YELL_WS_020_01,YELL,Yellowstone National Park,22.904696863476197,41.05705965789835,65.78586058707728,0.9481503273628933,97.13004484304932,0.7728176931143939,90.4035874439462,0.6934769061799013,90.4035874439462
YELL_WS_010_01,YELL,Yellowstone National Park,22.904696863476197,41.05705965789835,65.78586058707728,0.9481503273628933,97.13004484304932,0.7728176931143939,90.4035874439462,0.6934769061799013,90.4035874439462
YELL_WS_010_02,YELL,Yellowstone National Park,22.904696863476197,41.05705965789835,65.78586058707728,0.9481503273628933,97.13004484304932,0.7728176931143939,90.4035874439462,0.6934769061799013,90.4035874439462
YELL_WS_016_01,YELL,Yellowstone National Park,22.904696863476197,41.05705965789835,65.78586058707728,0.9481503273628933,97.13004484304932,0.7728176931143939,90.4035874439462,0.6934769061799013,90.4035874439462
YELL_WS_007_01,YELL,Yellowstone National Park,22.904696863476197,41.05705965789835,65.78586058707728,0.9481503273628933,97.13004484304932,0.7728176931143939,90.4035874439462,0.6934769061799013,90.4035874439462
YELL_WS_005_01,YELL,Yellowstone National Park,22.904696863476197,41.05705965789835,65.78586058707728,0.9481503273628933,97.13004484304932,0.7728176931143939,90.4035874439462,0.6934769061799013,90.4035874439462
YELL_WS_023_01,YELL,Yellowstone National Park,22.904696863476197,41.05705965789835,65.78586058707728,0.9481503273628933,97.13004484304932,0.7728176931143939,90.4035874439462,0.6934769061799013,90.4035874439462
YELL_WS_022_01,YELL,Yellowstone National Park,22.904696863476197,41.05705965789835,65.78586058707728,0.9481503273628933,97.13004484304932,0.7728176931143939,90.4035874439462,0.6934769061799013,90.4035874439462
YELL_WS_006_01,YELL,Yellowstone National Park,22.904696863476197,41.05705965789835,65.78586058707728,0.9481503273628933,97.13004484304932,0.7728176931143939,90.4035874439462,0.6934769061799013,90.4035874439462
YELL_WS_006_02,YELL,Yellowstone National Park,22.904696863476197,41.05705965789835,65.78586058707728,0.9481503273628933,97.13004484304932,0.7728176931143939,90.4035874439462,0.6934769061799013,90.4035874439462
YELL_WS_014_01,YELL,Yellowstone National Park,22.904696863476197,41.05705965789835,65.78586058707728,0.9481503273628933,97.13004484304932,0.7728176931143939,90.4035874439462,0.6934769061799013,90.4035874439462
YELL_WS_011_01,YELL,Yellowstone National Park,22.904696863476197,41.05705965789835,65.78586058707728,0.9481503273628933,97.13004484304932,0.7728176931143939,90.4035874439462,0.6934769061799013,90.4035874439462
YELL_WS_011_02,YELL,Yellowstone National Park,22.904696863476197,41.05705965789835,65.78586058707728,0.9481503273628933,97.13004484304932,0.7728176931143939,90.4035874439462,0.6934769061799013,90.4035874439462
YELL_WS_004_01,YELL,Yellowstone National Park,22.904696863476197,41.05705965789835,65.78586058707728,0.9481503273628933,97.13004484304932,0.7728176931143939,90.4035874439462,0.6934769061799013,90.4035874439462
YELL_WS_017_01,YELL,Yellowstone National Park,22.904696863476197,41.05705965789835,65.78586058707728,0.9481503273628933,97.13004484304932,0.7728176931143939,90.4035874439462,0.6934769061799013,90.4035874439462
YELL_WS_013_01,YELL,Yellowstone National Park,22.904696863476197,41.05705965789835,65.78586058707728,0.9481503273628933,97.13004484304932,0.7728176931143939,90.4035874439462,0.6934769061799013,90.4035874439462
YELL_WS_013_02,YELL,Yellowstone National Park,22.904696863476197,41.05705965789835,65.78586058707728,0.9481503273628933,97.13004484304932,0.7728176931143939,90.4035874439462,0.6934769061799013,90.4035874439462
YELL_WS_009_01,YELL,Yellowstone National Park,22.904696863476197,41.05705965789835,65.78586058707728,0.9481503273628933,97.13004484304932,0.7728176931143939,90.4035874439462,0.6934769061799013,90.4035874439462
LIHO_WS_001_01,LIHO,Lincoln Home National Historic Site,11.841384355701088,41.8016528720058,67.28866435493003,0.7619136584277899,49.59641255605381,0.7837180674455888,90.76233183856502,0.7122571121751727,90.5829596412556
PULL_WS_001_01,PULL,Pullman National Monument,11.841384355701088,41.8016528720058,67.28866435493003,0.7619136584277899,49.59641255605381,0.7837180674455888,90.76233183856502,0.7122571121751727,90.5829596412556
GERO_WS_001_01,GERO,George Rogers Clark National Historical Park,9.879484801731934,42.387237653521225,67.78183526272763,0.728887597068708,36.591928251121075,0.7922906587615338,93.72197309417041,0.7184201598314528,90.67264573991032
INDU_WS_003_01,INDU,Indiana Dunes National Lakeshore,15.0183571451762,42.630135088395235,64.51164898599252,0.8153939184487821,71.39013452914799,0.795846523781587,94.61883408071749,0.677553365886861,86.63677130044843
INDU_WS_004_01,INDU,Indiana Dunes National Lakeshore,15.0183571451762,42.630135088395235,64.51164898599252,0.8153939184487821,71.39013452914799,0.795846523781587,94.61883408071749,0.677553365886861,86.63677130044843
INDU_WS_005_01,INDU,Indiana Dunes National Lakeshore,15.0183571451762,42.630135088395235,64.51164898599252,0.8153939184487821,71.39013452914799,0.795846523781587,94.61883408071749,0.677553365886861,86.63677130044843
INDU_WS_006_01,INDU,Indiana Dunes National Lakeshore,15.0183571451762,42.630135088395235,64.51164898599252,0.8153939184487821,71.39013452914799,0.795846523781587,94.61883408071749,0.677553365886861,86.63677130044843
INDU_WS_007_01,INDU,Indiana Dunes National Lakeshore,15.0183571451762,42.630135088395235,64.51164898599252,0.8153939184487821,71.39013452914799,0.795846523781587,94.61883408071749,0.677553365886861,86.63677130044843
BRVB_WS_001_01,BRVB,Brown v. Board Of Education National Historic Site,13.186849730519437,41.04836921258098,65.35447639296412,0.7845628414276908,57.668161434977584,0.7726904704842794,87.80269058295964,0.6880859934061565,87.62331838565022
FOLS_WS_001_01,FOLS,Fort Larned National Historic Site,8.182326053581024,18.08970974849039,27.6042100165103,0.7003181074436463,25.291479820627806,0.4365901977991411,24.753363228699552,0.21632927167584962,18.744394618834082
FOLS_WS_002_01,FOLS,Fort Larned National Historic Site,8.182326053581024,18.08970974849039,27.6042100165103,0.7003181074436463,25.291479820627806,0.4365901977991411,24.753363228699552,0.21632927167584962,18.744394618834082
FOLS_WS_003_01,FOLS,Fort Larned National Historic Site,8.182326053581024,18.08970974849039,27.6042100165103,0.7003181074436463,25.291479820627806,0.4365901977991411,24.753363228699552,0.21632927167584962,18.744394618834082
FOLS_WS_004_01,FOSC,Fort Scott National Historic Site,13.186849730519437,41.04836921258098,65.35447639296412,0.7845628414276908,57.668161434977584,0.7726904704842794,87.80269058295964,0.6880859934061565,87.62331838565022
FOLS_WS_005_01,FOSC,Fort Scott National Historic Site,13.186849730519437,41.04836921258098,65.35447639296412,0.7845628414276908,57.668161434977584,0.7726904704842794,87.80269058295964,0.6880859934061565,87.62331838565022
NICO_WS_001_01,NICO,Nicodemus National Historic Site,8.182326053581024,18.08970974849039,27.6042100165103,0.7003181074436463,25.291479820627806,0.4365901977991411,24.753363228699552,0.21632927167584962,18.744394618834082
TAPR_WS_003_01,TAPR,Tallgrass Prairie National Preserve,11.955632164033013,34.3056492410538,48.37712660571923,0.7638368736711377,49.68609865470852,0.6739813091495596,65.11210762331838,0.47592381157066677,43.228699551569505
ABLI_WS_001_01,ABLI,Abraham Lincoln Birthplace National Historical Park,12.443403314440559,39.16394574645316,60.39171846004885,0.7720478750498572,53.00448430493273,0.7451037012388687,84.57399103139014,0.6260675061767927,78.83408071748879
ABLI_WS_002_01,ABLI,Abraham Lincoln Birthplace National Historical Park,12.443403314440559,39.16394574645316,60.39171846004885,0.7720478750498572,53.00448430493273,0.7451037012388687,84.57399103139014,0.6260675061767927,78.83408071748879
CANE_WS_001_01,CANE,Camp Nelson National Monument,12.443403314440559,39.16394574645316,60.39171846004885,0.7720478750498572,53.00448430493273,0.7451037012388687,84.57399103139014,0.6260675061767927,78.83408071748879
CUGA_WS_001_01,CUGA,Cumberland Gap National Historical Park,12.076742428929526,34.260498027449025,51.9012365815382,0.7658756095644178,50.31390134529148,0.6733203239022124,63.408071748878925,0.5199638337689313,53.54260089686098
CUGA_WS_002_01,CUGA,Cumberland Gap National Historical Park,12.076742428929526,34.260498027449025,51.9012365815382,0.7658756095644178,50.31390134529148,0.6733203239022124,63.408071748878925,0.5199638337689313,53.54260089686098
CUGA_WS_003_01,CUGA,Cumberland Gap National Historical Park,12.076742428929526,34.260498027449025,51.9012365815382,0.7658756095644178,50.31390134529148,0.6733203239022124,63.408071748878925,0.5199638337689313,53.54260089686098
CUGA_WS_004_01,CUGA,Cumberland Gap National Historical Park,12.076742428929526,34.260498027449025,51.9012365815382,0.7658756095644178,50.31390134529148,0.6733203239022124,63.408071748878925,0.5199638337689313,53.54260089686098
CUGA_WS_005_01,CUGA,Cumberland Gap National Historical Park,12.076742428929526,34.260498027449025,51.9012365815382,0.7658756095644178,50.31390134529148,0.6733203239022124,63.408071748878925,0.5199638337689313,53.54260089686098
CUGA_WS_006_01,CUGA,Cumberland Gap National Historical Park,12.076742428929526,34.260498027449025,51.9012365815382,0.7658756095644178,50.31390134529148,0.6733203239022124,63.408071748878925,0.5199638337689313,53.54260089686098
CUGA_WS_007_01,CUGA,Cumberland Gap National Historical Park,12.076742428929526,34.260498027449025,51.9012365815382,0.7658756095644178,50.31390134529148,0.6733203239022124,63.408071748878925,0.5199638337689313,53.54260089686098
FODO_WS_001_01,FODO,Fort Donelson National Battlefield,11.276954436206253,34.30494864809392,54.013699724311735,0.7524122050448043,48.699551569506724,0.6739710529111573,65.02242152466367,0.5463628180058356,56.233183856502244
MACA_WS_001_01,MACA,Mammoth Cave National Park,12.443403314440559,39.16394574645316,60.39171846004885,0.7720478750498572,53.00448430493273,0.7451037012388687,84.57399103139014,0.6260675061767927,78.83408071748879
MISP_WS_001_01,MISP,Mill Springs Battlefield National Monument,12.443403314440559,39.16394574645316,60.39171846004885,0.7720478750498572,53.00448430493273,0.7451037012388687,84.57399103139014,0.6260675061767927,78.83408071748879
CARI_WS_001_01,CARI,Cane River Creole National Historic Park and Heritage Area,22.187792351699276,42.65146349027717,69.15372541185924,0.9360821598837544,93.27354260089686,0.796158758113024,94.7085201793722,0.7355643673153002,93.63228699551568
JELA_WS_001_01,JELA,Jean Lafitte National Historical Park and Preserve,18.47125682346191,42.443564327848094,60.73163709383094,0.873519053556291,90.5829596412556,0.793115245694857,94.08071748878923,0.63031539409178,80
JELA_WS_003_01,JELA,Jean Lafitte National Historical Park and Preserve,18.47125682346191,42.443564327848094,60.73163709383094,0.873519053556291,90.5829596412556,0.793115245694857,94.08071748878923,0.63031539409178,80
JELA_WS_004_01,JELA,Jean Lafitte National Historical Park and Preserve,15.87543709230632,43.76576857689933,59.559777082773714,0.8298217595002222,75.42600896860986,0.8124714807288163,95.42600896860986,0.6156709189606582,77.9372197309417
JELA_WS_005_01,JELA,Jean Lafitte National Historical Park and Preserve,15.87543709230632,43.76576857689933,59.559777082773714,0.8298217595002222,75.42600896860986,0.8124714807288163,95.42600896860986,0.6156709189606582,77.9372197309417
JELA_WS_006_01,JELA,Jean Lafitte National Historical Park and Preserve,18.47125682346191,42.443564327848094,60.73163709383094,0.873519053556291,90.5829596412556,0.793115245694857,94.08071748878923,0.63031539409178,80
JELA_WS_007_01,JELA,Jean Lafitte National Historical Park and Preserve,18.47125682346191,42.443564327848094,60.73163709383094,0.873519053556291,90.5829596412556,0.793115245694857,94.08071748878923,0.63031539409178,80
VICK_WS_001_01,VICK,Vicksburg National Military Park,13.479174163424009,39.472990622945204,65.33226271919156,0.7894837481266771,61.25560538116592,0.7496279230220866,85.1121076233184,0.6878083940426971,87.3542600896861
VICK_WS_002_01,VICK,Vicksburg National Military Park,13.479174163424009,39.472990622945204,65.33226271919156,0.7894837481266771,61.25560538116592,0.7496279230220866,85.1121076233184,0.6878083940426971,87.3542600896861
BOAF_WS_001_01,BOAF,Boston African American National Historic Site,16.778635589077226,30.144041252973796,56.46312564562811,0.8450259471526629,82.78026905829596,0.6130579968895358,47.71300448430493,0.5769727514891712,71.39013452914799
BOHA_WS_002_01,BOHA,Boston Harbor Islands National Recreation Area,16.778635589077226,30.144041252973796,56.46312564562811,0.8450259471526629,82.78026905829596,0.6130579968895358,47.71300448430493,0.5769727514891712,71.39013452914799
BOHA_WS_003_01,BOHA,Boston Harbor Islands National Recreation Area,16.778635589077226,30.144041252973796,56.46312564562811,0.8450259471526629,82.78026905829596,0.6130579968895358,47.71300448430493,0.5769727514891712,71.39013452914799
BOHA_WS_004_01,BOHA,Boston Harbor Islands National Recreation Area,16.778635589077226,30.144041252973796,56.46312564562811,0.8450259471526629,82.78026905829596,0.6130579968895358,47.71300448430493,0.5769727514891712,71.39013452914799
BOHA_WS_005_01,BOHA,Boston Harbor Islands National Recreation Area,16.778635589077226,30.144041252973796,56.46312564562811,0.8450259471526629,82.78026905829596,0.6130579968895358,47.71300448430493,0.5769727514891712,71.39013452914799
BOHA_WS_006_01,BOHA,Boston Harbor Islands National Recreation Area,16.778635589077226,30.144041252973796,56.46312564562811,0.8450259471526629,82.78026905829596,0.6130579968895358,47.71300448430493,0.5769727514891712,71.39013452914799
BOST_WS_001_01,BOST,Boston National Historic Park,16.778635589077226,30.144041252973796,56.46312564562811,0.8450259471526629,82.78026905829596,0.6130579968895358,47.71300448430493,0.5769727514891712,71.39013452914799
CACO_WS_002_01,CACO,Cape Cod National Seashore,16.778635589077226,30.144041252973796,56.46312564562811,0.8450259471526629,82.78026905829596,0.6130579968895358,47.71300448430493,0.5769727514891712,71.39013452914799
CACO_WS_003_01,CACO,Cape Cod National Seashore,16.778635589077226,30.144041252973796,56.46312564562811,0.8450259471526629,82.78026905829596,0.6130579968895358,47.71300448430493,0.5769727514891712,71.39013452914799
CACO_WS_004_01,CACO,Cape Cod National Seashore,16.778635589077226,30.144041252973796,56.46312564562811,0.8450259471526629,82.78026905829596,0.6130579968895358,47.71300448430493,0.5769727514891712,71.39013452914799
CACO_WS_006_01,CACO,Cape Cod National Seashore,16.778635589077226,30.144041252973796,56.46312564562811,0.8450259471526629,82.78026905829596,0.6130579968895358,47.71300448430493,0.5769727514891712,71.39013452914799
CACO_WS_008_01,CACO,Cape Cod National Seashore,16.778635589077226,30.144041252973796,56.46312564562811,0.8450259471526629,82.78026905829596,0.6130579968895358,47.71300448430493,0.5769727514891712,71.39013452914799
CACO_WS_008_02,CACO,Cape Cod National Seashore,16.778635589077226,30.144041252973796,56.46312564562811,0.8450259471526629,82.78026905829596,0.6130579968895358,47.71300448430493,0.5769727514891712,71.39013452914799
CACO_WS_009_01,CACO,Cape Cod National Seashore,16.778635589077226,30.144041252973796,56.46312564562811,0.8450259471526629,82.78026905829596,0.6130579968895358,47.71300448430493,0.5769727514891712,71.39013452914799
CACO_WS_011_01,CACO,Cape Cod National Seashore,16.778635589077226,30.144041252973796,56.46312564562811,0.8450259471526629,82.78026905829596,0.6130579968895358,47.71300448430493,0.5769727514891712,71.39013452914799
CACO_WS_012_01,CACO,Cape Cod National Seashore,16.778635589077226,30.144041252973796,56.46312564562811,0.8450259471526629,82.78026905829596,0.6130579968895358,47.71300448430493,0.5769727514891712,71.39013452914799
CACO_WS_014_01,CACO,Cape Cod National Seashore,16.778635589077226,30.144041252973796,56.46312564562811,0.8450259471526629,82.78026905829596,0.6130579968895358,47.71300448430493,0.5769727514891712,71.39013452914799
CACO_WS_016_01,CACO,Cape Cod National Seashore,16.778635589077226,30.144041252973796,56.46312564562811,0.8450259471526629,82.78026905829596,0.6130579968895358,47.71300448430493,0.5769727514891712,71.39013452914799
CACO_WS_017_01,CACO,Cape Cod National Seashore,16.778635589077226,30.144041252973796,56.46312564562811,0.8450259471526629,82.78026905829596,0.6130579968895358,47.71300448430493,0.5769727514891712,71.39013452914799
CACO_WS_018_01,CACO,Cape Cod National Seashore,16.778635589077226,30.144041252973796,56.46312564562811,0.8450259471526629,82.78026905829596,0.6130579968895358,47.71300448430493,0.5769727514891712,71.39013452914799
CACO_WS_019_01,CACO,Cape Cod National Seashore,16.778635589077226,30.144041252973796,56.46312564562811,0.8450259471526629,82.78026905829596,0.6130579968895358,47.71300448430493,0.5769727514891712,71.39013452914799
CACO_WS_021_01,CACO,Cape Cod National Seashore,16.778635589077226,30.144041252973796,56.46312564562811,0.8450259471526629,82.78026905829596,0.6130579968895358,47.71300448430493,0.5769727514891712,71.39013452914799
CACO_WS_022_01,CACO,Cape Cod National Seashore,16.778635589077226,30.144041252973796,56.46312564562811,0.8450259471526629,82.78026905829596,0.6130579968895358,47.71300448430493,0.5769727514891712,71.39013452914799
CACO_WS_022_02,CACO,Cape Cod National Seashore,16.778635589077226,30.144041252973796,56.46312564562811,0.8450259471526629,82.78026905829596,0.6130579968895358,47.71300448430493,0.5769727514891712,71.39013452914799
CACO_WS_023_01,CACO,Cape Cod National Seashore,16.778635589077226,30.144041252973796,56.46312564562811,0.8450259471526629,82.78026905829596,0.6130579968895358,47.71300448430493,0.5769727514891712,71.39013452914799
CACO_WS_025_01,CACO,Cape Cod National Seashore,16.778635589077226,30.144041252973796,56.46312564562811,0.8450259471526629,82.78026905829596,0.6130579968895358,47.71300448430493,0.5769727514891712,71.39013452914799
CACO_WS_027_01,CACO,Cape Cod National Seashore,16.778635589077226,30.144041252973796,56.46312564562811,0.8450259471526629,82.78026905829596,0.6130579968895358,47.71300448430493,0.5769727514891712,71.39013452914799
CACO_WS_028_01,CACO,Cape Cod National Seashore,16.778635589077226,30.144041252973796,56.46312564562811,0.8450259471526629,82.78026905829596,0.6130579968895358,47.71300448430493,0.5769727514891712,71.39013452914799
CACO_WS_029_01,CACO,Cape Cod National Seashore,16.778635589077226,30.144041252973796,56.46312564562811,0.8450259471526629,82.78026905829596,0.6130579968895358,47.71300448430493,0.5769727514891712,71.39013452914799
CACO_WS_031_01,CACO,Cape Cod National Seashore,16.778635589077226,30.144041252973796,56.46312564562811,0.8450259471526629,82.78026905829596,0.6130579968895358,47.71300448430493,0.5769727514891712,71.39013452914799
CACO_WS_033_01,CACO,Cape Cod National Seashore,16.778635589077226,30.144041252973796,56.46312564562811,0.8450259471526629,82.78026905829596,0.6130579968895358,47.71300448430493,0.5769727514891712,71.39013452914799
CACO_WS_036_01,CACO,Cape Cod National Seashore,16.778635589077226,30.144041252973796,56.46312564562811,0.8450259471526629,82.78026905829596,0.6130579968895358,47.71300448430493,0.5769727514891712,71.39013452914799
CACO_WS_037_01,CACO,Cape Cod National Seashore,16.778635589077226,30.144041252973796,56.46312564562811,0.8450259471526629,82.78026905829596,0.6130579968895358,47.71300448430493,0.5769727514891712,71.39013452914799
CACO_WS_038_01,CACO,Cape Cod National Seashore,16.778635589077226,30.144041252973796,56.46312564562811,0.8450259471526629,82.78026905829596,0.6130579968895358,47.71300448430493,0.5769727514891712,71.39013452914799
CACO_WS_040_01,CACO,Cape Cod National Seashore,16.778635589077226,30.144041252973796,56.46312564562811,0.8450259471526629,82.78026905829596,0.6130579968895358,47.71300448430493,0.5769727514891712,71.39013452914799
CACO_WS_041_01,CACO,Cape Cod National Seashore,16.778635589077226,30.144041252973796,56.46312564562811,0.8450259471526629,82.78026905829596,0.6130579968895358,47.71300448430493,0.5769727514891712,71.39013452914799
CACO_WS_041_02,CACO,Cape Cod National Seashore,16.778635589077226,30.144041252973796,56.46312564562811,0.8450259471526629,82.78026905829596,0.6130579968895358,47.71300448430493,0.5769727514891712,71.39013452914799
CACO_WS_043_01,CACO,Cape Cod National Seashore,16.778635589077226,30.144041252973796,56.46312564562811,0.8450259471526629,82.78026905829596,0.6130579968895358,47.71300448430493,0.5769727514891712,71.39013452914799
CACO_WS_044_01,CACO,Cape Cod National Seashore,16.778635589077226,30.144041252973796,56.46312564562811,0.8450259471526629,82.78026905829596,0.6130579968895358,47.71300448430493,0.5769727514891712,71.39013452914799
CACO_WS_045_01,CACO,Cape Cod National Seashore,16.778635589077226,30.144041252973796,56.46312564562811,0.8450259471526629,82.78026905829596,0.6130579968895358,47.71300448430493,0.5769727514891712,71.39013452914799
CACO_WS_046_01,CACO,Cape Cod National Seashore,16.778635589077226,30.144041252973796,56.46312564562811,0.8450259471526629,82.78026905829596,0.6130579968895358,47.71300448430493,0.5769727514891712,71.39013452914799
CACO_WS_049_01,CACO,Cape Cod National Seashore,16.778635589077226,30.144041252973796,56.46312564562811,0.8450259471526629,82.78026905829596,0.6130579968895358,47.71300448430493,0.5769727514891712,71.39013452914799
CACO_WS_050_01,CACO,Cape Cod National Seashore,16.778635589077226,30.144041252973796,56.46312564562811,0.8450259471526629,82.78026905829596,0.6130579968895358,47.71300448430493,0.5769727514891712,71.39013452914799
CACO_WS_051_01,CACO,Cape Cod National Seashore,16.778635589077226,30.144041252973796,56.46312564562811,0.8450259471526629,82.78026905829596,0.6130579968895358,47.71300448430493,0.5769727514891712,71.39013452914799
CACO_WS_052_01,CACO,Cape Cod National Seashore,16.778635589077226,30.144041252973796,56.46312564562811,0.8450259471526629,82.78026905829596,0.6130579968895358,47.71300448430493,0.5769727514891712,71.39013452914799
CACO_WS_053_01,CACO,Cape Cod National Seashore,16.778635589077226,30.144041252973796,56.46312564562811,0.8450259471526629,82.78026905829596,0.6130579968895358,47.71300448430493,0.5769727514891712,71.39013452914799
CACO_WS_055_01,CACO,Cape Cod National Seashore,16.778635589077226,30.144041252973796,56.46312564562811,0.8450259471526629,82.78026905829596,0.6130579968895358,47.71300448430493,0.5769727514891712,71.39013452914799
CACO_WS_057_01,CACO,Cape Cod National Seashore,16.778635589077226,30.144041252973796,56.46312564562811,0.8450259471526629,82.78026905829596,0.6130579968895358,47.71300448430493,0.5769727514891712,71.39013452914799
CACO_WS_059_01,CACO,Cape Cod National Seashore,16.778635589077226,30.144041252973796,56.46312564562811,0.8450259471526629,82.78026905829596,0.6130579968895358,47.71300448430493,0.5769727514891712,71.39013452914799
CACO_WS_062_01,CACO,Cape Cod National Seashore,16.778635589077226,30.144041252973796,56.46312564562811,0.8450259471526629,82.78026905829596,0.6130579968895358,47.71300448430493,0.5769727514891712,71.39013452914799
CACO_WS_063_01,CACO,Cape Cod National Seashore,16.778635589077226,30.144041252973796,56.46312564562811,0.8450259471526629,82.78026905829596,0.6130579968895358,47.71300448430493,0.5769727514891712,71.39013452914799
CACO_WS_066_01,CACO,Cape Cod National Seashore,16.778635589077226,30.144041252973796,56.46312564562811,0.8450259471526629,82.78026905829596,0.6130579968895358,47.71300448430493,0.5769727514891712,71.39013452914799
CACO_WS_067_01,CACO,Cape Cod National Seashore,16.778635589077226,30.144041252973796,56.46312564562811,0.8450259471526629,82.78026905829596,0.6130579968895358,47.71300448430493,0.5769727514891712,71.39013452914799
CACO_WS_069_01,CACO,Cape Cod National Seashore,16.778635589077226,30.144041252973796,56.46312564562811,0.8450259471526629,82.78026905829596,0.6130579968895358,47.71300448430493,0.5769727514891712,71.39013452914799
CACO_WS_070_01,CACO,Cape Cod National Seashore,16.778635589077226,30.144041252973796,56.46312564562811,0.8450259471526629,82.78026905829596,0.6130579968895358,47.71300448430493,0.5769727514891712,71.39013452914799
LOWE_WS_001_01,LOWE,Lowell National Historical Park,16.778635589077226,30.144041252973796,56.46312564562811,0.8450259471526629,82.78026905829596,0.6130579968895358,47.71300448430493,0.5769727514891712,71.39013452914799
MIMA_WS_001_01,MIMA,Minute Man National Historical Park,16.778635589077226,30.144041252973796,56.46312564562811,0.8450259471526629,82.78026905829596,0.6130579968895358,47.71300448430493,0.5769727514891712,71.39013452914799
MIMA_WS_003_01,MIMA,Minute Man National Historical Park,16.778635589077226,30.144041252973796,56.46312564562811,0.8450259471526629,82.78026905829596,0.6130579968895358,47.71300448430493,0.5769727514891712,71.39013452914799
MIMA_WS_004_01,MIMA,Minute Man National Historical Park,16.778635589077226,30.144041252973796,56.46312564562811,0.8450259471526629,82.78026905829596,0.6130579968895358,47.71300448430493,0.5769727514891712,71.39013452914799
ASIS_WS_001_01,ASIS,Assateague Island National Seashore,13.010108088683273,28.780770086390294,46.90259630837068,0.7815876226932876,57.309417040358746,0.5931005681228797,39.28251121076233,0.45749693287708887,40.53811659192825
ASIS_WS_001_02,ASIS,Assateague Island National Seashore,13.010108088683273,28.780770086390294,46.90259630837068,0.7815876226932876,57.309417040358746,0.5931005681228797,39.28251121076233,0.45749693287708887,40.53811659192825
ASIS_WS_002_01,ASIS,Assateague Island National Seashore,13.010108088683273,28.780770086390294,46.90259630837068,0.7815876226932876,57.309417040358746,0.5931005681228797,39.28251121076233,0.45749693287708887,40.53811659192825
CAJO_WS_001_01,CAJO,Captain John Smith Chesapeake National Historic Trail,9.813910266816622,27.146587201776452,40.004755355360075,0.7277837339227456,36.502242152466366,0.5691771629260226,36.233183856502244,0.37129614153541396,35.42600896860987
HATU_WS_001_01,HATU,Harriet Tubman Underground Railroad National Monument,13.010108088683273,28.780770086390294,46.90259630837068,0.7815876226932876,57.309417040358746,0.5931005681228797,39.28251121076233,0.45749693287708887,40.53811659192825
THST_WS_001_01,THST,Thomas Stone National Historic Site,9.813910266816622,27.146587201776452,40.004755355360075,0.7277837339227456,36.502242152466366,0.5691771629260226,36.233183856502244,0.37129614153541396,35.42600896860987
ACAD_WS_001_01,ACAD,Acadia National Park,15.831702167685313,32.628414636265276,61.2764853692353,0.8290855381676132,75.24663677130044,0.6494276539630239,56.771300448430495,0.6371242423706757,81.79372197309416
ACAD_WS_004_01,ACAD,Acadia National Park,15.831702167685313,32.628414636265276,61.2764853692353,0.8290855381676132,75.24663677130044,0.6494276539630239,56.771300448430495,0.6371242423706757,81.79372197309416
ACAD_WS_005_01,ACAD,Acadia National Park,15.831702167685313,32.628414636265276,61.2764853692353,0.8290855381676132,75.24663677130044,0.6494276539630239,56.771300448430495,0.6371242423706757,81.79372197309416
ACAD_WS_007_01,ACAD,Acadia National Park,15.831702167685313,32.628414636265276,61.2764853692353,0.8290855381676132,75.24663677130044,0.6494276539630239,56.771300448430495,0.6371242423706757,81.79372197309416
ACAD_WS_008_01,ACAD,Acadia National Park,15.831702167685313,32.628414636265276,61.2764853692353,0.8290855381676132,75.24663677130044,0.6494276539630239,56.771300448430495,0.6371242423706757,81.79372197309416
ACAD_WS_010_01,ACAD,Acadia National Park,15.831702167685313,32.628414636265276,61.2764853692353,0.8290855381676132,75.24663677130044,0.6494276539630239,56.771300448430495,0.6371242423706757,81.79372197309416
ACAD_WS_011_01,ACAD,Acadia National Park,15.831702167685313,32.628414636265276,61.2764853692353,0.8290855381676132,75.24663677130044,0.6494276539630239,56.771300448430495,0.6371242423706757,81.79372197309416
ACAD_WS_012_01,ACAD,Acadia National Park,15.831702167685313,32.628414636265276,61.2764853692353,0.8290855381676132,75.24663677130044,0.6494276539630239,56.771300448430495,0.6371242423706757,81.79372197309416
ACAD_WS_013_01,ACAD,Acadia National Park,15.831702167685313,32.628414636265276,61.2764853692353,0.8290855381676132,75.24663677130044,0.6494276539630239,56.771300448430495,0.6371242423706757,81.79372197309416
ACAD_WS_014_01,ACAD,Acadia National Park,15.831702167685313,32.628414636265276,61.2764853692353,0.8290855381676132,75.24663677130044,0.6494276539630239,56.771300448430495,0.6371242423706757,81.79372197309416
ACAD_WS_016_01,ACAD,Acadia National Park,15.831702167685313,32.628414636265276,61.2764853692353,0.8290855381676132,75.24663677130044,0.6494276539630239,56.771300448430495,0.6371242423706757,81.79372197309416
ACAD_WS_017_01,ACAD,Acadia National Park,15.831702167685313,32.628414636265276,61.2764853692353,0.8290855381676132,75.24663677130044,0.6494276539630239,56.771300448430495,0.6371242423706757,81.79372197309416
ACAD_WS_019_01,ACAD,Acadia National Park,15.831702167685313,32.628414636265276,61.2764853692353,0.8290855381676132,75.24663677130044,0.6494276539630239,56.771300448430495,0.6371242423706757,81.79372197309416
ACAD_WS_020_01,ACAD,Acadia National Park,15.831702167685313,32.628414636265276,61.2764853692353,0.8290855381676132,75.24663677130044,0.6494276539630239,56.771300448430495,0.6371242423706757,81.79372197309416
ACAD_WS_022_01,ACAD,Acadia National Park,15.831702167685313,32.628414636265276,61.2764853692353,0.8290855381676132,75.24663677130044,0.6494276539630239,56.771300448430495,0.6371242423706757,81.79372197309416
ACAD_WS_023_01,ACAD,Acadia National Park,15.831702167685313,32.628414636265276,61.2764853692353,0.8290855381676132,75.24663677130044,0.6494276539630239,56.771300448430495,0.6371242423706757,81.79372197309416
ACAD_WS_025_01,ACAD,Acadia National Park,15.831702167685313,32.628414636265276,61.2764853692353,0.8290855381676132,75.24663677130044,0.6494276539630239,56.771300448430495,0.6371242423706757,81.79372197309416
ACAD_WS_026_01,ACAD,Acadia National Park,15.831702167685313,32.628414636265276,61.2764853692353,0.8290855381676132,75.24663677130044,0.6494276539630239,56.771300448430495,0.6371242423706757,81.79372197309416
KAWW_WS_002_01,KAWW,Katahdin Woods and Waters National Monument,15.831702167685313,32.628414636265276,61.2764853692353,0.8290855381676132,75.24663677130044,0.6494276539630239,56.771300448430495,0.6371242423706757,81.79372197309416
SACR_WS_001_01,SACR,Saint Croix Island International Historic Site,15.831702167685313,32.628414636265276,61.2764853692353,0.8290855381676132,75.24663677130044,0.6494276539630239,56.771300448430495,0.6371242423706757,81.79372197309416
ISRO_WS_003_01,ISRO,Isle Royale National Park,12.51548934254107,48.34644134827846,79.21092137762193,0.7732613508276377,54.34977578475336,0.8795296367134866,98.65470852017937,0.8612469188314615,97.39910313901345
ISRO_WS_006_01,ISRO,Isle Royale National Park,11.605912376357498,52.802125935342424,83.66369490906725,0.757949789827885,49.417040358744394,0.944758044628743,99.01345291479821,0.916892243896303,97.57847533632287
ISRO_WS_009_01,ISRO,Isle Royale National Park,11.605912376357498,52.802125935342424,83.66369490906725,0.757949789827885,49.417040358744394,0.944758044628743,99.01345291479821,0.916892243896303,97.57847533632287
KEWE_WS_001_01,KEWE,Keweenaw National Historical Park,12.51548934254107,48.34644134827846,79.21092137762193,0.7732613508276377,54.34977578475336,0.8795296367134866,98.65470852017937,0.8612469188314615,97.39910313901345
PIRO_WS_003_01,PIRO,Pictured Rocks National Lakeshore,12.51548934254107,48.34644134827846,79.21092137762193,0.7732613508276377,54.34977578475336,0.8795296367134866,98.65470852017937,0.8612469188314615,97.39910313901345
PIRO_WS_004_01,PIRO,Pictured Rocks National Lakeshore,12.51548934254107,48.34644134827846,79.21092137762193,0.7732613508276377,54.34977578475336,0.8795296367134866,98.65470852017937,0.8612469188314615,97.39910313901345
PIRO_WS_005_01,PIRO,Pictured Rocks National Lakeshore,12.51548934254107,48.34644134827846,79.21092137762193,0.7732613508276377,54.34977578475336,0.8795296367134866,98.65470852017937,0.8612469188314615,97.39910313901345
PIRO_WS_007_01,PIRO,Pictured Rocks National Lakeshore,12.51548934254107,48.34644134827846,79.21092137762193,0.7732613508276377,54.34977578475336,0.8795296367134866,98.65470852017937,0.8612469188314615,97.39910313901345
PIRO_WS_008_01,PIRO,Pictured Rocks National Lakeshore,12.51548934254107,48.34644134827846,79.21092137762193,0.7732613508276377,54.34977578475336,0.8795296367134866,98.65470852017937,0.8612469188314615,97.39910313901345
PIRO_WS_010_01,PIRO,Pictured Rocks National Lakeshore,12.51548934254107,48.34644134827846,79.21092137762193,0.7732613508276377,54.34977578475336,0.8795296367134866,98.65470852017937,0.8612469188314615,97.39910313901345
PIRO_WS_011_01,PIRO,Pictured Rocks National Lakeshore,12.51548934254107,48.34644134827846,79.21092137762193,0.7732613508276377,54.34977578475336,0.8795296367134866,98.65470852017937,0.8612469188314615,97.39910313901345
PIRO_WS_012_01,PIRO,Pictured Rocks National Lakeshore,12.51548934254107,48.34644134827846,79.21092137762193,0.7732613508276377,54.34977578475336,0.8795296367134866,98.65470852017937,0.8612469188314615,97.39910313901345
PIRO_WS_013_01,PIRO,Pictured Rocks National Lakeshore,12.51548934254107,48.34644134827846,79.21092137762193,0.7732613508276377,54.34977578475336,0.8795296367134866,98.65470852017937,0.8612469188314615,97.39910313901345
PIRO_WS_014_01,PIRO,Pictured Rocks National Lakeshore,12.51548934254107,48.34644134827846,79.21092137762193,0.7732613508276377,54.34977578475336,0.8795296367134866,98.65470852017937,0.8612469188314615,97.39910313901345
PIRO_WS_018_01,PIRO,Pictured Rocks National Lakeshore,12.51548934254107,48.34644134827846,79.21092137762193,0.7732613508276377,54.34977578475336,0.8795296367134866,98.65470852017937,0.8612469188314615,97.39910313901345
PIRO_WS_019_01,PIRO,Pictured Rocks National Lakeshore,12.51548934254107,48.34644134827846,79.21092137762193,0.7732613508276377,54.34977578475336,0.8795296367134866,98.65470852017937,0.8612469188314615,97.39910313901345
PIRO_WS_020_01,PIRO,Pictured Rocks National Lakeshore,12.51548934254107,48.34644134827846,79.21092137762193,0.7732613508276377,54.34977578475336,0.8795296367134866,98.65470852017937,0.8612469188314615,97.39910313901345
RIRA_WS_001_01,RIRA,River Raisin National Battlefield Park,15.0183571451762,42.630135088395235,64.51164898599252,0.8153939184487821,71.39013452914799,0.795846523781587,94.61883408071749,0.677553365886861,86.63677130044843
SLBE_WS_002_01,SLBE,Sleeping Bear Dunes National Lakeshore,12.397299968372144,46.35478645248755,72.10755560435264,0.7712717843814874,52.107623318385656,0.8503730670706897,97.21973094170404,0.77247772931022,95.42600896860986
SLBE_WS_002_01,SLBE,Sleeping Bear Dunes National Lakeshore,12.397299968372144,46.35478645248755,72.10755560435264,0.7712717843814874,52.107623318385656,0.8503730670706897,97.21973094170404,0.77247772931022,95.42600896860986
SLBE_WS_003_01,SLBE,Sleeping Bear Dunes National Lakeshore,12.397299968372144,46.35478645248755,72.10755560435264,0.7712717843814874,52.107623318385656,0.8503730670706897,97.21973094170404,0.77247772931022,95.42600896860986
SLBE_WS_004_01,SLBE,Sleeping Bear Dunes National Lakeshore,12.397299968372144,46.35478645248755,72.10755560435264,0.7712717843814874,52.107623318385656,0.8503730670706897,97.21973094170404,0.77247772931022,95.42600896860986
SLBE_WS_005_01,SLBE,Sleeping Bear Dunes National Lakeshore,12.397299968372144,46.35478645248755,72.10755560435264,0.7712717843814874,52.107623318385656,0.8503730670706897,97.21973094170404,0.77247772931022,95.42600896860986
SLBE_WS_007_01,SLBE,Sleeping Bear Dunes National Lakeshore,12.397299968372144,46.35478645248755,72.10755560435264,0.7712717843814874,52.107623318385656,0.8503730670706897,97.21973094170404,0.77247772931022,95.42600896860986
SLBE_WS_008_01,SLBE,Sleeping Bear Dunes National Lakeshore,12.397299968372144,46.35478645248755,72.10755560435264,0.7712717843814874,52.107623318385656,0.8503730670706897,97.21973094170404,0.77247772931022,95.42600896860986
SLBE_WS_010_01,SLBE,Sleeping Bear Dunes National Lakeshore,12.397299968372144,46.35478645248755,72.10755560435264,0.7712717843814874,52.107623318385656,0.8503730670706897,97.21973094170404,0.77247772931022,95.42600896860986
SLBE_WS_011_01,SLBE,Sleeping Bear Dunes National Lakeshore,12.397299968372144,46.35478645248755,72.10755560435264,0.7712717843814874,52.107623318385656,0.8503730670706897,97.21973094170404,0.77247772931022,95.42600896860986
SLBE_WS_013_01,SLBE,Sleeping Bear Dunes National Lakeshore,12.397299968372144,46.35478645248755,72.10755560435264,0.7712717843814874,52.107623318385656,0.8503730670706897,97.21973094170404,0.77247772931022,95.42600896860986
SLBE_WS_014_01,SLBE,Sleeping Bear Dunes National Lakeshore,12.397299968372144,46.35478645248755,72.10755560435264,0.7712717843814874,52.107623318385656,0.8503730670706897,97.21973094170404,0.77247772931022,95.42600896860986
SLBE_WS_015_01,SLBE,Sleeping Bear Dunes National Lakeshore,12.397299968372144,46.35478645248755,72.10755560435264,0.7712717843814874,52.107623318385656,0.8503730670706897,97.21973094170404,0.77247772931022,95.42600896860986
SLBE_WS_017_01,SLBE,Sleeping Bear Dunes National Lakeshore,12.397299968372144,46.35478645248755,72.10755560435264,0.7712717843814874,52.107623318385656,0.8503730670706897,97.21973094170404,0.77247772931022,95.42600896860986
SLBE_WS_018_01,SLBE,Sleeping Bear Dunes National Lakeshore,12.397299968372144,46.35478645248755,72.10755560435264,0.7712717843814874,52.107623318385656,0.8503730670706897,97.21973094170404,0.77247772931022,95.42600896860986
SLBE_WS_019_01,SLBE,Sleeping Bear Dunes National Lakeshore,12.397299968372144,46.35478645248755,72.10755560435264,0.7712717843814874,52.107623318385656,0.8503730670706897,97.21973094170404,0.77247772931022,95.42600896860986
SLBE_WS_020_01,SLBE,Sleeping Bear Dunes National Lakeshore,12.397299968372144,46.35478645248755,72.10755560435264,0.7712717843814874,52.107623318385656,0.8503730670706897,97.21973094170404,0.77247772931022,95.42600896860986
SLBE_WS_021_01,SLBE,Sleeping Bear Dunes National Lakeshore,12.397299968372144,46.35478645248755,72.10755560435264,0.7712717843814874,52.107623318385656,0.8503730670706897,97.21973094170404,0.77247772931022,95.42600896860986
SLBE_WS_022_01,SLBE,Sleeping Bear Dunes National Lakeshore,12.397299968372144,46.35478645248755,72.10755560435264,0.7712717843814874,52.107623318385656,0.8503730670706897,97.21973094170404,0.77247772931022,95.42600896860986
SLBE_WS_026_01,SLBE,Sleeping Bear Dunes National Lakeshore,12.397299968372144,46.35478645248755,72.10755560435264,0.7712717843814874,52.107623318385656,0.8503730670706897,97.21973094170404,0.77247772931022,95.42600896860986
MISS_WS_001_01,MISS,Mississippi National River and Recreation Areas,13.070598993639434,48.241615963995194,77.93028139099376,0.782605909452519,57.399103139013455,0.8779950593006791,97.30941704035875,0.8452430444274049,96.05381165919282
PIPE_WS_001_01,PIPE,Pipestone National Monument,16.45455267061746,36.63174981972977,63.12978531200504,0.8395704271038261,75.60538116591928,0.7080339523367134,77.9372197309417,0.6602845214708346,81.97309417040358
MEMY_WS_001_01,MEMY,Medgar and Myrlie Evers Home National Monument,11.276954436206253,34.30494864809392,54.013699724311735,0.7524122050448043,48.699551569506724,0.6739710529111573,65.02242152466367,0.5463628180058356,56.233183856502244
NATC_WS_001_01,NATC,Natchez National Historical Park,13.479174163424009,39.472990622945204,65.33226271919156,0.7894837481266771,61.25560538116592,0.7496279230220866,85.1121076233184,0.6878083940426971,87.3542600896861
SHIL_WS_001_01,SHIL,Shiloh National Military Park,11.276954436206253,34.30494864809392,54.013699724311735,0.7524122050448043,48.699551569506724,0.6739710529111573,65.02242152466367,0.5463628180058356,56.233183856502244
SHIL_WS_002_01,SHIL,Shiloh National Military Park,11.276954436206253,34.30494864809392,54.013699724311735,0.7524122050448043,48.699551569506724,0.6739710529111573,65.02242152466367,0.5463628180058356,56.233183856502244
BICA_WS_008_01,BICA,Bighorn Canyon National Recreation Area,6.570133388510444,15.3317841695226,31.865943983762286,0.6731789127934598,21.973094170403588,0.3962159093705764,17.847533632286996,0.26958721759941834,24.932735426008968
BICA_WS_004_01,BICA,Bighorn Canyon National Recreation Area,6.570133388510444,15.3317841695226,31.865943983762286,0.6731789127934598,21.973094170403588,0.3962159093705764,17.847533632286996,0.26958721759941834,24.932735426008968
BICA_WS_003_01,BICA,Bighorn Canyon National Recreation Area,6.570133388510444,15.3317841695226,31.865943983762286,0.6731789127934598,21.973094170403588,0.3962159093705764,17.847533632286996,0.26958721759941834,24.932735426008968
FOUS_WS_001_01,FOUS,Fort Union Trading Post National Historic Site,8.24112217851229,21.110491846779443,38.848984425566854,0.701307864756006,25.381165919282513,0.48081253963688353,26.63677130044843,0.35685272809103824,33.7219730941704
GLAC_WS_013_01,GLAC,Glacier National Park,17.435393197348684,34.03087545295562,51.19875323913904,0.8560816186955487,86.3677130044843,0.6699587944530472,62.78026905829597,0.5111850549551457,52.5560538116592
GLAC_WS_014_01,GLAC,Glacier National Park,17.435393197348684,34.03087545295562,51.19875323913904,0.8560816186955487,86.3677130044843,0.6699587944530472,62.78026905829597,0.5111850549551457,52.5560538116592
GLAC_WS_022_01,GLAC,Glacier National Park,17.435393197348684,34.03087545295562,51.19875323913904,0.8560816186955487,86.3677130044843,0.6699587944530472,62.78026905829597,0.5111850549551457,52.5560538116592
GLAC_WS_020_01,GLAC,Glacier National Park,17.435393197348684,34.03087545295562,51.19875323913904,0.8560816186955487,86.3677130044843,0.6699587944530472,62.78026905829597,0.5111850549551457,52.5560538116592
GLAC_WS_010_01,GLAC,Glacier National Park,17.435393197348684,34.03087545295562,51.19875323913904,0.8560816186955487,86.3677130044843,0.6699587944530472,62.78026905829597,0.5111850549551457,52.5560538116592
GLAC_WS_007_01,GLAC,Glacier National Park,17.435393197348684,34.03087545295562,51.19875323913904,0.8560816186955487,86.3677130044843,0.6699587944530472,62.78026905829597,0.5111850549551457,52.5560538116592
GLAC_WS_007_02,GLAC,Glacier National Park,17.435393197348684,34.03087545295562,51.19875323913904,0.8560816186955487,86.3677130044843,0.6699587944530472,62.78026905829597,0.5111850549551457,52.5560538116592
GLAC_WS_015_01,GLAC,Glacier National Park,17.435393197348684,34.03087545295562,51.19875323913904,0.8560816186955487,86.3677130044843,0.6699587944530472,62.78026905829597,0.5111850549551457,52.5560538116592
GLAC_WS_012_01,GLAC,Glacier National Park,17.435393197348684,34.03087545295562,51.19875323913904,0.8560816186955487,86.3677130044843,0.6699587944530472,62.78026905829597,0.5111850549551457,52.5560538116592
GLAC_WS_009_01,GLAC,Glacier National Park,17.435393197348684,34.03087545295562,51.19875323913904,0.8560816186955487,86.3677130044843,0.6699587944530472,62.78026905829597,0.5111850549551457,52.5560538116592
GLAC_WS_009_02,GLAC,Glacier National Park,17.435393197348684,34.03087545295562,51.19875323913904,0.8560816186955487,86.3677130044843,0.6699587944530472,62.78026905829597,0.5111850549551457,52.5560538116592
GLAC_WS_001_01,GLAC,Glacier National Park,17.435393197348684,34.03087545295562,51.19875323913904,0.8560816186955487,86.3677130044843,0.6699587944530472,62.78026905829597,0.5111850549551457,52.5560538116592
GLAC_WS_008_01,GLAC,Glacier National Park,17.435393197348684,34.03087545295562,51.19875323913904,0.8560816186955487,86.3677130044843,0.6699587944530472,62.78026905829597,0.5111850549551457,52.5560538116592
GLAC_WS_024_01,GLAC,Glacier National Park,17.435393197348684,34.03087545295562,51.19875323913904,0.8560816186955487,86.3677130044843,0.6699587944530472,62.78026905829597,0.5111850549551457,52.5560538116592
GLAC_WS_024_02,GLAC,Glacier National Park,17.435393197348684,34.03087545295562,51.19875323913904,0.8560816186955487,86.3677130044843,0.6699587944530472,62.78026905829597,0.5111850549551457,52.5560538116592
GLAC_WS_016_01,GLAC,Glacier National Park,17.435393197348684,34.03087545295562,51.19875323913904,0.8560816186955487,86.3677130044843,0.6699587944530472,62.78026905829597,0.5111850549551457,52.5560538116592
GLAC_WS_004_01,GLAC,Glacier National Park,17.435393197348684,34.03087545295562,51.19875323913904,0.8560816186955487,86.3677130044843,0.6699587944530472,62.78026905829597,0.5111850549551457,52.5560538116592
GLAC_WS_019_01,GLAC,Glacier National Park,17.435393197348684,34.03087545295562,51.19875323913904,0.8560816186955487,86.3677130044843,0.6699587944530472,62.78026905829597,0.5111850549551457,52.5560538116592
GLAC_WS_006_01,GLAC,Glacier National Park,17.435393197348684,34.03087545295562,51.19875323913904,0.8560816186955487,86.3677130044843,0.6699587944530472,62.78026905829597,0.5111850549551457,52.5560538116592
GLAC_WS_002_01,GLAC,Glacier National Park,17.435393197348684,34.03087545295562,51.19875323913904,0.8560816186955487,86.3677130044843,0.6699587944530472,62.78026905829597,0.5111850549551457,52.5560538116592
GLAC_WS_021_01,GLAC,Glacier National Park,17.435393197348684,34.03087545295562,51.19875323913904,0.8560816186955487,86.3677130044843,0.6699587944530472,62.78026905829597,0.5111850549551457,52.5560538116592
GLAC_WS_003_01,GLAC,Glacier National Park,17.435393197348684,34.03087545295562,51.19875323913904,0.8560816186955487,86.3677130044843,0.6699587944530472,62.78026905829597,0.5111850549551457,52.5560538116592
GLAC_WS_017_01,GLAC,Glacier National Park,17.435393197348684,34.03087545295562,51.19875323913904,0.8560816186955487,86.3677130044843,0.6699587944530472,62.78026905829597,0.5111850549551457,52.5560538116592
GLAC_WS_005_01,GLAC,Glacier National Park,17.435393197348684,34.03087545295562,51.19875323913904,0.8560816186955487,86.3677130044843,0.6699587944530472,62.78026905829597,0.5111850549551457,52.5560538116592
GLAC_WS_023_01,GLAC,Glacier National Park,17.435393197348684,34.03087545295562,51.19875323913904,0.8560816186955487,86.3677130044843,0.6699587944530472,62.78026905829597,0.5111850549551457,52.5560538116592
GLAC_WS_011_01,GLAC,Glacier National Park,17.435393197348684,34.03087545295562,51.19875323913904,0.8560816186955487,86.3677130044843,0.6699587944530472,62.78026905829597,0.5111850549551457,52.5560538116592
GLAC_WS_018_01,GLAC,Glacier National Park,17.435393197348684,34.03087545295562,51.19875323913904,0.8560816186955487,86.3677130044843,0.6699587944530472,62.78026905829597,0.5111850549551457,52.5560538116592
LIBI_WS_001_01,LIBI,Little Bighorn Battlefield National Monument,6.751792416670732,22.490014335419485,38.422469411184814,0.6762369094163324,22.51121076233184,0.5010078774932772,28.161434977578477,0.3515226643784513,33.00448430493274
BLRI_WS_001_01,BLRI,Blue Ridge Parkway,14.94944286108931,38.22798283015302,58.45752426719481,0.814233834911291,68.96860986547085,0.7314017953465111,83.40807174887892,0.6018963095417471,77.48878923766817
BLRI_WS_002_01,BLRI,Blue Ridge Parkway,14.94944286108931,38.22798283015302,58.45752426719481,0.814233834911291,68.96860986547085,0.7314017953465111,83.40807174887892,0.6018963095417471,77.48878923766817
BLRI_WS_003_01,BLRI,Blue Ridge Parkway,14.94944286108931,38.22798283015302,58.45752426719481,0.814233834911291,68.96860986547085,0.7314017953465111,83.40807174887892,0.6018963095417471,77.48878923766817
BLRI_WS_004_01,BLRI,Blue Ridge Parkway,14.94944286108931,38.22798283015302,58.45752426719481,0.814233834911291,68.96860986547085,0.7314017953465111,83.40807174887892,0.6018963095417471,77.48878923766817
BLRI_WS_005_01,BLRI,Blue Ridge Parkway,14.94944286108931,38.22798283015302,58.45752426719481,0.814233834911291,68.96860986547085,0.7314017953465111,83.40807174887892,0.6018963095417471,77.48878923766817
BLRI_WS_006_01,BLRI,Blue Ridge Parkway,14.94944286108931,38.22798283015302,58.45752426719481,0.814233834911291,68.96860986547085,0.7314017953465111,83.40807174887892,0.6018963095417471,77.48878923766817
BLRI_WS_007_01,BLRI,Blue Ridge Parkway,14.94944286108931,38.22798283015302,58.45752426719481,0.814233834911291,68.96860986547085,0.7314017953465111,83.40807174887892,0.6018963095417471,77.48878923766817
BLRI_WS_008_01,BLRI,Blue Ridge Parkway,14.94944286108931,38.22798283015302,58.45752426719481,0.814233834911291,68.96860986547085,0.7314017953465111,83.40807174887892,0.6018963095417471,77.48878923766817
BLRI_WS_009_01,BLRI,Blue Ridge Parkway,14.94944286108931,38.22798283015302,58.45752426719481,0.814233834911291,68.96860986547085,0.7314017953465111,83.40807174887892,0.6018963095417471,77.48878923766817
BLRI_WS_010_01,BLRI,Blue Ridge Parkway,14.94944286108931,38.22798283015302,58.45752426719481,0.814233834911291,68.96860986547085,0.7314017953465111,83.40807174887892,0.6018963095417471,77.48878923766817
BLRI_WS_011_01,BLRI,Blue Ridge Parkway,14.94944286108931,38.22798283015302,58.45752426719481,0.814233834911291,68.96860986547085,0.7314017953465111,83.40807174887892,0.6018963095417471,77.48878923766817
BLRI_WS_012_01,BLRI,Blue Ridge Parkway,14.94944286108931,38.22798283015302,58.45752426719481,0.814233834911291,68.96860986547085,0.7314017953465111,83.40807174887892,0.6018963095417471,77.48878923766817
BLRI_WS_013_01,BLRI,Blue Ridge Parkway,14.94944286108931,38.22798283015302,58.45752426719481,0.814233834911291,68.96860986547085,0.7314017953465111,83.40807174887892,0.6018963095417471,77.48878923766817
BLRI_WS_014_01,BLRI,Blue Ridge Parkway,14.94944286108931,38.22798283015302,58.45752426719481,0.814233834911291,68.96860986547085,0.7314017953465111,83.40807174887892,0.6018963095417471,77.48878923766817
BLRI_WS_015_01,BLRI,Blue Ridge Parkway,14.94944286108931,38.22798283015302,58.45752426719481,0.814233834911291,68.96860986547085,0.7314017953465111,83.40807174887892,0.6018963095417471,77.48878923766817
BLRI_WS_016_01,BLRI,Blue Ridge Parkway,13.271309692689162,33.669516826193814,45.26473816151581,0.7859846165065217,60,0.664668732409933,58.654708520179376,0.4370289822058461,40
BLRI_WS_017_01,BLRI,Blue Ridge Parkway,13.271309692689162,33.669516826193814,45.26473816151581,0.7859846165065217,60,0.664668732409933,58.654708520179376,0.4370289822058461,40
BLRI_WS_018_01,BLRI,Blue Ridge Parkway,9.765888612949233,34.82876090748339,56.355164868520525,0.7269753510042725,34.7982062780269,0.6816393335218779,76.41255605381167,0.5756235895580782,63.139013452914796
BLRI_WS_019_01,BLRI,Blue Ridge Parkway,14.94944286108931,38.22798283015302,58.45752426719481,0.814233834911291,68.96860986547085,0.7314017953465111,83.40807174887892,0.6018963095417471,77.48878923766817
BLRI_WS_020_01,BLRI,Blue Ridge Parkway,14.94944286108931,38.22798283015302,58.45752426719481,0.814233834911291,68.96860986547085,0.7314017953465111,83.40807174887892,0.6018963095417471,77.48878923766817
BLRI_WS_021_01,BLRI,Blue Ridge Parkway,14.94944286108931,38.22798283015302,58.45752426719481,0.814233834911291,68.96860986547085,0.7314017953465111,83.40807174887892,0.6018963095417471,77.48878923766817
BLRI_WS_022_01,BLRI,Blue Ridge Parkway,14.94944286108931,38.22798283015302,58.45752426719481,0.814233834911291,68.96860986547085,0.7314017953465111,83.40807174887892,0.6018963095417471,77.48878923766817
BLRI_WS_024_01,BLRI,Blue Ridge Parkway,9.765888612949233,34.82876090748339,56.355164868520525,0.7269753510042725,34.7982062780269,0.6816393335218779,76.41255605381167,0.5756235895580782,63.139013452914796
BLRI_WS_025_01,BLRI,Blue Ridge Parkway,9.765888612949233,34.82876090748339,56.355164868520525,0.7269753510042725,34.7982062780269,0.6816393335218779,76.41255605381167,0.5756235895580782,63.139013452914796
BLRI_WS_026_01,BLRI,Blue Ridge Parkway,9.765888612949233,34.82876090748339,56.355164868520525,0.7269753510042725,34.7982062780269,0.6816393335218779,76.41255605381167,0.5756235895580782,63.139013452914796
BLRI_WS_027_01,BLRI,Blue Ridge Parkway,14.94944286108931,38.22798283015302,58.45752426719481,0.814233834911291,68.96860986547085,0.7314017953465111,83.40807174887892,0.6018963095417471,77.48878923766817
BLRI_WS_028_01,BLRI,Blue Ridge Parkway,14.94944286108931,38.22798283015302,58.45752426719481,0.814233834911291,68.96860986547085,0.7314017953465111,83.40807174887892,0.6018963095417471,77.48878923766817
BLRI_WS_029_01,BLRI,Blue Ridge Parkway,14.94944286108931,38.22798283015302,58.45752426719481,0.814233834911291,68.96860986547085,0.7314017953465111,83.40807174887892,0.6018963095417471,77.48878923766817
BLRI_WS_029_02,BLRI,Blue Ridge Parkway,14.94944286108931,38.22798283015302,58.45752426719481,0.814233834911291,68.96860986547085,0.7314017953465111,83.40807174887892,0.6018963095417471,77.48878923766817
BLRI_WS_030_01,BLRI,Blue Ridge Parkway,14.94944286108931,38.22798283015302,58.45752426719481,0.814233834911291,68.96860986547085,0.7314017953465111,83.40807174887892,0.6018963095417471,77.48878923766817
BLRI_WS_031_01,BLRI,Blue Ridge Parkway,9.765888612949233,34.82876090748339,56.355164868520525,0.7269753510042725,34.7982062780269,0.6816393335218779,76.41255605381167,0.5756235895580782,63.139013452914796
BLRI_WS_031_02,BLRI,Blue Ridge Parkway,9.765888612949233,34.82876090748339,56.355164868520525,0.7269753510042725,34.7982062780269,0.6816393335218779,76.41255605381167,0.5756235895580782,63.139013452914796
BLRI_WS_032_01,BLRI,Blue Ridge Parkway,9.765888612949233,34.82876090748339,56.355164868520525,0.7269753510042725,34.7982062780269,0.6816393335218779,76.41255605381167,0.5756235895580782,63.139013452914796
BLRI_WS_033_01,BLRI,Blue Ridge Parkway,14.94944286108931,38.22798283015302,58.45752426719481,0.814233834911291,68.96860986547085,0.7314017953465111,83.40807174887892,0.6018963095417471,77.48878923766817
BLRI_WS_034_01,BLRI,Blue Ridge Parkway,14.94944286108931,38.22798283015302,58.45752426719481,0.814233834911291,68.96860986547085,0.7314017953465111,83.40807174887892,0.6018963095417471,77.48878923766817
BLRI_WS_035_01,BLRI,Blue Ridge Parkway,14.94944286108931,38.22798283015302,58.45752426719481,0.814233834911291,68.96860986547085,0.7314017953465111,83.40807174887892,0.6018963095417471,77.48878923766817
BLRI_WS_036_01,BLRI,Blue Ridge Parkway,14.94944286108931,38.22798283015302,58.45752426719481,0.814233834911291,68.96860986547085,0.7314017953465111,83.40807174887892,0.6018963095417471,77.48878923766817
BLRI_WS_038_01,BLRI,Blue Ridge Parkway,14.94944286108931,38.22798283015302,58.45752426719481,0.814233834911291,68.96860986547085,0.7314017953465111,83.40807174887892,0.6018963095417471,77.48878923766817
BLRI_WS_039_01,BLRI,Blue Ridge Parkway,14.94944286108931,38.22798283015302,58.45752426719481,0.814233834911291,68.96860986547085,0.7314017953465111,83.40807174887892,0.6018963095417471,77.48878923766817
BLRI_WS_040_01,BLRI,Blue Ridge Parkway,14.94944286108931,38.22798283015302,58.45752426719481,0.814233834911291,68.96860986547085,0.7314017953465111,83.40807174887892,0.6018963095417471,77.48878923766817
BLRI_WS_041_01,BLRI,Blue Ridge Parkway,14.94944286108931,38.22798283015302,58.45752426719481,0.814233834911291,68.96860986547085,0.7314017953465111,83.40807174887892,0.6018963095417471,77.48878923766817
BLRI_WS_042_01,BLRI,Blue Ridge Parkway,14.94944286108931,38.22798283015302,58.45752426719481,0.814233834911291,68.96860986547085,0.7314017953465111,83.40807174887892,0.6018963095417471,77.48878923766817
BLRI_WS_043_01,BLRI,Blue Ridge Parkway,14.94944286108931,38.22798283015302,58.45752426719481,0.814233834911291,68.96860986547085,0.7314017953465111,83.40807174887892,0.6018963095417471,77.48878923766817
BLRI_WS_044_01,BLRI,Blue Ridge Parkway,14.964785582234196,34.68606326289563,52.248911219398565,0.8144921099330276,70.85201793721974,0.6795503301402784,69.50672645739911,0.5243086467498559,54.34977578475336
CAHA_WS_001_01,CAHA,Cape Hatteras National Seashore,11.097710630948873,24.206264734462245,37.39143469457153,0.7493948656001375,45.2017937219731,0.5261326992633142,34.52914798206278,0.3386380517760088,32.46636771300449
CAHA_WS_002_01,CAHA,Cape Hatteras National Seashore,11.097710630948873,24.206264734462245,37.39143469457153,0.7493948656001375,45.2017937219731,0.5261326992633142,34.52914798206278,0.3386380517760088,32.46636771300449
CAHA_WS_002_02,CAHA,Cape Hatteras National Seashore,11.097710630948873,24.206264734462245,37.39143469457153,0.7493948656001375,45.2017937219731,0.5261326992633142,34.52914798206278,0.3386380517760088,32.46636771300449
CAHA_WS_002_03,CAHA,Cape Hatteras National Seashore,11.097710630948873,24.206264734462245,37.39143469457153,0.7493948656001375,45.2017937219731,0.5261326992633142,34.52914798206278,0.3386380517760088,32.46636771300449
CAHA_WS_005_01,CAHA,Cape Hatteras National Seashore,11.097710630948873,24.206264734462245,37.39143469457153,0.7493948656001375,45.2017937219731,0.5261326992633142,34.52914798206278,0.3386380517760088,32.46636771300449
CAHA_WS_006_01,CAHA,Cape Hatteras National Seashore,11.097710630948873,24.206264734462245,37.39143469457153,0.7493948656001375,45.2017937219731,0.5261326992633142,34.52914798206278,0.3386380517760088,32.46636771300449
CAHA_WS_007_01,CAHA,Cape Hatteras National Seashore,11.097710630948873,24.206264734462245,37.39143469457153,0.7493948656001375,45.2017937219731,0.5261326992633142,34.52914798206278,0.3386380517760088,32.46636771300449
CAHA_WS_008_01,CAHA,Cape Hatteras National Seashore,11.097710630948873,24.206264734462245,37.39143469457153,0.7493948656001375,45.2017937219731,0.5261326992633142,34.52914798206278,0.3386380517760088,32.46636771300449
CALO_WS_001_01,CALO,Cape Lookout National Seashore,11.097710630948873,24.206264734462245,37.39143469457153,0.7493948656001375,45.2017937219731,0.5261326992633142,34.52914798206278,0.3386380517760088,32.46636771300449
CALO_WS_004_01,CALO,Cape Lookout National Seashore,11.097710630948873,24.206264734462245,37.39143469457153,0.7493948656001375,45.2017937219731,0.5261326992633142,34.52914798206278,0.3386380517760088,32.46636771300449
CALO_WS_005_01,CALO,Cape Lookout National Seashore,11.097710630948873,24.206264734462245,37.39143469457153,0.7493948656001375,45.2017937219731,0.5261326992633142,34.52914798206278,0.3386380517760088,32.46636771300449
CALO_WS_006_01,CALO,Cape Lookout National Seashore,11.097710630948873,24.206264734462245,37.39143469457153,0.7493948656001375,45.2017937219731,0.5261326992633142,34.52914798206278,0.3386380517760088,32.46636771300449
CARL_WS_001_01,CARL,Carl Sandburg Home National Historic Site,14.94944286108931,38.22798283015302,58.45752426719481,0.814233834911291,68.96860986547085,0.7314017953465111,83.40807174887892,0.6018963095417471,77.48878923766817
FORA_WS_001_01,FORA,Fort Raleigh National Historic Site,11.097710630948873,24.206264734462245,37.39143469457153,0.7493948656001375,45.2017937219731,0.5261326992633142,34.52914798206278,0.3386380517760088,32.46636771300449
FORA_WS_001_02,FORA,Fort Raleigh National Historic Site,11.097710630948873,24.206264734462245,37.39143469457153,0.7493948656001375,45.2017937219731,0.5261326992633142,34.52914798206278,0.3386380517760088,32.46636771300449
GRSM_WS_001_01,GRSM,Great Smoky Mountains National Park,14.94944286108931,38.22798283015302,58.45752426719481,0.814233834911291,68.96860986547085,0.7314017953465111,83.40807174887892,0.6018963095417471,77.48878923766817
GRSM_WS_002_01,GRSM,Great Smoky Mountains National Park,14.94944286108931,38.22798283015302,58.45752426719481,0.814233834911291,68.96860986547085,0.7314017953465111,83.40807174887892,0.6018963095417471,77.48878923766817
GRSM_WS_003_01,GRSM,Great Smoky Mountains National Park,14.94944286108931,38.22798283015302,58.45752426719481,0.814233834911291,68.96860986547085,0.7314017953465111,83.40807174887892,0.6018963095417471,77.48878923766817
GRSM_WS_004_01,GRSM,Great Smoky Mountains National Park,14.94944286108931,38.22798283015302,58.45752426719481,0.814233834911291,68.96860986547085,0.7314017953465111,83.40807174887892,0.6018963095417471,77.48878923766817
GRSM_WS_005_01,GRSM,Great Smoky Mountains National Park,14.94944286108931,38.22798283015302,58.45752426719481,0.814233834911291,68.96860986547085,0.7314017953465111,83.40807174887892,0.6018963095417471,77.48878923766817
GRSM_WS_006_01,GRSM,Great Smoky Mountains National Park,14.94944286108931,38.22798283015302,58.45752426719481,0.814233834911291,68.96860986547085,0.7314017953465111,83.40807174887892,0.6018963095417471,77.48878923766817
GRSM_WS_007_01,GRSM,Great Smoky Mountains National Park,14.94944286108931,38.22798283015302,58.45752426719481,0.814233834911291,68.96860986547085,0.7314017953465111,83.40807174887892,0.6018963095417471,77.48878923766817
GRSM_WS_008_01,GRSM,Great Smoky Mountains National Park,14.94944286108931,38.22798283015302,58.45752426719481,0.814233834911291,68.96860986547085,0.7314017953465111,83.40807174887892,0.6018963095417471,77.48878923766817
GRSM_WS_009_01,GRSM,Great Smoky Mountains National Park,14.94944286108931,38.22798283015302,58.45752426719481,0.814233834911291,68.96860986547085,0.7314017953465111,83.40807174887892,0.6018963095417471,77.48878923766817
GRSM_WS_010_01,GRSM,Great Smoky Mountains National Park,14.94944286108931,38.22798283015302,58.45752426719481,0.814233834911291,68.96860986547085,0.7314017953465111,83.40807174887892,0.6018963095417471,77.48878923766817
GRSM_WS_011_01,GRSM,Great Smoky Mountains National Park,14.94944286108931,38.22798283015302,58.45752426719481,0.814233834911291,68.96860986547085,0.7314017953465111,83.40807174887892,0.6018963095417471,77.48878923766817
GRSM_WS_012_01,GRSM,Great Smoky Mountains National Park,14.94944286108931,38.22798283015302,58.45752426719481,0.814233834911291,68.96860986547085,0.7314017953465111,83.40807174887892,0.6018963095417471,77.48878923766817
GRSM_WS_013_01,GRSM,Great Smoky Mountains National Park,14.94944286108931,38.22798283015302,58.45752426719481,0.814233834911291,68.96860986547085,0.7314017953465111,83.40807174887892,0.6018963095417471,77.48878923766817
GRSM_WS_014_01,GRSM,Great Smoky Mountains National Park,14.94944286108931,38.22798283015302,58.45752426719481,0.814233834911291,68.96860986547085,0.7314017953465111,83.40807174887892,0.6018963095417471,77.48878923766817
GRSM_WS_016_01,GRSM,Great Smoky Mountains National Park,14.94944286108931,38.22798283015302,58.45752426719481,0.814233834911291,68.96860986547085,0.7314017953465111,83.40807174887892,0.6018963095417471,77.48878923766817
GRSM_WS_017_01,GRSM,Great Smoky Mountains National Park,14.94944286108931,38.22798283015302,58.45752426719481,0.814233834911291,68.96860986547085,0.7314017953465111,83.40807174887892,0.6018963095417471,77.48878923766817
GRSM_WS_019_01,GRSM,Great Smoky Mountains National Park,14.94944286108931,38.22798283015302,58.45752426719481,0.814233834911291,68.96860986547085,0.7314017953465111,83.40807174887892,0.6018963095417471,77.48878923766817
GRSM_WS_020_01,GRSM,Great Smoky Mountains National Park,14.94944286108931,38.22798283015302,58.45752426719481,0.814233834911291,68.96860986547085,0.7314017953465111,83.40807174887892,0.6018963095417471,77.48878923766817
GRSM_WS_022_01,GRSM,Great Smoky Mountains National Park,14.94944286108931,38.22798283015302,58.45752426719481,0.814233834911291,68.96860986547085,0.7314017953465111,83.40807174887892,0.6018963095417471,77.48878923766817
GRSM_WS_023_01,GRSM,Great Smoky Mountains National Park,14.94944286108931,38.22798283015302,58.45752426719481,0.814233834911291,68.96860986547085,0.7314017953465111,83.40807174887892,0.6018963095417471,77.48878923766817
GRSM_WS_024_01,GRSM,Great Smoky Mountains National Park,14.94944286108931,38.22798283015302,58.45752426719481,0.814233834911291,68.96860986547085,0.7314017953465111,83.40807174887892,0.6018963095417471,77.48878923766817
GRSM_WS_025_01,GRSM,Great Smoky Mountains National Park,14.94944286108931,38.22798283015302,58.45752426719481,0.814233834911291,68.96860986547085,0.7314017953465111,83.40807174887892,0.6018963095417471,77.48878923766817
GRSM_WS_031_01,GRSM,Great Smoky Mountains National Park,14.94944286108931,38.22798283015302,58.45752426719481,0.814233834911291,68.96860986547085,0.7314017953465111,83.40807174887892,0.6018963095417471,77.48878923766817
GRSM_WS_032_01,GRSM,Great Smoky Mountains National Park,14.94944286108931,38.22798283015302,58.45752426719481,0.814233834911291,68.96860986547085,0.7314017953465111,83.40807174887892,0.6018963095417471,77.48878923766817
GRSM_WS_033_01,GRSM,Great Smoky Mountains National Park,14.94944286108931,38.22798283015302,58.45752426719481,0.814233834911291,68.96860986547085,0.7314017953465111,83.40807174887892,0.6018963095417471,77.48878923766817
GUCO_WS_001_01,GUCO,Guilford Courthouse National Military Park,15.037626002309027,29.91867458488226,42.303662700346386,0.8157182849316128,72.6457399103139,0.6097587712218447,40.53811659192825,0.40002507769224394,36.681614349775785
MOCR_WS_001_01,MOCR,Moores Creek National Battlefield,11.097710630948873,24.206264734462245,37.39143469457153,0.7493948656001375,45.2017937219731,0.5261326992633142,34.52914798206278,0.3386380517760088,32.46636771300449
MOCR_WS_002_01,MOCR,Moores Creek National Battlefield,11.097710630948873,24.206264734462245,37.39143469457153,0.7493948656001375,45.2017937219731,0.5261326992633142,34.52914798206278,0.3386380517760088,32.46636771300449
WRBR_WS_001_01,WRBR,Wright Brothers National Memorial,11.097710630948873,24.206264734462245,37.39143469457153,0.7493948656001375,45.2017937219731,0.5261326992633142,34.52914798206278,0.3386380517760088,32.46636771300449
KNRI_WS_001_01,KNRI,Knife River Indian Villages National Historic Site,12.397299968372144,46.35478645248755,72.10755560435264,0.7712717843814874,52.107623318385656,0.8503730670706897,97.21973094170404,0.77247772931022,95.42600896860986
KNRI_WS_002_01,KNRI,Knife River Indian Villages National Historic Site,4.467069190853829,17.01212556779893,26.878342640535973,0.6377765258091831,17.130044843049326,0.420815046051363,24.2152466367713,0.2072582677712463,18.116591928251122
KNRI_WS_002_02,KNRI,Knife River Indian Villages National Historic Site,4.467069190853829,17.01212556779893,26.878342640535973,0.6377765258091831,17.130044843049326,0.420815046051363,24.2152466367713,0.2072582677712463,18.116591928251122
THRO_WS_001_01,THRO,Theodore Roosevelt National Park,6.751792416670732,22.490014335419485,38.422469411184814,0.6762369094163324,22.51121076233184,0.5010078774932772,28.161434977578477,0.3515226643784513,33.00448430493274
THRO_WS_002_01,THRO,Theodore Roosevelt National Park,6.751792416670732,22.490014335419485,38.422469411184814,0.6762369094163324,22.51121076233184,0.5010078774932772,28.161434977578477,0.3515226643784513,33.00448430493274
THRO_WS_004_01,THRO,Theodore Roosevelt National Park,6.751792416670732,22.490014335419485,38.422469411184814,0.6762369094163324,22.51121076233184,0.5010078774932772,28.161434977578477,0.3515226643784513,33.00448430493274
THRO_WS_007_01,THRO,Theodore Roosevelt National Park,6.751792416670732,22.490014335419485,38.422469411184814,0.6762369094163324,22.51121076233184,0.5010078774932772,28.161434977578477,0.3515226643784513,33.00448430493274
THRO_WS_008_01,THRO,Theodore Roosevelt National Park,6.751792416670732,22.490014335419485,38.422469411184814,0.6762369094163324,22.51121076233184,0.5010078774932772,28.161434977578477,0.3515226643784513,33.00448430493274
AGFO_WS_002_01,AGFO,Agate Fossil Beds National Monument,0.5014086297425354,14.2439218994144,28.27257905922559,0.571019719246082,15.784753363228699,0.3802902928859066,17.48878923766816,0.2246817316387297,19.730941704035875
AGFO_WS_003_01,AGFO,Agate Fossil Beds National Monument,0.5014086297425354,14.2439218994144,28.27257905922559,0.571019719246082,15.784753363228699,0.3802902928859066,17.48878923766816,0.2246817316387297,19.730941704035875
AGFO_WS_004_01,AGFO,Agate Fossil Beds National Monument,0.5014086297425354,14.2439218994144,28.27257905922559,0.571019719246082,15.784753363228699,0.3802902928859066,17.48878923766816,0.2246817316387297,19.730941704035875
HOME_WS_001_01,HOME,Homestead National Monument of America,8.182326053581024,18.08970974849039,27.6042100165103,0.7003181074436463,25.291479820627806,0.4365901977991411,24.753363228699552,0.21632927167584962,18.744394618834082
HOME_WS_002_01,HOME,Homestead National Monument of America,15.263191880642433,41.4081709568078,64.60820551682819,0.8195153970331386,72.82511210762331,0.7779577407504885,90.5829596412556,0.6787600114769726,86.81614349775785
MNRR_WS_001_01,MNRR,Missouri National Recreational River,16.45455267061746,36.63174981972977,63.12978531200504,0.8395704271038261,75.60538116591928,0.7080339523367134,77.9372197309417,0.6602845214708346,81.97309417040358
NIOB_WS_001_01,NIOB,Niobrara National Scenic River,4.467069190853829,17.01212556779893,26.878342640535973,0.6377765258091831,17.130044843049326,0.420815046051363,24.2152466367713,0.2072582677712463,18.116591928251122
NIOB_WS_002_01,NIOB,Niobrara National Scenic River,6.10663058211283,17.412241055678262,26.500812853913878,0.6653764378434935,18.475336322869957,0.4266724840604126,24.30493273542601,0.2025403616055968,17.39910313901345
SCBL_WS_001_01,SCBL,Scotts Bluff National Monument,-8.6322429092705,6.00705582196874,14.1467222899842,0.41726641645866464,10.582959641255606,0.2597077763400038,11.300448430493274,0.048154026784023425,2.5112107623318383
SAGA_WS_002_01,SAGA,Saint-Gaudens National Historic Site,16.778635589077226,30.144041252973796,56.46312564562811,0.8450259471526629,82.78026905829596,0.6130579968895358,47.71300448430493,0.5769727514891712,71.39013452914799
SAGA_WS_003_01,SAGA,Saint-Gaudens National Historic Site,16.778635589077226,30.144041252973796,56.46312564562811,0.8450259471526629,82.78026905829596,0.6130579968895358,47.71300448430493,0.5769727514891712,71.39013452914799
DEWA_WS_002_01,DEWA,Delaware Water Gap National Recreation Area,9.765888612949233,34.82876090748339,56.355164868520525,0.7269753510042725,34.7982062780269,0.6816393335218779,76.41255605381167,0.5756235895580782,63.139013452914796
DEWA_WS_003_01,DEWA,Delaware Water Gap National Recreation Area,9.765888612949233,34.82876090748339,56.355164868520525,0.7269753510042725,34.7982062780269,0.6816393335218779,76.41255605381167,0.5756235895580782,63.139013452914796
DEWA_WS_004_01,DEWA,Delaware Water Gap National Recreation Area,9.765888612949233,34.82876090748339,56.355164868520525,0.7269753510042725,34.7982062780269,0.6816393335218779,76.41255605381167,0.5756235895580782,63.139013452914796
DEWA_WS_006_01,DEWA,Delaware Water Gap National Recreation Area,11.275658650587953,33.97880796210598,63.30347998188387,0.7523903921567533,47.08520179372198,0.6691965592755114,60.35874439461884,0.6624551453076818,86.09865470852019
DEWA_WS_007_01,DEWA,Delaware Water Gap National Recreation Area,11.275658650587953,33.97880796210598,63.30347998188387,0.7523903921567533,47.08520179372198,0.6691965592755114,60.35874439461884,0.6624551453076818,86.09865470852019
DEWA_WS_008_01,DEWA,Delaware Water Gap National Recreation Area,9.765888612949233,34.82876090748339,56.355164868520525,0.7269753510042725,34.7982062780269,0.6816393335218779,76.41255605381167,0.5756235895580782,63.139013452914796
DEWA_WS_009_01,DEWA,Delaware Water Gap National Recreation Area,9.765888612949233,34.82876090748339,56.355164868520525,0.7269753510042725,34.7982062780269,0.6816393335218779,76.41255605381167,0.5756235895580782,63.139013452914796
DEWA_WS_011_01,DEWA,Delaware Water Gap National Recreation Area,11.275658650587953,33.97880796210598,63.30347998188387,0.7523903921567533,47.08520179372198,0.6691965592755114,60.35874439461884,0.6624551453076818,86.09865470852019
DEWA_WS_012_01,DEWA,Delaware Water Gap National Recreation Area,11.275658650587953,33.97880796210598,63.30347998188387,0.7523903921567533,47.08520179372198,0.6691965592755114,60.35874439461884,0.6624551453076818,86.09865470852019
DEWA_WS_015_01,DEWA,Delaware Water Gap National Recreation Area,9.765888612949233,34.82876090748339,56.355164868520525,0.7269753510042725,34.7982062780269,0.6816393335218779,76.41255605381167,0.5756235895580782,63.139013452914796
DEWA_WS_017_01,DEWA,Delaware Water Gap National Recreation Area,9.765888612949233,34.82876090748339,56.355164868520525,0.7269753510042725,34.7982062780269,0.6816393335218779,76.41255605381167,0.5756235895580782,63.139013452914796
DEWA_WS_018_01,DEWA,Delaware Water Gap National Recreation Area,11.275658650587953,33.97880796210598,63.30347998188387,0.7523903921567533,47.08520179372198,0.6691965592755114,60.35874439461884,0.6624551453076818,86.09865470852019
DEWA_WS_019_01,DEWA,Delaware Water Gap National Recreation Area,11.275658650587953,33.97880796210598,63.30347998188387,0.7523903921567533,47.08520179372198,0.6691965592755114,60.35874439461884,0.6624551453076818,86.09865470852019
DEWA_WS_020_01,DEWA,Delaware Water Gap National Recreation Area,11.275658650587953,33.97880796210598,63.30347998188387,0.7523903921567533,47.08520179372198,0.6691965592755114,60.35874439461884,0.6624551453076818,86.09865470852019
DEWA_WS_021_01,DEWA,Delaware Water Gap National Recreation Area,9.765888612949233,34.82876090748339,56.355164868520525,0.7269753510042725,34.7982062780269,0.6816393335218779,76.41255605381167,0.5756235895580782,63.139013452914796
DEWA_WS_023_01,DEWA,Delaware Water Gap National Recreation Area,11.275658650587953,33.97880796210598,63.30347998188387,0.7523903921567533,47.08520179372198,0.6691965592755114,60.35874439461884,0.6624551453076818,86.09865470852019
DEWA_WS_029_01,DEWA,Delaware Water Gap National Recreation Area,9.765888612949233,34.82876090748339,56.355164868520525,0.7269753510042725,34.7982062780269,0.6816393335218779,76.41255605381167,0.5756235895580782,63.139013452914796
DEWA_WS_030_01,DEWA,Delaware Water Gap National Recreation Area,9.765888612949233,34.82876090748339,56.355164868520525,0.7269753510042725,34.7982062780269,0.6816393335218779,76.41255605381167,0.5756235895580782,63.139013452914796
DEWA_WS_038_01,DEWA,Delaware Water Gap National Recreation Area,9.765888612949233,34.82876090748339,56.355164868520525,0.7269753510042725,34.7982062780269,0.6816393335218779,76.41255605381167,0.5756235895580782,63.139013452914796
DEWA_WS_039_01,DEWA,Delaware Water Gap National Recreation Area,9.765888612949233,34.82876090748339,56.355164868520525,0.7269753510042725,34.7982062780269,0.6816393335218779,76.41255605381167,0.5756235895580782,63.139013452914796
DEWA_WS_041_01,DEWA,Delaware Water Gap National Recreation Area,9.765888612949233,34.82876090748339,56.355164868520525,0.7269753510042725,34.7982062780269,0.6816393335218779,76.41255605381167,0.5756235895580782,63.139013452914796
DEWA_WS_042_01,DEWA,Delaware Water Gap National Recreation Area,9.765888612949233,34.82876090748339,56.355164868520525,0.7269753510042725,34.7982062780269,0.6816393335218779,76.41255605381167,0.5756235895580782,63.139013452914796
DEWA_WS_043_01,DEWA,Delaware Water Gap National Recreation Area,11.275658650587953,33.97880796210598,63.30347998188387,0.7523903921567533,47.08520179372198,0.6691965592755114,60.35874439461884,0.6624551453076818,86.09865470852019
DEWA_WS_046_01,DEWA,Delaware Water Gap National Recreation Area,9.765888612949233,34.82876090748339,56.355164868520525,0.7269753510042725,34.7982062780269,0.6816393335218779,76.41255605381167,0.5756235895580782,63.139013452914796
DEWA_WS_047_01,DEWA,Delaware Water Gap National Recreation Area,9.765888612949233,34.82876090748339,56.355164868520525,0.7269753510042725,34.7982062780269,0.6816393335218779,76.41255605381167,0.5756235895580782,63.139013452914796
DEWA_WS_048_01,DEWA,Delaware Water Gap National Recreation Area,9.765888612949233,34.82876090748339,56.355164868520525,0.7269753510042725,34.7982062780269,0.6816393335218779,76.41255605381167,0.5756235895580782,63.139013452914796
DEWA_WS_049_01,DEWA,Delaware Water Gap National Recreation Area,9.765888612949233,34.82876090748339,56.355164868520525,0.7269753510042725,34.7982062780269,0.6816393335218779,76.41255605381167,0.5756235895580782,63.139013452914796
DEWA_WS_050_01,DEWA,Delaware Water Gap National Recreation Area,9.765888612949233,34.82876090748339,56.355164868520525,0.7269753510042725,34.7982062780269,0.6816393335218779,76.41255605381167,0.5756235895580782,63.139013452914796
DEWA_WS_052_01,DEWA,Delaware Water Gap National Recreation Area,9.765888612949233,34.82876090748339,56.355164868520525,0.7269753510042725,34.7982062780269,0.6816393335218779,76.41255605381167,0.5756235895580782,63.139013452914796
DEWA_WS_053_01,DEWA,Delaware Water Gap National Recreation Area,9.765888612949233,34.82876090748339,56.355164868520525,0.7269753510042725,34.7982062780269,0.6816393335218779,76.41255605381167,0.5756235895580782,63.139013452914796
DEWA_WS_054_01,DEWA,Delaware Water Gap National Recreation Area,9.765888612949233,34.82876090748339,56.355164868520525,0.7269753510042725,34.7982062780269,0.6816393335218779,76.41255605381167,0.5756235895580782,63.139013452914796
DEWA_WS_056_01,DEWA,Delaware Water Gap National Recreation Area,11.275658650587953,33.97880796210598,63.30347998188387,0.7523903921567533,47.08520179372198,0.6691965592755114,60.35874439461884,0.6624551453076818,86.09865470852019
DEWA_WS_057_01,DEWA,Delaware Water Gap National Recreation Area,11.275658650587953,33.97880796210598,63.30347998188387,0.7523903921567533,47.08520179372198,0.6691965592755114,60.35874439461884,0.6624551453076818,86.09865470852019
DEWA_WS_059_01,DEWA,Delaware Water Gap National Recreation Area,11.275658650587953,33.97880796210598,63.30347998188387,0.7523903921567533,47.08520179372198,0.6691965592755114,60.35874439461884,0.6624551453076818,86.09865470852019
DEWA_WS_060_01,DEWA,Delaware Water Gap National Recreation Area,11.275658650587953,33.97880796210598,63.30347998188387,0.7523903921567533,47.08520179372198,0.6691965592755114,60.35874439461884,0.6624551453076818,86.09865470852019
DEWA_WS_061_01,DEWA,Delaware Water Gap National Recreation Area,9.765888612949233,34.82876090748339,56.355164868520525,0.7269753510042725,34.7982062780269,0.6816393335218779,76.41255605381167,0.5756235895580782,63.139013452914796
DEWA_WS_063_01,DEWA,Delaware Water Gap National Recreation Area,11.275658650587953,33.97880796210598,63.30347998188387,0.7523903921567533,47.08520179372198,0.6691965592755114,60.35874439461884,0.6624551453076818,86.09865470852019
DEWA_WS_065_01,DEWA,Delaware Water Gap National Recreation Area,9.765888612949233,34.82876090748339,56.355164868520525,0.7269753510042725,34.7982062780269,0.6816393335218779,76.41255605381167,0.5756235895580782,63.139013452914796
DEWA_WS_069_01,DEWA,Delaware Water Gap National Recreation Area,9.765888612949233,34.82876090748339,56.355164868520525,0.7269753510042725,34.7982062780269,0.6816393335218779,76.41255605381167,0.5756235895580782,63.139013452914796
DEWA_WS_071_01,DEWA,Delaware Water Gap National Recreation Area,9.765888612949233,34.82876090748339,56.355164868520525,0.7269753510042725,34.7982062780269,0.6816393335218779,76.41255605381167,0.5756235895580782,63.139013452914796
DEWA_WS_072_01,DEWA,Delaware Water Gap National Recreation Area,9.765888612949233,34.82876090748339,56.355164868520525,0.7269753510042725,34.7982062780269,0.6816393335218779,76.41255605381167,0.5756235895580782,63.139013452914796
DEWA_WS_074_01,DEWA,Delaware Water Gap National Recreation Area,9.765888612949233,34.82876090748339,56.355164868520525,0.7269753510042725,34.7982062780269,0.6816393335218779,76.41255605381167,0.5756235895580782,63.139013452914796
DEWA_WS_075_01,DEWA,Delaware Water Gap National Recreation Area,9.765888612949233,34.82876090748339,56.355164868520525,0.7269753510042725,34.7982062780269,0.6816393335218779,76.41255605381167,0.5756235895580782,63.139013452914796
DEWA_WS_077_01,DEWA,Delaware Water Gap National Recreation Area,9.765888612949233,34.82876090748339,56.355164868520525,0.7269753510042725,34.7982062780269,0.6816393335218779,76.41255605381167,0.5756235895580782,63.139013452914796
DEWA_WS_079_01,DEWA,Delaware Water Gap National Recreation Area,9.765888612949233,34.82876090748339,56.355164868520525,0.7269753510042725,34.7982062780269,0.6816393335218779,76.41255605381167,0.5756235895580782,63.139013452914796
DEWA_WS_080_01,DEWA,Delaware Water Gap National Recreation Area,9.765888612949233,34.82876090748339,56.355164868520525,0.7269753510042725,34.7982062780269,0.6816393335218779,76.41255605381167,0.5756235895580782,63.139013452914796
DEWA_WS_081_01,DEWA,Delaware Water Gap National Recreation Area,11.275658650587953,33.97880796210598,63.30347998188387,0.7523903921567533,47.08520179372198,0.6691965592755114,60.35874439461884,0.6624551453076818,86.09865470852019
GATE_WS_001_01,GATE,Gateway National Recreation Area,13.010108088683273,28.780770086390294,46.90259630837068,0.7815876226932876,57.309417040358746,0.5931005681228797,39.28251121076233,0.45749693287708887,40.53811659192825
MORR_WS_001_01,MORR,Morristown National Historic Park,9.954061301047991,32.37429089015554,50.52008951068596,0.730142996733474,41.0762331838565,0.6457074428375947,54.97757847533632,0.5027039445836441,48.96860986547085
MORR_WS_002_01,MORR,Morristown National Historic Park,9.954061301047991,32.37429089015554,50.52008951068596,0.730142996733474,41.0762331838565,0.6457074428375947,54.97757847533632,0.5027039445836441,48.96860986547085
MORR_WS_003_01,MORR,Morristown National Historic Park,9.954061301047991,32.37429089015554,50.52008951068596,0.730142996733474,41.0762331838565,0.6457074428375947,54.97757847533632,0.5027039445836441,48.96860986547085
MORR_WS_004_01,MORR,Morristown National Historic Park,9.954061301047991,32.37429089015554,50.52008951068596,0.730142996733474,41.0762331838565,0.6457074428375947,54.97757847533632,0.5027039445836441,48.96860986547085
MORR_WS_005_01,MORR,Morristown National Historic Park,9.954061301047991,32.37429089015554,50.52008951068596,0.730142996733474,41.0762331838565,0.6457074428375947,54.97757847533632,0.5027039445836441,48.96860986547085
MORR_WS_006_01,MORR,Morristown National Historic Park,9.954061301047991,32.37429089015554,50.52008951068596,0.730142996733474,41.0762331838565,0.6457074428375947,54.97757847533632,0.5027039445836441,48.96860986547085
MORR_WS_007_01,MORR,Morristown National Historic Park,9.954061301047991,32.37429089015554,50.52008951068596,0.730142996733474,41.0762331838565,0.6457074428375947,54.97757847533632,0.5027039445836441,48.96860986547085
MORR_WS_008_01,MORR,Morristown National Historic Park,9.954061301047991,32.37429089015554,50.52008951068596,0.730142996733474,41.0762331838565,0.6457074428375947,54.97757847533632,0.5027039445836441,48.96860986547085
STLI_WS_001_01,STLI,Statue of Liberty National Monument,9.954061301047991,32.37429089015554,50.52008951068596,0.730142996733474,41.0762331838565,0.6457074428375947,54.97757847533632,0.5027039445836441,48.96860986547085
STLI_WS_002_01,STLI,Statue of Liberty National Monument,9.954061301047991,32.37429089015554,50.52008951068596,0.730142996733474,41.0762331838565,0.6457074428375947,54.97757847533632,0.5027039445836441,48.96860986547085
AZRU_WS_001_01,AZRU,Aztec Ruins National Monument,-24.662276758466117,-8.625988044465947,10.503768657497508,0.14742136734764394,2.3318385650224216,0.045489257117888524,1.7937219730941705,0.0026288417180610887,1.1659192825112108
BAND_WS_002_01,BAND,Bandelier National Monument,7.117674617105784,19.559719904404695,30.79144785864513,0.682396066737775,23.856502242152466,0.45811021794776924,26.367713004484305,0.25615947739641526,22.242152466367713
BAND_WS_003_01,BAND,Bandelier National Monument,7.117674617105784,19.559719904404695,30.79144785864513,0.682396066737775,23.856502242152466,0.45811021794776924,26.367713004484305,0.25615947739641526,22.242152466367713
BAND_WS_001_01,BAND,Bandelier National Monument,7.117674617105784,19.559719904404695,30.79144785864513,0.682396066737775,23.856502242152466,0.45811021794776924,26.367713004484305,0.25615947739641526,22.242152466367713
BAND_WS_004_01,BAND,Bandelier National Monument,7.117674617105784,19.559719904404695,30.79144785864513,0.682396066737775,23.856502242152466,0.45811021794776924,26.367713004484305,0.25615947739641526,22.242152466367713
CAVE_WS_001_01,CAVE,Carlsbad Caverns National Park,-24.140681897440576,-1.6046162535058726,20.626032475377688,0.15620174748992016,2.4215246636771304,0.14827770507829716,2.600896860986547,0.12912453177737532,5.739910313901345
CAVO_WS_001_01,CAVO,Capulin Volcano National Monument,-29.265556795043274,-7.913612776586479,10.293407107683548,0.0699310551481924,0.8968609865470852,0.055917981066816246,2.242152466367713,0,0.4484304932735426
ELMA_WS_001_01,ELMA,El Malpais National Monument,-24.662276758466117,-8.625988044465947,10.503768657497508,0.14742136734764394,2.3318385650224216,0.045489257117888524,1.7937219730941705,0.0026288417180610887,1.1659192825112108
ELMA_WS_003_01,ELMA,El Malpais National Monument,-24.662276758466117,-8.625988044465947,10.503768657497508,0.14742136734764394,2.3318385650224216,0.045489257117888524,1.7937219730941705,0.0026288417180610887,1.1659192825112108
ELMA_WS_002_01,ELMA,El Malpais National Monument,-24.662276758466117,-8.625988044465947,10.503768657497508,0.14742136734764394,2.3318385650224216,0.045489257117888524,1.7937219730941705,0.0026288417180610887,1.1659192825112108
ELMO_WS_001_01,ELMO,El Morro National Monument,-24.662276758466117,-8.625988044465947,10.503768657497508,0.14742136734764394,2.3318385650224216,0.045489257117888524,1.7937219730941705,0.0026288417180610887,1.1659192825112108
FOUN_WS_001_01,FOUN,Fort Union National Monument,-29.265556795043274,-7.913612776586479,10.293407107683548,0.0699310551481924,0.8968609865470852,0.055917981066816246,2.242152466367713,0,0.4484304932735426
GICL_WS_001_01,GICL,Gila Cliff Dwellings National Monument,-11.727324010727731,1.718622843501592,19.75321776828036,0.3651646979169269,10.134529147982063,0.1969278263298937,7.802690582959642,0.1182171596070147,5.291479820627803
PECO_WS_001_01,PECO,Pecos National Historical Park,7.117674617105784,19.559719904404695,30.79144785864513,0.682396066737775,23.856502242152466,0.45811021794776924,26.367713004484305,0.25615947739641526,22.242152466367713
PECO_WS_002_01,PECO,Pecos National Historical Park,7.117674617105784,19.559719904404695,30.79144785864513,0.682396066737775,23.856502242152466,0.45811021794776924,26.367713004484305,0.25615947739641526,22.242152466367713
PECO_WS_004_01,PECO,Pecos National Historical Park,7.117674617105784,19.559719904404695,30.79144785864513,0.682396066737775,23.856502242152466,0.45811021794776924,26.367713004484305,0.25615947739641526,22.242152466367713
PECO_WS_003_01,PECO,Pecos National Historical Park,7.117674617105784,19.559719904404695,30.79144785864513,0.682396066737775,23.856502242152466,0.45811021794776924,26.367713004484305,0.25615947739641526,22.242152466367713
PECO_WS_005_01,PECO,Pecos National Historical Park,7.117674617105784,19.559719904404695,30.79144785864513,0.682396066737775,23.856502242152466,0.45811021794776924,26.367713004484305,0.25615947739641526,22.242152466367713
PECO_WS_006_01,PECO,Pecos National Historical Park,7.117674617105784,19.559719904404695,30.79144785864513,0.682396066737775,23.856502242152466,0.45811021794776924,26.367713004484305,0.25615947739641526,22.242152466367713
SAPU_WS_001_01,SAPU,Salinas Pueblo Missions National Monument,-29.265556795043274,-7.913612776586479,10.293407107683548,0.0699310551481924,0.8968609865470852,0.055917981066816246,2.242152466367713,0,0.4484304932735426
SAPU_WS_003_01,SAPU,Salinas Pueblo Missions National Monument,-29.265556795043274,-7.913612776586479,10.293407107683548,0.0699310551481924,0.8968609865470852,0.055917981066816246,2.242152466367713,0,0.4484304932735426
SAPU_WS_002_01,SAPU,Salinas Pueblo Missions National Monument,-29.265556795043274,-7.913612776586479,10.293407107683548,0.0699310551481924,0.8968609865470852,0.055917981066816246,2.242152466367713,0,0.4484304932735426
VALL_WS_003_01,VALL,Valles Caldera National Preserve,7.117674617105784,19.559719904404695,30.79144785864513,0.682396066737775,23.856502242152466,0.45811021794776924,26.367713004484305,0.25615947739641526,22.242152466367713
VALL_WS_001_01,VALL,Valles Caldera National Preserve,7.117674617105784,19.559719904404695,30.79144785864513,0.682396066737775,23.856502242152466,0.45811021794776924,26.367713004484305,0.25615947739641526,22.242152466367713
WHSA_WS_001_01,WHSA,White Sands National Monument,-27.423242477571314,-6.137796805217807,14.578519576772415,0.1009440525100853,1.6143497757847534,0.08191480519102808,2.3318385650224216,0.0535501018854777,2.780269058295964
GRBA_WS_001_01,GRBA,Great Basin National Park,-5.5633099059515345,5.412626444697099,32.74512697400305,0.46892796532311665,14.52914798206278,0.251005705728889,10.852017937219731,0.2805741727944082,25.112107623318387
GRBA_WS_002_01,GRBA,Great Basin National Park,-5.5633099059515345,5.412626444697099,32.74512697400305,0.46892796532311665,14.52914798206278,0.251005705728889,10.852017937219731,0.2805741727944082,25.112107623318387
GRBA_WS_003_01,GRBA,Great Basin National Park,-2.344123778222067,8.639151590624115,25.219651412208126,0.5231188327228299,14.887892376681613,0.29823999582616934,11.659192825112108,0.18652997069287566,17.309417040358742
GRBA_WS_003_02,GRBA,Great Basin National Park,-2.344123778222067,8.639151590624115,25.219651412208126,0.5231188327228299,14.887892376681613,0.29823999582616934,11.659192825112108,0.18652997069287566,17.309417040358742
ELRO_WS_001_01,ELRO,Eleanor Roosevelt National Historic Site,16.778635589077226,30.144041252973796,56.46312564562811,0.8450259471526629,82.78026905829596,0.6130579968895358,47.71300448430493,0.5769727514891712,71.39013452914799
ELRO_WS_002_01,ELRO,Eleanor Roosevelt National Historic Site,16.778635589077226,30.144041252973796,56.46312564562811,0.8450259471526629,82.78026905829596,0.6130579968895358,47.71300448430493,0.5769727514891712,71.39013452914799
FIIS_WS_004_01,FIIS,Fire Island National Seashore,16.778635589077226,30.144041252973796,56.46312564562811,0.8450259471526629,82.78026905829596,0.6130579968895358,47.71300448430493,0.5769727514891712,71.39013452914799
FOST_WS_001_01,FOST,Fort Stanwix National Monument,14.494723459621758,38.630360871775856,58.90151141876687,0.8065792173119088,63.318385650224215,0.7372923557132204,83.67713004484305,0.6074447186848057,77.75784753363229
HOFR_WS_001_01,HOFR,Home of Franklin D. Roosevelt National Historic Site,16.778635589077226,30.144041252973796,56.46312564562811,0.8450259471526629,82.78026905829596,0.6130579968895358,47.71300448430493,0.5769727514891712,71.39013452914799
HOFR_WS_002_01,HOFR,Home of Franklin D. Roosevelt National Historic Site,16.778635589077226,30.144041252973796,56.46312564562811,0.8450259471526629,82.78026905829596,0.6130579968895358,47.71300448430493,0.5769727514891712,71.39013452914799
HOFR_WS_004_01,HOFR,Home of Franklin D. Roosevelt National Historic Site,16.778635589077226,30.144041252973796,56.46312564562811,0.8450259471526629,82.78026905829596,0.6130579968895358,47.71300448430493,0.5769727514891712,71.39013452914799
MAVA_WS_001_01,MAVA,Martin Van Buren National Historic Site,16.778635589077226,30.144041252973796,56.46312564562811,0.8450259471526629,82.78026905829596,0.6130579968895358,47.71300448430493,0.5769727514891712,71.39013452914799
MAVA_WS_002_01,MAVA,Martin Van Buren National Historic Site,16.778635589077226,30.144041252973796,56.46312564562811,0.8450259471526629,82.78026905829596,0.6130579968895358,47.71300448430493,0.5769727514891712,71.39013452914799
MAVA_WS_003_01,MAVA,Martin Van Buren National Historic Site,16.778635589077226,30.144041252973796,56.46312564562811,0.8450259471526629,82.78026905829596,0.6130579968895358,47.71300448430493,0.5769727514891712,71.39013452914799
MAVA_WS_004_01,MAVA,Martin Van Buren National Historic Site,16.778635589077226,30.144041252973796,56.46312564562811,0.8450259471526629,82.78026905829596,0.6130579968895358,47.71300448430493,0.5769727514891712,71.39013452914799
SAHI_WS_001_01,SAHI,Sagamore Hill National Historic Site,16.778635589077226,30.144041252973796,56.46312564562811,0.8450259471526629,82.78026905829596,0.6130579968895358,47.71300448430493,0.5769727514891712,71.39013452914799
SARA_WS_001_01,SARA,Saratoga National Historical Park,16.778635589077226,30.144041252973796,56.46312564562811,0.8450259471526629,82.78026905829596,0.6130579968895358,47.71300448430493,0.5769727514891712,71.39013452914799
SARA_WS_002_01,SARA,Saratoga National Historical Park,16.778635589077226,30.144041252973796,56.46312564562811,0.8450259471526629,82.78026905829596,0.6130579968895358,47.71300448430493,0.5769727514891712,71.39013452914799
VAMA_WS_001_01,VAMA,Vanderbilt Mansion National Historic Site,16.778635589077226,30.144041252973796,56.46312564562811,0.8450259471526629,82.78026905829596,0.6130579968895358,47.71300448430493,0.5769727514891712,71.39013452914799
WORI_WS_001_01,WORI,Women's Rights National Historical Park,14.494723459621758,38.630360871775856,58.90151141876687,0.8065792173119088,63.318385650224215,0.7372923557132204,83.67713004484305,0.6074447186848057,77.75784753363229
WORI_WS_002_01,WORI,Women's Rights National Historical Park,14.494723459621758,38.630360871775856,58.90151141876687,0.8065792173119088,63.318385650224215,0.7372923557132204,83.67713004484305,0.6074447186848057,77.75784753363229
CUVA_WS_004_01,CUVA,Cuyahoga Valley National Park,8.472893321135164,35.40491117654628,53.28634319510287,0.7052094345188624,25.650224215246638,0.6900738095348405,76.68161434977578,0.5372732044829299,54.61883408071749
CHIC_WS_002_01,CHIC,Chickasaw National Recreation Area,17.78146760952072,30.54584863720881,38.683544538117225,0.8619073373201738,86.99551569506725,0.6189402031925438,48.34080717488789,0.3547852624427601,33.6322869955157
CHIC_WS_005_01,CHIC,Chickasaw National Recreation Area,17.78146760952072,30.54584863720881,38.683544538117225,0.8619073373201738,86.99551569506725,0.6189402031925438,48.34080717488789,0.3547852624427601,33.6322869955157
CHIC_WS_003_01,CHIC,Chickasaw National Recreation Area,17.78146760952072,30.54584863720881,38.683544538117225,0.8619073373201738,86.99551569506725,0.6189402031925438,48.34080717488789,0.3547852624427601,33.6322869955157
CHIC_WS_001_01,CHIC,Chickasaw National Recreation Area,17.78146760952072,30.54584863720881,38.683544538117225,0.8619073373201738,86.99551569506725,0.6189402031925438,48.34080717488789,0.3547852624427601,33.6322869955157
CHIC_WS_004_01,CHIC,Chickasaw National Recreation Area,17.78146760952072,30.54584863720881,38.683544538117225,0.8619073373201738,86.99551569506725,0.6189402031925438,48.34080717488789,0.3547852624427601,33.6322869955157
CHIC_WS_006_01,CHIC,Chickasaw National Recreation Area,17.78146760952072,30.54584863720881,38.683544538117225,0.8619073373201738,86.99551569506725,0.6189402031925438,48.34080717488789,0.3547852624427601,33.6322869955157
CHIC_WS_007_01,CHIC,Chickasaw National Recreation Area,17.78146760952072,30.54584863720881,38.683544538117225,0.8619073373201738,86.99551569506725,0.6189402031925438,48.34080717488789,0.3547852624427601,33.6322869955157
CRLA_WS_001_01,CRLA,Crater Lake National Park,22.399506626287664,39.804749095246514,89.03077115771119,0.9396460980114756,94.52914798206278,0.7544846575008778,86.72645739910314,0.9839634076091007,99.01345291479821
CRLA_WS_002_01,CRLA,Crater Lake National Park,22.399506626287664,39.804749095246514,89.03077115771119,0.9396460980114756,94.52914798206278,0.7544846575008778,86.72645739910314,0.9839634076091007,99.01345291479821
CRLA_WS_003_01,CRLA,Crater Lake National Park,22.399506626287664,39.804749095246514,89.03077115771119,0.9396460980114756,94.52914798206278,0.7544846575008778,86.72645739910314,0.9839634076091007,99.01345291479821
JODA_WS_006_01,JODA,John Day Fossil Beds National Monument,11.115437921447544,19.371937559188577,26.5660909107406,0.7496932817869166,45.38116591928251,0.4553612030267845,25.02242152466368,0.2033561270304656,17.57847533632287
ORCA_WS_001_01,ORCA,Oregon Caves National Monument,13.931294832589208,31.459264152474013,51.128384021271366,0.7970946194026048,62.062780269058294,0.6323120293758472,49.68609865470852,0.5103056664178324,49.775784753363226
ORCA_WS_003_01,ORCA,Oregon Caves National Monument,13.931294832589208,31.459264152474013,51.128384021271366,0.7970946194026048,62.062780269058294,0.6323120293758472,49.68609865470852,0.5103056664178324,49.775784753363226
ALPO_WS_001_01,ALPO,Allegheny Portage Railroad National Historic Site,9.765888612949233,34.82876090748339,56.355164868520525,0.7269753510042725,34.7982062780269,0.6816393335218779,76.41255605381167,0.5756235895580782,63.139013452914796
ALPO_WS_002_01,ALPO,Allegheny Portage Railroad National Historic Site,9.765888612949233,34.82876090748339,56.355164868520525,0.7269753510042725,34.7982062780269,0.6816393335218779,76.41255605381167,0.5756235895580782,63.139013452914796
ALPO_WS_003_01,ALPO,Allegheny Portage Railroad National Historic Site,9.765888612949233,34.82876090748339,56.355164868520525,0.7269753510042725,34.7982062780269,0.6816393335218779,76.41255605381167,0.5756235895580782,63.139013452914796
ALPO_WS_004_01,ALPO,Allegheny Portage Railroad National Historic Site,9.765888612949233,34.82876090748339,56.355164868520525,0.7269753510042725,34.7982062780269,0.6816393335218779,76.41255605381167,0.5756235895580782,63.139013452914796
EISE_WS_001_01,EISE,Eisenhower National Historic Site,9.954061301047991,32.37429089015554,50.52008951068596,0.730142996733474,41.0762331838565,0.6457074428375947,54.97757847533632,0.5027039445836441,48.96860986547085
FLNI_WS_001_01,FLNI,Flight 93 National Memorial,9.765888612949233,34.82876090748339,56.355164868520525,0.7269753510042725,34.7982062780269,0.6816393335218779,76.41255605381167,0.5756235895580782,63.139013452914796
FLNI_WS_002_01,FLNI,Flight 93 National Memorial,9.765888612949233,34.82876090748339,56.355164868520525,0.7269753510042725,34.7982062780269,0.6816393335218779,76.41255605381167,0.5756235895580782,63.139013452914796
FLNI_WS_003_01,FLNI,Flight 93 National Memorial,9.765888612949233,34.82876090748339,56.355164868520525,0.7269753510042725,34.7982062780269,0.6816393335218779,76.41255605381167,0.5756235895580782,63.139013452914796
FLNI_WS_004_01,FLNI,Flight 93 National Memorial,9.765888612949233,34.82876090748339,56.355164868520525,0.7269753510042725,34.7982062780269,0.6816393335218779,76.41255605381167,0.5756235895580782,63.139013452914796
FONE_WS_001_01,FONE,Fort Necessity National Battlefield,9.765888612949233,34.82876090748339,56.355164868520525,0.7269753510042725,34.7982062780269,0.6816393335218779,76.41255605381167,0.5756235895580782,63.139013452914796
FRHI_WS_001_01,FRHI,Friendship Hill National Historic Site,8.472893321135164,35.40491117654628,53.28634319510287,0.7052094345188624,25.650224215246638,0.6900738095348405,76.68161434977578,0.5372732044829299,54.61883408071749
FRHI_WS_002_01,FRHI,Friendship Hill National Historic Site,8.472893321135164,35.40491117654628,53.28634319510287,0.7052094345188624,25.650224215246638,0.6900738095348405,76.68161434977578,0.5372732044829299,54.61883408071749
GETT_WS_001_01,GETT,Gettysburg National Military Park,9.954061301047991,32.37429089015554,50.52008951068596,0.730142996733474,41.0762331838565,0.6457074428375947,54.97757847533632,0.5027039445836441,48.96860986547085
GETT_WS_002_01,GETT,Gettysburg National Military Park,9.954061301047991,32.37429089015554,50.52008951068596,0.730142996733474,41.0762331838565,0.6457074428375947,54.97757847533632,0.5027039445836441,48.96860986547085
GETT_WS_004_01,GETT,Gettysburg National Military Park,9.954061301047991,32.37429089015554,50.52008951068596,0.730142996733474,41.0762331838565,0.6457074428375947,54.97757847533632,0.5027039445836441,48.96860986547085
GETT_WS_005_01,GETT,Gettysburg National Military Park,9.954061301047991,32.37429089015554,50.52008951068596,0.730142996733474,41.0762331838565,0.6457074428375947,54.97757847533632,0.5027039445836441,48.96860986547085
GETT_WS_007_01,GETT,Gettysburg National Military Park,9.954061301047991,32.37429089015554,50.52008951068596,0.730142996733474,41.0762331838565,0.6457074428375947,54.97757847533632,0.5027039445836441,48.96860986547085
GETT_WS_008_01,GETT,Gettysburg National Military Park,9.954061301047991,32.37429089015554,50.52008951068596,0.730142996733474,41.0762331838565,0.6457074428375947,54.97757847533632,0.5027039445836441,48.96860986547085
HOFU_WS_001_01,HOFU,Hopewell Furnace National Historic Site,9.954061301047991,32.37429089015554,50.52008951068596,0.730142996733474,41.0762331838565,0.6457074428375947,54.97757847533632,0.5027039445836441,48.96860986547085
HOFU_WS_002_01,HOFU,Hopewell Furnace National Historic Site,9.954061301047991,32.37429089015554,50.52008951068596,0.730142996733474,41.0762331838565,0.6457074428375947,54.97757847533632,0.5027039445836441,48.96860986547085
HOFU_WS_003_01,HOFU,Hopewell Furnace National Historic Site,9.954061301047991,32.37429089015554,50.52008951068596,0.730142996733474,41.0762331838565,0.6457074428375947,54.97757847533632,0.5027039445836441,48.96860986547085
HOFU_WS_004_01,HOFU,Hopewell Furnace National Historic Site,9.954061301047991,32.37429089015554,50.52008951068596,0.730142996733474,41.0762331838565,0.6457074428375947,54.97757847533632,0.5027039445836441,48.96860986547085
HOFU_WS_005_01,HOFU,Hopewell Furnace National Historic Site,9.954061301047991,32.37429089015554,50.52008951068596,0.730142996733474,41.0762331838565,0.6457074428375947,54.97757847533632,0.5027039445836441,48.96860986547085
JOFL_WS_001_01,JOFL,Johnstown Flood National Memorial,9.765888612949233,34.82876090748339,56.355164868520525,0.7269753510042725,34.7982062780269,0.6816393335218779,76.41255605381167,0.5756235895580782,63.139013452914796
JOFL_WS_002_01,JOFL,Johnstown Flood National Memorial,9.765888612949233,34.82876090748339,56.355164868520525,0.7269753510042725,34.7982062780269,0.6816393335218779,76.41255605381167,0.5756235895580782,63.139013452914796
UPDE_WS_001_01,UPDE,Upper Delaware Scenic and Recreation River,11.275658650587953,33.97880796210598,63.30347998188387,0.7523903921567533,47.08520179372198,0.6691965592755114,60.35874439461884,0.6624551453076818,86.09865470852019
UPDE_WS_002_01,UPDE,Upper Delaware Scenic and Recreation River,11.275658650587953,33.97880796210598,63.30347998188387,0.7523903921567533,47.08520179372198,0.6691965592755114,60.35874439461884,0.6624551453076818,86.09865470852019
UPDE_WS_004_01,UPDE,Upper Delaware Scenic and Recreation River,11.275658650587953,33.97880796210598,63.30347998188387,0.7523903921567533,47.08520179372198,0.6691965592755114,60.35874439461884,0.6624551453076818,86.09865470852019
UPDE_WS_005_01,UPDE,Upper Delaware Scenic and Recreation River,11.275658650587953,33.97880796210598,63.30347998188387,0.7523903921567533,47.08520179372198,0.6691965592755114,60.35874439461884,0.6624551453076818,86.09865470852019
VAFO_WS_002_01,VAFO,Valley Forge National Historical Park,9.954061301047991,32.37429089015554,50.52008951068596,0.730142996733474,41.0762331838565,0.6457074428375947,54.97757847533632,0.5027039445836441,48.96860986547085
VAFO_WS_003_01,VAFO,Valley Forge National Historical Park,9.954061301047991,32.37429089015554,50.52008951068596,0.730142996733474,41.0762331838565,0.6457074428375947,54.97757847533632,0.5027039445836441,48.96860986547085
VAFO_WS_004_01,VAFO,Valley Forge National Historical Park,9.954061301047991,32.37429089015554,50.52008951068596,0.730142996733474,41.0762331838565,0.6457074428375947,54.97757847533632,0.5027039445836441,48.96860986547085
CHPI_WS_001_01,CHPI,Charles Pinckney National Historic Site,11.097710630948873,24.206264734462245,37.39143469457153,0.7493948656001375,45.2017937219731,0.5261326992633142,34.52914798206278,0.3386380517760088,32.46636771300449
CONG_WS_001_01,CONG,Congaree National Park,13.342673349524311,23.455429289018944,35.64259552493635,0.7871859320910418,60.71748878923767,0.5151409426082766,30.40358744394619,0.31678319583212483,28.340807174887892
CONG_WS_002_01,CONG,Congaree National Park,13.342673349524311,23.455429289018944,35.64259552493635,0.7871859320910418,60.71748878923767,0.5151409426082766,30.40358744394619,0.31678319583212483,28.340807174887892
CONG_WS_003_01,CONG,Congaree National Park,13.342673349524311,23.455429289018944,35.64259552493635,0.7871859320910418,60.71748878923767,0.5151409426082766,30.40358744394619,0.31678319583212483,28.340807174887892
COWP_WS_001_01,COWP,Cowpens National Battlefield,15.037626002309027,29.91867458488226,42.303662700346386,0.8157182849316128,72.6457399103139,0.6097587712218447,40.53811659192825,0.40002507769224394,36.681614349775785
FOSU_WS_001_01,FOSU,Fort Sumter National Monument,11.097710630948873,24.206264734462245,37.39143469457153,0.7493948656001375,45.2017937219731,0.5261326992633142,34.52914798206278,0.3386380517760088,32.46636771300449
FOSU_WS_004_01,FOSU,Fort Sumter National Monument,11.097710630948873,24.206264734462245,37.39143469457153,0.7493948656001375,45.2017937219731,0.5261326992633142,34.52914798206278,0.3386380517760088,32.46636771300449
FOSU_WS_005_01,FOSU,Fort Sumter National Monument,11.097710630948873,24.206264734462245,37.39143469457153,0.7493948656001375,45.2017937219731,0.5261326992633142,34.52914798206278,0.3386380517760088,32.46636771300449
KIMO_WS_002_01,KIMO,Kings Mountain National Military Park,15.037626002309027,29.91867458488226,42.303662700346386,0.8157182849316128,72.6457399103139,0.6097587712218447,40.53811659192825,0.40002507769224394,36.681614349775785
KIMO_WS_002_02,KIMO,Kings Mountain National Military Park,15.037626002309027,29.91867458488226,42.303662700346386,0.8157182849316128,72.6457399103139,0.6097587712218447,40.53811659192825,0.40002507769224394,36.681614349775785
NISI_WS_001_01,NISI,Ninety Six National Historic Site,15.037626002309027,29.91867458488226,42.303662700346386,0.8157182849316128,72.6457399103139,0.6097587712218447,40.53811659192825,0.40002507769224394,36.681614349775785
REER_WS_001_01,REER,Reconstruction Era National Historical Park,11.097710630948873,24.206264734462245,37.39143469457153,0.7493948656001375,45.2017937219731,0.5261326992633142,34.52914798206278,0.3386380517760088,32.46636771300449
BADL_WS_001_01,BADL,Badlands National Park,4.467069190853829,17.01212556779893,26.878342640535973,0.6377765258091831,17.130044843049326,0.420815046051363,24.2152466367713,0.2072582677712463,18.116591928251122
JECA_WS_001_01,JECA,Jewel Cave National Monument,0.5014086297425354,14.2439218994144,28.27257905922559,0.571019719246082,15.784753363228699,0.3802902928859066,17.48878923766816,0.2246817316387297,19.730941704035875
JECA_WS_001_02,JECA,Jewel Cave National Monument,0.5014086297425354,14.2439218994144,28.27257905922559,0.571019719246082,15.784753363228699,0.3802902928859066,17.48878923766816,0.2246817316387297,19.730941704035875
MIMI_WS_001_01,MIMI,Minuteman Missile National Historic Site,4.467069190853829,17.01212556779893,26.878342640535973,0.6377765258091831,17.130044843049326,0.420815046051363,24.2152466367713,0.2072582677712463,18.116591928251122
MIMI_WS_002_01,MIMI,Minuteman Missile National Historic Site,4.467069190853829,17.01212556779893,26.878342640535973,0.6377765258091831,17.130044843049326,0.420815046051363,24.2152466367713,0.2072582677712463,18.116591928251122
MORU_WS_002_01,MORU,Mount Rushmore National Memorial,0.5014086297425354,14.2439218994144,28.27257905922559,0.571019719246082,15.784753363228699,0.3802902928859066,17.48878923766816,0.2246817316387297,19.730941704035875
MORU_WS_002_02,MORU,Mount Rushmore National Memorial,0.5014086297425354,14.2439218994144,28.27257905922559,0.571019719246082,15.784753363228699,0.3802902928859066,17.48878923766816,0.2246817316387297,19.730941704035875
WICA_WS_001_01,WICA,Wind Cave National Park,0.5014086297425354,14.2439218994144,28.27257905922559,0.571019719246082,15.784753363228699,0.3802902928859066,17.48878923766816,0.2246817316387297,19.730941704035875
WICA_WS_001_02,WICA,Wind Cave National Park,0.5014086297425354,14.2439218994144,28.27257905922559,0.571019719246082,15.784753363228699,0.3802902928859066,17.48878923766816,0.2246817316387297,19.730941704035875
ANJO_WS_001_01,ANJO,Andrew Johnson National Historic Site,14.964785582234196,34.68606326289563,52.248911219398565,0.8144921099330276,70.85201793721974,0.6795503301402784,69.50672645739911,0.5243086467498559,54.34977578475336
BISO_WS_001_01,BISO,Big South Fork National River & Recreation Area,15.569892981377787,39.9541456010378,57.80581376836427,0.8246783164860186,73.45291479820628,0.7566717279791518,87.3542600896861,0.5937520277139164,72.01793721973094
BISO_WS_002_01,BISO,Big South Fork National River & Recreation Area,15.569892981377787,39.9541456010378,57.80581376836427,0.8246783164860186,73.45291479820628,0.7566717279791518,87.3542600896861,0.5937520277139164,72.01793721973094
BISO_WS_003_01,BISO,Big South Fork National River & Recreation Area,15.569892981377787,39.9541456010378,57.80581376836427,0.8246783164860186,73.45291479820628,0.7566717279791518,87.3542600896861,0.5937520277139164,72.01793721973094
BISO_WS_004_01,BISO,Big South Fork National River & Recreation Area,15.569892981377787,39.9541456010378,57.80581376836427,0.8246783164860186,73.45291479820628,0.7566717279791518,87.3542600896861,0.5937520277139164,72.01793721973094
OBRI_WS_001_01,OBRI,Obed Wild And Scenic River,15.569892981377787,39.9541456010378,57.80581376836427,0.8246783164860186,73.45291479820628,0.7566717279791518,87.3542600896861,0.5937520277139164,72.01793721973094
STRI_WS_001_01,STRI,Stones River National Battlefield,12.443403314440559,39.16394574645316,60.39171846004885,0.7720478750498572,53.00448430493273,0.7451037012388687,84.57399103139014,0.6260675061767927,78.83408071748879
STRI_WS_002_01,STRI,Stones River National Battlefield,12.443403314440559,39.16394574645316,60.39171846004885,0.7720478750498572,53.00448430493273,0.7451037012388687,84.57399103139014,0.6260675061767927,78.83408071748879
ALFL_WS_001_01,ALFL,Alibates Flint Quarries National Monument,-15.084166103281621,0.902708565567724,13.41579308719184,0.30865656899812244,7.26457399103139,0.18498335667432914,7.174887892376682,0.03901976635026533,2.062780269058296
AMIS_WS_004_01,AMIS,Amistad National Recreation Area,-19.527172561473442,-0.6634681351432973,22.00301827664357,0.23386425681772638,5.201793721973094,0.16205551905360874,4.304932735426009,0.14633241849786618,11.121076233183857
AMIS_WS_005_01,AMIS,Amistad National Recreation Area,-19.527172561473442,-0.6634681351432973,22.00301827664357,0.23386425681772638,5.201793721973094,0.16205551905360874,4.304932735426009,0.14633241849786618,11.121076233183857
AMIS_WS_003_01,AMIS,Amistad National Recreation Area,-19.527172561473442,-0.6634681351432973,22.00301827664357,0.23386425681772638,5.201793721973094,0.16205551905360874,4.304932735426009,0.14633241849786618,11.121076233183857
AMIS_WS_002_01,AMIS,Amistad National Recreation Area,-19.527172561473442,-0.6634681351432973,22.00301827664357,0.23386425681772638,5.201793721973094,0.16205551905360874,4.304932735426009,0.14633241849786618,11.121076233183857
AMIS_WS_001_01,AMIS,Amistad National Recreation Area,-19.527172561473442,-0.6634681351432973,22.00301827664357,0.23386425681772638,5.201793721973094,0.16205551905360874,4.304932735426009,0.14633241849786618,11.121076233183857
BIBE_WS_004_01,BIBE,Big Bend National Park,-19.527172561473442,-0.6634681351432973,22.00301827664357,0.23386425681772638,5.201793721973094,0.16205551905360874,4.304932735426009,0.14633241849786618,11.121076233183857
BIBE_WS_001_01,BIBE,Big Bend National Park,-19.527172561473442,-0.6634681351432973,22.00301827664357,0.23386425681772638,5.201793721973094,0.16205551905360874,4.304932735426009,0.14633241849786618,11.121076233183857
BIBE_WS_001_02,BIBE,Big Bend National Park,-19.527172561473442,-0.6634681351432973,22.00301827664357,0.23386425681772638,5.201793721973094,0.16205551905360874,4.304932735426009,0.14633241849786618,11.121076233183857
BIBE_WS_001_03,BIBE,Big Bend National Park,-19.527172561473442,-0.6634681351432973,22.00301827664357,0.23386425681772638,5.201793721973094,0.16205551905360874,4.304932735426009,0.14633241849786618,11.121076233183857
BIBE_WS_003_01,BIBE,Big Bend National Park,-19.527172561473442,-0.6634681351432973,22.00301827664357,0.23386425681772638,5.201793721973094,0.16205551905360874,4.304932735426009,0.14633241849786618,11.121076233183857
BIBE_WS_005_01,BIBE,Big Bend National Park,-19.527172561473442,-0.6634681351432973,22.00301827664357,0.23386425681772638,5.201793721973094,0.16205551905360874,4.304932735426009,0.14633241849786618,11.121076233183857
BIBE_WS_006_01,BIBE,Big Bend National Park,-19.527172561473442,-0.6634681351432973,22.00301827664357,0.23386425681772638,5.201793721973094,0.16205551905360874,4.304932735426009,0.14633241849786618,11.121076233183857
BIBE_WS_006_02,BIBE,Big Bend National Park,-19.527172561473442,-0.6634681351432973,22.00301827664357,0.23386425681772638,5.201793721973094,0.16205551905360874,4.304932735426009,0.14633241849786618,11.121076233183857
BIBE_WS_006_03,BIBE,Big Bend National Park,-19.527172561473442,-0.6634681351432973,22.00301827664357,0.23386425681772638,5.201793721973094,0.16205551905360874,4.304932735426009,0.14633241849786618,11.121076233183857
BIBE_WS_008_01,BIBE,Big Bend National Park,-19.527172561473442,-0.6634681351432973,22.00301827664357,0.23386425681772638,5.201793721973094,0.16205551905360874,4.304932735426009,0.14633241849786618,11.121076233183857
BIBE_WS_007_01,BIBE,Big Bend National Park,-19.527172561473442,-0.6634681351432973,22.00301827664357,0.23386425681772638,5.201793721973094,0.16205551905360874,4.304932735426009,0.14633241849786618,11.121076233183857
BITH_WS_004_01,BITH,Big Thicket National Preserve,18.534592832288414,39.633153357887814,51.137117793668786,0.8745852339881646,90.94170403587444,0.7519726042946323,85.47085201793722,0.5104148104379952,50.134529147982065
BITH_WS_006_01,BITH,Big Thicket National Preserve,18.534592832288414,39.633153357887814,51.137117793668786,0.8745852339881646,90.94170403587444,0.7519726042946323,85.47085201793722,0.5104148104379952,50.134529147982065
BITH_WS_001_01,BITH,Big Thicket National Preserve,18.534592832288414,39.633153357887814,51.137117793668786,0.8745852339881646,90.94170403587444,0.7519726042946323,85.47085201793722,0.5104148104379952,50.134529147982065
BITH_WS_003_01,BITH,Big Thicket National Preserve,18.534592832288414,39.633153357887814,51.137117793668786,0.8745852339881646,90.94170403587444,0.7519726042946323,85.47085201793722,0.5104148104379952,50.134529147982065
BLSC_WS_001_01,BLSC,Blackwell School,-19.527172561473442,-0.6634681351432973,22.00301827664357,0.23386425681772638,5.201793721973094,0.16205551905360874,4.304932735426009,0.14633241849786618,11.121076233183857
FODA_WS_002_01,FODA,Fort Davis National Historic Site,-19.527172561473442,-0.6634681351432973,22.00301827664357,0.23386425681772638,5.201793721973094,0.16205551905360874,4.304932735426009,0.14633241849786618,11.121076233183857
FODA_WS_001_01,FODA,Fort Davis National Historic Site,-19.527172561473442,-0.6634681351432973,22.00301827664357,0.23386425681772638,5.201793721973094,0.16205551905360874,4.304932735426009,0.14633241849786618,11.121076233183857
GUMO_WS_004_01,GUMO,Guadalupe Mountains National Park,-18.830884855680043,4.310568343430553,20.067008405698193,0.24558536682490503,5.560538116591928,0.2348722712428776,9.686098654708521,0.12213853173566895,5.650224215246637
GUMO_WS_001_01,GUMO,Guadalupe Mountains National Park,-18.830884855680043,4.310568343430553,20.067008405698193,0.24558536682490503,5.560538116591928,0.2348722712428776,9.686098654708521,0.12213853173566895,5.650224215246637
GUMO_WS_002_01,GUMO,Guadalupe Mountains National Park,-18.830884855680043,4.310568343430553,20.067008405698193,0.24558536682490503,5.560538116591928,0.2348722712428776,9.686098654708521,0.12213853173566895,5.650224215246637
GUMO_WS_003_01,GUMO,Guadalupe Mountains National Park,-18.830884855680043,4.310568343430553,20.067008405698193,0.24558536682490503,5.560538116591928,0.2348722712428776,9.686098654708521,0.12213853173566895,5.650224215246637
LAMR_WS_001_01,LAMR,Lake Meredith National Recreation Area,-15.084166103281621,0.902708565567724,13.41579308719184,0.30865656899812244,7.26457399103139,0.18498335667432914,7.174887892376682,0.03901976635026533,2.062780269058296
LAMR_WS_002_01,LAMR,Lake Meredith National Recreation Area,-15.084166103281621,0.902708565567724,13.41579308719184,0.30865656899812244,7.26457399103139,0.18498335667432914,7.174887892376682,0.03901976635026533,2.062780269058296
LYJO_WS_003_01,LYJO,Lyndon B. Johnson National Historical Park,-6.710993744802933,5.1481602656427174,15.590607656382419,0.44960818067560504,14.349775784753364,0.2471340879179623,10.672645739910314,0.0661979425597079,3.3183856502242155
LYJO_WS_006_01,LYJO,Lyndon B. Johnson National Historical Park,-6.710993744802933,5.1481602656427174,15.590607656382419,0.44960818067560504,14.349775784753364,0.2471340879179623,10.672645739910314,0.0661979425597079,3.3183856502242155
LYJO_WS_004_01,LYJO,Lyndon B. Johnson National Historical Park,-6.710993744802933,5.1481602656427174,15.590607656382419,0.44960818067560504,14.349775784753364,0.2471340879179623,10.672645739910314,0.0661979425597079,3.3183856502242155
LYJO_WS_005_01,LYJO,Lyndon B. Johnson National Historical Park,-6.710993744802933,5.1481602656427174,15.590607656382419,0.44960818067560504,14.349775784753364,0.2471340879179623,10.672645739910314,0.0661979425597079,3.3183856502242155
LYJO_WS_002_01,LYJO,Lyndon B. Johnson National Historical Park,-6.710993744802933,5.1481602656427174,15.590607656382419,0.44960818067560504,14.349775784753364,0.2471340879179623,10.672645739910314,0.0661979425597079,3.3183856502242155
LYJO_WS_002_02,LYJO,Lyndon B. Johnson National Historical Park,-6.710993744802933,5.1481602656427174,15.590607656382419,0.44960818067560504,14.349775784753364,0.2471340879179623,10.672645739910314,0.0661979425597079,3.3183856502242155
SAAN_WS_001_01,SAAN,San Antonio Missions National Historical Park,14.51883023743285,20.88063924575076,27.50087727593535,0.8069850239810363,63.497757847533634,0.47744764274453844,26.547085201793724,0.21503794529274753,18.295964125560538
WACO_WS_001_01,WACO,Waco Mammoth National Monument,14.51883023743285,20.88063924575076,27.50087727593535,0.8069850239810363,63.497757847533634,0.47744764274453844,26.547085201793724,0.21503794529274753,18.295964125560538
CARE_WS_001_02,CARE,Capitol Reef National Park,-8.335142334793035,9.678108472990079,24.13422286503292,0.4222677233719877,13.811659192825113,0.3134496683254488,14.887892376681613,0.1729656104316391,16.95067264573991
CARE_WS_002_01,CARE,Capitol Reef National Park,-8.335142334793035,9.678108472990079,24.13422286503292,0.4222677233719877,13.811659192825113,0.3134496683254488,14.887892376681613,0.1729656104316391,16.95067264573991
CEBR_WS_001_01,CEBR,Cedar Breaks National Monument,20.025237668477338,33.48379203872507,51.4659593882657,0.8996783269168906,92.01793721973094,0.6619498388347106,57.13004484304933,0.5145242710465266,52.91479820627802
DINO_WS_005_01,DINO,Dinosaur National Monument,3.9100224636138736,13.58262829840092,30.932949533427344,0.6283993589932351,16.591928251121075,0.37060937227409113,16.50224215246637,0.25792779250044434,22.869955156950674
DINO_WS_007_01,DINO,Dinosaur National Monument,3.9100224636138736,13.58262829840092,30.932949533427344,0.6283993589932351,16.591928251121075,0.37060937227409113,16.50224215246637,0.25792779250044434,22.869955156950674
DINO_WS_003_01,DINO,Dinosaur National Monument,3.9100224636138736,13.58262829840092,30.932949533427344,0.6283993589932351,16.591928251121075,0.37060937227409113,16.50224215246637,0.25792779250044434,22.869955156950674
GLCA_WS_002_01,GLCA,Glen Canyon National Recreation Area,-8.335142334793035,9.678108472990079,24.13422286503292,0.4222677233719877,13.811659192825113,0.3134496683254488,14.887892376681613,0.1729656104316391,16.95067264573991
GLCA_WS_002_02,GLCA,Glen Canyon National Recreation Area,-8.335142334793035,9.678108472990079,24.13422286503292,0.4222677233719877,13.811659192825113,0.3134496683254488,14.887892376681613,0.1729656104316391,16.95067264573991
GLCA_WS_002_03,GLCA,Glen Canyon National Recreation Area,-8.335142334793035,9.678108472990079,24.13422286503292,0.4222677233719877,13.811659192825113,0.3134496683254488,14.887892376681613,0.1729656104316391,16.95067264573991
GLCA_WS_003_01,GLCA,Glen Canyon National Recreation Area,-8.335142334793035,9.678108472990079,24.13422286503292,0.4222677233719877,13.811659192825113,0.3134496683254488,14.887892376681613,0.1729656104316391,16.95067264573991
GLCA_WS_003_02,GLCA,Glen Canyon National Recreation Area,-8.335142334793035,9.678108472990079,24.13422286503292,0.4222677233719877,13.811659192825113,0.3134496683254488,14.887892376681613,0.1729656104316391,16.95067264573991
GLCA_WS_004_01,GLCA,Glen Canyon National Recreation Area,-8.335142334793035,9.678108472990079,24.13422286503292,0.4222677233719877,13.811659192825113,0.3134496683254488,14.887892376681613,0.1729656104316391,16.95067264573991
GLCA_WS_004_02,GLCA,Glen Canyon National Recreation Area,-8.335142334793035,9.678108472990079,24.13422286503292,0.4222677233719877,13.811659192825113,0.3134496683254488,14.887892376681613,0.1729656104316391,16.95067264573991
GLCA_WS_005_01,GLCA,Glen Canyon National Recreation Area,-8.335142334793035,9.678108472990079,24.13422286503292,0.4222677233719877,13.811659192825113,0.3134496683254488,14.887892376681613,0.1729656104316391,16.95067264573991
GLCA_WS_007_01,GLCA,Glen Canyon National Recreation Area,-8.335142334793035,9.678108472990079,24.13422286503292,0.4222677233719877,13.811659192825113,0.3134496683254488,14.887892376681613,0.1729656104316391,16.95067264573991
GOSP_WS_001_01,GOSP,Golden Spike National Historic Site,-2.344123778222067,8.639151590624115,25.219651412208126,0.5231188327228299,14.887892376681613,0.29823999582616934,11.659192825112108,0.18652997069287566,17.309417040358742
NABR_WS_001_01,NABR,Natural Bridges National Monument,-8.335142334793035,9.678108472990079,24.13422286503292,0.4222677233719877,13.811659192825113,0.3134496683254488,14.887892376681613,0.1729656104316391,16.95067264573991
NABR_WS_001_02,NABR,Natural Bridges National Monument,-8.335142334793035,9.678108472990079,24.13422286503292,0.4222677233719877,13.811659192825113,0.3134496683254488,14.887892376681613,0.1729656104316391,16.95067264573991
TICA_WS_001_01,TICA,Timpanogos Cave National Monument,20.025237668477338,33.48379203872507,51.4659593882657,0.8996783269168906,92.01793721973094,0.6619498388347106,57.13004484304933,0.5145242710465266,52.91479820627802
ZION_WS_001_01,ZION,Zion National Park,-8.335142334793035,9.678108472990079,24.13422286503292,0.4222677233719877,13.811659192825113,0.3134496683254488,14.887892376681613,0.1729656104316391,16.95067264573991
ZION_WS_002_01,ZION,Zion National Park,-8.335142334793035,9.678108472990079,24.13422286503292,0.4222677233719877,13.811659192825113,0.3134496683254488,14.887892376681613,0.1729656104316391,16.95067264573991
ZION_WS_003_01,ZION,Zion National Park,-8.335142334793035,9.678108472990079,24.13422286503292,0.4222677233719877,13.811659192825113,0.3134496683254488,14.887892376681613,0.1729656104316391,16.95067264573991
ZION_WS_003_02,ZION,Zion National Park,-8.335142334793035,9.678108472990079,24.13422286503292,0.4222677233719877,13.811659192825113,0.3134496683254488,14.887892376681613,0.1729656104316391,16.95067264573991
ZION_WS_003_03,ZION,Zion National Park,-8.335142334793035,9.678108472990079,24.13422286503292,0.4222677233719877,13.811659192825113,0.3134496683254488,14.887892376681613,0.1729656104316391,16.95067264573991
ZION_WS_003_04,ZION,Zion National Park,-8.335142334793035,9.678108472990079,24.13422286503292,0.4222677233719877,13.811659192825113,0.3134496683254488,14.887892376681613,0.1729656104316391,16.95067264573991
ZION_WS_004_01,ZION,Zion National Park,-2.344123778222067,8.639151590624115,25.219651412208126,0.5231188327228299,14.887892376681613,0.29823999582616934,11.659192825112108,0.18652997069287566,17.309417040358742
ZION_WS_005_01,ZION,Zion National Park,-8.335142334793035,9.678108472990079,24.13422286503292,0.4222677233719877,13.811659192825113,0.3134496683254488,14.887892376681613,0.1729656104316391,16.95067264573991
ZION_WS_006_01,ZION,Zion National Park,-8.335142334793035,9.678108472990079,24.13422286503292,0.4222677233719877,13.811659192825113,0.3134496683254488,14.887892376681613,0.1729656104316391,16.95067264573991
APCO_WS_001_01,APCO,Appomattox Court House National Historical Park,13.271309692689162,33.669516826193814,45.26473816151581,0.7859846165065217,60,0.664668732409933,58.654708520179376,0.4370289822058461,40
APCO_WS_002_01,APCO,Appomattox Court House National Historical Park,13.271309692689162,33.669516826193814,45.26473816151581,0.7859846165065217,60,0.664668732409933,58.654708520179376,0.4370289822058461,40
APCO_WS_003_01,APCO,Appomattox Court House National Historical Park,13.271309692689162,33.669516826193814,45.26473816151581,0.7859846165065217,60,0.664668732409933,58.654708520179376,0.4370289822058461,40
BOWA_WS_001_01,BOWA,Booker T.  Washington National Monument,13.271309692689162,33.669516826193814,45.26473816151581,0.7859846165065217,60,0.664668732409933,58.654708520179376,0.4370289822058461,40
BOWA_WS_002_01,BOWA,Booker T.  Washington National Monument,13.271309692689162,33.669516826193814,45.26473816151581,0.7859846165065217,60,0.664668732409933,58.654708520179376,0.4370289822058461,40
BOWA_WS_003_01,BOWA,Booker T.  Washington National Monument,14.964785582234196,34.68606326289563,52.248911219398565,0.8144921099330276,70.85201793721974,0.6795503301402784,69.50672645739911,0.5243086467498559,54.34977578475336
CEBE_WS_003_01,CEBE,Cedar Creek and Belle Grove National Historical  Park,9.765888612949233,34.82876090748339,56.355164868520525,0.7269753510042725,34.7982062780269,0.6816393335218779,76.41255605381167,0.5756235895580782,63.139013452914796
CEBE_WS_004_01,CEBE,Cedar Creek and Belle Grove National Historical  Park,9.765888612949233,34.82876090748339,56.355164868520525,0.7269753510042725,34.7982062780269,0.6816393335218779,76.41255605381167,0.5756235895580782,63.139013452914796
COLO_WS_001_01,COLO,Colonial National Historical Park,9.813910266816622,27.146587201776452,40.004755355360075,0.7277837339227456,36.502242152466366,0.5691771629260226,36.233183856502244,0.37129614153541396,35.42600896860987
COLO_WS_002_01,COLO,Colonial National Historical Park,9.813910266816622,27.146587201776452,40.004755355360075,0.7277837339227456,36.502242152466366,0.5691771629260226,36.233183856502244,0.37129614153541396,35.42600896860987
FOMR_WS_001_01,FOMR,Fort Monroe National Monument,9.813910266816622,27.146587201776452,40.004755355360075,0.7277837339227456,36.502242152466366,0.5691771629260226,36.233183856502244,0.37129614153541396,35.42600896860987
FRSP_WS_001_01,FRSP,Fredericksburg and Spotsylvania County Battlefields Memorial National Military Park,9.813910266816622,27.146587201776452,40.004755355360075,0.7277837339227456,36.502242152466366,0.5691771629260226,36.233183856502244,0.37129614153541396,35.42600896860987
FRSP_WS_002_01,FRSP,Fredericksburg and Spotsylvania County Battlefields Memorial National Military Park,13.271309692689162,33.669516826193814,45.26473816151581,0.7859846165065217,60,0.664668732409933,58.654708520179376,0.4370289822058461,40
FRSP_WS_003_01,FRSP,Fredericksburg and Spotsylvania County Battlefields Memorial National Military Park,9.813910266816622,27.146587201776452,40.004755355360075,0.7277837339227456,36.502242152466366,0.5691771629260226,36.233183856502244,0.37129614153541396,35.42600896860987
FRSP_WS_004_01,FRSP,Fredericksburg and Spotsylvania County Battlefields Memorial National Military Park,9.813910266816622,27.146587201776452,40.004755355360075,0.7277837339227456,36.502242152466366,0.5691771629260226,36.233183856502244,0.37129614153541396,35.42600896860987
FRSP_WS_006_01,FRSP,Fredericksburg and Spotsylvania County Battlefields Memorial National Military Park,9.813910266816622,27.146587201776452,40.004755355360075,0.7277837339227456,36.502242152466366,0.5691771629260226,36.233183856502244,0.37129614153541396,35.42600896860987
GEWA_WS_001_01,GEWA,George Washington Birthplace National Monument,9.813910266816622,27.146587201776452,40.004755355360075,0.7277837339227456,36.502242152466366,0.5691771629260226,36.233183856502244,0.37129614153541396,35.42600896860987
PETE_WS_002_01,PETE,Petersburg National Battlefield,13.271309692689162,33.669516826193814,45.26473816151581,0.7859846165065217,60,0.664668732409933,58.654708520179376,0.4370289822058461,40
PETE_WS_003_01,PETE,Petersburg National Battlefield,9.813910266816622,27.146587201776452,40.004755355360075,0.7277837339227456,36.502242152466366,0.5691771629260226,36.233183856502244,0.37129614153541396,35.42600896860987
PETE_WS_004_01,PETE,Petersburg National Battlefield,9.813910266816622,27.146587201776452,40.004755355360075,0.7277837339227456,36.502242152466366,0.5691771629260226,36.233183856502244,0.37129614153541396,35.42600896860987
PETE_WS_005_01,PETE,Petersburg National Battlefield,9.813910266816622,27.146587201776452,40.004755355360075,0.7277837339227456,36.502242152466366,0.5691771629260226,36.233183856502244,0.37129614153541396,35.42600896860987
RICH_WS_001_01,RICH,Richmond National Battlefield Park,9.813910266816622,27.146587201776452,40.004755355360075,0.7277837339227456,36.502242152466366,0.5691771629260226,36.233183856502244,0.37129614153541396,35.42600896860987
RICH_WS_002_01,RICH,Richmond National Battlefield Park,9.813910266816622,27.146587201776452,40.004755355360075,0.7277837339227456,36.502242152466366,0.5691771629260226,36.233183856502244,0.37129614153541396,35.42600896860987
RICH_WS_003_01,RICH,Richmond National Battlefield Park,9.813910266816622,27.146587201776452,40.004755355360075,0.7277837339227456,36.502242152466366,0.5691771629260226,36.233183856502244,0.37129614153541396,35.42600896860987
RICH_WS_004_01,RICH,Richmond National Battlefield Park,9.813910266816622,27.146587201776452,40.004755355360075,0.7277837339227456,36.502242152466366,0.5691771629260226,36.233183856502244,0.37129614153541396,35.42600896860987
RICH_WS_005_01,RICH,Richmond National Battlefield Park,9.813910266816622,27.146587201776452,40.004755355360075,0.7277837339227456,36.502242152466366,0.5691771629260226,36.233183856502244,0.37129614153541396,35.42600896860987
RICH_WS_007_01,RICH,Richmond National Battlefield Park,9.813910266816622,27.146587201776452,40.004755355360075,0.7277837339227456,36.502242152466366,0.5691771629260226,36.233183856502244,0.37129614153541396,35.42600896860987
SHEN_WS_001_03,SHEN,Shenandoah National Park,9.765888612949233,34.82876090748339,56.355164868520525,0.7269753510042725,34.7982062780269,0.6816393335218779,76.41255605381167,0.5756235895580782,63.139013452914796
SHEN_WS_001_04,SHEN,Shenandoah National Park,9.765888612949233,34.82876090748339,56.355164868520525,0.7269753510042725,34.7982062780269,0.6816393335218779,76.41255605381167,0.5756235895580782,63.139013452914796
SHEN_WS_001_05,SHEN,Shenandoah National Park,9.765888612949233,34.82876090748339,56.355164868520525,0.7269753510042725,34.7982062780269,0.6816393335218779,76.41255605381167,0.5756235895580782,63.139013452914796
SHEN_WS_002_01,SHEN,Shenandoah National Park,9.765888612949233,34.82876090748339,56.355164868520525,0.7269753510042725,34.7982062780269,0.6816393335218779,76.41255605381167,0.5756235895580782,63.139013452914796
SHEN_WS_003_01,SHEN,Shenandoah National Park,9.765888612949233,34.82876090748339,56.355164868520525,0.7269753510042725,34.7982062780269,0.6816393335218779,76.41255605381167,0.5756235895580782,63.139013452914796
SHEN_WS_005_01,SHEN,Shenandoah National Park,9.765888612949233,34.82876090748339,56.355164868520525,0.7269753510042725,34.7982062780269,0.6816393335218779,76.41255605381167,0.5756235895580782,63.139013452914796
SHEN_WS_006_01,SHEN,Shenandoah National Park,9.765888612949233,34.82876090748339,56.355164868520525,0.7269753510042725,34.7982062780269,0.6816393335218779,76.41255605381167,0.5756235895580782,63.139013452914796
SHEN_WS_007_01,SHEN,Shenandoah National Park,9.765888612949233,34.82876090748339,56.355164868520525,0.7269753510042725,34.7982062780269,0.6816393335218779,76.41255605381167,0.5756235895580782,63.139013452914796
SHEN_WS_007_02,SHEN,Shenandoah National Park,9.765888612949233,34.82876090748339,56.355164868520525,0.7269753510042725,34.7982062780269,0.6816393335218779,76.41255605381167,0.5756235895580782,63.139013452914796
SHEN_WS_008_01,SHEN,Shenandoah National Park,9.765888612949233,34.82876090748339,56.355164868520525,0.7269753510042725,34.7982062780269,0.6816393335218779,76.41255605381167,0.5756235895580782,63.139013452914796
SHEN_WS_008_02,SHEN,Shenandoah National Park,9.765888612949233,34.82876090748339,56.355164868520525,0.7269753510042725,34.7982062780269,0.6816393335218779,76.41255605381167,0.5756235895580782,63.139013452914796
SHEN_WS_009_02,SHEN,Shenandoah National Park,9.765888612949233,34.82876090748339,56.355164868520525,0.7269753510042725,34.7982062780269,0.6816393335218779,76.41255605381167,0.5756235895580782,63.139013452914796
SHEN_WS_010_01,SHEN,Shenandoah National Park,9.765888612949233,34.82876090748339,56.355164868520525,0.7269753510042725,34.7982062780269,0.6816393335218779,76.41255605381167,0.5756235895580782,63.139013452914796
SHEN_WS_011_01,SHEN,Shenandoah National Park,9.765888612949233,34.82876090748339,56.355164868520525,0.7269753510042725,34.7982062780269,0.6816393335218779,76.41255605381167,0.5756235895580782,63.139013452914796
SHEN_WS_012_01,SHEN,Shenandoah National Park,9.765888612949233,34.82876090748339,56.355164868520525,0.7269753510042725,34.7982062780269,0.6816393335218779,76.41255605381167,0.5756235895580782,63.139013452914796
SHEN_WS_013_02,SHEN,Shenandoah National Park,9.765888612949233,34.82876090748339,56.355164868520525,0.7269753510042725,34.7982062780269,0.6816393335218779,76.41255605381167,0.5756235895580782,63.139013452914796
SHEN_WS_013_03,SHEN,Shenandoah National Park,9.765888612949233,34.82876090748339,56.355164868520525,0.7269753510042725,34.7982062780269,0.6816393335218779,76.41255605381167,0.5756235895580782,63.139013452914796
SHEN_WS_013_04,SHEN,Shenandoah National Park,9.765888612949233,34.82876090748339,56.355164868520525,0.7269753510042725,34.7982062780269,0.6816393335218779,76.41255605381167,0.5756235895580782,63.139013452914796
SHEN_WS_013_05,SHEN,Shenandoah National Park,9.765888612949233,34.82876090748339,56.355164868520525,0.7269753510042725,34.7982062780269,0.6816393335218779,76.41255605381167,0.5756235895580782,63.139013452914796
SHEN_WS_015_01,SHEN,Shenandoah National Park,9.765888612949233,34.82876090748339,56.355164868520525,0.7269753510042725,34.7982062780269,0.6816393335218779,76.41255605381167,0.5756235895580782,63.139013452914796
SHEN_WS_016_01,SHEN,Shenandoah National Park,9.765888612949233,34.82876090748339,56.355164868520525,0.7269753510042725,34.7982062780269,0.6816393335218779,76.41255605381167,0.5756235895580782,63.139013452914796
SHEN_WS_017_01,SHEN,Shenandoah National Park,9.765888612949233,34.82876090748339,56.355164868520525,0.7269753510042725,34.7982062780269,0.6816393335218779,76.41255605381167,0.5756235895580782,63.139013452914796
MABI_WS_001_01,MABI,Marsh-Billings-Rockefeller National Historical Park,16.778635589077226,30.144041252973796,56.46312564562811,0.8450259471526629,82.78026905829596,0.6130579968895358,47.71300448430493,0.5769727514891712,71.39013452914799
MABI_WS_002_01,MABI,Marsh-Billings-Rockefeller National Historical Park,16.778635589077226,30.144041252973796,56.46312564562811,0.8450259471526629,82.78026905829596,0.6130579968895358,47.71300448430493,0.5769727514891712,71.39013452914799
EBLA_WS_001_01,EBLA,Ebey's Landing National Historical Reserve,12.983909476997715,34.63898714559429,63.27119602309398,0.7811466026852554,56.771300448430495,0.6788611655186818,68.69955156950672,0.6620516998217264,84.39461883408072
EBLA_WS_002_01,EBLA,Ebey's Landing National Historical Reserve,12.983909476997715,34.63898714559429,63.27119602309398,0.7811466026852554,56.771300448430495,0.6788611655186818,68.69955156950672,0.6620516998217264,84.39461883408072
EBLA_WS_003_01,EBLA,Ebey's Landing National Historical Reserve,12.983909476997715,34.63898714559429,63.27119602309398,0.7811466026852554,56.771300448430495,0.6788611655186818,68.69955156950672,0.6620516998217264,84.39461883408072
FOVA_WS_001_01,FOVA,Fort Vancouver National Historic Site,12.983909476997715,34.63898714559429,63.27119602309398,0.7811466026852554,56.771300448430495,0.6788611655186818,68.69955156950672,0.6620516998217264,84.39461883408072
LARO_WS_001_01,LARO,Lake Roosevelt National Recreation Area,13.959276097217035,22.11299879239987,34.50315463282096,0.7975656480853086,63.049327354260086,0.49548860808586165,27.623318385650226,0.30254385525345556,27.623318385650226
LARO_WS_002_01,LARO,Lake Roosevelt National Recreation Area,13.959276097217035,22.11299879239987,34.50315463282096,0.7975656480853086,63.049327354260086,0.49548860808586165,27.623318385650226,0.30254385525345556,27.623318385650226
LARO_WS_003_01,LARO,Lake Roosevelt National Recreation Area,8.116610400719784,13.451550180519423,22.288697037668552,0.6992118687581558,24.84304932735426,0.36869047142398126,15.964125560538116,0.14990248273066278,12.01793721973094
LARO_WS_004_01,LARO,Lake Roosevelt National Recreation Area,13.959276097217035,22.11299879239987,34.50315463282096,0.7975656480853086,63.049327354260086,0.49548860808586165,27.623318385650226,0.30254385525345556,27.623318385650226
LARO_WS_006_01,LARO,Lake Roosevelt National Recreation Area,13.959276097217035,22.11299879239987,34.50315463282096,0.7975656480853086,63.049327354260086,0.49548860808586165,27.623318385650226,0.30254385525345556,27.623318385650226
LARO_WS_007_01,LARO,Lake Roosevelt National Recreation Area,13.959276097217035,22.11299879239987,34.50315463282096,0.7975656480853086,63.049327354260086,0.49548860808586165,27.623318385650226,0.30254385525345556,27.623318385650226
LARO_WS_008_01,LARO,Lake Roosevelt National Recreation Area,8.116610400719784,13.451550180519423,22.288697037668552,0.6992118687581558,24.84304932735426,0.36869047142398126,15.964125560538116,0.14990248273066278,12.01793721973094
LARO_WS_009_01,LARO,Lake Roosevelt National Recreation Area,13.959276097217035,22.11299879239987,34.50315463282096,0.7975656480853086,63.049327354260086,0.49548860808586165,27.623318385650226,0.30254385525345556,27.623318385650226
LARO_WS_010_01,LARO,Lake Roosevelt National Recreation Area,13.959276097217035,22.11299879239987,34.50315463282096,0.7975656480853086,63.049327354260086,0.49548860808586165,27.623318385650226,0.30254385525345556,27.623318385650226
LARO_WS_011_01,LARO,Lake Roosevelt National Recreation Area,8.116610400719784,13.451550180519423,22.288697037668552,0.6992118687581558,24.84304932735426,0.36869047142398126,15.964125560538116,0.14990248273066278,12.01793721973094
LARO_WS_012_01,LARO,Lake Roosevelt National Recreation Area,8.116610400719784,13.451550180519423,22.288697037668552,0.6992118687581558,24.84304932735426,0.36869047142398126,15.964125560538116,0.14990248273066278,12.01793721973094
LARO_WS_014_01,LARO,Lake Roosevelt National Recreation Area,13.959276097217035,22.11299879239987,34.50315463282096,0.7975656480853086,63.049327354260086,0.49548860808586165,27.623318385650226,0.30254385525345556,27.623318385650226
LARO_WS_015_01,LARO,Lake Roosevelt National Recreation Area,13.959276097217035,22.11299879239987,34.50315463282096,0.7975656480853086,63.049327354260086,0.49548860808586165,27.623318385650226,0.30254385525345556,27.623318385650226
LARO_WS_016_01,LARO,Lake Roosevelt National Recreation Area,13.959276097217035,22.11299879239987,34.50315463282096,0.7975656480853086,63.049327354260086,0.49548860808586165,27.623318385650226,0.30254385525345556,27.623318385650226
LARO_WS_017_01,LARO,Lake Roosevelt National Recreation Area,8.116610400719784,13.451550180519423,22.288697037668552,0.6992118687581558,24.84304932735426,0.36869047142398126,15.964125560538116,0.14990248273066278,12.01793721973094
LARO_WS_018_01,LARO,Lake Roosevelt National Recreation Area,13.959276097217035,22.11299879239987,34.50315463282096,0.7975656480853086,63.049327354260086,0.49548860808586165,27.623318385650226,0.30254385525345556,27.623318385650226
MORA_WS_001_01,MORA,Mount Rainier National Park,22.399506626287664,39.804749095246514,89.03077115771119,0.9396460980114756,94.52914798206278,0.7544846575008778,86.72645739910314,0.9839634076091007,99.01345291479821
MORA_WS_003_01,MORA,Mount Rainier National Park,22.399506626287664,39.804749095246514,89.03077115771119,0.9396460980114756,94.52914798206278,0.7544846575008778,86.72645739910314,0.9839634076091007,99.01345291479821
MORA_WS_004_01,MORA,Mount Rainier National Park,22.399506626287664,39.804749095246514,89.03077115771119,0.9396460980114756,94.52914798206278,0.7544846575008778,86.72645739910314,0.9839634076091007,99.01345291479821
MORA_WS_006_01,MORA,Mount Rainier National Park,22.399506626287664,39.804749095246514,89.03077115771119,0.9396460980114756,94.52914798206278,0.7544846575008778,86.72645739910314,0.9839634076091007,99.01345291479821
MORA_WS_007_01,MORA,Mount Rainier National Park,22.399506626287664,39.804749095246514,89.03077115771119,0.9396460980114756,94.52914798206278,0.7544846575008778,86.72645739910314,0.9839634076091007,99.01345291479821
MORA_WS_008_01,MORA,Mount Rainier National Park,22.399506626287664,39.804749095246514,89.03077115771119,0.9396460980114756,94.52914798206278,0.7544846575008778,86.72645739910314,0.9839634076091007,99.01345291479821
MORA_WS_009_01,MORA,Mount Rainier National Park,22.399506626287664,39.804749095246514,89.03077115771119,0.9396460980114756,94.52914798206278,0.7544846575008778,86.72645739910314,0.9839634076091007,99.01345291479821
MORA_WS_010_01,MORA,Mount Rainier National Park,22.399506626287664,39.804749095246514,89.03077115771119,0.9396460980114756,94.52914798206278,0.7544846575008778,86.72645739910314,0.9839634076091007,99.01345291479821
MORA_WS_011_01,MORA,Mount Rainier National Park,22.399506626287664,39.804749095246514,89.03077115771119,0.9396460980114756,94.52914798206278,0.7544846575008778,86.72645739910314,0.9839634076091007,99.01345291479821
MORA_WS_012_01,MORA,Mount Rainier National Park,22.399506626287664,39.804749095246514,89.03077115771119,0.9396460980114756,94.52914798206278,0.7544846575008778,86.72645739910314,0.9839634076091007,99.01345291479821
MORA_WS_013_01,MORA,Mount Rainier National Park,22.399506626287664,39.804749095246514,89.03077115771119,0.9396460980114756,94.52914798206278,0.7544846575008778,86.72645739910314,0.9839634076091007,99.01345291479821
NOCA_WS_001_01,NOCA,North Cascades National Park,18.379634947872933,30.850969381150772,49.120529399964354,0.8719767168556612,90.22421524663677,0.6234069781539123,48.87892376681614,0.48521395171539894,43.766816143497756
NOCA_WS_002_01,NOCA,North Cascades National Park,18.379634947872933,30.850969381150772,49.120529399964354,0.8719767168556612,90.22421524663677,0.6234069781539123,48.87892376681614,0.48521395171539894,43.766816143497756
NOCA_WS_003_01,NOCA,North Cascades National Park,18.379634947872933,30.850969381150772,49.120529399964354,0.8719767168556612,90.22421524663677,0.6234069781539123,48.87892376681614,0.48521395171539894,43.766816143497756
NOCA_WS_004_01,NOCA,North Cascades National Park,11.303659265281977,43.30265652698406,76.877597619425,0.7528617465729903,49.237668161434975,0.8056918128434264,95.24663677130046,0.8320878883778644,95.96412556053812
NOCA_WS_005_01,NOCA,North Cascades National Park,18.379634947872933,30.850969381150772,49.120529399964354,0.8719767168556612,90.22421524663677,0.6234069781539123,48.87892376681614,0.48521395171539894,43.766816143497756
NOCA_WS_006_01,NOCA,North Cascades National Park,11.303659265281977,43.30265652698406,76.877597619425,0.7528617465729903,49.237668161434975,0.8056918128434264,95.24663677130046,0.8320878883778644,95.96412556053812
NOCA_WS_007_01,NOCA,North Cascades National Park,11.303659265281977,43.30265652698406,76.877597619425,0.7528617465729903,49.237668161434975,0.8056918128434264,95.24663677130046,0.8320878883778644,95.96412556053812
NOCA_WS_009_01,NOCA,North Cascades National Park,11.303659265281977,43.30265652698406,76.877597619425,0.7528617465729903,49.237668161434975,0.8056918128434264,95.24663677130046,0.8320878883778644,95.96412556053812
NOCA_WS_010_01,NOCA,North Cascades National Park,11.303659265281977,43.30265652698406,76.877597619425,0.7528617465729903,49.237668161434975,0.8056918128434264,95.24663677130046,0.8320878883778644,95.96412556053812
NOCA_WS_012_01,NOCA,North Cascades National Park,11.303659265281977,43.30265652698406,76.877597619425,0.7528617465729903,49.237668161434975,0.8056918128434264,95.24663677130046,0.8320878883778644,95.96412556053812
NOCA_WS_013_01,NOCA,North Cascades National Park,18.379634947872933,30.850969381150772,49.120529399964354,0.8719767168556612,90.22421524663677,0.6234069781539123,48.87892376681614,0.48521395171539894,43.766816143497756
NOCA_WS_019_01,NOCA,North Cascades National Park,18.379634947872933,30.850969381150772,49.120529399964354,0.8719767168556612,90.22421524663677,0.6234069781539123,48.87892376681614,0.48521395171539894,43.766816143497756
OLYM_WS_002_01,OLYM,Olympic National Park,12.983909476997715,34.63898714559429,63.27119602309398,0.7811466026852554,56.771300448430495,0.6788611655186818,68.69955156950672,0.6620516998217264,84.39461883408072
OLYM_WS_005_01,OLYM,Olympic National Park,12.983909476997715,34.63898714559429,63.27119602309398,0.7811466026852554,56.771300448430495,0.6788611655186818,68.69955156950672,0.6620516998217264,84.39461883408072
OLYM_WS_006_01,OLYM,Olympic National Park,12.983909476997715,34.63898714559429,63.27119602309398,0.7811466026852554,56.771300448430495,0.6788611655186818,68.69955156950672,0.6620516998217264,84.39461883408072
OLYM_WS_008_01,OLYM,Olympic National Park,12.983909476997715,34.63898714559429,63.27119602309398,0.7811466026852554,56.771300448430495,0.6788611655186818,68.69955156950672,0.6620516998217264,84.39461883408072
OLYM_WS_010_01,OLYM,Olympic National Park,12.983909476997715,34.63898714559429,63.27119602309398,0.7811466026852554,56.771300448430495,0.6788611655186818,68.69955156950672,0.6620516998217264,84.39461883408072
OLYM_WS_011_01,OLYM,Olympic National Park,12.983909476997715,34.63898714559429,63.27119602309398,0.7811466026852554,56.771300448430495,0.6788611655186818,68.69955156950672,0.6620516998217264,84.39461883408072
OLYM_WS_012_01,OLYM,Olympic National Park,12.983909476997715,34.63898714559429,63.27119602309398,0.7811466026852554,56.771300448430495,0.6788611655186818,68.69955156950672,0.6620516998217264,84.39461883408072
OLYM_WS_013_01,OLYM,Olympic National Park,12.983909476997715,34.63898714559429,63.27119602309398,0.7811466026852554,56.771300448430495,0.6788611655186818,68.69955156950672,0.6620516998217264,84.39461883408072
OLYM_WS_015_01,OLYM,Olympic National Park,12.983909476997715,34.63898714559429,63.27119602309398,0.7811466026852554,56.771300448430495,0.6788611655186818,68.69955156950672,0.6620516998217264,84.39461883408072
OLYM_WS_015_02,OLYM,Olympic National Park,12.983909476997715,34.63898714559429,63.27119602309398,0.7811466026852554,56.771300448430495,0.6788611655186818,68.69955156950672,0.6620516998217264,84.39461883408072
OLYM_WS_016_01,OLYM,Olympic National Park,12.983909476997715,34.63898714559429,63.27119602309398,0.7811466026852554,56.771300448430495,0.6788611655186818,68.69955156950672,0.6620516998217264,84.39461883408072
OLYM_WS_016_02,OLYM,Olympic National Park,12.983909476997715,34.63898714559429,63.27119602309398,0.7811466026852554,56.771300448430495,0.6788611655186818,68.69955156950672,0.6620516998217264,84.39461883408072
OLYM_WS_017_01,OLYM,Olympic National Park,12.983909476997715,34.63898714559429,63.27119602309398,0.7811466026852554,56.771300448430495,0.6788611655186818,68.69955156950672,0.6620516998217264,84.39461883408072
OLYM_WS_018_01,OLYM,Olympic National Park,12.983909476997715,34.63898714559429,63.27119602309398,0.7811466026852554,56.771300448430495,0.6788611655186818,68.69955156950672,0.6620516998217264,84.39461883408072
OLYM_WS_019_01,OLYM,Olympic National Park,12.983909476997715,34.63898714559429,63.27119602309398,0.7811466026852554,56.771300448430495,0.6788611655186818,68.69955156950672,0.6620516998217264,84.39461883408072
OLYM_WS_020_01,OLYM,Olympic National Park,12.983909476997715,34.63898714559429,63.27119602309398,0.7811466026852554,56.771300448430495,0.6788611655186818,68.69955156950672,0.6620516998217264,84.39461883408072
OLYM_WS_021_01,OLYM,Olympic National Park,12.983909476997715,34.63898714559429,63.27119602309398,0.7811466026852554,56.771300448430495,0.6788611655186818,68.69955156950672,0.6620516998217264,84.39461883408072
OLYM_WS_022_01,OLYM,Olympic National Park,12.983909476997715,34.63898714559429,63.27119602309398,0.7811466026852554,56.771300448430495,0.6788611655186818,68.69955156950672,0.6620516998217264,84.39461883408072
OLYM_WS_023_01,OLYM,Olympic National Park,12.983909476997715,34.63898714559429,63.27119602309398,0.7811466026852554,56.771300448430495,0.6788611655186818,68.69955156950672,0.6620516998217264,84.39461883408072
OLYM_WS_024_01,OLYM,Olympic National Park,12.983909476997715,34.63898714559429,63.27119602309398,0.7811466026852554,56.771300448430495,0.6788611655186818,68.69955156950672,0.6620516998217264,84.39461883408072
SAJH_WS_001_01,SAJH,San Juan Island National Historical Park,12.983909476997715,34.63898714559429,63.27119602309398,0.7811466026852554,56.771300448430495,0.6788611655186818,68.69955156950672,0.6620516998217264,84.39461883408072
SAJH_WS_002_01,SAJH,San Juan Island National Historical Park,12.983909476997715,34.63898714559429,63.27119602309398,0.7811466026852554,56.771300448430495,0.6788611655186818,68.69955156950672,0.6620516998217264,84.39461883408072
SAJH_WS_003_01,SAJH,San Juan Island National Historical Park,12.983909476997715,34.63898714559429,63.27119602309398,0.7811466026852554,56.771300448430495,0.6788611655186818,68.69955156950672,0.6620516998217264,84.39461883408072
WHMI_WS_001_01,WHMI,Whitman Mission National Historic Site,8.116610400719784,13.451550180519423,22.288697037668552,0.6992118687581558,24.84304932735426,0.36869047142398126,15.964125560538116,0.14990248273066278,12.01793721973094
APIS_WS_003_01,APIS,Apostle Islands National Lakeshore,17.3535305468521,56.57564635342109,90.31402925800201,0.8547035660257024,83.94618834080717,1,100,1,100
APIS_WS_004_01,APIS,Apostle Islands National Lakeshore,17.3535305468521,56.57564635342109,90.31402925800201,0.8547035660257024,83.94618834080717,1,100,1,100
APIS_WS_005_01,APIS,Apostle Islands National Lakeshore,17.3535305468521,56.57564635342109,90.31402925800201,0.8547035660257024,83.94618834080717,1,100,1,100
APIS_WS_007_01,APIS,Apostle Islands National Lakeshore,17.3535305468521,56.57564635342109,90.31402925800201,0.8547035660257024,83.94618834080717,1,100,1,100
APIS_WS_008_01,APIS,Apostle Islands National Lakeshore,17.3535305468521,56.57564635342109,90.31402925800201,0.8547035660257024,83.94618834080717,1,100,1,100
APIS_WS_009_01,APIS,Apostle Islands National Lakeshore,17.3535305468521,56.57564635342109,90.31402925800201,0.8547035660257024,83.94618834080717,1,100,1,100
APIS_WS_010_01,APIS,Apostle Islands National Lakeshore,17.3535305468521,56.57564635342109,90.31402925800201,0.8547035660257024,83.94618834080717,1,100,1,100
APIS_WS_011_01,APIS,Apostle Islands National Lakeshore,17.3535305468521,56.57564635342109,90.31402925800201,0.8547035660257024,83.94618834080717,1,100,1,100
APIS_WS_013_01,APIS,Apostle Islands National Lakeshore,17.3535305468521,56.57564635342109,90.31402925800201,0.8547035660257024,83.94618834080717,1,100,1,100
APIS_WS_014_01,APIS,Apostle Islands National Lakeshore,17.3535305468521,56.57564635342109,90.31402925800201,0.8547035660257024,83.94618834080717,1,100,1,100
APIS_WS_015_01,APIS,Apostle Islands National Lakeshore,17.3535305468521,56.57564635342109,90.31402925800201,0.8547035660257024,83.94618834080717,1,100,1,100
IATR_WS_001_01,IATR,Ice Age National Scenic Trail,17.28510792680197,49.64784439160649,86.01736840232054,0.8535517590213362,82.95964125560538,0.8985813552347685,98.83408071748879,0.9463055804838633,97.75784753363229
NERI_WS_003_01,NERI,New River Gorge National Park and Preserve,9.765888612949233,34.82876090748339,56.355164868520525,0.7269753510042725,34.7982062780269,0.6816393335218779,76.41255605381167,0.5756235895580782,63.139013452914796
NERI_WS_005_01,NERI,New River Gorge National Park and Preserve,9.765888612949233,34.82876090748339,56.355164868520525,0.7269753510042725,34.7982062780269,0.6816393335218779,76.41255605381167,0.5756235895580782,63.139013452914796
NERI_WS_006_01,NERI,New River Gorge National Park and Preserve,9.765888612949233,34.82876090748339,56.355164868520525,0.7269753510042725,34.7982062780269,0.6816393335218779,76.41255605381167,0.5756235895580782,63.139013452914796
DETO_WS_002_01,DETO,Devils Tower National Monument,0.5014086297425354,14.2439218994144,28.27257905922559,0.571019719246082,15.784753363228699,0.3802902928859066,17.48878923766816,0.2246817316387297,19.730941704035875
FOLA_WS_001_01,FOLA,Fort Laramie National Historic Site,-8.6322429092705,6.00705582196874,14.1467222899842,0.41726641645866464,10.582959641255606,0.2597077763400038,11.300448430493274,0.048154026784023425,2.5112107623318383
FOLA_WS_003_01,FOLA,Fort Laramie National Historic Site,-8.6322429092705,6.00705582196874,14.1467222899842,0.41726641645866464,10.582959641255606,0.2597077763400038,11.300448430493274,0.048154026784023425,2.5112107623318383
FOLA_WS_002_01,FOLA,Fort Laramie National Historic Site,-8.6322429092705,6.00705582196874,14.1467222899842,0.41726641645866464,10.582959641255606,0.2597077763400038,11.300448430493274,0.048154026784023425,2.5112107623318383
GRTE_WS_001_01,GRTE,Grand Teton National Park,25.9848052819211,42.064042393782714,68.07935195403255,1,100,0.7875592843056968,93.63228699551568,0.7221381600582697,93.54260089686099
GRTE_WS_025_01,GRTE,Grand Teton National Park,25.9848052819211,42.064042393782714,68.07935195403255,1,100,0.7875592843056968,93.63228699551568,0.7221381600582697,93.54260089686099
GRTE_WS_025_02,GRTE,Grand Teton National Park,25.9848052819211,42.064042393782714,68.07935195403255,1,100,0.7875592843056968,93.63228699551568,0.7221381600582697,93.54260089686099
GRTE_WS_022_01,GRTE,Grand Teton National Park,25.9848052819211,42.064042393782714,68.07935195403255,1,100,0.7875592843056968,93.63228699551568,0.7221381600582697,93.54260089686099
GRTE_WS_005_01,GRTE,Grand Teton National Park,25.9848052819211,42.064042393782714,68.07935195403255,1,100,0.7875592843056968,93.63228699551568,0.7221381600582697,93.54260089686099
GRTE_WS_003_01,GRTE,Grand Teton National Park,22.904696863476197,41.05705965789835,65.78586058707728,0.9481503273628933,97.13004484304932,0.7728176931143939,90.4035874439462,0.6934769061799013,90.4035874439462
GRTE_WS_034_01,GRTE,Grand Teton National Park,25.9848052819211,42.064042393782714,68.07935195403255,1,100,0.7875592843056968,93.63228699551568,0.7221381600582697,93.54260089686099
GRTE_WS_026_01,GRTE,Grand Teton National Park,25.9848052819211,42.064042393782714,68.07935195403255,1,100,0.7875592843056968,93.63228699551568,0.7221381600582697,93.54260089686099
GRTE_WS_017_01,GRTE,Grand Teton National Park,25.9848052819211,42.064042393782714,68.07935195403255,1,100,0.7875592843056968,93.63228699551568,0.7221381600582697,93.54260089686099
GRTE_WS_016_01,GRTE,Grand Teton National Park,25.9848052819211,42.064042393782714,68.07935195403255,1,100,0.7875592843056968,93.63228699551568,0.7221381600582697,93.54260089686099
GRTE_WS_030_01,GRTE,Grand Teton National Park,25.9848052819211,42.064042393782714,68.07935195403255,1,100,0.7875592843056968,93.63228699551568,0.7221381600582697,93.54260089686099
GRTE_WS_032_01,GRTE,Grand Teton National Park,25.9848052819211,42.064042393782714,68.07935195403255,1,100,0.7875592843056968,93.63228699551568,0.7221381600582697,93.54260089686099
GRTE_WS_031_01,GRTE,Grand Teton National Park,25.9848052819211,42.064042393782714,68.07935195403255,1,100,0.7875592843056968,93.63228699551568,0.7221381600582697,93.54260089686099
GRTE_WS_006_01,GRTE,Grand Teton National Park,25.9848052819211,42.064042393782714,68.07935195403255,1,100,0.7875592843056968,93.63228699551568,0.7221381600582697,93.54260089686099
GRTE_WS_019_01,GRTE,Grand Teton National Park,25.9848052819211,42.064042393782714,68.07935195403255,1,100,0.7875592843056968,93.63228699551568,0.7221381600582697,93.54260089686099
GRTE_WS_035_01,GRTE,Grand Teton National Park,25.9848052819211,42.064042393782714,68.07935195403255,1,100,0.7875592843056968,93.63228699551568,0.7221381600582697,93.54260089686099
GRTE_WS_015_01,GRTE,Grand Teton National Park,25.9848052819211,42.064042393782714,68.07935195403255,1,100,0.7875592843056968,93.63228699551568,0.7221381600582697,93.54260089686099
GRTE_WS_020_01,GRTE,Grand Teton National Park,25.9848052819211,42.064042393782714,68.07935195403255,1,100,0.7875592843056968,93.63228699551568,0.7221381600582697,93.54260089686099
GRTE_WS_020_02,GRTE,Grand Teton National Park,25.9848052819211,42.064042393782714,68.07935195403255,1,100,0.7875592843056968,93.63228699551568,0.7221381600582697,93.54260089686099
GRTE_WS_020_03,GRTE,Grand Teton National Park,25.9848052819211,42.064042393782714,68.07935195403255,1,100,0.7875592843056968,93.63228699551568,0.7221381600582697,93.54260089686099
GRTE_WS_033_01,GRTE,Grand Teton National Park,25.9848052819211,42.064042393782714,68.07935195403255,1,100,0.7875592843056968,93.63228699551568,0.7221381600582697,93.54260089686099
GRTE_WS_018_01,GRTE,Grand Teton National Park,25.9848052819211,42.064042393782714,68.07935195403255,1,100,0.7875592843056968,93.63228699551568,0.7221381600582697,93.54260089686099
GRTE_WS_011_01,GRTE,Grand Teton National Park,25.9848052819211,42.064042393782714,68.07935195403255,1,100,0.7875592843056968,93.63228699551568,0.7221381600582697,93.54260089686099
GRTE_WS_004_01,GRTE,Grand Teton National Park,25.9848052819211,42.064042393782714,68.07935195403255,1,100,0.7875592843056968,93.63228699551568,0.7221381600582697,93.54260089686099
GRTE_WS_024_01,GRTE,Grand Teton National Park,25.9848052819211,42.064042393782714,68.07935195403255,1,100,0.7875592843056968,93.63228699551568,0.7221381600582697,93.54260089686099
GRTE_WS_012_01,GRTE,Grand Teton National Park,25.9848052819211,42.064042393782714,68.07935195403255,1,100,0.7875592843056968,93.63228699551568,0.7221381600582697,93.54260089686099
GRTE_WS_012_02,GRTE,Grand Teton National Park,25.9848052819211,42.064042393782714,68.07935195403255,1,100,0.7875592843056968,93.63228699551568,0.7221381600582697,93.54260089686099
GRTE_WS_027_01,GRTE,Grand Teton National Park,25.9848052819211,42.064042393782714,68.07935195403255,1,100,0.7875592843056968,93.63228699551568,0.7221381600582697,93.54260089686099
GRTE_WS_013_01,GRTE,Grand Teton National Park,25.9848052819211,42.064042393782714,68.07935195403255,1,100,0.7875592843056968,93.63228699551568,0.7221381600582697,93.54260089686099
GRTE_WS_007_01,GRTE,Grand Teton National Park,25.9848052819211,42.064042393782714,68.07935195403255,1,100,0.7875592843056968,93.63228699551568,0.7221381600582697,93.54260089686099
GRTE_WS_023_01,GRTE,Grand Teton National Park,25.9848052819211,42.064042393782714,68.07935195403255,1,100,0.7875592843056968,93.63228699551568,0.7221381600582697,93.54260089686099
GRTE_WS_010_01,GRTE,Grand Teton National Park,25.9848052819211,42.064042393782714,68.07935195403255,1,100,0.7875592843056968,93.63228699551568,0.7221381600582697,93.54260089686099
GRTE_WS_014_01,GRTE,Grand Teton National Park,25.9848052819211,42.064042393782714,68.07935195403255,1,100,0.7875592843056968,93.63228699551568,0.7221381600582697,93.54260089686099
