wsd_source_id,park_unit,park_name,raw_wildfire_hazard_mean,norm_wildfire_hazard_mean,rank_wildfire_hazard_mean
BICR_WS_001_01,BICR,Birmingham Civil Rights National Monument,0.09278824552176886,9.305769103747901e-4,42.80701754385965
FRRI_WS_001_01,FRRI,Freedom Riders National Monument,28.693063591301026,0.2877638467656552,80.78947368421052
HOBE_WS_001_01,HOBE,Horseshoe Bend National Military Park,8.36995184585463,0.08394257144213206,63.771929824561404
LIRI_WS_001_01,LIRI,Little River Canyon National Preserve,33.35142099570426,0.33448269371048805,83.50877192982456
LIRI_WS_002_01,LIRI,Little River Canyon National Preserve,28.831094151488674,0.2891481606031939,80.87719298245614
NATR_WS_001_01,NATR,Natchez Trace Parkway,0,0,42.54385964912281
NATR_WS_002_01,NATR,Natchez Trace Parkway,0.18560912161880055,0.0018614810740534991,45.35087719298246
NATR_WS_003_01,NATR,Natchez Trace Parkway,0,0,42.54385964912281
NATR_WS_004_01,NATR,Natchez Trace Parkway,0,0,42.54385964912281
NATR_WS_005_01,NATR,Natchez Trace Parkway,0,0,42.54385964912281
NATR_WS_006_01,NATR,Natchez Trace Parkway,0,0,42.54385964912281
NATR_WS_007_01,NATR,Natchez Trace Parkway,0.0929693497138911,9.323932113363328e-4,43.07017543859649
NATR_WS_008_01,NATR,Natchez Trace Parkway,0,0,42.54385964912281
NATR_WS_009_01,NATR,Natchez Trace Parkway,51.64345236706943,0.5179341852472065,90
NATR_WS_010_01,NATR,Natchez Trace Parkway,64.53502583538176,0.6472242751778023,92.80701754385964
NATR_WS_011_01,NATR,Natchez Trace Parkway,0,0,42.54385964912281
NATR_WS_012_01,NATR,Natchez Trace Parkway,0,0,42.54385964912281
NATR_WS_013_01,NATR,Natchez Trace Parkway,0,0,42.54385964912281
NATR_WS_014_01,NATR,Natchez Trace Parkway,0,0,42.54385964912281
NATR_WS_015_01,NATR,Natchez Trace Parkway,0,0,42.54385964912281
NATR_WS_016_01,NATR,Natchez Trace Parkway,0,0,42.54385964912281
NATR_WS_017_01,NATR,Natchez Trace Parkway,0,0,42.54385964912281
NATR_WS_018_01,NATR,Natchez Trace Parkway,29.09111883451982,0.2917559582266498,81.3157894736842
NATR_WS_019_01,NATR,Natchez Trace Parkway,0,0,42.54385964912281
NATR_WS_020_01,NATR,Natchez Trace Parkway,0,0,42.54385964912281
NATR_WS_020_02,NATR,Natchez Trace Parkway,0,0,42.54385964912281
RUCA_WS_001_01,RUCA,Russell Cave National Monument,7.206521048444536,0.07227447888578814,62.192982456140356
SEMO_WS_001_01,SEMO,Selma to Montgomery National Historic Trail,0,0,42.54385964912281
TUIN_WS_001_01,TUIN,Tuskegee Institute National Historic Site,1.3878947373633286,0.013919250109303886,52.017543859649116
CACH_WS_002_01,CACH,Canyon de Chelly National Monument,0,0,42.54385964912281
CAGR_WS_001_01,CAGR,Casa Grande Ruins National Monument,1.027087875328497,0.010300704106775744,51.40350877192983
CHIR_WS_002_01,CHIR,Chiricahua National Monument,11.869778229782696,0.11904246588339369,67.28070175438596
CHIR_WS_001_01,CHIR,Chiricahua National Monument,23.83445643832849,0.23903668733168035,77.45614035087719
CORO_WS_001_01,CORO,Coronado National Memorial,24.16618973173636,0.24236365338769358,77.54385964912281
FOBO_WS_001_01,FOBO,Fort Bowie National Historic Site,1.969632939176063,0.019753525080726586,53.85964912280702
ARCH_WS_002_01,ARCH,Arches National Park,0,0,42.54385964912281
ARCH_WS_001_01,ARCH,Arches National Park,0,0,42.54385964912281
BRCA_WS_002_01,BRCA,Bryce Canyon National Park,1.4053892202246454,0.014094702955924092,52.368421052631575
BRCA_WS_002_02,BRCA,Bryce Canyon National Park,1.3584477194978688,0.013623924825902963,51.84210526315789
BRCA_WS_001_01,BRCA,Bryce Canyon National Park,41.75551231599036,0.4187676512647791,86.75438596491229
GLCA_WS_006_01,GLCA,Glen Canyon National Recreation Area,0,0,42.54385964912281
GLCA_WS_006_02,GLCA,Glen Canyon National Recreation Area,0,0,42.54385964912281
GLCA_WS_009_01,GLCA,Glen Canyon National Recreation Area,0,0,42.54385964912281
GLCA_WS_009_02,GLCA,Glen Canyon National Recreation Area,0,0,42.54385964912281
GRCA_WS_003_01,GRCA,Grand Canyon National Park,31.904386530122125,0.3199703289748994,82.63157894736842
LAKE_WS_001_01,LAKE,Lake Mead National Recreation Area,0,0,42.54385964912281
LAKE_WS_002_01,LAKE,Lake Mead National Recreation Area,0,0,42.54385964912281
LAKE_WS_004_01,LAKE,Lake Mead National Recreation Area,0,0,42.54385964912281
LAKE_WS_005_01,LAKE,Lake Mead National Recreation Area,0,0,42.54385964912281
LAKE_WS_005_02,LAKE,Lake Mead National Recreation Area,0,0,42.54385964912281
LAKE_WS_005_03,LAKE,Lake Mead National Recreation Area,0,0,42.54385964912281
LAKE_WS_005_04,LAKE,Lake Mead National Recreation Area,0,0,42.54385964912281
LAKE_WS_005_05,LAKE,Lake Mead National Recreation Area,0,0,42.54385964912281
LAKE_WS_006_01,LAKE,Lake Mead National Recreation Area,0,0,42.54385964912281
LAKE_WS_008_01,LAKE,Lake Mead National Recreation Area,0.5107670166642413,0.005122502205058372,48.771929824561404
LAKE_WS_009_01,LAKE,Lake Mead National Recreation Area,0,0,42.54385964912281
LAKE_WS_009_02,LAKE,Lake Mead National Recreation Area,0,0,42.54385964912281
LAKE_WS_009_03,LAKE,Lake Mead National Recreation Area,0,0,42.54385964912281
LAKE_WS_010_01,LAKE,Lake Mead National Recreation Area,0,0,42.54385964912281
LAKE_WS_010_02,LAKE,Lake Mead National Recreation Area,0,0,42.54385964912281
MOCA_WS_002_01,MOCA,Montezuma Castle National Monument,15.71575832870258,0.15761394934760187,71.66666666666667
MOCA_WS_003_01,MOCA,Montezuma Castle National Monument,4.315523244840562,0.04328054987193557,58.245614035087726
MOCA_WS_001_01,MOCA,Montezuma Castle National Monument,29.79413354665305,0.29880652002018515,81.66666666666667
NAVA_WS_001_01,NAVA,Navajo National Monument,0,0,42.54385964912281
ORPI_WS_001_01,ORPI,Organ Pipe Cactus National Monument,0,0,42.54385964912281
ORPI_WS_001_02,ORPI,Organ Pipe Cactus National Monument,0,0,42.54385964912281
PISP_WS_001_01,PISP,Pipe Spring National Monument,2.289767385958247,0.02296416585441398,54.56140350877193
SAGU_WS_005_01,SAGU,Saguaro National Park,91.10788335021738,0.9137244930333479,98.50877192982456
SAGU_WS_003_01,SAGU,Saguaro National Park,1.7934765757739641,0.01798684608517294,53.59649122807018
SUCR_WS_001_01,SUCR,Sunset Crater Volcano National Monument,63.19153846213892,0.6337503882442839,92.28070175438596
TONT_WS_001_01,TONT,Tonto National Monument,36.84124387485582,0.36948226261465716,84.82456140350877
TUMA_WS_002_01,TUMA,Tumacacori National Historical Park,40.14428317932893,0.4026085718095213,86.31578947368422
TUMA_WS_001_01,TUMA,Tumacacori National Historical Park,38.05928406707603,0.3816980349079556,85.52631578947368
TUZI_WS_001_01,TUZI,Tuzigoot National Monument,1.2693628388097877,0.012730489104970271,51.66666666666667
WACA_WS_001_01,WACA,Walnut Canyon National Monument,92.68261684770563,0.9295175563089383,98.7719298245614
WUPA_WS_001_01,WUPA,Wupatki National Monument,7.462933738098236,0.07484605168767769,62.807017543859644
CHIS_WS_004_01,CHIS,Channel Islands National Park,8.10003886766534,0.08123560372331126,63.59649122807017
CHIS_WS_005_01,CHIS,Channel Islands National Park,9.610319045786438,0.09638226216106019,65.43859649122807
CHIS_WS_008_01,CHIS,Channel Islands National Park,0.8205915913402454,0.008229744871830622,50.35087719298246
DEVA_WS_001_01,DEVA,Death Valley National Park,0,0,42.54385964912281
DEVA_WS_002_01,DEVA,Death Valley National Park,0,0,42.54385964912281
DEVA_WS_003_01,DEVA,Death Valley National Park,0,0,42.54385964912281
DEVA_WS_003_02,DEVA,Death Valley National Park,0,0,42.54385964912281
DEVA_WS_004_01,DEVA,Death Valley National Park,0,0,42.54385964912281
DEVA_WS_007_01,DEVA,Death Valley National Park,0,0,42.54385964912281
DEVA_WS_008_01,DEVA,Death Valley National Park,0,0,42.54385964912281
GOGA_WS_003_01,GOGA,Golden Gate National Recreation Area,7.8847463991489315,0.07907642721283442,63.33333333333333
JOMU_WS_001_01,JOMU,John Muir National Historic Site,14.053976655003892,0.14094787653921825,69.73684210526315
JOTR_WS_001_01,JOTR,Joshua Tree National Park,0,0,42.54385964912281
JOTR_WS_002_01,JOTR,Joshua Tree National Park,0,0,42.54385964912281
JOTR_WS_003_01,JOTR,Joshua Tree National Park,0,0,42.54385964912281
JOTR_WS_005_01,JOTR,Joshua Tree National Park,0,0,42.54385964912281
JOTR_WS_006_01,JOTR,Joshua Tree National Park,0,0,42.54385964912281
JOTR_WS_008_01,JOTR,Joshua Tree National Park,0,0,42.54385964912281
JOTR_WS_009_01,JOTR,Joshua Tree National Park,0,0,42.54385964912281
LABE_WS_001_01,LABE,Lava Beds National Monument,7.548336714701452,0.07570256144984994,62.98245614035088
LAVO_WS_003_01,LAVO,Lassen Volcanic National Park,14.025002618170399,0.14065729480091746,69.47368421052632
LAVO_WS_004_01,LAVO,Lassen Volcanic National Park,11.870047571345921,0.1190451671203697,67.36842105263158
LAVO_WS_005_01,LAVO,Lassen Volcanic National Park,8.49895739731749,0.08523637311740288,63.94736842105263
LAVO_WS_006_01,LAVO,Lassen Volcanic National Park,25.332853799552378,0.2540641725382449,78.42105263157895
LAVO_WS_007_01,LAVO,Lassen Volcanic National Park,16.518412805626483,0.1656638022037926,72.36842105263158
LAVO_WS_008_01,LAVO,Lassen Volcanic National Park,61.713575508651445,0.6189278405048495,91.9298245614035
LAVO_WS_009_01,LAVO,Lassen Volcanic National Park,5.296456130900394,0.05311836380258507,59.91228070175438
LAVO_WS_011_01,LAVO,Lassen Volcanic National Park,16.46399337698178,0.16511802764487318,72.19298245614036
MOJA_WS_001_01,MOJA,Mojave National Preserve,0,0,42.54385964912281
MOJA_WS_004_01,MOJA,Mojave National Preserve,0,0,42.54385964912281
MOJA_WS_005_01,MOJA,Mojave National Preserve,0,0,42.54385964912281
MOJA_WS_006_01,MOJA,Mojave National Preserve,0,0,42.54385964912281
MOJA_WS_007_01,MOJA,Mojave National Preserve,0,0,42.54385964912281
MOJA_WS_008_01,MOJA,Mojave National Preserve,0,0,42.54385964912281
PINN_WS_001_01,PINN,Pinnacles National Park,92.98433641469582,0.9325435135395174,98.85964912280701
PINN_WS_002_01,PINN,Pinnacles National Park,93.34094498524527,0.9361199547140326,99.12280701754386
PINN_WS_003_01,PINN,Pinnacles National Park,93.86866395095234,0.9414124686730194,99.3859649122807
PINN_WS_004_01,PINN,Pinnacles National Park,92.64051677242084,0.9290953330223057,98.68421052631578
PORE_WS_004_01,PORE,Point Reyes National Seashore,11.043779913731527,0.11075849675989793,66.40350877192982
PORE_WS_005_01,PORE,Point Reyes National Seashore,3.5259046030166425,0.03536143391117035,56.666666666666664
PORE_WS_006_01,PORE,Point Reyes National Seashore,8.491627710146842,0.08516286340070417,63.859649122807014
PORE_WS_007_01,PORE,Point Reyes National Seashore,13.563635244504441,0.13603022352998723,69.2982456140351
PORE_WS_008_01,PORE,Point Reyes National Seashore,0,0,42.54385964912281
PORE_WS_008_02,PORE,Point Reyes National Seashore,0,0,42.54385964912281
PORE_WS_009_01,PORE,Point Reyes National Seashore,0,0,42.54385964912281
PORE_WS_010_01,PORE,Point Reyes National Seashore,3.309832675825306,0.0331944401794345,56.315789473684205
PORE_WS_012_01,PORE,Point Reyes National Seashore,8.64077335903416,0.08665865089358055,64.12280701754386
PORE_WS_013_01,PORE,Point Reyes National Seashore,12.820289241391725,0.128575177656167,68.42105263157895
PORE_WS_014_01,PORE,Point Reyes National Seashore,7.02876844692107,0.0704917911562526,61.8421052631579
PORE_WS_015_01,PORE,Point Reyes National Seashore,0,0,42.54385964912281
PORE_WS_016_01,PORE,Point Reyes National Seashore,13.490699738636247,0.13529875051499715,69.21052631578948
PORE_WS_017_01,PORE,Point Reyes National Seashore,0.2508792685873623,0.002516077907565809,46.666666666666664
PORE_WS_019_01,PORE,Point Reyes National Seashore,7.594872940883316,0.0761692750657536,63.070175438596486
PORE_WS_020_01,PORE,Point Reyes National Seashore,13.201760735885731,0.13240097005849238,68.94736842105263
REDW_WS_002_01,REDW,Redwood National Park,0,0,42.54385964912281
REDW_WS_004_01,REDW,Redwood National Park,0.6204927687899905,0.006222946025582755,49.122807017543856
REDW_WS_005_01,REDW,Redwood National Park,0.23349475430846708,0.0023417279401205756,46.49122807017544
REDW_WS_006_01,REDW,Redwood National Park,2.1561026911700263,0.02162363745016659,54.385964912280706
REDW_WS_007_01,REDW,Redwood National Park,0,0,42.54385964912281
REDW_WS_008_01,REDW,Redwood National Park,1.25028246458778,0.012539131292431989,51.578947368421055
REDW_WS_009_01,REDW,Redwood National Park,93.1319396203508,0.9340238318094388,98.94736842105263
REDW_WS_010_01,REDW,Redwood National Park,2.9392044589992046,0.029477395429075088,55.78947368421052
REDW_WS_012_01,REDW,Redwood National Park,1.6671839752935447,0.01672025270044627,53.24561403508772
SAMO_WS_001_01,SAMO,Santa Monica Mountains National Recreation Area,0,0,42.54385964912281
SAMO_WS_003_01,SAMO,Santa Monica Mountains National Recreation Area,45.03273491647056,0.45163504373476404,87.63157894736841
SAMO_WS_004_01,SAMO,Santa Monica Mountains National Recreation Area,5.993074464070777,0.06010477606360843,60.96491228070175
SAMO_WS_005_01,SAMO,Santa Monica Mountains National Recreation Area,5.993074464070777,0.06010477606360843,60.96491228070175
SAMO_WS_006_01,SAMO,Santa Monica Mountains National Recreation Area,5.993074464070777,0.06010477606360843,60.96491228070175
SAMO_WS_007_01,SAMO,Santa Monica Mountains National Recreation Area,5.993074464070777,0.06010477606360843,60.96491228070175
SAMO_WS_008_01,SAMO,Santa Monica Mountains National Recreation Area,5.993074464070777,0.06010477606360843,60.96491228070175
SEKI_WS_002_01,SEKI,Sequoia & Kings Canyon National Parks,88.1029120287943,0.8835875191922088,97.89473684210527
SEKI_WS_003_01,SEKI,Sequoia & Kings Canyon National Parks,88.55464462005332,0.888117962856981,98.0701754385965
SEKI_WS_004_01,SEKI,Sequoia & Kings Canyon National Parks,87.74615035184729,0.8800095425076989,97.71929824561404
SEKI_WS_006_01,SEKI,Sequoia & Kings Canyon National Parks,50.58014823521899,0.5072702669002,89.73684210526316
SEKI_WS_007_01,SEKI,Sequoia & Kings Canyon National Parks,67.03396872403793,0.6722862702554347,93.6842105263158
SEKI_WS_010_01,SEKI,Sequoia & Kings Canyon National Parks,50.3122824829098,0.5045838308890717,89.64912280701755
SEKI_WS_011_01,SEKI,Sequoia & Kings Canyon National Parks,83.1292467972788,0.8337064378294153,97.10526315789474
SEKI_WS_012_01,SEKI,Sequoia & Kings Canyon National Parks,95.42409001255305,0.957011896925828,99.73684210526315
SEKI_WS_013_01,SEKI,Sequoia & Kings Canyon National Parks,87.8123937937421,0.880673900553747,97.80701754385966
SEKI_WS_014_01,SEKI,Sequoia & Kings Canyon National Parks,82.32957399777028,0.8256864883315794,96.9298245614035
SEKI_WS_015_01,SEKI,Sequoia & Kings Canyon National Parks,47.931041483188146,0.48070227261713644,89.12280701754386
SEKI_WS_016_01,SEKI,Sequoia & Kings Canyon National Parks,87.32051649353035,0.8757408440470673,97.54385964912281
SEKI_WS_019_01,SEKI,Sequoia & Kings Canyon National Parks,89.61030415662387,0.8987052132616568,98.33333333333333
SEKI_WS_020_01,SEKI,Sequoia & Kings Canyon National Parks,75.20328865995337,0.7542166964972353,96.05263157894737
SEKI_WS_021_01,SEKI,Sequoia & Kings Canyon National Parks,27.923422994776086,0.28004509139544875,80.26315789473685
SEKI_WS_022_01,SEKI,Sequoia & Kings Canyon National Parks,63.58010892675271,0.6376473764930634,92.36842105263158
WHIS_WS_003_01,WHIS,Whiskeytown National Recreation Area,72.55810636387662,0.7276880607350288,95.52631578947368
WHIS_WS_005_01,WHIS,Whiskeytown National Recreation Area,67.74856086051953,0.6794529424864465,94.03508771929825
WHIS_WS_006_01,WHIS,Whiskeytown National Recreation Area,72.60393252870318,0.7281476531180815,95.6140350877193
WHIS_WS_007_01,WHIS,Whiskeytown National Recreation Area,71.0537108067387,0.7126004193891805,95
WHIS_WS_008_01,WHIS,Whiskeytown National Recreation Area,66.47505971416578,0.6666809501347365,93.42105263157895
WHIS_WS_010_01,WHIS,Whiskeytown National Recreation Area,66.73789900256929,0.6693169755445527,93.50877192982456
WHIS_WS_014_01,WHIS,Whiskeytown National Recreation Area,64.11416916182529,0.6430034872882748,92.63157894736842
YOSE_WS_001_01,YOSE,Yosemite National Park,15.315167649619987,0.15359640990206766,71.3157894736842
YOSE_WS_006_01,YOSE,Yosemite National Park,80.33215008197234,0.8056542464692642,96.84210526315789
YOSE_WS_007_01,YOSE,Yosemite National Park,59.591938671137804,0.5976498624367376,91.3157894736842
YOSE_WS_009_01,YOSE,Yosemite National Park,79.24931311599487,0.7947944325717966,96.66666666666667
YOSE_WS_011_01,YOSE,Yosemite National Park,29.92662512283692,0.30013528317248495,81.75438596491227
YOSE_WS_012_01,YOSE,Yosemite National Park,54.53498475425226,0.5469334756204893,90.70175438596492
YOSE_WS_014_01,YOSE,Yosemite National Park,87.60348053429223,0.8785787013782266,97.63157894736842
YOSE_WS_015_01,YOSE,Yosemite National Park,64.5064312310923,0.6469374987831906,92.71929824561404
YOSE_WS_016_01,YOSE,Yosemite National Park,72.91517880400481,0.7312691540755266,95.7017543859649
YOSE_WS_017_01,YOSE,Yosemite National Park,66.36148814838315,0.6655419365000015,93.33333333333333
YOSE_WS_017_02,YOSE,Yosemite National Park,60.49082932001679,0.6066648715911284,91.66666666666666
YOSE_WS_018_01,YOSE,Yosemite National Park,93.51183683580261,0.9378338357062384,99.29824561403508
YOSE_WS_019_01,YOSE,Yosemite National Park,93.51183683580261,0.9378338357062384,99.29824561403508
YOSE_WS_020_01,YOSE,Yosemite National Park,89.4106893895542,0.8967032690265834,98.24561403508771
BEOL_WS_002_01,BEOL,Bent's Old Fort National Historic Site,0,0,42.54385964912281
BEOL_WS_001_01,BEOL,Bent's Old Fort National Historic Site,0,0,42.54385964912281
COLM_WS_001_01,COLM,Colorado National Monument,20.998829272156875,0.21059807258654295,75.78947368421053
COLM_WS_002_01,COLM,Colorado National Monument,20.998829272156875,0.21059807258654295,75.78947368421053
CURE_WS_006_01,CURE,Curecanti National Recreation Area,12.361960312705591,0.12397857906769529,67.98245614035088
CURE_WS_007_01,CURE,Curecanti National Recreation Area,0,0,42.54385964912281
CURE_WS_011_01,CURE,Curecanti National Recreation Area,0,0,42.54385964912281
CURE_WS_009_01,CURE,Curecanti National Recreation Area,9.634555272705729,0.09662532822011617,65.52631578947368
CURE_WS_010_01,CURE,Curecanti National Recreation Area,0,0,42.54385964912281
CURE_WS_010_02,CURE,Curecanti National Recreation Area,0,0,42.54385964912281
CURE_WS_001_01,CURE,Curecanti National Recreation Area,0,0,42.54385964912281
CURE_WS_005_01,CURE,Curecanti National Recreation Area,0,0,42.54385964912281
CURE_WS_003_01,CURE,Curecanti National Recreation Area,0,0,42.54385964912281
CURE_WS_008_01,CURE,Curecanti National Recreation Area,4.0929295653369175,0.04104814923350706,58.07017543859649
CURE_WS_004_01,CURE,Curecanti National Recreation Area,9.349370048555325,0.09376519455467078,65.17543859649123
CURE_WS_002_01,CURE,Curecanti National Recreation Area,0,0,42.54385964912281
DINO_WS_002_01,DINO,Dinosaur National Monument,45.40035197455668,0.4553218894574218,87.71929824561403
DINO_WS_004_01,DINO,Dinosaur National Monument,30.33624230016086,0.3042433497187063,82.01754385964912
DINO_WS_001_01,DINO,Dinosaur National Monument,12.253687389198198,0.12289270572168921,67.89473684210526
DINO_WS_006_01,DINO,Dinosaur National Monument,24.621941339039942,0.24693440392013483,77.98245614035088
CANY_WS_002_01,CANY,Canyonlands National Park,0,0,42.54385964912281
CARE_WS_001_01,CARE,Capitol Reef National Park,0,0,42.54385964912281
FLFO_WS_001_01,FLFO,Florissant Fossil Beds National Monument,71.66171609624467,0.7186981280010677,95.26315789473684
FLFO_WS_002_01,FLFO,Florissant Fossil Beds National Monument,71.3414618240497,0.7154862854936715,95.08771929824562
GRSA_WS_001_01,GRSA,Great Sand Dunes National Park,5.421917265541827,0.054376618384188835,60.08771929824561
GRSA_WS_002_01,GRSA,Great Sand Dunes National Park,6.734617085081621,0.06754173574843834,61.31578947368421
HOVE_WS_001_01,HOVE,Hovenweep National Monument,0,0,42.54385964912281
MEVE_WS_001_01,MEVE,Mesa Verde National Park,72.12435017410354,0.7233379030974402,95.35087719298245
ROMO_WS_005_01,ROMO,Rocky Mountain National Park,0.09879577023964033,9.908266085937897e-4,44.473684210526315
ROMO_WS_006_01,ROMO,Rocky Mountain National Park,27.694276185321076,0.2777469691627694,80.17543859649123
ROMO_WS_006_02,ROMO,Rocky Mountain National Park,27.18533845157883,0.2726428129070302,79.82456140350878
ROMO_WS_013_01,ROMO,Rocky Mountain National Park,62.88365959060268,0.6306626591097066,92.19298245614034
ROMO_WS_004_01,ROMO,Rocky Mountain National Park,60.944231832671626,0.6112120629622974,91.84210526315789
ROMO_WS_003_01,ROMO,Rocky Mountain National Park,15.47903832925663,0.1552398752990021,71.40350877192982
ROMO_WS_008_01,ROMO,Rocky Mountain National Park,20.224373431124647,0.20283102494255661,74.91228070175438
ROMO_WS_012_01,ROMO,Rocky Mountain National Park,29.02203796885137,0.29106314354761076,81.22807017543859
ROMO_WS_016_01,ROMO,Rocky Mountain National Park,19.19674016119227,0.19252485105216163,74.3859649122807
ROMO_WS_014_01,ROMO,Rocky Mountain National Park,29.645051968506785,0.2973113750952539,81.57894736842105
ROMO_WS_020_01,ROMO,Rocky Mountain National Park,38.8473937548951,0.38960201751052626,86.05263157894737
ROMO_WS_017_01,ROMO,Rocky Mountain National Park,33.35006711189779,0.3344691155573228,83.42105263157895
ROMO_WS_007_01,ROMO,Rocky Mountain National Park,26.75032286535425,0.2682800247336211,79.56140350877193
ROMO_WS_018_01,ROMO,Rocky Mountain National Park,21.728624009607707,0.21791721229185668,76.2280701754386
ROMO_WS_002_01,ROMO,Rocky Mountain National Park,34.603272526831766,0.3470375612320566,83.77192982456141
ROMO_WS_019_01,ROMO,Rocky Mountain National Park,28.54806432006946,0.28630964345498255,80.7017543859649
ROMO_WS_015_01,ROMO,Rocky Mountain National Park,46.52252561135721,0.4665762123510785,88.33333333333333
ROMO_WS_010_01,ROMO,Rocky Mountain National Park,59.87553182428187,0.6004940291603592,91.40350877192982
SAND_WS_001_01,SAND,Sand Creek Massacre National Historic Site,0,0,42.54385964912281
WEFA_WS_001_01,WEFA,Weir Farm National Historic Site,7.218624025775233,0.07239586011449231,62.28070175438597
WEFA_WS_003_01,WEFA,Weir Farm National Historic Site,7.353230055460992,0.07374582920290883,62.5438596491228
WEFA_WS_004_01,WEFA,Weir Farm National Historic Site,7.334491435390994,0.07355789885600585,62.4561403508772
FRST_WS_001_01,FRST,First State National Historic Park,0,0,42.54385964912281
FRST_WS_002_01,FRST,First State National Historic Park,0,0,42.54385964912281
FRST_WS_003_01,FRST,First State National Historic Park,0,0,42.54385964912281
FRST_WS_004_01,FRST,First State National Historic Park,0,0,42.54385964912281
FRST_WS_005_01,FRST,First State National Historic Park,0,0,42.54385964912281
FRST_WS_006_01,FRST,First State National Historic Park,0,0,42.54385964912281
FRST_WS_007_01,FRST,First State National Historic Park,0,0,42.54385964912281
FRST_WS_008_01,FRST,First State National Historic Park,0,0,42.54385964912281
FRST_WS_009_01,FRST,First State National Historic Park,0,0,42.54385964912281
FRST_WS_010_01,FRST,First State National Historic Park,0,0,42.54385964912281
FRST_WS_011_01,FRST,First State National Historic Park,0,0,42.54385964912281
FRST_WS_012_01,FRST,First State National Historic Park,0,0,42.54385964912281
FRST_WS_013_01,FRST,First State National Historic Park,0,0,42.54385964912281
FRST_WS_014_01,FRST,First State National Historic Park,0,0,42.54385964912281
FRST_WS_015_01,FRST,First State National Historic Park,0,0,42.54385964912281
FRST_WS_016_01,FRST,First State National Historic Park,0,0,42.54385964912281
FRST_WS_017_01,FRST,First State National Historic Park,0,0,42.54385964912281
FRST_WS_018_01,FRST,First State National Historic Park,0,0,42.54385964912281
FRST_WS_019_01,FRST,First State National Historic Park,0,0,42.54385964912281
FRST_WS_020_01,FRST,First State National Historic Park,0,0,42.54385964912281
FRST_WS_021_01,FRST,First State National Historic Park,0,0,42.54385964912281
FRST_WS_022_01,FRST,First State National Historic Park,0,0,42.54385964912281
FRST_WS_023_01,FRST,First State National Historic Park,0,0,42.54385964912281
FRST_WS_024_01,FRST,First State National Historic Park,0,0,42.54385964912281
FRST_WS_025_01,FRST,First State National Historic Park,0,0,42.54385964912281
FRST_WS_026_01,FRST,First State National Historic Park,0,0,42.54385964912281
BICY_WS_001_01,BICY,Big Cypress National Preserve,93.23044675673621,0.9350117636979225,99.03508771929825
BICY_WS_002_01,BICY,Big Cypress National Preserve,3.212260703943174,0.032215887091996846,56.228070175438596
BICY_WS_003_01,BICY,Big Cypress National Preserve,60.3819418663749,0.6055728350985871,91.57894736842105
BICY_WS_007_01,BICY,Big Cypress National Preserve,51.53138502143253,0.5168102574946096,89.91228070175438
BICY_WS_008_01,BICY,Big Cypress National Preserve,70.56655400347977,0.7077147049293849,94.73684210526315
BICY_WS_009_01,BICY,Big Cypress National Preserve,56.22871571082141,0.5639199690249851,90.87719298245615
BICY_WS_010_01,BICY,Big Cypress National Preserve,56.76784271212244,0.5693268946150657,90.96491228070175
BICY_WS_011_01,BICY,Big Cypress National Preserve,86.36903507799641,0.8661984000557228,97.45614035087719
BICY_WS_012_01,BICY,Big Cypress National Preserve,86.09807136282986,0.8634808944550353,97.36842105263158
BICY_WS_013_01,BICY,Big Cypress National Preserve,63.601673109703164,0.6378636445196,92.45614035087719
BICY_WS_014_01,BICY,Big Cypress National Preserve,61.99445796706258,0.6217448215659408,92.01754385964912
BICY_WS_015_01,BICY,Big Cypress National Preserve,82.50457654691911,0.8274415956792706,97.01754385964912
BICY_WS_016_01,BICY,Big Cypress National Preserve,74.08564203588335,0.7430077751896987,95.78947368421052
BICY_WS_018_01,BICY,Big Cypress National Preserve,69.82115760633597,0.7002390955743635,94.47368421052632
BICY_WS_021_01,BICY,Big Cypress National Preserve,44.292335992709425,0.44420955423397585,87.45614035087719
BISC_WS_001_01,BISC,Biscayne National Park,0,0,42.54385964912281
BISC_WS_002_01,BISC,Biscayne National Park,0,0,42.54385964912281
BISC_WS_002_02,BISC,Biscayne National Park,0,0,42.54385964912281
BISC_WS_003_01,BISC,Biscayne National Park,0.09387338734745959,9.414598397996474e-4,43.771929824561404
BISC_WS_003_02,BISC,Biscayne National Park,0.09387338734745959,9.414598397996474e-4,43.771929824561404
BISC_WS_004_01,BISC,Biscayne National Park,0,0,42.54385964912281
BISC_WS_005_01,BISC,Biscayne National Park,0,0,42.54385964912281
BISC_WS_006_01,BISC,Biscayne National Park,0,0,42.54385964912281
CANA_WS_001_01,CANA,Canaveral National Seashore,19.92279245497699,0.19980645764490834,74.64912280701755
CANA_WS_002_01,CANA,Canaveral National Seashore,21.9538556961611,0.22017606960522387,76.40350877192984
CANA_WS_003_01,CANA,Canaveral National Seashore,50.876757975559705,0.5102449774812787,89.82456140350877
CANA_WS_004_01,CANA,Canaveral National Seashore,8.66599900956795,0.08691163992041175,64.21052631578948
CANA_WS_005_01,CANA,Canaveral National Seashore,32.1071266738247,0.3220036177333491,82.71929824561404
CANA_WS_006_01,CANA,Canaveral National Seashore,60.28529490491677,0.6046035589765407,91.49122807017544
CASA_WS_001_01,CASA,Castillo de San Marcos National Monument,3.141155601969383,0.03150277126860161,56.14035087719298
CASA_WS_002_01,CASA,Castillo de San Marcos National Monument,3.560084905153597,0.035704229485969984,56.75438596491228
CASA_WS_003_01,CASA,Castillo de San Marcos National Monument,3.140599624537904,0.031497195349394234,56.05263157894736
DESO_WS_001_01,DESO,De Soto National Memorial,0.09321230548714789,9.348298242021506e-4,43.15789473684211
DESO_WS_002_01,DESO,De Soto National Memorial,0.09321618679606697,9.348687499997214e-4,43.24561403508772
DRTO_WS_001_01,DRTO,Dry Tortugas National Park,0,0,42.54385964912281
DRTO_WS_002_01,DRTO,Dry Tortugas National Park,0,0,42.54385964912281
DRTO_WS_003_01,DRTO,Dry Tortugas National Park,0,0,42.54385964912281
EVER_WS_001_01,EVER,Everglades National Park,95.37954508131848,0.956565154084124,99.64912280701755
EVER_WS_002_01,EVER,Everglades National Park,96.67905708512355,0.9695980103332721,99.91228070175438
EVER_WS_003_01,EVER,Everglades National Park,0.8428795970871126,0.008453272145244465,50.526315789473685
EVER_WS_003_02,EVER,Everglades National Park,0.842880283728192,0.00845327903159446,50.6140350877193
EVER_WS_004_01,EVER,Everglades National Park,96.1632321509433,0.9644247820774245,99.82456140350877
EVER_WS_005_01,EVER,Everglades National Park,88.61072320372709,0.8886803771459879,98.15789473684211
EVER_WS_006_01,EVER,Everglades National Park,88.53306493535234,0.8879015393627876,97.98245614035088
EVER_WS_007_01,EVER,Everglades National Park,99.71045325463574,1,100
EVER_WS_008_01,EVER,Everglades National Park,89.9812491818764,0.9024254352960028,98.42105263157895
EVER_WS_009_01,EVER,Everglades National Park,70.37600631381589,0.7058036947650117,94.64912280701753
EVER_WS_010_01,EVER,Everglades National Park,71.40103413197299,0.7160837384785774,95.17543859649122
EVER_WS_011_01,EVER,Everglades National Park,79.10589552617624,0.7933560920053129,96.57894736842105
EVER_WS_012_01,EVER,Everglades National Park,69.882569308569,0.7008549959160879,94.56140350877193
EVER_WS_013_01,EVER,Everglades National Park,77.37884123414935,0.7760353975780554,96.49122807017544
EVER_WS_014_01,EVER,Everglades National Park,79.43961149239051,0.7967029423637406,96.75438596491229
EVER_WS_015_01,EVER,Everglades National Park,69.55743961594312,0.6975942576282418,94.38596491228071
EVER_WS_015_02,EVER,Everglades National Park,69.55261588822287,0.6975458802759904,94.2982456140351
EVER_WS_016_01,EVER,Everglades National Park,17.770537372102023,0.17822140800744815,73.15789473684211
FOMA_WS_001_01,FOMA,Fort Matanzas National Monument,24.523644449051886,0.24594858060091843,77.71929824561403
GUIS_WS_001_01,GUIS,Gulf Islands National Seashore,0,0,42.54385964912281
GUIS_WS_003_01,GUIS,Gulf Islands National Seashore,13.621525874011317,0.13661081089688082,69.38596491228071
GUIS_WS_006_01,GUIS,Gulf Islands National Seashore,0.3676465303060243,0.003687141300693382,47.368421052631575
GUIS_WS_006_02,GUIS,Gulf Islands National Seashore,0.37032280342789287,0.0037139817475523892,47.45614035087719
GUIS_WS_007_01,GUIS,Gulf Islands National Seashore,0.8356176429295342,0.008380441725558846,50.43859649122807
GUIS_WS_008_01,GUIS,Gulf Islands National Seashore,4.713010230705472,0.04726696225790504,58.85964912280702
GUIS_WS_010_01,GUIS,Gulf Islands National Seashore,17.632562705934692,0.1768376547332054,72.80701754385966
GUIS_WS_011_01,GUIS,Gulf Islands National Seashore,1.3897931921757865,0.013938289786193226,52.10526315789473
GUIS_WS_015_01,GUIS,Gulf Islands National Seashore,0.09286974859312538,9.313943078361012e-4,42.89473684210526
TIMU_WS_002_01,TIMU,Timucuan Ecological and Historic Preserve,20.613839165621155,0.20673699188768632,75.43859649122807
TIMU_WS_003_01,TIMU,Timucuan Ecological and Historic Preserve,25.844249401367357,0.259192978848141,79.12280701754386
TIMU_WS_006_01,TIMU,Timucuan Ecological and Historic Preserve,25.50738960769681,0.2558145989223143,78.94736842105263
TIMU_WS_007_01,TIMU,Timucuan Ecological and Historic Preserve,26.2885491172936,0.26364887791813735,79.3859649122807
TIMU_WS_008_01,TIMU,Timucuan Ecological and Historic Preserve,25.206676441181543,0.2527987349211015,78.33333333333333
TIMU_WS_009_01,TIMU,Timucuan Ecological and Historic Preserve,14.253749951072503,0.14295141066776584,69.91228070175438
ANDE_WS_001_01,ANDE,Andersonville National Historic Site,65.68492684200876,0.6587566769380315,93.15789473684211
ANDE_WS_002_01,ANDE,Andersonville National Historic Site,64.74374063250009,0.6493174839669082,92.89473684210526
CHAT_WS_001_01,CHAT,Chattahoochee River National Recreation Area,0,0,42.54385964912281
CHAT_WS_002_01,CHAT,Chattahoochee River National Recreation Area,1.651981894739387,0.016567790445407318,53.1578947368421
CHAT_WS_003_01,CHAT,Chattahoochee River National Recreation Area,0,0,42.54385964912281
CHAT_WS_004_01,CHAT,Chattahoochee River National Recreation Area,0,0,42.54385964912281
CHAT_WS_005_01,CHAT,Chattahoochee River National Recreation Area,0,0,42.54385964912281
CHCH_WS_001_01,CHCH,Chickamauga and Chattanooga National Military Park,26.127297545485163,0.2620316796551163,79.21052631578948
CHCH_WS_002_01,CHCH,Chickamauga and Chattanooga National Military Park,41.88047122614026,0.4200208690174934,86.8421052631579
CHCH_WS_003_01,CHCH,Chickamauga and Chattanooga National Military Park,12.708899996255822,0.1274580505997746,68.15789473684211
CHCH_WS_004_01,CHCH,Chickamauga and Chattanooga National Military Park,42.69248518146303,0.4281645884452759,87.10526315789474
CUIS_WS_001_01,CUIS,Cumberland Island National Seashore,20.40040053624819,0.20459640760182518,75.08771929824562
CUIS_WS_002_01,CUIS,Cumberland Island National Seashore,18.26249993773549,0.18315531964434661,73.59649122807016
CUIS_WS_004_01,CUIS,Cumberland Island National Seashore,10.06402466584608,0.10093249340813906,65.70175438596492
CUIS_WS_008_01,CUIS,Cumberland Island National Seashore,21.107298093949694,0.21168591060404565,75.96491228070175
CUIS_WS_009_01,CUIS,Cumberland Island National Seashore,11.826746983669606,0.11861090384843634,67.19298245614034
CUIS_WS_010_01,CUIS,Cumberland Island National Seashore,20.417530873121216,0.20476820841421622,75.26315789473685
CUIS_WS_012_01,CUIS,Cumberland Island National Seashore,21.35591002103335,0.21417924925579926,76.05263157894737
CUIS_WS_013_01,CUIS,Cumberland Island National Seashore,9.502645093580387,0.0953023959214486,65.35087719298247
CUIS_WS_014_01,CUIS,Cumberland Island National Seashore,30.319965413633753,0.3040801081929102,81.84210526315789
CUIS_WS_015_01,CUIS,Cumberland Island National Seashore,5.875808592320905,0.058928712091154065,60.526315789473685
CUIS_WS_016_01,CUIS,Cumberland Island National Seashore,5.7846570863389175,0.05801455010505609,60.43859649122807
CUIS_WS_017_01,CUIS,Cumberland Island National Seashore,11.894107583721384,0.11928646591693638,67.45614035087719
CUIS_WS_018_01,CUIS,Cumberland Island National Seashore,11.927145879873201,0.11961780826945227,67.54385964912281
CUIS_WS_019_01,CUIS,Cumberland Island National Seashore,11.695262934467515,0.11729224522328384,67.01754385964912
FOFR_WS_001_01,FOFR,Fort Frederica National Monument,30.7336768706875,0.3082292364292169,82.10526315789474
FOFR_WS_002_01,FOFR,Fort Frederica National Monument,44.04158947720423,0.4416948077122159,87.36842105263159
FOPU_WS_001_01,FOPU,Fort Pulaski National Monument,28.066433307466692,0.28147934736383146,80.35087719298247
FOPU_WS_002_01,FOPU,Fort Pulaski National Monument,29.21933980140143,0.29304189127274843,81.40350877192982
FOPU_WS_004_01,FOPU,Fort Pulaski National Monument,34.16207068320943,0.3426127308434551,83.6842105263158
JICA_WS_001_01,JICA,Jimmy Carter National Historic Site,65.86630665602098,0.6605757421221904,93.24561403508773
JICA_WS_002_01,JICA,Jimmy Carter National Historic Site,57.35894382059404,0.5752550705402325,91.14035087719297
KEMO_WS_001_01,KEMO,Kennesaw Mountain National Battlefield Park,0,0,42.54385964912281
KEMO_WS_002_01,KEMO,Kennesaw Mountain National Battlefield Park,0.2457989114392133,0.0024651268088362204,46.578947368421055
MALU_WS_001_01,MALU,"Martin Luther King, Jr. National Historic Site",0,0,42.54385964912281
OCMU_WS_001_01,OCMU,Ocmulgee National Monument,20.93529173606885,0.20996085217469942,75.6140350877193
EFMO_WS_001_01,EFMO,Effigy Mounds National Monument,0,0,42.54385964912281
HEHO_WS_001_01,HEHO,Herbert Hoover National Historic Site,0,0,42.54385964912281
CIRO_WS_002_01,CIRO,City of Rocks National Reserve,61.99456177692212,0.6217458626790453,92.10526315789474
HAFO_WS_001_01,HAFO,Hagerman Fossil Beds National Monument,51.795900513011915,0.5194630936110384,90.08771929824562
MIIN_WS_001_01,MIIN,Minidoka National Historic Site,25.07491409736528,0.25147728526847807,78.0701754385965
NEPE_WS_001_01,NEPE,Nez Perce National Historical Park,43.055066452176455,0.4318009300612094,87.19298245614036
NEPE_WS_002_01,NEPE,Nez Perce National Historical Park,0.9464376116991173,0.009491859487210942,51.05263157894737
NEPE_WS_003_01,NEPE,Nez Perce National Historical Park,0.8624440353499687,0.008649484654808467,50.877192982456144
NEPE_WS_004_01,NEPE,Nez Perce National Historical Park,0.9648016878800465,0.009676033518934896,51.2280701754386
NEPE_WS_005_01,NEPE,Nez Perce National Historical Park,5.169881690770952,0.051848943837095575,59.561403508771924
YELL_WS_001_01,YELL,Yellowstone National Park,15.516703369006946,0.1556176194423782,71.57894736842105
YELL_WS_001_02,YELL,Yellowstone National Park,15.516703369006946,0.1556176194423782,71.57894736842105
YELL_WS_012_01,YELL,Yellowstone National Park,5.655241339584138,0.05671663456530536,60.35087719298245
YELL_WS_002_01,YELL,Yellowstone National Park,40.442196553097034,0.405596356580766,86.57894736842105
YELL_WS_002_02,YELL,Yellowstone National Park,40.442196553097034,0.405596356580766,86.57894736842105
YELL_WS_008_01,YELL,Yellowstone National Park,18.987457798234274,0.19042595012325358,74.29824561403508
YELL_WS_003_01,YELL,Yellowstone National Park,53.62271229833313,0.537784259804677,90.43859649122807
YELL_WS_015_01,YELL,Yellowstone National Park,10.498578669429056,0.10529065235134669,66.05263157894737
YELL_WS_018_01,YELL,Yellowstone National Park,6.619225472806041,0.06638446879688915,61.05263157894737
YELL_WS_019_01,YELL,Yellowstone National Park,28.946320657341758,0.29030377169603316,81.14035087719299
YELL_WS_020_01,YELL,Yellowstone National Park,24.57703063556764,0.24648399273448296,77.80701754385964
YELL_WS_010_01,YELL,Yellowstone National Park,9.25733680831614,0.09284218962153547,64.91228070175438
YELL_WS_010_02,YELL,Yellowstone National Park,9.14976441489039,0.09176334191886745,64.82456140350877
YELL_WS_016_01,YELL,Yellowstone National Park,3.3827758926756037,0.03392599052816292,56.40350877192982
YELL_WS_007_01,YELL,Yellowstone National Park,31.461613094337014,0.31552973702758996,82.54385964912281
YELL_WS_005_01,YELL,Yellowstone National Park,15.877838867561305,0.1592394613532971,71.75438596491229
YELL_WS_023_01,YELL,Yellowstone National Park,7.144331816643157,0.07165078066988932,62.10526315789474
YELL_WS_022_01,YELL,Yellowstone National Park,14.763534538319846,0.1480640600501278,70.87719298245614
YELL_WS_006_01,YELL,Yellowstone National Park,48.3559327513337,0.48496352361215983,89.29824561403508
YELL_WS_006_02,YELL,Yellowstone National Park,48.3559327513337,0.48496352361215983,89.29824561403508
YELL_WS_014_01,YELL,Yellowstone National Park,12.181337347951175,0.12216710435407473,67.71929824561404
YELL_WS_011_01,YELL,Yellowstone National Park,15.960205056619959,0.16006551505549332,71.9298245614035
YELL_WS_011_02,YELL,Yellowstone National Park,15.960205056619959,0.16006551505549332,71.9298245614035
YELL_WS_004_01,YELL,Yellowstone National Park,37.32039577060737,0.37428769554682845,85
YELL_WS_017_01,YELL,Yellowstone National Park,16.969859958415306,0.17019138319508484,72.54385964912281
YELL_WS_013_01,YELL,Yellowstone National Park,14.815174168942328,0.14858195590695042,71.2280701754386
YELL_WS_013_02,YELL,Yellowstone National Park,14.63698568903781,0.1467948967362387,70.52631578947368
YELL_WS_009_01,YELL,Yellowstone National Park,0.7137055969103321,0.00715778109129346,50
LIHO_WS_001_01,LIHO,Lincoln Home National Historic Site,0,0,42.54385964912281
PULL_WS_001_01,PULL,Pullman National Monument,0,0,42.54385964912281
GERO_WS_001_01,GERO,George Rogers Clark National Historical Park,0,0,42.54385964912281
INDU_WS_003_01,INDU,Indiana Dunes National Lakeshore,0,0,42.54385964912281
INDU_WS_004_01,INDU,Indiana Dunes National Lakeshore,0,0,42.54385964912281
INDU_WS_005_01,INDU,Indiana Dunes National Lakeshore,0,0,42.54385964912281
INDU_WS_006_01,INDU,Indiana Dunes National Lakeshore,0,0,42.54385964912281
INDU_WS_007_01,INDU,Indiana Dunes National Lakeshore,0,0,42.54385964912281
BRVB_WS_001_01,BRVB,Brown v. Board Of Education National Historic Site,0,0,42.54385964912281
FOLS_WS_001_01,FOLS,Fort Larned National Historic Site,0,0,42.54385964912281
FOLS_WS_002_01,FOLS,Fort Larned National Historic Site,0,0,42.54385964912281
FOLS_WS_003_01,FOLS,Fort Larned National Historic Site,0,0,42.54385964912281
FOLS_WS_004_01,FOSC,Fort Scott National Historic Site,0,0,42.54385964912281
FOLS_WS_005_01,FOSC,Fort Scott National Historic Site,0,0,42.54385964912281
NICO_WS_001_01,NICO,Nicodemus National Historic Site,0,0,42.54385964912281
TAPR_WS_003_01,TAPR,Tallgrass Prairie National Preserve,40.31516664523295,0.40432236871171395,86.40350877192982
ABLI_WS_001_01,ABLI,Abraham Lincoln Birthplace National Historical Park,0,0,42.54385964912281
ABLI_WS_002_01,ABLI,Abraham Lincoln Birthplace National Historical Park,0,0,42.54385964912281
CANE_WS_001_01,CANE,Camp Nelson National Monument,0,0,42.54385964912281
CUGA_WS_001_01,CUGA,Cumberland Gap National Historical Park,0.3719424266807176,0.0037302250119239655,47.719298245614034
CUGA_WS_002_01,CUGA,Cumberland Gap National Historical Park,0.3719424266807176,0.0037302250119239655,47.719298245614034
CUGA_WS_003_01,CUGA,Cumberland Gap National Historical Park,1.394865648194301,0.0139891616441875,52.19298245614035
CUGA_WS_004_01,CUGA,Cumberland Gap National Historical Park,4.039117771010744,0.04050846866271724,57.98245614035088
CUGA_WS_005_01,CUGA,Cumberland Gap National Historical Park,0.9677812396830817,0.009705915559440982,51.31578947368421
CUGA_WS_006_01,CUGA,Cumberland Gap National Historical Park,10.671614977713679,0.10702604019320847,66.14035087719297
CUGA_WS_007_01,CUGA,Cumberland Gap National Historical Park,0.3719424266807176,0.0037302250119239655,47.719298245614034
FODO_WS_001_01,FODO,Fort Donelson National Battlefield,0,0,42.54385964912281
MACA_WS_001_01,MACA,Mammoth Cave National Park,0,0,42.54385964912281
MISP_WS_001_01,MISP,Mill Springs Battlefield National Monument,0,0,42.54385964912281
CARI_WS_001_01,CARI,Cane River Creole National Historic Park and Heritage Area,0,0,42.54385964912281
JELA_WS_001_01,JELA,Jean Lafitte National Historical Park and Preserve,0,0,42.54385964912281
JELA_WS_003_01,JELA,Jean Lafitte National Historical Park and Preserve,0,0,42.54385964912281
JELA_WS_004_01,JELA,Jean Lafitte National Historical Park and Preserve,0,0,42.54385964912281
JELA_WS_005_01,JELA,Jean Lafitte National Historical Park and Preserve,0,0,42.54385964912281
JELA_WS_006_01,JELA,Jean Lafitte National Historical Park and Preserve,0,0,42.54385964912281
JELA_WS_007_01,JELA,Jean Lafitte National Historical Park and Preserve,0.7371128370483035,0.0073925332097919605,50.08771929824562
VICK_WS_001_01,VICK,Vicksburg National Military Park,0,0,42.54385964912281
VICK_WS_002_01,VICK,Vicksburg National Military Park,0,0,42.54385964912281
BOAF_WS_001_01,BOAF,Boston African American National Historic Site,0,0,42.54385964912281
BOHA_WS_001_01,BOHA,Boston Harbor Islands National Recreation Area,0,0,42.54385964912281
BOHA_WS_002_01,BOHA,Boston Harbor Islands National Recreation Area,0,0,42.54385964912281
BOHA_WS_003_01,BOHA,Boston Harbor Islands National Recreation Area,0,0,42.54385964912281
BOHA_WS_004_01,BOHA,Boston Harbor Islands National Recreation Area,0,0,42.54385964912281
BOHA_WS_005_01,BOHA,Boston Harbor Islands National Recreation Area,0,0,42.54385964912281
BOHA_WS_006_01,BOHA,Boston Harbor Islands National Recreation Area,0,0,42.54385964912281
BOST_WS_001_01,BOST,Boston National Historic Park,0,0,42.54385964912281
CACO_WS_002_01,CACO,Cape Cod National Seashore,0,0,42.54385964912281
CACO_WS_003_01,CACO,Cape Cod National Seashore,0,0,42.54385964912281
CACO_WS_004_01,CACO,Cape Cod National Seashore,0,0,42.54385964912281
CACO_WS_006_01,CACO,Cape Cod National Seashore,0,0,42.54385964912281
CACO_WS_008_01,CACO,Cape Cod National Seashore,0,0,42.54385964912281
CACO_WS_008_02,CACO,Cape Cod National Seashore,0,0,42.54385964912281
CACO_WS_009_01,CACO,Cape Cod National Seashore,0,0,42.54385964912281
CACO_WS_011_01,CACO,Cape Cod National Seashore,0,0,42.54385964912281
CACO_WS_012_01,CACO,Cape Cod National Seashore,0,0,42.54385964912281
CACO_WS_014_01,CACO,Cape Cod National Seashore,0,0,42.54385964912281
CACO_WS_016_01,CACO,Cape Cod National Seashore,0,0,42.54385964912281
CACO_WS_017_01,CACO,Cape Cod National Seashore,0,0,42.54385964912281
CACO_WS_018_01,CACO,Cape Cod National Seashore,0,0,42.54385964912281
CACO_WS_019_01,CACO,Cape Cod National Seashore,0,0,42.54385964912281
CACO_WS_021_01,CACO,Cape Cod National Seashore,0,0,42.54385964912281
CACO_WS_022_01,CACO,Cape Cod National Seashore,0,0,42.54385964912281
CACO_WS_022_02,CACO,Cape Cod National Seashore,0,0,42.54385964912281
CACO_WS_023_01,CACO,Cape Cod National Seashore,0,0,42.54385964912281
CACO_WS_025_01,CACO,Cape Cod National Seashore,0,0,42.54385964912281
CACO_WS_027_01,CACO,Cape Cod National Seashore,0,0,42.54385964912281
CACO_WS_028_01,CACO,Cape Cod National Seashore,0,0,42.54385964912281
CACO_WS_029_01,CACO,Cape Cod National Seashore,0,0,42.54385964912281
CACO_WS_031_01,CACO,Cape Cod National Seashore,0,0,42.54385964912281
CACO_WS_033_01,CACO,Cape Cod National Seashore,0,0,42.54385964912281
CACO_WS_036_01,CACO,Cape Cod National Seashore,0,0,42.54385964912281
CACO_WS_037_01,CACO,Cape Cod National Seashore,0,0,42.54385964912281
CACO_WS_038_01,CACO,Cape Cod National Seashore,0,0,42.54385964912281
CACO_WS_040_01,CACO,Cape Cod National Seashore,0,0,42.54385964912281
CACO_WS_041_01,CACO,Cape Cod National Seashore,0,0,42.54385964912281
CACO_WS_041_02,CACO,Cape Cod National Seashore,0,0,42.54385964912281
CACO_WS_043_01,CACO,Cape Cod National Seashore,0,0,42.54385964912281
CACO_WS_044_01,CACO,Cape Cod National Seashore,0,0,42.54385964912281
CACO_WS_045_01,CACO,Cape Cod National Seashore,0,0,42.54385964912281
CACO_WS_046_01,CACO,Cape Cod National Seashore,0,0,42.54385964912281
CACO_WS_049_01,CACO,Cape Cod National Seashore,0,0,42.54385964912281
CACO_WS_050_01,CACO,Cape Cod National Seashore,0,0,42.54385964912281
CACO_WS_051_01,CACO,Cape Cod National Seashore,0,0,42.54385964912281
CACO_WS_052_01,CACO,Cape Cod National Seashore,0,0,42.54385964912281
CACO_WS_053_01,CACO,Cape Cod National Seashore,0,0,42.54385964912281
CACO_WS_055_01,CACO,Cape Cod National Seashore,0,0,42.54385964912281
CACO_WS_057_01,CACO,Cape Cod National Seashore,0,0,42.54385964912281
CACO_WS_059_01,CACO,Cape Cod National Seashore,0,0,42.54385964912281
CACO_WS_062_01,CACO,Cape Cod National Seashore,0,0,42.54385964912281
CACO_WS_063_01,CACO,Cape Cod National Seashore,0,0,42.54385964912281
CACO_WS_066_01,CACO,Cape Cod National Seashore,0,0,42.54385964912281
CACO_WS_067_01,CACO,Cape Cod National Seashore,0,0,42.54385964912281
CACO_WS_069_01,CACO,Cape Cod National Seashore,0,0,42.54385964912281
CACO_WS_070_01,CACO,Cape Cod National Seashore,0,0,42.54385964912281
LOWE_WS_001_01,LOWE,Lowell National Historical Park,0,0,42.54385964912281
MIMA_WS_001_01,MIMA,Minute Man National Historical Park,0,0,42.54385964912281
MIMA_WS_003_01,MIMA,Minute Man National Historical Park,0.09662802505812372,9.690862081567289e-4,44.21052631578947
MIMA_WS_004_01,MIMA,Minute Man National Historical Park,0.0966536319924192,9.69343021093183e-4,44.29824561403509
ASIS_WS_001_01,ASIS,Assateague Island National Seashore,0,0,42.54385964912281
ASIS_WS_001_02,ASIS,Assateague Island National Seashore,0,0,42.54385964912281
ASIS_WS_002_01,ASIS,Assateague Island National Seashore,0,0,42.54385964912281
ASIS_WS_004_01,ASIS,Assateague Island National Seashore,0,0,42.54385964912281
CAJO_WS_001_01,CAJO,Captain John Smith Chesapeake National Historic Trail,0,0,42.54385964912281
HATU_WS_001_01,HATU,Harriet Tubman Underground Railroad National Monument,0.8537545778893688,0.008562337749173516,50.70175438596492
THST_WS_001_01,THST,Thomas Stone National Historic Site,0,0,42.54385964912281
ACAD_WS_001_01,ACAD,Acadia National Park,0,0,42.54385964912281
ACAD_WS_004_01,ACAD,Acadia National Park,0,0,42.54385964912281
ACAD_WS_005_01,ACAD,Acadia National Park,0,0,42.54385964912281
ACAD_WS_007_01,ACAD,Acadia National Park,0,0,42.54385964912281
ACAD_WS_008_01,ACAD,Acadia National Park,0,0,42.54385964912281
ACAD_WS_010_01,ACAD,Acadia National Park,0,0,42.54385964912281
ACAD_WS_011_01,ACAD,Acadia National Park,0,0,42.54385964912281
ACAD_WS_012_01,ACAD,Acadia National Park,0,0,42.54385964912281
ACAD_WS_013_01,ACAD,Acadia National Park,0,0,42.54385964912281
ACAD_WS_014_01,ACAD,Acadia National Park,0,0,42.54385964912281
ACAD_WS_016_01,ACAD,Acadia National Park,0,0,42.54385964912281
ACAD_WS_017_01,ACAD,Acadia National Park,0,0,42.54385964912281
ACAD_WS_019_01,ACAD,Acadia National Park,0,0,42.54385964912281
ACAD_WS_020_01,ACAD,Acadia National Park,0,0,42.54385964912281
ACAD_WS_022_01,ACAD,Acadia National Park,0,0,42.54385964912281
ACAD_WS_023_01,ACAD,Acadia National Park,0,0,42.54385964912281
ACAD_WS_025_01,ACAD,Acadia National Park,0,0,42.54385964912281
ACAD_WS_026_01,ACAD,Acadia National Park,0,0,42.54385964912281
ACAD_WS_030_01,ACAD,Acadia National Park,0,0,42.54385964912281
ACAD_WS_030_02,ACAD,Acadia National Park,0,0,42.54385964912281
KAWW_WS_002_01,KAWW,Katahdin Woods and Waters National Monument,0,0,42.54385964912281
SACR_WS_001_01,SACR,Saint Croix Island International Historic Site,0,0,42.54385964912281
ISRO_WS_001_01,ISRO,Isle Royale National Park,0,0,42.54385964912281
ISRO_WS_002_01,ISRO,Isle Royale National Park,0,0,42.54385964912281
ISRO_WS_003_01,ISRO,Isle Royale National Park,0,0,42.54385964912281
ISRO_WS_004_01,ISRO,Isle Royale National Park,0,0,42.54385964912281
ISRO_WS_005_01,ISRO,Isle Royale National Park,0,0,42.54385964912281
ISRO_WS_006_01,ISRO,Isle Royale National Park,0,0,42.54385964912281
ISRO_WS_007_01,ISRO,Isle Royale National Park,0,0,42.54385964912281
ISRO_WS_008_01,ISRO,Isle Royale National Park,0,0,42.54385964912281
ISRO_WS_009_01,ISRO,Isle Royale National Park,0,0,42.54385964912281
ISRO_WS_010_01,ISRO,Isle Royale National Park,0,0,42.54385964912281
KEWE_WS_001_01,KEWE,Keweenaw National Historical Park,0,0,42.54385964912281
PIRO_WS_001_01,PIRO,Pictured Rocks National Lakeshore,0,0,42.54385964912281
PIRO_WS_003_01,PIRO,Pictured Rocks National Lakeshore,0,0,42.54385964912281
PIRO_WS_004_01,PIRO,Pictured Rocks National Lakeshore,0,0,42.54385964912281
PIRO_WS_005_01,PIRO,Pictured Rocks National Lakeshore,0,0,42.54385964912281
PIRO_WS_007_01,PIRO,Pictured Rocks National Lakeshore,0,0,42.54385964912281
PIRO_WS_008_01,PIRO,Pictured Rocks National Lakeshore,0,0,42.54385964912281
PIRO_WS_009_01,PIRO,Pictured Rocks National Lakeshore,0,0,42.54385964912281
PIRO_WS_010_01,PIRO,Pictured Rocks National Lakeshore,0,0,42.54385964912281
PIRO_WS_011_01,PIRO,Pictured Rocks National Lakeshore,0,0,42.54385964912281
PIRO_WS_012_01,PIRO,Pictured Rocks National Lakeshore,0,0,42.54385964912281
PIRO_WS_013_01,PIRO,Pictured Rocks National Lakeshore,0,0,42.54385964912281
PIRO_WS_014_01,PIRO,Pictured Rocks National Lakeshore,0,0,42.54385964912281
PIRO_WS_018_01,PIRO,Pictured Rocks National Lakeshore,0,0,42.54385964912281
PIRO_WS_019_01,PIRO,Pictured Rocks National Lakeshore,0,0,42.54385964912281
PIRO_WS_020_01,PIRO,Pictured Rocks National Lakeshore,0,0,42.54385964912281
RIRA_WS_001_01,RIRA,River Raisin National Battlefield Park,0,0,42.54385964912281
SLBE_WS_002_01,SLBE,Sleeping Bear Dunes National Lakeshore,0,0,42.54385964912281
SLBE_WS_002_01,SLBE,Sleeping Bear Dunes National Lakeshore,0,0,42.54385964912281
SLBE_WS_003_01,SLBE,Sleeping Bear Dunes National Lakeshore,0,0,42.54385964912281
SLBE_WS_004_01,SLBE,Sleeping Bear Dunes National Lakeshore,0,0,42.54385964912281
SLBE_WS_005_01,SLBE,Sleeping Bear Dunes National Lakeshore,0,0,42.54385964912281
SLBE_WS_007_01,SLBE,Sleeping Bear Dunes National Lakeshore,0,0,42.54385964912281
SLBE_WS_008_01,SLBE,Sleeping Bear Dunes National Lakeshore,0,0,42.54385964912281
SLBE_WS_010_01,SLBE,Sleeping Bear Dunes National Lakeshore,0,0,42.54385964912281
SLBE_WS_011_01,SLBE,Sleeping Bear Dunes National Lakeshore,0,0,42.54385964912281
SLBE_WS_013_01,SLBE,Sleeping Bear Dunes National Lakeshore,0,0,42.54385964912281
SLBE_WS_014_01,SLBE,Sleeping Bear Dunes National Lakeshore,0,0,42.54385964912281
SLBE_WS_015_01,SLBE,Sleeping Bear Dunes National Lakeshore,0,0,42.54385964912281
SLBE_WS_017_01,SLBE,Sleeping Bear Dunes National Lakeshore,0,0,42.54385964912281
SLBE_WS_018_01,SLBE,Sleeping Bear Dunes National Lakeshore,0,0,42.54385964912281
SLBE_WS_019_01,SLBE,Sleeping Bear Dunes National Lakeshore,0,0,42.54385964912281
SLBE_WS_020_01,SLBE,Sleeping Bear Dunes National Lakeshore,0,0,42.54385964912281
SLBE_WS_021_01,SLBE,Sleeping Bear Dunes National Lakeshore,0,0,42.54385964912281
SLBE_WS_022_01,SLBE,Sleeping Bear Dunes National Lakeshore,0,0,42.54385964912281
SLBE_WS_026_01,SLBE,Sleeping Bear Dunes National Lakeshore,0,0,42.54385964912281
MISS_WS_001_01,MISS,Mississippi National River and Recreation Areas,0,0,42.54385964912281
PIPE_WS_001_01,PIPE,Pipestone National Monument,0,0,42.54385964912281
MEMY_WS_001_01,MEMY,Medgar and Myrlie Evers Home National Monument,0.18560750655005204,0.0018614648764664278,45.26315789473684
NATC_WS_001_01,NATC,Natchez National Historical Park,0,0,42.54385964912281
SHIL_WS_001_01,SHIL,Shiloh National Military Park,20.820163469890485,0.20880622633136525,75.52631578947368
SHIL_WS_002_01,SHIL,Shiloh National Military Park,24.48908489826296,0.24560198152669027,77.63157894736842
BICA_WS_008_01,BICA,Bighorn Canyon National Recreation Area,0,0,42.54385964912281
BICA_WS_004_01,BICA,Bighorn Canyon National Recreation Area,1.5268365046030195,0.015312702477681635,52.807017543859644
BICA_WS_003_01,BICA,Bighorn Canyon National Recreation Area,0,0,42.54385964912281
FOUS_WS_001_01,FOUS,Fort Union Trading Post National Historic Site,0,0,42.54385964912281
GLAC_WS_013_01,GLAC,Glacier National Park,18.488437650360176,0.18542125772054507,74.03508771929825
GLAC_WS_014_01,GLAC,Glacier National Park,27.447391650658403,0.2752709545965515,80
GLAC_WS_022_01,GLAC,Glacier National Park,11.719804861798146,0.11753837716361266,67.10526315789474
GLAC_WS_020_01,GLAC,Glacier National Park,5.583204181738539,0.05599417111744966,60.26315789473684
GLAC_WS_010_01,GLAC,Glacier National Park,4.01248686799318,0.04024138630426526,57.89473684210527
GLAC_WS_007_01,GLAC,Glacier National Park,2.8472452935061416,0.02855513339443944,55.70175438596491
GLAC_WS_007_02,GLAC,Glacier National Park,2.8472452935061416,0.02855513339443944,55.70175438596491
GLAC_WS_015_01,GLAC,Glacier National Park,4.288131141852887,0.0430058334094828,58.15789473684211
GLAC_WS_012_01,GLAC,Glacier National Park,22.715665811286108,0.2278162927739977,76.66666666666667
GLAC_WS_009_01,GLAC,Glacier National Park,17.456042262007283,0.17506732435995337,72.63157894736842
GLAC_WS_009_02,GLAC,Glacier National Park,16.84972684317982,0.16898656352659236,72.45614035087719
GLAC_WS_001_01,GLAC,Glacier National Park,2.2907837440171086,0.02297435894877557,54.64912280701755
GLAC_WS_008_01,GLAC,Glacier National Park,20.333583015784743,0.20392629209956373,75
GLAC_WS_024_01,GLAC,Glacier National Park,14.296063868560744,0.14337577858614428,70.08771929824562
GLAC_WS_024_02,GLAC,Glacier National Park,14.048419724717135,0.14089214587001184,69.64912280701753
GLAC_WS_016_01,GLAC,Glacier National Park,19.93060767859194,0.19988483682542407,74.73684210526315
GLAC_WS_004_01,GLAC,Glacier National Park,67.1620198506317,0.6735704999667044,93.85964912280701
GLAC_WS_019_01,GLAC,Glacier National Park,32.40422472368114,0.32498322558948556,82.89473684210526
GLAC_WS_006_01,GLAC,Glacier National Park,1.17151052970131,0.011749124504625036,51.491228070175445
GLAC_WS_002_01,GLAC,Glacier National Park,36.833199708720024,0.36940158736072715,84.73684210526315
GLAC_WS_021_01,GLAC,Glacier National Park,38.359348176592945,0.38470738949137756,85.87719298245614
GLAC_WS_003_01,GLAC,Glacier National Park,25.15342252876206,0.25226464936957477,78.15789473684211
GLAC_WS_017_01,GLAC,Glacier National Park,21.75367155804596,0.21816841512586932,76.31578947368422
GLAC_WS_005_01,GLAC,Glacier National Park,24.593299127270114,0.2466471500682575,77.89473684210526
GLAC_WS_023_01,GLAC,Glacier National Park,59.52151562414393,0.5969435869691693,91.22807017543859
GLAC_WS_011_01,GLAC,Glacier National Park,0.6357081047863306,0.0063755412199650715,49.473684210526315
GLAC_WS_018_01,GLAC,Glacier National Park,72.49972433457168,0.7271025451005161,95.43859649122807
LIBI_WS_001_01,LIBI,Little Bighorn Battlefield National Monument,9.771355795687342,0.09799730596684507,65.6140350877193
BLRI_WS_001_01,BLRI,Blue Ridge Parkway,4.894473593214094,0.049086865353172394,59.473684210526315
BLRI_WS_002_01,BLRI,Blue Ridge Parkway,14.046719633374638,0.14087509558805036,69.56140350877193
BLRI_WS_003_01,BLRI,Blue Ridge Parkway,8.24446733874118,0.08268408245710063,63.68421052631579
BLRI_WS_004_01,BLRI,Blue Ridge Parkway,0,0,42.54385964912281
BLRI_WS_005_01,BLRI,Blue Ridge Parkway,0,0,42.54385964912281
BLRI_WS_006_01,BLRI,Blue Ridge Parkway,0.09341212326274403,9.368338044176037e-4,43.42105263157895
BLRI_WS_007_01,BLRI,Blue Ridge Parkway,0.093407274737959,9.367851783746285e-4,43.333333333333336
BLRI_WS_008_01,BLRI,Blue Ridge Parkway,0,0,42.54385964912281
BLRI_WS_009_01,BLRI,Blue Ridge Parkway,0,0,42.54385964912281
BLRI_WS_010_01,BLRI,Blue Ridge Parkway,0,0,42.54385964912281
BLRI_WS_011_01,BLRI,Blue Ridge Parkway,0,0,42.54385964912281
BLRI_WS_012_01,BLRI,Blue Ridge Parkway,0,0,42.54385964912281
BLRI_WS_013_01,BLRI,Blue Ridge Parkway,0,0,42.54385964912281
BLRI_WS_014_01,BLRI,Blue Ridge Parkway,7.142495693610523,0.07163236612083553,62.01754385964912
BLRI_WS_015_01,BLRI,Blue Ridge Parkway,7.035001457843597,0.07055430226435688,61.929824561403514
BLRI_WS_016_01,BLRI,Blue Ridge Parkway,0.2815208773302607,0.0028233837891733005,46.92982456140351
BLRI_WS_017_01,BLRI,Blue Ridge Parkway,0.2814972613182258,0.0028231469432733565,46.8421052631579
BLRI_WS_018_01,BLRI,Blue Ridge Parkway,0.3752784111681673,0.0037636817296357026,47.89473684210526
BLRI_WS_019_01,BLRI,Blue Ridge Parkway,7.002004769388434,0.07022337719704325,61.66666666666667
BLRI_WS_020_01,BLRI,Blue Ridge Parkway,6.66755701388108,0.06686918769543444,61.140350877192986
BLRI_WS_021_01,BLRI,Blue Ridge Parkway,6.9276944672204905,0.06947811629668235,61.40350877192983
BLRI_WS_022_01,BLRI,Blue Ridge Parkway,7.0020047785123065,0.07022337728854693,61.75438596491228
BLRI_WS_024_01,BLRI,Blue Ridge Parkway,0,0,42.54385964912281
BLRI_WS_025_01,BLRI,Blue Ridge Parkway,0,0,42.54385964912281
BLRI_WS_026_01,BLRI,Blue Ridge Parkway,0.0939459904752083,9.421879793815957e-4,43.859649122807014
BLRI_WS_027_01,BLRI,Blue Ridge Parkway,1.9897743511999257,0.01995552408250052,54.03508771929825
BLRI_WS_028_01,BLRI,Blue Ridge Parkway,1.9500091061621705,0.01955671689890258,53.771929824561404
BLRI_WS_029_01,BLRI,Blue Ridge Parkway,3.5802887459963184,0.035906854588787694,56.84210526315789
BLRI_WS_029_02,BLRI,Blue Ridge Parkway,3.9435396416352297,0.03954991189905043,57.631578947368425
BLRI_WS_030_01,BLRI,Blue Ridge Parkway,12.175759642789158,0.1221111653328392,67.63157894736842
BLRI_WS_031_01,BLRI,Blue Ridge Parkway,0,0,42.54385964912281
BLRI_WS_031_02,BLRI,Blue Ridge Parkway,0,0,42.54385964912281
BLRI_WS_032_01,BLRI,Blue Ridge Parkway,0,0,42.54385964912281
BLRI_WS_033_01,BLRI,Blue Ridge Parkway,3.642849280357236,0.03653427661244608,57.01754385964912
BLRI_WS_034_01,BLRI,Blue Ridge Parkway,0,0,42.54385964912281
BLRI_WS_035_01,BLRI,Blue Ridge Parkway,0,0,42.54385964912281
BLRI_WS_036_01,BLRI,Blue Ridge Parkway,0,0,42.54385964912281
BLRI_WS_038_01,BLRI,Blue Ridge Parkway,0.09358315713686276,9.385491097696107e-4,43.59649122807018
BLRI_WS_039_01,BLRI,Blue Ridge Parkway,0.09358306848858802,9.385482207126278e-4,43.50877192982456
BLRI_WS_040_01,BLRI,Blue Ridge Parkway,0.6815878380831152,0.006835670843281688,49.824561403508774
BLRI_WS_041_01,BLRI,Blue Ridge Parkway,1.9802041094553327,0.019859543757146336,53.94736842105263
BLRI_WS_042_01,BLRI,Blue Ridge Parkway,4.6177751990114135,0.04631184643418241,58.59649122807018
BLRI_WS_043_01,BLRI,Blue Ridge Parkway,8.556814199696626,0.0858166212307214,64.03508771929825
BLRI_WS_044_01,BLRI,Blue Ridge Parkway,0,0,42.54385964912281
CAHA_WS_001_01,CAHA,Cape Hatteras National Seashore,1.6200662146568383,0.01624770685295745,53.07017543859649
CAHA_WS_002_01,CAHA,Cape Hatteras National Seashore,12.768397346934282,0.128054751835567,68.33333333333333
CAHA_WS_002_02,CAHA,Cape Hatteras National Seashore,12.82274101133935,0.12859976655199082,68.50877192982456
CAHA_WS_002_03,CAHA,Cape Hatteras National Seashore,12.927997396185445,0.12965538691485587,68.6842105263158
CAHA_WS_005_01,CAHA,Cape Hatteras National Seashore,12.627700889875895,0.126643701614994,68.0701754385965
CAHA_WS_006_01,CAHA,Cape Hatteras National Seashore,7.81474365574375,0.07837436698624602,63.24561403508772
CAHA_WS_007_01,CAHA,Cape Hatteras National Seashore,1.9033530952492488,0.019088801957288848,53.68421052631579
CAHA_WS_008_01,CAHA,Cape Hatteras National Seashore,4.716074345793899,0.047297692386877595,58.94736842105262
CALO_WS_001_01,CALO,Cape Lookout National Seashore,1.993349119702113,0.019991375574350205,54.12280701754386
CALO_WS_004_01,CALO,Cape Lookout National Seashore,1.5657291602405305,0.015702758428367054,52.89473684210526
CALO_WS_005_01,CALO,Cape Lookout National Seashore,2.5578413562707714,0.025652690091967387,55.00000000000001
CALO_WS_006_01,CALO,Cape Lookout National Seashore,2.015667586008376,0.020215208337894742,54.21052631578947
CARL_WS_001_01,CARL,Carl Sandburg Home National Historic Site,13.408595664552053,0.13447532557403816,69.12280701754386
FORA_WS_001_01,FORA,Fort Raleigh National Historic Site,3.5943993772185725,0.03604837065617753,56.92982456140351
FORA_WS_001_02,FORA,Fort Raleigh National Historic Site,4.37320867499251,0.043859079286546025,58.333333333333336
GRSM_WS_001_01,GRSM,Great Smoky Mountains National Park,21.08767758273295,0.211489135736654,75.87719298245614
GRSM_WS_002_01,GRSM,Great Smoky Mountains National Park,12.734499147616665,0.12771478548087548,68.24561403508773
GRSM_WS_003_01,GRSM,Great Smoky Mountains National Park,0.8947137789808278,0.008973119164306183,50.96491228070176
GRSM_WS_004_01,GRSM,Great Smoky Mountains National Park,10.460479825204748,0.10490855756608869,65.96491228070175
GRSM_WS_005_01,GRSM,Great Smoky Mountains National Park,3.928813816448104,0.03940222602754487,57.54385964912281
GRSM_WS_006_01,GRSM,Great Smoky Mountains National Park,1.726906707721269,0.017319214298536764,53.333333333333336
GRSM_WS_007_01,GRSM,Great Smoky Mountains National Park,0.7850469384222699,0.007873266170172298,50.175438596491226
GRSM_WS_008_01,GRSM,Great Smoky Mountains National Park,0.37670400188717257,0.003777979034205813,47.98245614035088
GRSM_WS_009_01,GRSM,Great Smoky Mountains National Park,0.854421801855851,0.008569029364191835,50.78947368421053
GRSM_WS_010_01,GRSM,Great Smoky Mountains National Park,3.383005664887975,0.033928294922585686,56.49122807017544
GRSM_WS_011_01,GRSM,Great Smoky Mountains National Park,20.177403792341693,0.2023599646148796,74.82456140350877
GRSM_WS_012_01,GRSM,Great Smoky Mountains National Park,0.5010471974068575,0.005025021761031488,48.68421052631579
GRSM_WS_013_01,GRSM,Great Smoky Mountains National Park,5.358819729629519,0.0537438107511599,60
GRSM_WS_014_01,GRSM,Great Smoky Mountains National Park,1.4063375003485779,0.014104213294037899,52.45614035087719
GRSM_WS_016_01,GRSM,Great Smoky Mountains National Park,0,0,42.54385964912281
GRSM_WS_017_01,GRSM,Great Smoky Mountains National Park,0.7086562485206271,0.00710714098060406,49.91228070175438
GRSM_WS_019_01,GRSM,Great Smoky Mountains National Park,27.503824044364013,0.2758369172600798,80.08771929824562
GRSM_WS_020_01,GRSM,Great Smoky Mountains National Park,10.077549833856443,0.10106813784228703,65.78947368421053
GRSM_WS_022_01,GRSM,Great Smoky Mountains National Park,2.5043204249454654,0.025115926597485752,54.91228070175439
GRSM_WS_023_01,GRSM,Great Smoky Mountains National Park,36.50660739352054,0.366126180374406,84.29824561403508
GRSM_WS_024_01,GRSM,Great Smoky Mountains National Park,0.5010471974068575,0.005025021761031488,48.68421052631579
GRSM_WS_025_01,GRSM,Great Smoky Mountains National Park,0.18602417566054852,0.0018656436671237364,45.526315789473685
GRSM_WS_031_01,GRSM,Great Smoky Mountains National Park,6.990675428741969,0.07010975480062777,61.578947368421055
GRSM_WS_032_01,GRSM,Great Smoky Mountains National Park,0.48897182345734286,0.004903917367706977,48.50877192982456
GRSM_WS_033_01,GRSM,Great Smoky Mountains National Park,2.170044256464302,0.02176345794881253,54.473684210526315
GUCO_WS_001_01,GUCO,Guilford Courthouse National Military Park,0,0,42.54385964912281
MOCR_WS_001_01,MOCR,Moores Creek National Battlefield,66.8410305480796,0.6703512858113703,93.59649122807018
MOCR_WS_002_01,MOCR,Moores Creek National Battlefield,67.10784240710542,0.6730271522859159,93.77192982456141
WRBR_WS_001_01,WRBR,Wright Brothers National Memorial,4.760293143622015,0.047741164424008865,59.122807017543856
KNRI_WS_001_01,KNRI,Knife River Indian Villages National Historic Site,0,0,42.54385964912281
KNRI_WS_002_01,KNRI,Knife River Indian Villages National Historic Site,0,0,42.54385964912281
KNRI_WS_002_02,KNRI,Knife River Indian Villages National Historic Site,0,0,42.54385964912281
THRO_WS_001_01,THRO,Theodore Roosevelt National Park,0,0,42.54385964912281
THRO_WS_002_01,THRO,Theodore Roosevelt National Park,0,0,42.54385964912281
THRO_WS_004_01,THRO,Theodore Roosevelt National Park,0,0,42.54385964912281
THRO_WS_007_01,THRO,Theodore Roosevelt National Park,0,0,42.54385964912281
THRO_WS_008_01,THRO,Theodore Roosevelt National Park,0,0,42.54385964912281
AGFO_WS_002_01,AGFO,Agate Fossil Beds National Monument,0.1947011007034963,0.0019526648846563564,45.87719298245614
AGFO_WS_003_01,AGFO,Agate Fossil Beds National Monument,0.38875800378969544,0.003898869086442763,48.333333333333336
AGFO_WS_004_01,AGFO,Agate Fossil Beds National Monument,0.38683954720053765,0.0038796288109597247,48.1578947368421
HOME_WS_001_01,HOME,Homestead National Monument of America,3.053800985704882,0.030626688436629936,55.96491228070175
HOME_WS_002_01,HOME,Homestead National Monument of America,0.7965640178603515,0.007988771406204772,50.26315789473684
MNRR_WS_001_01,MNRR,Missouri National Recreational River,0,0,42.54385964912281
NIOB_WS_001_01,NIOB,Niobrara National Scenic River,0.38198880641977656,0.003830980543677522,48.07017543859649
NIOB_WS_002_01,NIOB,Niobrara National Scenic River,2.783116856809776,0.02791198681749432,55.43859649122807
SCBL_WS_001_01,SCBL,Scotts Bluff National Monument,0.19204539560635298,0.0019260307153144388,45.78947368421053
SAGA_WS_002_01,SAGA,Saint-Gaudens National Historic Site,0,0,42.54385964912281
SAGA_WS_003_01,SAGA,Saint-Gaudens National Historic Site,0,0,42.54385964912281
DEWA_WS_002_01,DEWA,Delaware Water Gap National Recreation Area,48.43353559244812,0.4857418055132184,89.3859649122807
DEWA_WS_003_01,DEWA,Delaware Water Gap National Recreation Area,47.00752011320222,0.47144024100619303,88.68421052631578
DEWA_WS_004_01,DEWA,Delaware Water Gap National Recreation Area,46.49663454916361,0.4663165498849228,88.24561403508771
DEWA_WS_006_01,DEWA,Delaware Water Gap National Recreation Area,11.53434685613097,0.11567841163729456,66.9298245614035
DEWA_WS_007_01,DEWA,Delaware Water Gap National Recreation Area,18.100942643147206,0.18153505527571812,73.50877192982456
DEWA_WS_008_01,DEWA,Delaware Water Gap National Recreation Area,14.264357663500682,0.14305779582681322,70
DEWA_WS_009_01,DEWA,Delaware Water Gap National Recreation Area,14.194076713400394,0.1423529454544976,69.82456140350877
DEWA_WS_011_01,DEWA,Delaware Water Gap National Recreation Area,10.783513712614468,0.10814827694219835,66.3157894736842
DEWA_WS_012_01,DEWA,Delaware Water Gap National Recreation Area,23.766309696638906,0.23835324101822758,77.19298245614034
DEWA_WS_015_01,DEWA,Delaware Water Gap National Recreation Area,38.2067337458778,0.3831768134511162,85.6140350877193
DEWA_WS_017_01,DEWA,Delaware Water Gap National Recreation Area,46.74517235890635,0.468809145210992,88.42105263157895
DEWA_WS_018_01,DEWA,Delaware Water Gap National Recreation Area,23.578974390568092,0.23647444797340603,76.9298245614035
DEWA_WS_019_01,DEWA,Delaware Water Gap National Recreation Area,18.953255146342794,0.19008293040189966,74.21052631578947
DEWA_WS_020_01,DEWA,Delaware Water Gap National Recreation Area,11.128017748646704,0.11160332127092543,66.57894736842105
DEWA_WS_021_01,DEWA,Delaware Water Gap National Recreation Area,26.52169989461551,0.26598715609972884,79.47368421052632
DEWA_WS_023_01,DEWA,Delaware Water Gap National Recreation Area,23.64014089570097,0.23708788922391036,77.10526315789473
DEWA_WS_029_01,DEWA,Delaware Water Gap National Recreation Area,34.02800261387934,0.34126815698029445,83.59649122807018
DEWA_WS_030_01,DEWA,Delaware Water Gap National Recreation Area,57.325069213559885,0.5749153407934662,91.05263157894737
DEWA_WS_038_01,DEWA,Delaware Water Gap National Recreation Area,43.284449746486494,0.43410142400966484,87.28070175438597
DEWA_WS_039_01,DEWA,Delaware Water Gap National Recreation Area,39.82848392334213,0.3994414088323324,86.2280701754386
DEWA_WS_041_01,DEWA,Delaware Water Gap National Recreation Area,1.4030224297518608,0.014070966322546844,52.28070175438596
DEWA_WS_042_01,DEWA,Delaware Water Gap National Recreation Area,47.71967691403591,0.4785824891616098,89.03508771929825
DEWA_WS_043_01,DEWA,Delaware Water Gap National Recreation Area,14.371586561618358,0.14413319860172427,70.26315789473684
DEWA_WS_046_01,DEWA,Delaware Water Gap National Recreation Area,26.90099336812012,0.2697911050451417,79.64912280701755
DEWA_WS_047_01,DEWA,Delaware Water Gap National Recreation Area,49.92303930744529,0.5006800959970992,89.47368421052632
DEWA_WS_048_01,DEWA,Delaware Water Gap National Recreation Area,31.302296609030023,0.3139319458220868,82.45614035087719
DEWA_WS_049_01,DEWA,Delaware Water Gap National Recreation Area,46.27233641171566,0.4640670551717141,88.0701754385965
DEWA_WS_050_01,DEWA,Delaware Water Gap National Recreation Area,38.24067335606302,0.3835171951170038,85.70175438596492
DEWA_WS_052_01,DEWA,Delaware Water Gap National Recreation Area,0.5832084426775996,0.005849020074036071,49.03508771929825
DEWA_WS_053_01,DEWA,Delaware Water Gap National Recreation Area,45.808500675177925,0.4594152285938806,87.89473684210526
DEWA_WS_054_01,DEWA,Delaware Water Gap National Recreation Area,36.83139723532259,0.36938351028516886,84.64912280701753
DEWA_WS_056_01,DEWA,Delaware Water Gap National Recreation Area,17.803639600015018,0.1785533915340746,73.33333333333333
DEWA_WS_057_01,DEWA,Delaware Water Gap National Recreation Area,39.567768763857146,0.39682668639376145,86.14035087719299
DEWA_WS_059_01,DEWA,Delaware Water Gap National Recreation Area,14.798833899727043,0.14841807871371818,71.05263157894737
DEWA_WS_060_01,DEWA,Delaware Water Gap National Recreation Area,14.798833899727043,0.14841807871371818,71.05263157894737
DEWA_WS_061_01,DEWA,Delaware Water Gap National Recreation Area,37.809351028723185,0.37919144678008326,85.35087719298245
DEWA_WS_063_01,DEWA,Delaware Water Gap National Recreation Area,2.662958121061208,0.026706910199883197,55.26315789473685
DEWA_WS_065_01,DEWA,Delaware Water Gap National Recreation Area,14.360346371851197,0.1440204703029324,70.17543859649122
DEWA_WS_069_01,DEWA,Delaware Water Gap National Recreation Area,44.56098814889698,0.44690387712007773,87.54385964912281
DEWA_WS_071_01,DEWA,Delaware Water Gap National Recreation Area,47.70665676462723,0.4784519095785903,88.94736842105263
DEWA_WS_072_01,DEWA,Delaware Water Gap National Recreation Area,47.11967871066275,0.4725650839268656,88.7719298245614
DEWA_WS_074_01,DEWA,Delaware Water Gap National Recreation Area,20.413583049669036,0.2047286155398152,75.17543859649123
DEWA_WS_075_01,DEWA,Delaware Water Gap National Recreation Area,50.18721234862351,0.503329497665183,89.56140350877193
DEWA_WS_077_01,DEWA,Delaware Water Gap National Recreation Area,32.49829083425249,0.3259266182579666,83.0701754385965
DEWA_WS_079_01,DEWA,Delaware Water Gap National Recreation Area,52.03588134352394,0.5218698706607744,90.17543859649123
DEWA_WS_080_01,DEWA,Delaware Water Gap National Recreation Area,45.894056069073194,0.46027326695498183,87.98245614035088
DEWA_WS_081_01,DEWA,Delaware Water Gap National Recreation Area,14.696800027960741,0.14739477705941986,70.7017543859649
GATE_WS_001_01,GATE,Gateway National Recreation Area,4.691863367435236,0.04705487954661465,58.77192982456141
MORR_WS_001_01,MORR,Morristown National Historic Park,37.62001903325245,0.37729262885988757,85.26315789473684
MORR_WS_002_01,MORR,Morristown National Historic Park,37.53736691752365,0.37646370758803527,85.17543859649123
MORR_WS_003_01,MORR,Morristown National Historic Park,37.85655086227243,0.37966481573999267,85.43859649122807
MORR_WS_004_01,MORR,Morristown National Historic Park,38.34216032805938,0.38453501189231404,85.78947368421052
MORR_WS_005_01,MORR,Morristown National Historic Park,35.95753263079838,0.3606194882995043,84.03508771929825
MORR_WS_006_01,MORR,Morristown National Historic Park,17.491422153922766,0.17542215066713235,72.71929824561404
MORR_WS_007_01,MORR,Morristown National Historic Park,37.40226002588961,0.3751087153357284,85.08771929824562
MORR_WS_008_01,MORR,Morristown National Historic Park,36.831231407352085,0.369381847190026,84.56140350877193
STLI_WS_001_01,STLI,Statue of Liberty National Monument,2.3129897465742797,0.02319706380902189,54.736842105263165
STLI_WS_002_01,STLI,Statue of Liberty National Monument,2.569519887288698,0.02576981453215123,55.08771929824562
AZRU_WS_001_01,AZRU,Aztec Ruins National Monument,0,0,42.54385964912281
BAND_WS_002_01,BAND,Bandelier National Monument,25.4941746931328,0.2556820660320038,78.85964912280701
BAND_WS_003_01,BAND,Bandelier National Monument,25.4941746931328,0.2556820660320038,78.85964912280701
BAND_WS_001_01,BAND,Bandelier National Monument,25.4941746931328,0.2556820660320038,78.85964912280701
BAND_WS_004_01,BAND,Bandelier National Monument,25.4941746931328,0.2556820660320038,78.85964912280701
CAVE_WS_001_01,CAVE,Carlsbad Caverns National Park,0,0,42.54385964912281
CAVO_WS_001_01,CAVO,Capulin Volcano National Monument,2.653817097133115,0.026615234516645162,55.17543859649123
ELMA_WS_001_01,ELMA,El Malpais National Monument,0.10184321216764544,0.0010213895217943015,44.91228070175438
ELMA_WS_003_01,ELMA,El Malpais National Monument,0.10184321216764544,0.0010213895217943015,44.91228070175438
ELMA_WS_002_01,ELMA,El Malpais National Monument,0,0,42.54385964912281
ELMO_WS_001_01,ELMO,El Morro National Monument,0.10188631530542018,0.0010218218048335197,45
FOUN_WS_001_01,FOUN,Fort Union National Monument,2.8006168832715512,0.028087495261098366,55.52631578947368
GICL_WS_001_01,GICL,Gila Cliff Dwellings National Monument,65.18999886831249,0.6537930251087458,93.0701754385965
PECO_WS_001_01,PECO,Pecos National Historical Park,76.63278438957259,0.7685531645701328,96.40350877192982
PECO_WS_002_01,PECO,Pecos National Historical Park,53.60645972180092,0.5376212620847619,90.35087719298247
PECO_WS_004_01,PECO,Pecos National Historical Park,23.618210969997435,0.2368679531491286,77.01754385964912
PECO_WS_003_01,PECO,Pecos National Historical Park,10.451173058316614,0.10481521964028098,65.87719298245615
PECO_WS_005_01,PECO,Pecos National Historical Park,16.012355173284348,0.16058853059661427,72.01754385964912
PECO_WS_006_01,PECO,Pecos National Historical Park,22.085042443534984,0.2214917465788193,76.49122807017544
SAPU_WS_001_01,SAPU,Salinas Pueblo Missions National Monument,18.411354796129093,0.18464819078809183,73.94736842105263
SAPU_WS_003_01,SAPU,Salinas Pueblo Missions National Monument,1.372827326508367,0.013768138461897339,51.92982456140351
SAPU_WS_002_01,SAPU,Salinas Pueblo Missions National Monument,0.6598680072189826,0.0066178418177865826,49.73684210526316
VALL_WS_003_01,VALL,Valles Caldera National Preserve,46.85187488366259,0.4698792689670614,88.50877192982456
VALL_WS_001_01,VALL,Valles Caldera National Preserve,46.90074832838399,0.4703694226382777,88.59649122807018
WHSA_WS_001_01,WHSA,White Sands National Monument,0.9634544393111929,0.00966252191082483,51.140350877192986
GRBA_WS_001_01,GRBA,Great Basin National Park,54.23013885490582,0.5438761642815474,90.52631578947368
GRBA_WS_002_01,GRBA,Great Basin National Park,36.18081744918851,0.36285882039661066,84.12280701754385
GRBA_WS_003_01,GRBA,Great Basin National Park,0,0,42.54385964912281
GRBA_WS_003_02,GRBA,Great Basin National Park,0,0,42.54385964912281
ELRO_WS_001_01,ELRO,Eleanor Roosevelt National Historic Site,28.381491508687123,0.28463907827404855,80.61403508771929
ELRO_WS_002_01,ELRO,Eleanor Roosevelt National Historic Site,27.24824921082678,0.2732737473496537,79.91228070175438
FIIS_WS_004_01,FIIS,Fire Island National Seashore,0.1919699055701322,0.0019252736228155408,45.70175438596491
FOST_WS_001_01,FOST,Fort Stanwix National Monument,0,0,42.54385964912281
HOFR_WS_001_01,HOFR,Home of Franklin D. Roosevelt National Historic Site,25.49276427633329,0.25566792090726037,78.50877192982456
HOFR_WS_002_01,HOFR,Home of Franklin D. Roosevelt National Historic Site,28.381491508687123,0.28463907827404855,80.61403508771929
HOFR_WS_004_01,HOFR,Home of Franklin D. Roosevelt National Historic Site,29.34032740099345,0.2942552805979684,81.49122807017544
MAVA_WS_001_01,MAVA,Martin Van Buren National Historic Site,36.8542095074592,0.3696122954465236,84.91228070175438
MAVA_WS_002_01,MAVA,Martin Van Buren National Historic Site,36.72944861253483,0.36836106359618026,84.47368421052632
MAVA_WS_003_01,MAVA,Martin Van Buren National Historic Site,36.58678479626315,0.36693028265381156,84.3859649122807
MAVA_WS_004_01,MAVA,Martin Van Buren National Historic Site,36.3187191673305,0.3642418420722801,84.21052631578947
SAHI_WS_001_01,SAHI,Sagamore Hill National Historic Site,42.67215368628144,0.42796068309214635,87.01754385964912
SARA_WS_001_01,SARA,Saratoga National Historical Park,32.39233521695345,0.32486398526573207,82.80701754385966
SARA_WS_002_01,SARA,Saratoga National Historical Park,25.710235193427334,0.25784894516294876,79.03508771929825
VAMA_WS_001_01,VAMA,Vanderbilt Mansion National Historic Site,28.381491508687123,0.28463907827404855,80.61403508771929
WORI_WS_001_01,WORI,Women's Rights National Historical Park,0,0,42.54385964912281
WORI_WS_002_01,WORI,Women's Rights National Historical Park,0,0,42.54385964912281
CUVA_WS_004_01,CUVA,Cuyahoga Valley National Park,0,0,42.54385964912281
CHIC_WS_002_01,CHIC,Chickasaw National Recreation Area,0.2841747338694022,0.0028499994192553763,47.10526315789474
CHIC_WS_005_01,CHIC,Chickasaw National Recreation Area,0.23302919358346896,0.0023370588135666203,46.40350877192982
CHIC_WS_003_01,CHIC,Chickasaw National Recreation Area,0.18948408800926667,0.001900343262158997,45.614035087719294
CHIC_WS_001_01,CHIC,Chickasaw National Recreation Area,0.09470434301866208,9.497935264300795e-4,44.122807017543856
CHIC_WS_004_01,CHIC,Chickasaw National Recreation Area,0.23302919358346896,0.0023370588135666203,46.40350877192982
CHIC_WS_006_01,CHIC,Chickasaw National Recreation Area,0.28417337010672594,0.002849985742026643,47.01754385964912
CHIC_WS_007_01,CHIC,Chickasaw National Recreation Area,0.28417656280767895,0.002850017761748235,47.192982456140356
CRLA_WS_001_01,CRLA,Crater Lake National Park,7.955701691203979,0.07978804058674864,63.50877192982456
CRLA_WS_002_01,CRLA,Crater Lake National Park,2.401179761238962,0.02408152488392511,54.824561403508774
CRLA_WS_003_01,CRLA,Crater Lake National Park,7.955701691203979,0.07978804058674864,63.50877192982456
JODA_WS_006_01,JODA,John Day Fossil Beds National Monument,32.50168846895513,0.3259606932680758,83.15789473684211
ORCA_WS_001_01,ORCA,Oregon Caves National Monument,94.59984465254324,0.9487455082664074,99.47368421052632
ORCA_WS_003_01,ORCA,Oregon Caves National Monument,95.29683662748725,0.9557356677952591,99.56140350877193
ALPO_WS_001_01,ALPO,Allegheny Portage Railroad National Historic Site,0,0,42.54385964912281
ALPO_WS_002_01,ALPO,Allegheny Portage Railroad National Historic Site,0,0,42.54385964912281
ALPO_WS_003_01,ALPO,Allegheny Portage Railroad National Historic Site,0,0,42.54385964912281
ALPO_WS_004_01,ALPO,Allegheny Portage Railroad National Historic Site,0,0,42.54385964912281
EISE_WS_001_01,EISE,Eisenhower National Historic Site,0,0,42.54385964912281
FLNI_WS_001_01,FLNI,Flight 93 National Memorial,0,0,42.54385964912281
FLNI_WS_002_01,FLNI,Flight 93 National Memorial,0,0,42.54385964912281
FLNI_WS_003_01,FLNI,Flight 93 National Memorial,0,0,42.54385964912281
FLNI_WS_004_01,FLNI,Flight 93 National Memorial,0,0,42.54385964912281
FONE_WS_001_01,FONE,Fort Necessity National Battlefield,0,0,42.54385964912281
FRHI_WS_001_01,FRHI,Friendship Hill National Historic Site,0,0,42.54385964912281
FRHI_WS_002_01,FRHI,Friendship Hill National Historic Site,0,0,42.54385964912281
GETT_WS_001_01,GETT,Gettysburg National Military Park,0,0,42.54385964912281
GETT_WS_002_01,GETT,Gettysburg National Military Park,0,0,42.54385964912281
GETT_WS_004_01,GETT,Gettysburg National Military Park,0,0,42.54385964912281
GETT_WS_005_01,GETT,Gettysburg National Military Park,0,0,42.54385964912281
GETT_WS_007_01,GETT,Gettysburg National Military Park,0,0,42.54385964912281
GETT_WS_008_01,GETT,Gettysburg National Military Park,0,0,42.54385964912281
HOFU_WS_001_01,HOFU,Hopewell Furnace National Historic Site,0,0,42.54385964912281
HOFU_WS_002_01,HOFU,Hopewell Furnace National Historic Site,0,0,42.54385964912281
HOFU_WS_003_01,HOFU,Hopewell Furnace National Historic Site,0,0,42.54385964912281
HOFU_WS_004_01,HOFU,Hopewell Furnace National Historic Site,0,0,42.54385964912281
HOFU_WS_005_01,HOFU,Hopewell Furnace National Historic Site,0,0,42.54385964912281
JOFL_WS_001_01,JOFL,Johnstown Flood National Memorial,0,0,42.54385964912281
JOFL_WS_002_01,JOFL,Johnstown Flood National Memorial,0,0,42.54385964912281
UPDE_WS_001_01,UPDE,Upper Delaware Scenic and Recreation River,0,0,42.54385964912281
UPDE_WS_002_01,UPDE,Upper Delaware Scenic and Recreation River,0,0,42.54385964912281
UPDE_WS_004_01,UPDE,Upper Delaware Scenic and Recreation River,0,0,42.54385964912281
UPDE_WS_005_01,UPDE,Upper Delaware Scenic and Recreation River,0,0,42.54385964912281
VAFO_WS_002_01,VAFO,Valley Forge National Historical Park,0,0,42.54385964912281
VAFO_WS_003_01,VAFO,Valley Forge National Historical Park,0,0,42.54385964912281
VAFO_WS_004_01,VAFO,Valley Forge National Historical Park,0,0,42.54385964912281
CHPI_WS_001_01,CHPI,Charles Pinckney National Historic Site,12.939658957065046,0.12977234116086475,68.85964912280701
CONG_WS_001_01,CONG,Congaree National Park,30.869800174079217,0.3095944223144329,82.28070175438596
CONG_WS_002_01,CONG,Congaree National Park,32.71984539474607,0.3281485975315719,83.24561403508773
CONG_WS_003_01,CONG,Congaree National Park,30.869800174079217,0.3095944223144329,82.28070175438596
COWP_WS_001_01,COWP,Cowpens National Battlefield,26.265653076534957,0.26341925263802585,79.2982456140351
FOSU_WS_001_01,FOSU,Fort Sumter National Monument,9.347684745727904,0.09374829258730012,65.08771929824562
FOSU_WS_004_01,FOSU,Fort Sumter National Monument,12.939658957065046,0.12977234116086475,68.85964912280701
FOSU_WS_005_01,FOSU,Fort Sumter National Monument,11.082432204998483,0.11114614208699566,66.49122807017544
KIMO_WS_002_01,KIMO,Kings Mountain National Military Park,28.84884870649842,0.2893262217234699,81.05263157894737
KIMO_WS_002_02,KIMO,Kings Mountain National Military Park,28.84884870649842,0.2893262217234699,81.05263157894737
NISI_WS_001_01,NISI,Ninety Six National Historic Site,0,0,42.54385964912281
REER_WS_001_01,REER,Reconstruction Era National Historical Park,53.0575638650117,0.5321163642643952,90.26315789473685
BADL_WS_001_01,BADL,Badlands National Park,0.6417864890458803,0.006436501571273746,49.64912280701754
JECA_WS_001_01,JECA,Jewel Cave National Monument,5.207243387783762,0.05222364574440109,59.64912280701754
JECA_WS_001_02,JECA,Jewel Cave National Monument,4.688021524462703,0.047016349554551314,58.684210526315795
MIMI_WS_001_01,MIMI,Minuteman Missile National Historic Site,0.6417864890458803,0.006436501571273746,49.64912280701754
MIMI_WS_002_01,MIMI,Minuteman Missile National Historic Site,4.547392194427703,0.045605972553497395,58.42105263157895
MORU_WS_002_01,MORU,Mount Rushmore National Memorial,83.63368292973641,0.8387654473514101,97.19298245614036
MORU_WS_002_02,MORU,Mount Rushmore National Memorial,83.8980870577668,0.8414171665984901,97.28070175438597
WICA_WS_001_01,WICA,Wind Cave National Park,9.048400722726933,0.09074676152177912,64.73684210526316
WICA_WS_001_02,WICA,Wind Cave National Park,8.857304296264203,0.08883024805478366,64.47368421052632
ANJO_WS_001_01,ANJO,Andrew Johnson National Historic Site,0,0,42.54385964912281
BISO_WS_001_01,BISO,Big South Fork National River & Recreation Area,0.09288460128354772,9.315432660439675e-4,42.98245614035088
BISO_WS_002_01,BISO,Big South Fork National River & Recreation Area,0.27840016481358965,0.002792086042399434,46.75438596491228
BISO_WS_003_01,BISO,Big South Fork National River & Recreation Area,0.5574095715667253,0.0055902821958219336,48.94736842105264
BISO_WS_004_01,BISO,Big South Fork National River & Recreation Area,0.010441529151479877,1.0471850052486276e-4,42.63157894736842
OBRI_WS_001_01,OBRI,Obed Wild And Scenic River,0.18578869485433,0.0018632820209920399,45.438596491228076
STRI_WS_001_01,STRI,Stones River National Battlefield,0,0,42.54385964912281
STRI_WS_002_01,STRI,Stones River National Battlefield,0,0,42.54385964912281
ALFL_WS_001_01,ALFL,Alibates Flint Quarries National Monument,92.3894699794277,0.9265775750059819,98.59649122807016
AMIS_WS_004_01,AMIS,Amistad National Recreation Area,0,0,42.54385964912281
AMIS_WS_005_01,AMIS,Amistad National Recreation Area,0,0,42.54385964912281
AMIS_WS_003_01,AMIS,Amistad National Recreation Area,0,0,42.54385964912281
AMIS_WS_002_01,AMIS,Amistad National Recreation Area,0,0,42.54385964912281
AMIS_WS_001_01,AMIS,Amistad National Recreation Area,0.09709180440948956,9.737374692454882e-4,44.3859649122807
BIBE_WS_004_01,BIBE,Big Bend National Park,3.765957254275499,0.0377689312539597,57.36842105263158
BIBE_WS_001_01,BIBE,Big Bend National Park,0.09892254380547374,9.920980255986814e-4,44.73684210526316
BIBE_WS_001_02,BIBE,Big Bend National Park,0.09892198594813652,9.920924308258266e-4,44.56140350877193
BIBE_WS_001_03,BIBE,Big Bend National Park,0.09892254380547374,9.920980255986814e-4,44.73684210526316
BIBE_WS_003_01,BIBE,Big Bend National Park,8.779102526614055,0.08804595947622872,64.3859649122807
BIBE_WS_005_01,BIBE,Big Bend National Park,3.765957254275499,0.0377689312539597,57.36842105263158
BIBE_WS_006_01,BIBE,Big Bend National Park,3.7483158245364248,0.03759200467140749,57.10526315789474
BIBE_WS_006_02,BIBE,Big Bend National Park,3.753565583159444,0.037644654704093755,57.19298245614035
BIBE_WS_006_03,BIBE,Big Bend National Park,5.466197139903072,0.0548207029602379,60.175438596491226
BIBE_WS_008_01,BIBE,Big Bend National Park,0,0,42.54385964912281
BIBE_WS_007_01,BIBE,Big Bend National Park,0,0,42.54385964912281
BITH_WS_004_01,BITH,Big Thicket National Preserve,2.9800693199234085,0.029887230703014172,55.87719298245614
BITH_WS_006_01,BITH,Big Thicket National Preserve,10.758291501502553,0.10789532240946241,66.22807017543859
BITH_WS_001_01,BITH,Big Thicket National Preserve,14.502844794248185,0.14544959250372197,70.43859649122807
BITH_WS_003_01,BITH,Big Thicket National Preserve,18.274037607776886,0.18327103138433773,73.68421052631578
BLSC_WS_001_01,BLSC,Blackwell School,4.7361800023235805,0.04749933279541467,59.03508771929824
FODA_WS_002_01,FODA,Fort Davis National Historic Site,17.78240337608169,0.17834041262123085,73.24561403508771
FODA_WS_001_01,FODA,Fort Davis National Historic Site,19.376345254254343,0.19432611749113174,74.56140350877193
GUMO_WS_004_01,GUMO,Guadalupe Mountains National Park,34.958808197468954,0.35060324225177114,83.85964912280703
GUMO_WS_001_01,GUMO,Guadalupe Mountains National Park,41.98889287773514,0.4211082339632529,86.9298245614035
GUMO_WS_002_01,GUMO,Guadalupe Mountains National Park,45.58215122003369,0.45714516113599635,87.80701754385964
GUMO_WS_003_01,GUMO,Guadalupe Mountains National Park,9.296393678107359,0.0932338924823326,65
LAMR_WS_001_01,LAMR,Lake Meredith National Recreation Area,75.40968403654598,0.7562866437279988,96.2280701754386
LAMR_WS_002_01,LAMR,Lake Meredith National Recreation Area,75.40968403654598,0.7562866437279988,96.2280701754386
LYJO_WS_003_01,LYJO,Lyndon B. Johnson National Historical Park,0,0,42.54385964912281
LYJO_WS_006_01,LYJO,Lyndon B. Johnson National Historical Park,0,0,42.54385964912281
LYJO_WS_004_01,LYJO,Lyndon B. Johnson National Historical Park,0,0,42.54385964912281
LYJO_WS_005_01,LYJO,Lyndon B. Johnson National Historical Park,0,0,42.54385964912281
LYJO_WS_002_01,LYJO,Lyndon B. Johnson National Historical Park,0,0,42.54385964912281
LYJO_WS_002_02,LYJO,Lyndon B. Johnson National Historical Park,0,0,42.54385964912281
SAAN_WS_001_01,SAAN,San Antonio Missions National Historical Park,0,0,42.54385964912281
WACO_WS_001_01,WACO,Waco Mammoth National Monument,2.7144013621040783,0.02722283645800076,55.35087719298246
CARE_WS_001_02,CARE,Capitol Reef National Park,0.10360085119776971,0.0010390169517452584,45.08771929824562
CARE_WS_002_01,CARE,Capitol Reef National Park,0.5178214910912341,0.0051932518024850076,48.85964912280702
CEBR_WS_001_01,CEBR,Cedar Breaks National Monument,30.327025784196632,0.3041509169229122,81.9298245614035
DINO_WS_005_01,DINO,Dinosaur National Monument,1.4734828009670844,0.014777616116177662,52.63157894736842
DINO_WS_007_01,DINO,Dinosaur National Monument,13.347582941931957,0.1338634266143144,69.03508771929825
DINO_WS_003_01,DINO,Dinosaur National Monument,8.701072239861121,0.0872633907062958,64.29824561403508
GLCA_WS_002_01,GLCA,Glen Canyon National Recreation Area,0,0,42.54385964912281
GLCA_WS_002_02,GLCA,Glen Canyon National Recreation Area,0,0,42.54385964912281
GLCA_WS_002_03,GLCA,Glen Canyon National Recreation Area,0,0,42.54385964912281
GLCA_WS_003_01,GLCA,Glen Canyon National Recreation Area,0,0,42.54385964912281
GLCA_WS_003_02,GLCA,Glen Canyon National Recreation Area,0,0,42.54385964912281
GLCA_WS_004_01,GLCA,Glen Canyon National Recreation Area,0,0,42.54385964912281
GLCA_WS_004_02,GLCA,Glen Canyon National Recreation Area,0,0,42.54385964912281
GLCA_WS_005_01,GLCA,Glen Canyon National Recreation Area,0,0,42.54385964912281
GLCA_WS_007_01,GLCA,Glen Canyon National Recreation Area,0,0,42.54385964912281
GOSP_WS_001_01,GOSP,Golden Spike National Historic Site,75.76320280795058,0.7598320971871442,96.3157894736842
NABR_WS_001_01,NABR,Natural Bridges National Monument,3.51276610456906,0.035229667401053,56.57894736842105
NABR_WS_001_02,NABR,Natural Bridges National Monument,3.985564484778883,0.03997138067962384,57.719298245614034
TICA_WS_001_01,TICA,Timpanogos Cave National Monument,54.523571690507566,0.546819013561877,90.6140350877193
ZION_WS_001_01,ZION,Zion National Park,18.290843293292212,0.18343957625568044,73.85964912280701
ZION_WS_002_01,ZION,Zion National Park,18.290843293292212,0.18343957625568044,73.85964912280701
ZION_WS_003_01,ZION,Zion National Park,18.042994614906192,0.18095389225469535,73.42105263157895
ZION_WS_003_02,ZION,Zion National Park,22.590529695110284,0.22656129781518172,76.57894736842105
ZION_WS_003_03,ZION,Zion National Park,21.68367485660097,0.21746641549433388,76.14035087719299
ZION_WS_003_04,ZION,Zion National Park,17.727255613674387,0.17778733357477955,72.98245614035088
ZION_WS_004_01,ZION,Zion National Park,63.81113272371515,0.6399643231061979,92.54385964912281
ZION_WS_005_01,ZION,Zion National Park,23.832249351872473,0.23901455237607663,77.36842105263158
ZION_WS_006_01,ZION,Zion National Park,33.13980567072905,0.33236039541509466,83.33333333333334
APCO_WS_001_01,APCO,Appomattox Court House National Historical Park,0,0,42.54385964912281
APCO_WS_002_01,APCO,Appomattox Court House National Historical Park,0,0,42.54385964912281
APCO_WS_003_01,APCO,Appomattox Court House National Historical Park,0,0,42.54385964912281
BOWA_WS_001_01,BOWA,Booker T.  Washington National Monument,0,0,42.54385964912281
BOWA_WS_002_01,BOWA,Booker T.  Washington National Monument,0,0,42.54385964912281
BOWA_WS_003_01,BOWA,Booker T.  Washington National Monument,0,0,42.54385964912281
CEBE_WS_003_01,CEBE,Cedar Creek and Belle Grove National Historical  Park,0,0,42.54385964912281
CEBE_WS_004_01,CEBE,Cedar Creek and Belle Grove National Historical  Park,0,0,42.54385964912281
COLO_WS_001_01,COLO,Colonial National Historical Park,0,0,42.54385964912281
COLO_WS_002_01,COLO,Colonial National Historical Park,0,0,42.54385964912281
FOMR_WS_001_01,FOMR,Fort Monroe National Monument,0,0,42.54385964912281
FRSP_WS_001_01,FRSP,Fredericksburg and Spotsylvania County Battlefields Memorial National Military Park,0,0,42.54385964912281
FRSP_WS_002_01,FRSP,Fredericksburg and Spotsylvania County Battlefields Memorial National Military Park,0,0,42.54385964912281
FRSP_WS_003_01,FRSP,Fredericksburg and Spotsylvania County Battlefields Memorial National Military Park,0,0,42.54385964912281
FRSP_WS_004_01,FRSP,Fredericksburg and Spotsylvania County Battlefields Memorial National Military Park,0,0,42.54385964912281
FRSP_WS_006_01,FRSP,Fredericksburg and Spotsylvania County Battlefields Memorial National Military Park,0,0,42.54385964912281
GEWA_WS_001_01,GEWA,George Washington Birthplace National Monument,0,0,42.54385964912281
PETE_WS_002_01,PETE,Petersburg National Battlefield,0,0,42.54385964912281
PETE_WS_003_01,PETE,Petersburg National Battlefield,0,0,42.54385964912281
PETE_WS_004_01,PETE,Petersburg National Battlefield,0,0,42.54385964912281
PETE_WS_005_01,PETE,Petersburg National Battlefield,0,0,42.54385964912281
RICH_WS_001_01,RICH,Richmond National Battlefield Park,0,0,42.54385964912281
RICH_WS_002_01,RICH,Richmond National Battlefield Park,0,0,42.54385964912281
RICH_WS_003_01,RICH,Richmond National Battlefield Park,0,0,42.54385964912281
RICH_WS_004_01,RICH,Richmond National Battlefield Park,0,0,42.54385964912281
RICH_WS_005_01,RICH,Richmond National Battlefield Park,0,0,42.54385964912281
RICH_WS_007_01,RICH,Richmond National Battlefield Park,0,0,42.54385964912281
SHEN_WS_001_03,SHEN,Shenandoah National Park,0,0,42.54385964912281
SHEN_WS_001_04,SHEN,Shenandoah National Park,0.014279781392896672,1.4321248100667696e-4,42.719298245614034
SHEN_WS_001_05,SHEN,Shenandoah National Park,0,0,42.54385964912281
SHEN_WS_002_01,SHEN,Shenandoah National Park,0.09407513967731494,9.434832217347402e-4,44.03508771929825
SHEN_WS_003_01,SHEN,Shenandoah National Park,0,0,42.54385964912281
SHEN_WS_005_01,SHEN,Shenandoah National Park,0,0,42.54385964912281
SHEN_WS_006_01,SHEN,Shenandoah National Park,0,0,42.54385964912281
SHEN_WS_007_01,SHEN,Shenandoah National Park,0,0,42.54385964912281
SHEN_WS_007_02,SHEN,Shenandoah National Park,0,0,42.54385964912281
SHEN_WS_008_01,SHEN,Shenandoah National Park,0,0,42.54385964912281
SHEN_WS_008_02,SHEN,Shenandoah National Park,0,0,42.54385964912281
SHEN_WS_009_02,SHEN,Shenandoah National Park,0,0,42.54385964912281
SHEN_WS_010_01,SHEN,Shenandoah National Park,0,0,42.54385964912281
SHEN_WS_011_01,SHEN,Shenandoah National Park,0,0,42.54385964912281
SHEN_WS_012_01,SHEN,Shenandoah National Park,0,0,42.54385964912281
SHEN_WS_013_02,SHEN,Shenandoah National Park,0,0,42.54385964912281
SHEN_WS_013_03,SHEN,Shenandoah National Park,0,0,42.54385964912281
SHEN_WS_013_04,SHEN,Shenandoah National Park,0,0,42.54385964912281
SHEN_WS_013_05,SHEN,Shenandoah National Park,0,0,42.54385964912281
SHEN_WS_015_01,SHEN,Shenandoah National Park,0.09404124800662746,9.431433208559333e-4,43.94736842105263
SHEN_WS_016_01,SHEN,Shenandoah National Park,0,0,42.54385964912281
SHEN_WS_017_01,SHEN,Shenandoah National Park,0,0,42.54385964912281
MABI_WS_001_01,MABI,Marsh-Billings-Rockefeller National Historical Park,0,0,42.54385964912281
MABI_WS_002_01,MABI,Marsh-Billings-Rockefeller National Historical Park,0,0,42.54385964912281
EBLA_WS_001_01,EBLA,Ebey's Landing National Historical Reserve,0,0,42.54385964912281
EBLA_WS_002_01,EBLA,Ebey's Landing National Historical Reserve,0,0,42.54385964912281
EBLA_WS_003_01,EBLA,Ebey's Landing National Historical Reserve,0,0,42.54385964912281
FOVA_WS_001_01,FOVA,Fort Vancouver National Historic Site,0,0,42.54385964912281
LARO_WS_001_01,LARO,Lake Roosevelt National Recreation Area,41.090761572637554,0.4121008402970745,86.66666666666667
LARO_WS_002_01,LARO,Lake Roosevelt National Recreation Area,25.18226508821428,0.25255391251612336,78.24561403508771
LARO_WS_003_01,LARO,Lake Roosevelt National Recreation Area,56.180493412461516,0.5634363457258638,90.78947368421053
LARO_WS_004_01,LARO,Lake Roosevelt National Recreation Area,16.057189177946913,0.16103817256693076,72.10526315789474
LARO_WS_006_01,LARO,Lake Roosevelt National Recreation Area,26.959924137626235,0.2703821240163986,79.73684210526316
LARO_WS_007_01,LARO,Lake Roosevelt National Recreation Area,31.1065508394958,0.3119688039132406,82.36842105263158
LARO_WS_008_01,LARO,Lake Roosevelt National Recreation Area,71.0233402667649,0.7122958320667636,94.91228070175438
LARO_WS_009_01,LARO,Lake Roosevelt National Recreation Area,32.43443351072597,0.32528619068550896,82.98245614035088
LARO_WS_010_01,LARO,Lake Roosevelt National Recreation Area,22.844845605741167,0.22911184193899012,76.75438596491229
LARO_WS_011_01,LARO,Lake Roosevelt National Recreation Area,11.498563933301178,0.1153195433174564,66.84210526315789
LARO_WS_012_01,LARO,Lake Roosevelt National Recreation Area,11.498563933301178,0.1153195433174564,66.84210526315789
LARO_WS_014_01,LARO,Lake Roosevelt National Recreation Area,23.81591701283733,0.23885075471492834,77.28070175438596
LARO_WS_015_01,LARO,Lake Roosevelt National Recreation Area,16.48845327804501,0.16536333694058733,72.28070175438597
LARO_WS_016_01,LARO,Lake Roosevelt National Recreation Area,18.495183875979418,0.1854889158787325,74.12280701754386
LARO_WS_017_01,LARO,Lake Roosevelt National Recreation Area,60.90369792656838,0.6108055468470839,91.75438596491227
LARO_WS_018_01,LARO,Lake Roosevelt National Recreation Area,17.761478782830256,0.1781305590645732,73.0701754385965
MORA_WS_001_01,MORA,Mount Rainier National Park,35.40331536897926,0.35506122190186,83.94736842105263
MORA_WS_003_01,MORA,Mount Rainier National Park,47.35929259754542,0.47496818088472176,88.85964912280701
MORA_WS_004_01,MORA,Mount Rainier National Park,9.424132605394718,0.0945149911346589,65.26315789473685
MORA_WS_006_01,MORA,Mount Rainier National Park,5.268255485769076,0.052835538439638424,59.73684210526316
MORA_WS_007_01,MORA,Mount Rainier National Park,46.487844897353526,0.4662283981262738,88.1578947368421
MORA_WS_008_01,MORA,Mount Rainier National Park,4.81585270296516,0.04829837339788907,59.29824561403508
MORA_WS_009_01,MORA,Mount Rainier National Park,12.856344747268805,0.12893677972195045,68.59649122807018
MORA_WS_010_01,MORA,Mount Rainier National Park,0.4467755503050371,0.004480729308932969,48.421052631578945
MORA_WS_011_01,MORA,Mount Rainier National Park,19.33096489594583,0.19387099611892591,74.47368421052632
MORA_WS_012_01,MORA,Mount Rainier National Park,7.6645396504230305,0.07686796519568213,63.1578947368421
MORA_WS_013_01,MORA,Mount Rainier National Park,38.57431705455599,0.38686332069965385,85.96491228070175
NOCA_WS_001_01,NOCA,North Cascades National Park,68.04739276292047,0.6824499392169477,94.12280701754386
NOCA_WS_002_01,NOCA,North Cascades National Park,67.17464300788487,0.6736970981000108,93.94736842105263
NOCA_WS_003_01,NOCA,North Cascades National Park,69.14217641127635,0.6934295668549857,94.21052631578948
NOCA_WS_004_01,NOCA,North Cascades National Park,23.36386486659062,0.23431710622080026,76.84210526315789
NOCA_WS_005_01,NOCA,North Cascades National Park,74.92865929856661,0.7514624279885422,95.87719298245614
NOCA_WS_006_01,NOCA,North Cascades National Park,0,0,42.54385964912281
NOCA_WS_007_01,NOCA,North Cascades National Park,12.211193184095276,0.12246652969183602,67.80701754385964
NOCA_WS_009_01,NOCA,North Cascades National Park,74.99947402287039,0.7521726316030312,95.96491228070175
NOCA_WS_010_01,NOCA,North Cascades National Park,20.570135119911686,0.20629868231950235,75.35087719298245
NOCA_WS_012_01,NOCA,North Cascades National Park,14.433607180178928,0.14475520578889636,70.35087719298245
NOCA_WS_013_01,NOCA,North Cascades National Park,70.58774655130912,0.7079272458128893,94.82456140350877
NOCA_WS_019_01,NOCA,North Cascades National Park,65.0087465109574,0.6519752381923407,92.98245614035088
OLYM_WS_002_01,OLYM,Olympic National Park,0,0,42.54385964912281
OLYM_WS_005_01,OLYM,Olympic National Park,0,0,42.54385964912281
OLYM_WS_006_01,OLYM,Olympic National Park,0,0,42.54385964912281
OLYM_WS_008_01,OLYM,Olympic National Park,0,0,42.54385964912281
OLYM_WS_010_01,OLYM,Olympic National Park,0,0,42.54385964912281
OLYM_WS_011_01,OLYM,Olympic National Park,0,0,42.54385964912281
OLYM_WS_012_01,OLYM,Olympic National Park,0.22037354981276802,0.002210134871716897,46.05263157894737
OLYM_WS_013_01,OLYM,Olympic National Park,0,0,42.54385964912281
OLYM_WS_015_01,OLYM,Olympic National Park,0,0,42.54385964912281
OLYM_WS_015_02,OLYM,Olympic National Park,0,0,42.54385964912281
OLYM_WS_016_01,OLYM,Olympic National Park,0,0,42.54385964912281
OLYM_WS_016_02,OLYM,Olympic National Park,0,0,42.54385964912281
OLYM_WS_017_01,OLYM,Olympic National Park,0,0,42.54385964912281
OLYM_WS_018_01,OLYM,Olympic National Park,0,0,42.54385964912281
OLYM_WS_019_01,OLYM,Olympic National Park,0,0,42.54385964912281
OLYM_WS_020_01,OLYM,Olympic National Park,0,0,42.54385964912281
OLYM_WS_021_01,OLYM,Olympic National Park,0.11089581578623314,0.0011121784343215526,45.17543859649123
OLYM_WS_022_01,OLYM,Olympic National Park,0,0,42.54385964912281
OLYM_WS_023_01,OLYM,Olympic National Park,0.21947720569820056,0.0022011454018538083,45.96491228070175
OLYM_WS_024_01,OLYM,Olympic National Park,0.2210189213043333,0.0022166073274173755,46.14035087719298
SAJH_WS_001_01,SAJH,San Juan Island National Historical Park,0,0,42.54385964912281
SAJH_WS_002_01,SAJH,San Juan Island National Historical Park,0,0,42.54385964912281
SAJH_WS_003_01,SAJH,San Juan Island National Historical Park,0,0,42.54385964912281
WHMI_WS_001_01,WHMI,Whitman Mission National Historic Site,0,0,42.54385964912281
APIS_WS_002_01,APIS,Apostle Islands National Lakeshore,0,0,42.54385964912281
APIS_WS_003_01,APIS,Apostle Islands National Lakeshore,0,0,42.54385964912281
APIS_WS_004_01,APIS,Apostle Islands National Lakeshore,0,0,42.54385964912281
APIS_WS_005_01,APIS,Apostle Islands National Lakeshore,0,0,42.54385964912281
APIS_WS_006_01,APIS,Apostle Islands National Lakeshore,0,0,42.54385964912281
APIS_WS_007_01,APIS,Apostle Islands National Lakeshore,0,0,42.54385964912281
APIS_WS_008_01,APIS,Apostle Islands National Lakeshore,0,0,42.54385964912281
APIS_WS_009_01,APIS,Apostle Islands National Lakeshore,0,0,42.54385964912281
APIS_WS_010_01,APIS,Apostle Islands National Lakeshore,0,0,42.54385964912281
APIS_WS_011_01,APIS,Apostle Islands National Lakeshore,0,0,42.54385964912281
APIS_WS_012_01,APIS,Apostle Islands National Lakeshore,0,0,42.54385964912281
APIS_WS_013_01,APIS,Apostle Islands National Lakeshore,0,0,42.54385964912281
APIS_WS_014_01,APIS,Apostle Islands National Lakeshore,0,0,42.54385964912281
APIS_WS_015_01,APIS,Apostle Islands National Lakeshore,0,0,42.54385964912281
IATR_WS_001_01,IATR,Ice Age National Scenic Trail,0,0,42.54385964912281
NERI_WS_003_01,NERI,New River Gorge National Park and Preserve,0,0,42.54385964912281
NERI_WS_005_01,NERI,New River Gorge National Park and Preserve,0,0,42.54385964912281
NERI_WS_006_01,NERI,New River Gorge National Park and Preserve,0,0,42.54385964912281
DETO_WS_002_01,DETO,Devils Tower National Monument,0,0,42.54385964912281
FOLA_WS_001_01,FOLA,Fort Laramie National Historic Site,0,0,42.54385964912281
FOLA_WS_003_01,FOLA,Fort Laramie National Historic Site,0,0,42.54385964912281
FOLA_WS_002_01,FOLA,Fort Laramie National Historic Site,0,0,42.54385964912281
GRTE_WS_001_01,GRTE,Grand Teton National Park,4.006996306936648,0.040186321254640917,57.80701754385965
GRTE_WS_025_01,GRTE,Grand Teton National Park,8.98626615204931,0.09012361150440885,64.64912280701755
GRTE_WS_025_02,GRTE,Grand Teton National Park,8.98626615204931,0.09012361150440885,64.64912280701755
GRTE_WS_022_01,GRTE,Grand Teton National Park,2.098230309962236,0.02104323309617174,54.29824561403509
GRTE_WS_005_01,GRTE,Grand Teton National Park,5.291098928105812,0.053064636208138165,59.82456140350877
GRTE_WS_003_01,GRTE,Grand Teton National Park,11.425678927942425,0.11458857677403268,66.66666666666666
GRTE_WS_034_01,GRTE,Grand Teton National Park,1.3176225990023522,0.013214488110263337,51.75438596491229
GRTE_WS_026_01,GRTE,Grand Teton National Park,4.765371214980868,0.04779209259846902,59.210526315789465
GRTE_WS_017_01,GRTE,Grand Teton National Park,0.30406969662879507,0.0030495267718047233,47.280701754385966
GRTE_WS_016_01,GRTE,Grand Teton National Park,7.423389314630385,0.07444945913216232,62.71929824561403
GRTE_WS_030_01,GRTE,Grand Teton National Park,7.253770297149353,0.0727483434322079,62.36842105263158
GRTE_WS_032_01,GRTE,Grand Teton National Park,4.548173701196177,0.04561381031516596,58.50877192982457
GRTE_WS_031_01,GRTE,Grand Teton National Park,1.60267858673722,0.01607332565868873,52.98245614035088
GRTE_WS_006_01,GRTE,Grand Teton National Park,1.7554260626099045,0.017605236013991252,53.421052631578945
GRTE_WS_019_01,GRTE,Grand Teton National Park,4.870784636398224,0.048849287887193234,59.3859649122807
GRTE_WS_035_01,GRTE,Grand Teton National Park,1.5204100399085314,0.015248251214201,52.719298245614034
GRTE_WS_015_01,GRTE,Grand Teton National Park,0.3881604717605832,0.003892876414565259,48.24561403508772
GRTE_WS_020_01,GRTE,Grand Teton National Park,14.641917812342637,0.14684436119200878,70.6140350877193
GRTE_WS_020_02,GRTE,Grand Teton National Park,14.738748478861535,0.14781547969922904,70.78947368421052
GRTE_WS_020_03,GRTE,Grand Teton National Park,14.813196063039294,0.1485621174061868,71.14035087719299
GRTE_WS_033_01,GRTE,Grand Teton National Park,6.939532703735078,0.06959684242948164,61.49122807017544
GRTE_WS_018_01,GRTE,Grand Teton National Park,1.7888611308461648,0.017940557609119053,53.50877192982456
GRTE_WS_011_01,GRTE,Grand Teton National Park,3.8684285047732345,0.03879661939650629,57.45614035087719
GRTE_WS_004_01,GRTE,Grand Teton National Park,7.4653948975266395,0.07487073475096813,62.89473684210526
GRTE_WS_024_01,GRTE,Grand Teton National Park,0.6349432365050413,0.0063678703263293154,49.3859649122807
GRTE_WS_012_01,GRTE,Grand Teton National Park,0.6246651300217387,0.006264790798077099,49.21052631578947
GRTE_WS_012_02,GRTE,Grand Teton National Park,0.6349432365050413,0.0063678703263293154,49.3859649122807
GRTE_WS_027_01,GRTE,Grand Teton National Park,1.4192263009675905,0.014233475574955405,52.5438596491228
GRTE_WS_013_01,GRTE,Grand Teton National Park,0.3740406702851388,0.0037512683783507816,47.80701754385965
GRTE_WS_007_01,GRTE,Grand Teton National Park,0.22400244544048248,0.0022465292066062106,46.228070175438596
GRTE_WS_023_01,GRTE,Grand Teton National Park,17.633942208005433,0.17685148981293589,72.89473684210527
GRTE_WS_010_01,GRTE,Grand Teton National Park,6.697031773358518,0.06716479120053703,61.228070175438596
GRTE_WS_014_01,GRTE,Grand Teton National Park,7.360333919001621,0.07381707412567022,62.63157894736842
