wsd_source_id,park_unit,park_name,raw_flood_risk_area_m2,raw_flood_risk_percent,norm_flood_risk_area_m2,rank_flood_risk_area_m2,norm_flood_risk_percent,rank_flood_risk_percent
HOBE_WS_002_01,HOBE,Horseshoe Bend National Military Park,NA,NA,NA,NA,NA,NA
NATR_WS_002_01,NATR,Natchez Trace Parkway,14508416.531267457,28.855975215100884,0.28840788124269434,83.75411635565312,0.2885597521509931,83.31503841931944
NATR_WS_005_01,NATR,Natchez Trace Parkway,7831965.169836559,15.586485622413504,0.1556889737574836,71.35016465422612,0.15586485622412655,69.4840834248079
NATR_WS_012_01,NATR,Natchez Trace Parkway,2066899.92504373,4.110861692264809,0.041087201131691634,43.578485181119646,0.04110861692264585,42.700329308452254
NATR_WS_013_01,NATR,Natchez Trace Parkway,1003222.4515509356,1.9952951530601286,0.019942718148693125,36.11416026344676,0.0199529515306002,34.46761800219539
NATR_WS_014_01,NATR,Natchez Trace Parkway,3073569.889356628,6.1314920578987175,0.06109845121487202,52.36004390779363,0.061314920578983835,50.82327113062569
NATR_WS_020_01,NATR,Natchez Trace Parkway,16923035.260949902,33.66879311782562,0.3364072663124448,85.29088913282108,0.3366879311782379,84.63227222832053
NATR_WS_020_02,NATR,Natchez Trace Parkway,16476956.579917412,32.78140683104661,0.3275398198211717,84.9615806805708,0.32781406831044824,84.41273326015367
ARPO_WS_001_01,ARPO,Arkansas Post National Memorial,40217567.88835956,80.27818449663147,0.7994713632889271,95.17014270032931,0.802781844966271,94.95060373216246
BUFF_WS_001_01,BUFF,Buffalo National River,NA,NA,NA,NA,NA,NA
BUFF_WS_002_01,BUFF,Buffalo National River,NA,NA,NA,NA,NA,NA
BUFF_WS_003_01,BUFF,Buffalo National River,NA,NA,NA,NA,NA,NA
BUFF_WS_004_01,BUFF,Buffalo National River,NA,NA,NA,NA,NA,NA
BUFF_WS_005_01,BUFF,Buffalo National River,NA,NA,NA,NA,NA,NA
BUFF_WS_006_01,BUFF,Buffalo National River,NA,NA,NA,NA,NA,NA
BUFF_WS_007_01,BUFF,Buffalo National River,NA,NA,NA,NA,NA,NA
BUFF_WS_009_01,BUFF,Buffalo National River,NA,NA,NA,NA,NA,NA
BUFF_WS_010_01,BUFF,Buffalo National River,NA,NA,NA,NA,NA,NA
BUFF_WS_011_01,BUFF,Buffalo National River,NA,NA,NA,NA,NA,NA
BUFF_WS_013_01,BUFF,Buffalo National River,NA,NA,NA,NA,NA,NA
BUFF_WS_014_01,BUFF,Buffalo National River,NA,NA,NA,NA,NA,NA
BUFF_WS_015_01,BUFF,Buffalo National River,NA,NA,NA,NA,NA,NA
BUFF_WS_016_01,BUFF,Buffalo National River,NA,NA,NA,NA,NA,NA
BUFF_WS_017_01,BUFF,Buffalo National River,NA,NA,NA,NA,NA,NA
BUFF_WS_018_01,BUFF,Buffalo National River,NA,NA,NA,NA,NA,NA
BUFF_WS_019_01,BUFF,Buffalo National River,NA,NA,NA,NA,NA,NA
BUFF_WS_020_01,BUFF,Buffalo National River,NA,NA,NA,NA,NA,NA
BUFF_WS_021_01,BUFF,Buffalo National River,NA,NA,NA,NA,NA,NA
HOSP_WS_001_01,HOSP,Hot Springs National Park,NA,NA,NA,NA,NA,NA
HOSP_WS_002_01,HOSP,Hot Springs National Park,NA,NA,NA,NA,NA,NA
HOSP_WS_003_01,HOSP,Hot Springs National Park,NA,NA,NA,NA,NA,NA
HOSP_WS_003_02,HOSP,Hot Springs National Park,NA,NA,NA,NA,NA,NA
HOSP_WS_003_03,HOSP,Hot Springs National Park,NA,NA,NA,NA,NA,NA
HOSP_WS_003_04,HOSP,Hot Springs National Park,NA,NA,NA,NA,NA,NA
HOSP_WS_003_05,HOSP,Hot Springs National Park,NA,NA,NA,NA,NA,NA
HOSP_WS_003_06,HOSP,Hot Springs National Park,NA,NA,NA,NA,NA,NA
HOSP_WS_003_07,HOSP,Hot Springs National Park,NA,NA,NA,NA,NA,NA
HOSP_WS_003_08,HOSP,Hot Springs National Park,NA,NA,NA,NA,NA,NA
HOSP_WS_003_09,HOSP,Hot Springs National Park,NA,NA,NA,NA,NA,NA
HOSP_WS_003_10,HOSP,Hot Springs National Park,NA,NA,NA,NA,NA,NA
HOSP_WS_003_11,HOSP,Hot Springs National Park,NA,NA,NA,NA,NA,NA
HOSP_WS_003_12,HOSP,Hot Springs National Park,NA,NA,NA,NA,NA,NA
HOSP_WS_003_13,HOSP,Hot Springs National Park,NA,NA,NA,NA,NA,NA
HOSP_WS_003_14,HOSP,Hot Springs National Park,NA,NA,NA,NA,NA,NA
HOSP_WS_003_15,HOSP,Hot Springs National Park,NA,NA,NA,NA,NA,NA
HOSP_WS_003_16,HOSP,Hot Springs National Park,NA,NA,NA,NA,NA,NA
HOSP_WS_003_17,HOSP,Hot Springs National Park,NA,NA,NA,NA,NA,NA
HOSP_WS_003_18,HOSP,Hot Springs National Park,NA,NA,NA,NA,NA,NA
HOSP_WS_003_19,HOSP,Hot Springs National Park,NA,NA,NA,NA,NA,NA
HOSP_WS_003_20,HOSP,Hot Springs National Park,NA,NA,NA,NA,NA,NA
HOSP_WS_003_21,HOSP,Hot Springs National Park,NA,NA,NA,NA,NA,NA
HOSP_WS_003_22,HOSP,Hot Springs National Park,NA,NA,NA,NA,NA,NA
HOSP_WS_003_23,HOSP,Hot Springs National Park,NA,NA,NA,NA,NA,NA
HOSP_WS_003_24,HOSP,Hot Springs National Park,NA,NA,NA,NA,NA,NA
HOSP_WS_003_25,HOSP,Hot Springs National Park,NA,NA,NA,NA,NA,NA
HOSP_WS_003_26,HOSP,Hot Springs National Park,NA,NA,NA,NA,NA,NA
HOSP_WS_003_27,HOSP,Hot Springs National Park,NA,NA,NA,NA,NA,NA
PERI_WS_001_01,PERI,Pea Ridge National Military Park,NA,NA,NA,NA,NA,NA
CACH_WS_002_01,CACH,Canyon de Chelly National Monument,NA,NA,NA,NA,NA,NA
CHIR_WS_002_01,CHIR,Chiricahua National Monument,NA,NA,NA,NA,NA,NA
CHIR_WS_001_01,CHIR,Chiricahua National Monument,NA,NA,NA,NA,NA,NA
CORO_WS_001_01,CORO,Coronado National Memorial,NA,NA,NA,NA,NA,NA
FOBO_WS_001_01,FOBO,Fort Bowie National Historic Site,NA,NA,NA,NA,NA,NA
GLCA_WS_001_01,GLCA,Glen Canyon National Recreation Area,NA,NA,NA,NA,NA,NA
GLCA_WS_006_01,GLCA,Glen Canyon National Recreation Area,NA,NA,NA,NA,NA,NA
GLCA_WS_006_02,GLCA,Glen Canyon National Recreation Area,NA,NA,NA,NA,NA,NA
GLCA_WS_008_01,GLCA,Glen Canyon National Recreation Area,NA,NA,NA,NA,NA,NA
GLCA_WS_009_01,GLCA,Glen Canyon National Recreation Area,NA,NA,NA,NA,NA,NA
GLCA_WS_009_02,GLCA,Glen Canyon National Recreation Area,NA,NA,NA,NA,NA,NA
GRCA_WS_001_01,GRCA,Grand Canyon National Park,NA,NA,NA,NA,NA,NA
GRCA_WS_003_01,GRCA,Grand Canyon National Park,NA,NA,NA,NA,NA,NA
GRCA_WS_002_01,GRCA,Grand Canyon National Park,NA,NA,NA,NA,NA,NA
LAKE_WS_002_01,LAKE,Lake Mead National Recreation Area,NA,NA,NA,NA,NA,NA
LAKE_WS_003_01,LAKE,Lake Mead National Recreation Area,NA,NA,NA,NA,NA,NA
LAKE_WS_003_02,LAKE,Lake Mead National Recreation Area,NA,NA,NA,NA,NA,NA
LAKE_WS_004_01,LAKE,Lake Mead National Recreation Area,NA,NA,NA,NA,NA,NA
LAKE_WS_005_01,LAKE,Lake Mead National Recreation Area,NA,NA,NA,NA,NA,NA
LAKE_WS_005_02,LAKE,Lake Mead National Recreation Area,NA,NA,NA,NA,NA,NA
LAKE_WS_005_03,LAKE,Lake Mead National Recreation Area,NA,NA,NA,NA,NA,NA
LAKE_WS_005_04,LAKE,Lake Mead National Recreation Area,NA,NA,NA,NA,NA,NA
LAKE_WS_005_05,LAKE,Lake Mead National Recreation Area,NA,NA,NA,NA,NA,NA
LAKE_WS_006_01,LAKE,Lake Mead National Recreation Area,NA,NA,NA,NA,NA,NA
LAKE_WS_008_01,LAKE,Lake Mead National Recreation Area,NA,NA,NA,NA,NA,NA
LAKE_WS_009_01,LAKE,Lake Mead National Recreation Area,NA,NA,NA,NA,NA,NA
LAKE_WS_009_02,LAKE,Lake Mead National Recreation Area,NA,NA,NA,NA,NA,NA
LAKE_WS_009_03,LAKE,Lake Mead National Recreation Area,NA,NA,NA,NA,NA,NA
LAKE_WS_010_01,LAKE,Lake Mead National Recreation Area,NA,NA,NA,NA,NA,NA
LAKE_WS_010_02,LAKE,Lake Mead National Recreation Area,NA,NA,NA,NA,NA,NA
LAKE_WS_010_02,LAKE,Lake Mead National Recreation Area,NA,NA,NA,NA,NA,NA
MOCA_WS_003_01,MOCA,Montezuma Castle National Monument,NA,NA,NA,NA,NA,NA
MOCA_WS_001_01,MOCA,Montezuma Castle National Monument,NA,NA,NA,NA,NA,NA
NAVA_WS_001_01,NAVA,Navajo National Monument,NA,NA,NA,NA,NA,NA
ORPI_WS_001_01,ORPI,Organ Pipe Cactus National Monument,NA,NA,NA,NA,NA,NA
ORPI_WS_001_02,ORPI,Organ Pipe Cactus National Monument,NA,NA,NA,NA,NA,NA
PISP_WS_001_01,PISP,Pipe Spring National Monument,NA,NA,NA,NA,NA,NA
SAGU_WS_005_01,SAGU,Saguaro National Park,NA,NA,NA,NA,NA,NA
SAGU_WS_003_01,SAGU,Saguaro National Park,NA,NA,NA,NA,NA,NA
TONT_WS_001_01,TONT,Tonto National Monument,NA,NA,NA,NA,NA,NA
TUMA_WS_002_01,TUMA,Tumacacori National Historical Park,NA,NA,NA,NA,NA,NA
TUMA_WS_001_01,TUMA,Tumacacori National Historical Park,NA,NA,NA,NA,NA,NA
TUZI_WS_001_01,TUZI,Tuzigoot National Monument,6817588.129783641,15.427116176633643,0.13552451733507484,67.83754116355654,0.15427116176632802,69.15477497255763
WACA_WS_001_01,WACA,Walnut Canyon National Monument,546701.7329105098,1.2291148597335428,0.01086769794075213,30.0768386388584,0.01229114859733476,30.62568605927552
WUPA_WS_001_01,WUPA,Wupatki National Monument,0,0,0,19.538968166849617,0,19.538968166849617
GLCA_WS_002_01,GLCA,Glen Canyon National Recreation Area,NA,NA,NA,NA,NA,NA
GLCA_WS_002_02,GLCA,Glen Canyon National Recreation Area,NA,NA,NA,NA,NA,NA
GLCA_WS_002_03,GLCA,Glen Canyon National Recreation Area,NA,NA,NA,NA,NA,NA
GLCA_WS_003_01,GLCA,Glen Canyon National Recreation Area,NA,NA,NA,NA,NA,NA
GLCA_WS_003_02,GLCA,Glen Canyon National Recreation Area,NA,NA,NA,NA,NA,NA
GLCA_WS_004_01,GLCA,Glen Canyon National Recreation Area,NA,NA,NA,NA,NA,NA
GLCA_WS_004_02,GLCA,Glen Canyon National Recreation Area,NA,NA,NA,NA,NA,NA
GLCA_WS_005_01,GLCA,Glen Canyon National Recreation Area,NA,NA,NA,NA,NA,NA
GLCA_WS_007_01,GLCA,Glen Canyon National Recreation Area,0,0,0,19.538968166849617,0,19.538968166849617
CECH_WS_001_01,CECH,Cesar E. Chavez National Monument,834206.5507569431,2.0316754807076944,0.016582908500323294,33.36992316136114,0.02031675480707584,34.90669593852908
CHIS_WS_004_01,CHIS,Channel Islands National Park,NA,NA,NA,NA,NA,NA
CHIS_WS_005_01,CHIS,Channel Islands National Park,0,0,0,19.538968166849617,0,19.538968166849617
CHIS_WS_006_01,CHIS,Channel Islands National Park,5077154.235061893,12.634472171041352,0.10092702346399014,60.37321624588364,0.12634472171040664,63.666300768386385
CHIS_WS_008_01,CHIS,Channel Islands National Park,0,0,0,19.538968166849617,0,19.538968166849617
CHIS_WS_009_01,CHIS,Channel Islands National Park,0,0,0,19.538968166849617,0,19.538968166849617
CHIS_WS_009_02,CHIS,Channel Islands National Park,0,0,0,19.538968166849617,0,19.538968166849617
DEPO_WS_001_01,DEPO,Devil's Postpile National Monument,0,0,0,19.538968166849617,0,19.538968166849617
DEVA_WS_001_01,DEVA,Death Valley National Park,0,0,0,19.538968166849617,0,19.538968166849617
DEVA_WS_002_01,DEVA,Death Valley National Park,0,0,0,19.538968166849617,0,19.538968166849617
DEVA_WS_003_01,DEVA,Death Valley National Park,0,0,0,19.538968166849617,0,19.538968166849617
DEVA_WS_003_02,DEVA,Death Valley National Park,33561.2279549696,0.07954467485003879,6.671522440464617e-4,20.636663007683865,7.954467485003446e-4,20.74643249176729
DEVA_WS_003_03,DEVA,Death Valley National Park,0,0,0,19.538968166849617,0,19.538968166849617
DEVA_WS_004_01,DEVA,Death Valley National Park,0,0,0,19.538968166849617,0,19.538968166849617
DEVA_WS_005_01,DEVA,Death Valley National Park,0,0,0,19.538968166849617,0,19.538968166849617
DEVA_WS_006_01,DEVA,Death Valley National Park,0,0,0,19.538968166849617,0,19.538968166849617
DEVA_WS_007_01,DEVA,Death Valley National Park,0,0,0,19.538968166849617,0,19.538968166849617
DEVA_WS_008_01,DEVA,Death Valley National Park,0,0,0,19.538968166849617,0,19.538968166849617
GOGA_WS_001_01,GOGA,Golden Gate National Recreation Area,7057100.809009428,17.83629109325725,0.14028570848211697,68.6059275521405,0.17836291093256276,74.42371020856203
GOGA_WS_002_01,GOGA,Golden Gate National Recreation Area,6525677.464282951,16.49398625149459,0.12972172442740224,66.95938529088913,0.16493986251493692,70.47200878155873
GOGA_WS_003_01,GOGA,Golden Gate National Recreation Area,3379174.1482744287,8.532905814073713,0.06717345441203532,54.77497255762898,0.08532905814073248,56.311745334796925
JOMU_WS_001_01,JOMU,John Muir National Historic Site,2010039.125185216,5.0396351716011045,0.03995688461661111,43.02963776070253,0.0503963517160083,45.77387486278815
JOTR_WS_002_01,JOTR,Joshua Tree National Park,0,0,0,19.538968166849617,0,19.538968166849617
LABE_WS_001_01,LABE,Lava Beds National Monument,0,0,0,19.538968166849617,0,19.538968166849617
LAVO_WS_001_01,LAVO,Lassen Volcanic National Park,0,0,0,19.538968166849617,0,19.538968166849617
LAVO_WS_002_01,LAVO,Lassen Volcanic National Park,0,0,0,19.538968166849617,0,19.538968166849617
LAVO_WS_003_01,LAVO,Lassen Volcanic National Park,2580360.7418615073,6.300321310034981,0.05129411419904217,47.85949506037321,0.06300321310034639,51.37211855104281
LAVO_WS_004_01,LAVO,Lassen Volcanic National Park,1072261.5123423736,2.6155212025732206,0.021315122173827958,37.211855104281014,0.026155212025730783,38.30954994511526
LAVO_WS_005_01,LAVO,Lassen Volcanic National Park,0,0,0,19.538968166849617,0,19.538968166849617
LAVO_WS_006_01,LAVO,Lassen Volcanic National Park,0,0,0,19.538968166849617,0,19.538968166849617
LAVO_WS_007_01,LAVO,Lassen Volcanic National Park,0,0,0,19.538968166849617,0,19.538968166849617
LAVO_WS_008_01,LAVO,Lassen Volcanic National Park,0,0,0,19.538968166849617,0,19.538968166849617
LAVO_WS_009_01,LAVO,Lassen Volcanic National Park,0,0,0,19.538968166849617,0,19.538968166849617
LAVO_WS_010_01,LAVO,Lassen Volcanic National Park,0,0,0,19.538968166849617,0,19.538968166849617
LAVO_WS_011_01,LAVO,Lassen Volcanic National Park,0,0,0,19.538968166849617,0,19.538968166849617
MANZ_WS_001_01,MANZ,Manzanar National Historic Site,119648.96028521445,0.2876261577766072,0.0023784610163611964,23.161361141602637,0.0028762615777659156,23.490669593852907
MOJA_WS_002_01,MOJA,Mojave National Preserve,0,0,0,19.538968166849617,0,19.538968166849617
MOJA_WS_002_02,MOJA,Mojave National Preserve,0,0,0,19.538968166849617,0,19.538968166849617
MOJA_WS_004_01,MOJA,Mojave National Preserve,0,0,0,19.538968166849617,0,19.538968166849617
MOJA_WS_005_01,MOJA,Mojave National Preserve,0,0,0,19.538968166849617,0,19.538968166849617
MOJA_WS_006_01,MOJA,Mojave National Preserve,0,0,0,19.538968166849617,0,19.538968166849617
MOJA_WS_007_01,MOJA,Mojave National Preserve,0,0,0,19.538968166849617,0,19.538968166849617
MOJA_WS_008_01,MOJA,Mojave National Preserve,22546914.71001181,53.301297101080905,0.4482024544897848,87.70581778265642,0.53301297101078,89.02305159165752
PINN_WS_001_01,PINN,Pinnacles National Park,0,0,0,19.538968166849617,0,19.538968166849617
PINN_WS_002_01,PINN,Pinnacles National Park,500325.05863276793,1.2515471864564154,0.009945791794847066,29.088913282107576,0.012515471864563473,30.735455543358945
PINN_WS_003_01,PINN,Pinnacles National Park,1459025.997130381,3.647436202351024,0.02900348191710084,39.18770581778266,0.036474362023508254,40.944017563117455
PINN_WS_004_01,PINN,Pinnacles National Park,0,0,0,19.538968166849617,0,19.538968166849617
PORE_WS_002_01,PORE,Point Reyes National Seashore,296575.50514939136,0.7495605250322048,0.005895523669607893,26.125137211855105,0.00749560525032164,26.783754116355652
PORE_WS_004_01,PORE,Point Reyes National Seashore,661525.121606966,1.6715662001931975,0.013150233059569694,31.613611416026345,0.016715662001931066,32.82107574094402
PORE_WS_005_01,PORE,Point Reyes National Seashore,10034750.529784264,25.383160381250274,0.1994773952661845,76.94840834248079,0.2538316038124889,82.10757409440176
PORE_WS_006_01,PORE,Point Reyes National Seashore,1544980.3606137321,3.9050372683527503,0.03071213949543631,39.846322722283205,0.039050372683525375,41.822173435784855
PORE_WS_007_01,PORE,Point Reyes National Seashore,352658.29061172233,0.8911703272798882,0.0070103743009308165,26.893523600439078,0.008911703272798397,27.881448957189903
PORE_WS_008_01,PORE,Point Reyes National Seashore,8188644.235149855,20.74458449621232,0.1627792756721644,72.44785949506037,0.2074458449621119,76.39956092206367
PORE_WS_008_02,PORE,Point Reyes National Seashore,6887045.61688997,17.45152549775484,0.13690523911471264,67.94731064763995,0.1745152549775389,74.20417124039517
PORE_WS_009_01,PORE,Point Reyes National Seashore,5983097.618116142,15.169201550382175,0.11893596407232053,63.22722283205269,0.15169201550381348,68.38638858397366
PORE_WS_010_01,PORE,Point Reyes National Seashore,4968668.878270952,12.578558358077544,0.09877047992731242,59.60482985729967,0.12578558358076858,63.22722283205269
PORE_WS_011_01,PORE,Point Reyes National Seashore,931346.7630869839,2.353961005254125,0.01851392576614238,34.90669593852908,0.02353961005253997,36.44346871569704
PORE_WS_012_01,PORE,Point Reyes National Seashore,2591150.0176661103,6.551897903349683,0.051508590545805616,48.07903402854007,0.06551897903349327,52.030735455543365
PORE_WS_013_01,PORE,Point Reyes National Seashore,6627105.6579336785,16.76366295197075,0.131737981016537,67.17892425905599,0.16763662951969838,72.22832052689353
PORE_WS_014_01,PORE,Point Reyes National Seashore,2690789.2685845545,6.8049534148645865,0.05348928535037415,48.73765093304062,0.06804953414864216,53.1284302963776
PORE_WS_015_01,PORE,Point Reyes National Seashore,3256061.5661118645,8.258175048621407,0.06472614123355709,53.567508232711305,0.08258175048620957,56.09220636663008
PORE_WS_016_01,PORE,Point Reyes National Seashore,3244396.7409332795,8.209817928483846,0.06449426013836164,53.45773874862788,0.08209817928483398,55.98243688254665
PORE_WS_017_01,PORE,Point Reyes National Seashore,13551862.474074218,34.290661352792725,0.26939286824422864,83.53457738748628,0.3429066135279086,84.74204171240395
PORE_WS_018_01,PORE,Point Reyes National Seashore,4989501.571775445,12.623354451217692,0.09918460596107086,59.82436882546652,0.12623354451217006,63.44676180021954
PORE_WS_019_01,PORE,Point Reyes National Seashore,6489371.09664082,16.418837593567552,0.1290000024845066,66.8496158068057,0.1641883759356666,70.03293084522502
PORE_WS_020_01,PORE,Point Reyes National Seashore,5691660.974265773,14.39823841313721,0.11314259407992869,62.23929747530187,0.14398238413136427,67.72777167947311
REDW_WS_001_01,REDW,Redwood National Park,2216700.2973692985,5.548534981013211,0.044065031820428396,44.6761800219539,0.05548534981012909,47.85949506037321
REDW_WS_003_01,REDW,Redwood National Park,2216700.2973692985,5.548534981013211,0.044065031820428396,44.6761800219539,0.05548534981012909,47.85949506037321
REDW_WS_004_01,REDW,Redwood National Park,3589423.6620820193,8.97564141155401,0.07135293303941496,55.65312843029637,0.08975641411553521,56.97036223929748
REDW_WS_005_01,REDW,Redwood National Park,2558166.215525091,6.410043207987988,0.05085291675326469,47.63995609220636,0.06410043207987638,51.811196487376506
REDW_WS_006_01,REDW,Redwood National Park,2875561.612703618,7.193908662481728,0.05716231198045325,51.042810098792536,0.07193908662481337,54.11635565312844
REDW_WS_007_01,REDW,Redwood National Park,1602240.4747831975,4.005077368371364,0.03185039384398909,40.28540065861691,0.04005077368371145,42.26125137211855
REDW_WS_008_01,REDW,Redwood National Park,3161728.0726231374,7.910241072548183,0.06285091777766362,53.018660812294186,0.07910241072547752,55.762897914379806
REDW_WS_009_01,REDW,Redwood National Park,0,0,0,19.538968166849617,0,19.538968166849617
REDW_WS_010_01,REDW,Redwood National Park,8974128.025802925,22.449044144129502,0.17839364098381028,75.52140504939628,0.2244904414412828,78.04610318331504
REDW_WS_012_01,REDW,Redwood National Park,219985.64195116312,0.550831619865271,0.004373019809723254,25.13721185510428,0.00550831619865241,25.905598243688253
REDW_WS_013_01,REDW,Redwood National Park,3077033.2388404915,7.684732309000577,0.061167297962171525,52.79912184412733,0.07684732309000158,55.214050493962674
SAMO_WS_001_01,SAMO,Santa Monica Mountains National Recreation Area,5485447.855677264,13.510362732141173,0.10904335358125762,61.47091108671789,0.13510362732140438,66.52030735455543
SAMO_WS_003_01,SAMO,Santa Monica Mountains National Recreation Area,1308776.4113426467,3.2125907208153595,0.02601672146662408,38.96816684961581,0.032125907208151845,39.51701427003293
SEKI_WS_001_01,SEKI,Sequoia & Kings Canyon National Parks,178702.7018589135,0.4337231910498246,0.00355237027448175,24.259055982436884,0.00433723191049801,24.588364434687158
SEKI_WS_002_01,SEKI,Sequoia & Kings Canyon National Parks,0,0,0,19.538968166849617,0,19.538968166849617
SEKI_WS_003_01,SEKI,Sequoia & Kings Canyon National Parks,0,0,0,19.538968166849617,0,19.538968166849617
SEKI_WS_004_01,SEKI,Sequoia & Kings Canyon National Parks,0,0,0,19.538968166849617,0,19.538968166849617
SEKI_WS_005_01,SEKI,Sequoia & Kings Canyon National Parks,0,0,0,19.538968166849617,0,19.538968166849617
SEKI_WS_006_01,SEKI,Sequoia & Kings Canyon National Parks,1307518.472904261,3.1585715637138745,0.02599171533594354,38.85839736553238,0.031585715637137024,39.18770581778266
SEKI_WS_007_01,SEKI,Sequoia & Kings Canyon National Parks,1273804.0543903292,3.0789763729884734,0.025321517868840415,38.52908891328211,0.030789763729883058,39.077936333699235
SEKI_WS_000_01,SEKI,Sequoia & Kings Canyon National Parks,859101.3258947976,2.077759573052845,0.01707778327428973,33.91877058177827,0.02077759573052732,35.67508232711306
SEKI_WS_000_02,SEKI,Sequoia & Kings Canyon National Parks,859101.3258947976,2.077759573052845,0.01707778327428973,33.91877058177827,0.02077759573052732,35.67508232711306
SEKI_WS_000_03,SEKI,Sequoia & Kings Canyon National Parks,843916.5951707992,2.0410638448569807,0.016775931173068963,33.69923161361142,0.020410638448568694,35.01646542261251
SEKI_WS_010_01,SEKI,Sequoia & Kings Canyon National Parks,0,0,0,19.538968166849617,0,19.538968166849617
SEKI_WS_011_01,SEKI,Sequoia & Kings Canyon National Parks,0,0,0,19.538968166849617,0,19.538968166849617
SEKI_WS_012_01,SEKI,Sequoia & Kings Canyon National Parks,0,0,0,19.538968166849617,0,19.538968166849617
SEKI_WS_013_01,SEKI,Sequoia & Kings Canyon National Parks,0,0,0,19.538968166849617,0,19.538968166849617
SEKI_WS_014_01,SEKI,Sequoia & Kings Canyon National Parks,0,0,0,19.538968166849617,0,19.538968166849617
SEKI_WS_015_01,SEKI,Sequoia & Kings Canyon National Parks,0,0,0,19.538968166849617,0,19.538968166849617
SEKI_WS_016_01,SEKI,Sequoia & Kings Canyon National Parks,0,0,0,19.538968166849617,0,19.538968166849617
SEKI_WS_017_01,SEKI,Sequoia & Kings Canyon National Parks,0,0,0,19.538968166849617,0,19.538968166849617
SEKI_WS_018_01,SEKI,Sequoia & Kings Canyon National Parks,0,0,0,19.538968166849617,0,19.538968166849617
SEKI_WS_018_02,SEKI,Sequoia & Kings Canyon National Parks,0,0,0,19.538968166849617,0,19.538968166849617
SEKI_WS_019_01,SEKI,Sequoia & Kings Canyon National Parks,0,0,0,19.538968166849617,0,19.538968166849617
SEKI_WS_019_02,SEKI,Sequoia & Kings Canyon National Parks,0,0,0,19.538968166849617,0,19.538968166849617
SEKI_WS_019_03,SEKI,Sequoia & Kings Canyon National Parks,0,0,0,19.538968166849617,0,19.538968166849617
SEKI_WS_020_01,SEKI,Sequoia & Kings Canyon National Parks,0,0,0,19.538968166849617,0,19.538968166849617
SEKI_WS_021_01,SEKI,Sequoia & Kings Canyon National Parks,0,0,0,19.538968166849617,0,19.538968166849617
SEKI_WS_022_01,SEKI,Sequoia & Kings Canyon National Parks,0,0,0,19.538968166849617,0,19.538968166849617
WHIS_WS_001_01,WHIS,Whiskeytown National Recreation Area,3466707.7189366617,8.583140545186437,0.0689135045131539,55.43358946212953,0.08583140545185969,56.86059275521404
WHIS_WS_002_01,WHIS,Whiskeytown National Recreation Area,3466707.7189366617,8.583140545186437,0.0689135045131539,55.43358946212953,0.08583140545185969,56.86059275521404
WHIS_WS_003_01,WHIS,Whiskeytown National Recreation Area,3976070.9069574005,9.843281305773232,0.07903896221031113,56.75082327113062,0.09843281305772696,58.72667398463227
WHIS_WS_003_02,WHIS,Whiskeytown National Recreation Area,12633074.257376472,31.26602404413974,0.25112858955347883,82.7661909989023,0.3126602404413804,83.97365532381997
WHIS_WS_004_01,WHIS,Whiskeytown National Recreation Area,2586351.3253109134,6.40368520571232,0.05141319897141049,47.96926454445664,0.06403685205711972,51.591657519209654
WHIS_WS_006_01,WHIS,Whiskeytown National Recreation Area,607039.7568448448,1.5022589633395675,0.012067137011430114,30.954994511525797,0.015022589633394859,32.05268935236004
WHIS_WS_007_01,WHIS,Whiskeytown National Recreation Area,4417258.96260126,10.934119577545564,0.0878091896216628,57.62897914379802,0.10934119577544969,60.1536772777168
WHIS_WS_008_01,WHIS,Whiskeytown National Recreation Area,7525823.338712777,18.621004170476034,0.14960328434514253,69.92316136114161,0.1862100417047502,75.19209659714599
WHIS_WS_010_01,WHIS,Whiskeytown National Recreation Area,6081757.047050397,15.052128234746611,0.12089718132867792,63.88583973655324,0.15052128234745793,68.05708013172338
WHIS_WS_011_01,WHIS,Whiskeytown National Recreation Area,3466707.7189366617,8.583140545186437,0.0689135045131539,55.43358946212953,0.08583140545185969,56.86059275521404
WHIS_WS_012_01,WHIS,Whiskeytown National Recreation Area,1723925.0004032538,4.268462364009816,0.034269319171813056,40.944017563117455,0.042684623640095835,43.468715697036224
WHIS_WS_013_01,WHIS,Whiskeytown National Recreation Area,1749211.081303679,4.330969202551442,0.03477197258004036,41.1635565312843,0.04330969202551206,43.7980241492865
WHIS_WS_014_01,WHIS,Whiskeytown National Recreation Area,5505894.881085382,13.618876223647161,0.10944981305000542,61.80021953896817,0.1361887622364642,66.8496158068057
YOSE_WS_001_01,YOSE,Yosemite National Park,1012430.4073574989,2.4572969900568427,0.020125759972659515,36.44346871569704,0.02457296990056709,37.211855104281014
YOSE_WS_002_01,YOSE,Yosemite National Park,263569.5205423384,0.639713876853504,0.005239408919363847,25.905598243688253,0.006397138768534692,26.125137211855105
YOSE_WS_003_01,YOSE,Yosemite National Park,1099814.899588417,2.6665873268922105,0.021862846594309333,37.54116355653128,0.026665873268920653,38.52908891328211
YOSE_WS_004_01,YOSE,Yosemite National Park,1000974.4096377593,2.441291767057362,0.01989803008754416,36.00439077936334,0.02441291767057229,37.102085620197585
YOSE_WS_004_02,YOSE,Yosemite National Park,1000974.4096377593,2.441291767057362,0.01989803008754416,36.00439077936334,0.02441291767057229,37.102085620197585
YOSE_WS_004_03,YOSE,Yosemite National Park,1000974.4096377593,2.441291767057362,0.01989803008754416,36.00439077936334,0.02441291767057229,37.102085620197585
YOSE_WS_004_04,YOSE,Yosemite National Park,1000974.4096377593,2.441291767057362,0.01989803008754416,36.00439077936334,0.02441291767057229,37.102085620197585
YOSE_WS_004_05,YOSE,Yosemite National Park,1000974.4096377593,2.441291767057362,0.01989803008754416,36.00439077936334,0.02441291767057229,37.102085620197585
YOSE_WS_004_06,YOSE,Yosemite National Park,1000974.4096377593,2.441291767057362,0.01989803008754416,36.00439077936334,0.02441291767057229,37.102085620197585
YOSE_WS_005_01,YOSE,Yosemite National Park,6891092.2629601285,16.7981256164437,0.1369856810166058,68.05708013172338,0.16798125616442786,72.44785949506037
YOSE_WS_006_01,YOSE,Yosemite National Park,0,0,0,19.538968166849617,0,19.538968166849617
YOSE_WS_007_01,YOSE,Yosemite National Park,NA,NA,NA,NA,NA,NA
YOSE_WS_008_01,YOSE,Yosemite National Park,919075.3567765879,2.240458794489588,0.01826998665078667,34.79692645444567,0.022404587944894663,36.11416026344676
YOSE_WS_009_01,YOSE,Yosemite National Park,0,0,0,19.538968166849617,0,19.538968166849617
YOSE_WS_010_01,YOSE,Yosemite National Park,748806.7494742384,1.821434742299414,0.01488527487549516,32.491767288693744,0.018214347422993146,33.589462129527995
YOSE_WS_011_01,YOSE,Yosemite National Park,182843.8778369985,0.44484703304198775,0.003634691304286668,24.478594950603732,0.004448470330419636,24.91767288693743
YOSE_WS_012_01,YOSE,Yosemite National Park,733657.7030991516,1.7882599140831825,0.014584132131318348,32.38199780461032,0.017882599140830853,33.260153677277714
YOSE_WS_013_01,YOSE,Yosemite National Park,2516826.9050766067,6.1209459699954865,0.05003114665087021,47.310647639956095,0.061209459699951535,50.713501646542255
YOSE_WS_013_02,YOSE,Yosemite National Park,2516826.9050766067,6.1209459699954865,0.05003114665087021,47.310647639956095,0.061209459699951535,50.713501646542255
YOSE_WS_013_03,YOSE,Yosemite National Park,2516826.9050766067,6.1209459699954865,0.05003114665087021,47.310647639956095,0.061209459699951535,50.713501646542255
YOSE_WS_014_01,YOSE,Yosemite National Park,0,0,0,19.538968166849617,0,19.538968166849617
YOSE_WS_015_01,YOSE,Yosemite National Park,0,0,0,19.538968166849617,0,19.538968166849617
YOSE_WS_016_01,YOSE,Yosemite National Park,0,0,0,19.538968166849617,0,19.538968166849617
YOSE_WS_017_01,YOSE,Yosemite National Park,336107.93261235196,0.817738941498679,0.006681375359239314,26.67398463227223,0.008177389414986344,27.442371020856204
YOSE_WS_017_02,YOSE,Yosemite National Park,2453487.96545946,5.96822532748328,0.048772053397256245,46.43249176728869,0.05968225327482955,49.39626783754116
YOSE_WS_018_01,YOSE,Yosemite National Park,0,0,0,19.538968166849617,0,19.538968166849617
YOSE_WS_020_01,YOSE,Yosemite National Park,838681.761964173,2.044909712351831,0.016671869702919673,33.589462129527995,0.020449097123517196,35.12623490669594
CURE_WS_006_01,CURE,Curecanti National Recreation Area,1809853.534869743,3.8975997654834815,0.03597746330390085,41.49286498353458,0.03897599765483269,41.712403951701425
CURE_WS_007_01,CURE,Curecanti National Recreation Area,0,0,0,19.538968166849617,0,19.538968166849617
CURE_WS_011_01,CURE,Curecanti National Recreation Area,0,0,0,19.538968166849617,0,19.538968166849617
CURE_WS_009_01,CURE,Curecanti National Recreation Area,835852.0217749708,1.801052804337507,0.016615618259443656,33.479692645444565,0.01801052804337409,33.36992316136114
CURE_WS_010_01,CURE,Curecanti National Recreation Area,0,0,0,19.538968166849617,0,19.538968166849617
CURE_WS_010_02,CURE,Curecanti National Recreation Area,0,0,0,19.538968166849617,0,19.538968166849617
CURE_WS_001_01,CURE,Curecanti National Recreation Area,64030.44121387642,0.13758683241001143,0.0012728393788343849,21.734357848518112,0.0013758683241000395,21.734357848518112
CURE_WS_005_01,CURE,Curecanti National Recreation Area,46004.10774241946,0.09878543209185084,9.145000223737536e-4,20.96597145993414,9.878543209184546e-4,20.96597145993414
CURE_WS_003_01,CURE,Curecanti National Recreation Area,17755.407789675442,0.03815125715523393,3.5295371691213576e-4,19.868276619099888,3.815125715523185e-4,19.868276619099888
CURE_WS_008_01,CURE,Curecanti National Recreation Area,0,0,0,19.538968166849617,0,19.538968166849617
CURE_WS_004_01,CURE,Curecanti National Recreation Area,0,0,0,19.538968166849617,0,19.538968166849617
CURE_WS_002_01,CURE,Curecanti National Recreation Area,217481.75177659176,0.46668734774867116,0.004323245827941285,25.027442371020857,0.004666873477486458,25.356750823271128
DINO_WS_002_01,DINO,Dinosaur National Monument,NA,NA,NA,NA,NA,NA
DINO_WS_004_01,DINO,Dinosaur National Monument,NA,NA,NA,NA,NA,NA
DINO_WS_001_01,DINO,Dinosaur National Monument,413159.37247097155,0.8959165360829286,0.008213054744679597,27.881448957189903,0.008959165360828799,28.10098792535675
DINO_WS_006_01,DINO,Dinosaur National Monument,NA,NA,NA,NA,NA,NA
FLFO_WS_001_01,FLFO,Florissant Fossil Beds National Monument,221310.16700238985,0.46852185382097244,0.004399349593049636,25.24698133918771,0.00468521853820947,25.466520307354557
FLFO_WS_002_01,FLFO,Florissant Fossil Beds National Monument,116314.21772390512,0.24625648405108186,0.002312170802365456,23.05159165751921,0.0024625648405106845,23.05159165751921
GRSA_WS_001_01,GRSA,Great Sand Dunes National Park,NA,NA,NA,NA,NA,NA
GRSA_WS_001_01,GRSA,Great Sand Dunes National Park,NA,NA,NA,NA,NA,NA
GRSA_WS_002_01,GRSA,Great Sand Dunes National Park,NA,NA,NA,NA,NA,NA
GRSA_WS_002_01,GRSA,Great Sand Dunes National Park,NA,NA,NA,NA,NA,NA
HOVE_WS_001_01,HOVE,Hovenweep National Monument,0,0,0,19.538968166849617,0,19.538968166849617
MEVE_WS_001_01,MEVE,Mesa Verde National Park,1644897.5442331682,3.5701142213532746,0.03269835922970674,40.724478594950604,0.0357011422135308,40.61470911086718
MEVE_WS_001_02,MEVE,Mesa Verde National Park,1969428.813222913,4.275013109475256,0.039149606027358376,42.590559824368825,0.04275013109475023,43.578485181119646
ROMO_WS_005_01,ROMO,Rocky Mountain National Park,72994.38461130664,0.15474148789168507,0.0014510305630522286,21.953896816684964,0.0015474148789167664,21.844127332601538
ROMO_WS_006_01,ROMO,Rocky Mountain National Park,2275547.3188078785,4.815736037185248,0.045234831759240986,45.1152579582876,0.04815736037184986,44.89571899012075
ROMO_WS_006_02,ROMO,Rocky Mountain National Park,2250848.7600065926,4.763521483087468,0.044743857503141055,45.00548847420417,0.04763521483087208,44.78594950603732
ROMO_WS_013_01,ROMO,Rocky Mountain National Park,49816.135447270295,0.105356568412455,9.90278025522829e-4,21.185510428100987,0.0010535656841244927,21.185510428100987
ROMO_WS_004_01,ROMO,Rocky Mountain National Park,56120.87763242729,0.118771938996299,0.0011156078526258638,21.295279912184412,0.0011877193899629253,21.295279912184412
ROMO_WS_001_01,ROMO,Rocky Mountain National Park,0,0,0,19.538968166849617,0,19.538968166849617
ROMO_WS_003_01,ROMO,Rocky Mountain National Park,0,0,0,19.538968166849617,0,19.538968166849617
ROMO_WS_008_01,ROMO,Rocky Mountain National Park,0,0,0,19.538968166849617,0,19.538968166849617
ROMO_WS_012_01,ROMO,Rocky Mountain National Park,611248.7385998627,1.2935469687863703,0.0121508059292295,31.06476399560922,0.012935469687862999,31.174533479692645
ROMO_WS_016_01,ROMO,Rocky Mountain National Park,205487.1942223371,0.4350774983735852,0.004084810094916192,24.69813391877058,0.0043507749837356155,24.807903402854006
ROMO_WS_014_01,ROMO,Rocky Mountain National Park,601097.9637216072,1.2720519199450047,0.011949022125373306,30.735455543358945,0.012720519199449354,30.954994511525797
ROMO_WS_020_01,ROMO,Rocky Mountain National Park,0,0,0,19.538968166849617,0,19.538968166849617
ROMO_WS_017_01,ROMO,Rocky Mountain National Park,2215494.5149469376,4.689214437902352,0.044041062481464124,44.34687156970362,0.04689214437902097,44.56641053787047
ROMO_WS_007_01,ROMO,Rocky Mountain National Park,2314050.244929264,4.8974095615365165,0.04600021834160034,45.334796926454445,0.0489740956153625,45.1152579582876
ROMO_WS_018_01,ROMO,Rocky Mountain National Park,421955.27765509073,0.8933317384417078,0.008387905554366257,28.10098792535675,0.008933317384416592,27.991218441273325
ROMO_WS_002_01,ROMO,Rocky Mountain National Park,0,0,0,19.538968166849617,0,19.538968166849617
ROMO_WS_019_01,ROMO,Rocky Mountain National Park,2316914.3897494874,4.903613768014682,0.04605715370304331,45.554335894621296,0.04903613768014415,45.225027442371015
ROMO_WS_015_01,ROMO,Rocky Mountain National Park,305690.28286406037,0.6466111728365529,0.006076713237953996,26.23490669593853,0.006466111728365177,26.23490669593853
ROMO_WS_010_01,ROMO,Rocky Mountain National Park,17503.65158018681,0.0370472393265677,3.4794914078821297e-4,19.758507135016465,3.704723932656568e-4,19.758507135016465
SAND_WS_001_01,SAND,Sand Creek Massacre National Historic Site,NA,NA,NA,NA,NA,NA
DINO_WS_005_01,DINO,Dinosaur National Monument,2816483.405634865,6.117655845742247,0.05598791638107161,50.60373216245884,0.06117655845741914,50.38419319429198
DINO_WS_003_01,DINO,Dinosaur National Monument,1748034.1328468765,3.796902948993313,0.03474857642167762,41.05378704720088,0.03796902948993106,41.38309549945115
APPA_WS_002_01,APPA,Appalachian National Scenic Trail,3207283.897038751,6.583562890918686,0.06375650652814206,53.1284302963776,0.06583562890918328,52.14050493962679
APPA_WS_003_01,APPA,Appalachian National Scenic Trail,NA,NA,NA,NA,NA,NA
APPA_WS_004_01,APPA,Appalachian National Scenic Trail,3457211.2589994813,7.093617450033952,0.06872472761362901,55.10428100987925,0.07093617450033567,53.787047200878156
APPA_WS_005_01,APPA,Appalachian National Scenic Trail,NA,NA,NA,NA,NA,NA
APPA_WS_006_01,APPA,Appalachian National Scenic Trail,2231319.2834461955,4.578033251696109,0.044355637676089334,44.89571899012075,0.045780332516958594,44.34687156970362
APPA_WS_007_01,APPA,Appalachian National Scenic Trail,NA,NA,NA,NA,NA,NA
APPA_WS_008_01,APPA,Appalachian National Scenic Trail,869380.5339861457,1.7859210298481327,0.017282120158338337,34.02854006586169,0.017859210298480355,33.15038419319429
APPA_WS_009_01,APPA,Appalachian National Scenic Trail,2606560.6232514298,5.354056488808591,0.05181493273662639,48.188803512623494,0.053540564888082995,46.76180021953897
WEFA_WS_001_01,WEFA,Weir Farm National Historic Site,2715775.7982177036,5.5819414617124234,0.05398598408076791,49.50603732162459,0.0558194146171212,48.40834248079034
WEFA_WS_002_01,WEFA,Weir Farm National Historic Site,2681683.387538828,5.51190661285493,0.053308272635886236,48.51811196487377,0.0551190661285463,47.530186608122946
WEFA_WS_003_01,WEFA,Weir Farm National Historic Site,2703466.6885463153,5.556640358616729,0.053741295473113286,49.066959385290886,0.05556640358616426,48.298572996706916
WEFA_WS_004_01,WEFA,Weir Farm National Historic Site,2726402.709684571,5.603770985463596,0.05419723284204434,49.72557628979144,0.05603770985463291,48.51811196487377
CHOH_WS_001_01,CHOH,Chesapeake and Ohio Canal National Historical Park,NA,NA,NA,NA,NA,NA
CHOH_WS_002_01,CHOH,Chesapeake and Ohio Canal National Historical Park,NA,NA,NA,NA,NA,NA
CHOH_WS_003_01,CHOH,Chesapeake and Ohio Canal National Historical Park,6465970.624011801,13.043169145942175,0.128534832442244,66.73984632272229,0.13043169145941463,66.08122941822174
CHOH_WS_004_01,CHOH,Chesapeake and Ohio Canal National Historical Park,NA,NA,NA,NA,NA,NA
CHOH_WS_005_01,CHOH,Chesapeake and Ohio Canal National Historical Park,6286765.771157889,12.709114051386166,0.12497248007879898,65.5323819978046,0.12709114051385476,63.88583973655324
CHOH_WS_006_01,CHOH,Chesapeake and Ohio Canal National Historical Park,5666318.497002588,11.436354580267277,0.11263881958757353,62.019758507135016,0.11436354580266656,61.25137211855104
CHOH_WS_007_01,CHOH,Chesapeake and Ohio Canal National Historical Park,NA,NA,NA,NA,NA,NA
CHOH_WS_008_01,CHOH,Chesapeake and Ohio Canal National Historical Park,12800280.146519952,25.907586124603444,0.2544524185954176,83.09549945115258,0.25907586124602033,82.3271130625686
CHOH_WS_009_01,CHOH,Chesapeake and Ohio Canal National Historical Park,NA,NA,NA,NA,NA,NA
CHOH_WS_010_01,CHOH,Chesapeake and Ohio Canal National Historical Park,6720895.103658952,13.55923985574958,0.13360238953184655,67.50823271130626,0.13559239855748842,66.73984632272229
CHOH_WS_011_01,CHOH,Chesapeake and Ohio Canal National Historical Park,NA,NA,NA,NA,NA,NA
CHOH_WS_012_01,CHOH,Chesapeake and Ohio Canal National Historical Park,6302041.724615276,12.715305160659533,0.12527614556573285,65.8616904500549,0.1271530516065884,63.99560922063666
CHOH_WS_013_01,CHOH,Chesapeake and Ohio Canal National Historical Park,6258303.198672944,12.644831950704214,0.1244066822739587,65.42261251372119,0.12644831950703525,63.77607025246982
CHOH_WS_014_01,CHOH,Chesapeake and Ohio Canal National Historical Park,20396714.676240087,41.29336477547544,0.40545935880793665,86.7178924259056,0.4129336477547319,86.60812294182217
CHOH_WS_015_01,CHOH,Chesapeake and Ohio Canal National Historical Park,NA,NA,NA,NA,NA,NA
CHOH_WS_016_01,CHOH,Chesapeake and Ohio Canal National Historical Park,NA,NA,NA,NA,NA,NA
CHOH_WS_017_01,CHOH,Chesapeake and Ohio Canal National Historical Park,NA,NA,NA,NA,NA,NA
CHOH_WS_018_01,CHOH,Chesapeake and Ohio Canal National Historical Park,6113146.61978574,12.335085210900678,0.12152116397669492,63.99560922063666,0.12335085210900007,62.67837541163557
CHOH_WS_019_01,CHOH,Chesapeake and Ohio Canal National Historical Park,8253445.701771725,16.634827729321007,0.16406744200303555,72.77716794731064,0.166348277293201,70.69154774972559
CHOH_WS_020_01,CHOH,Chesapeake and Ohio Canal National Historical Park,NA,NA,NA,NA,NA,NA
CHOH_WS_021_01,CHOH,Chesapeake and Ohio Canal National Historical Park,NA,NA,NA,NA,NA,NA
CHOH_WS_022_01,CHOH,Chesapeake and Ohio Canal National Historical Park,4890660.509588508,9.872109965155579,0.09721977807901518,59.16575192096597,0.09872109965155042,58.83644346871569
CHOH_WS_023_01,CHOH,Chesapeake and Ohio Canal National Historical Park,7593667.7260504635,15.337719187015036,0.15095193986272448,70.14270032930845,0.153377191870142,68.93523600439077
CHOH_WS_024_01,CHOH,Chesapeake and Ohio Canal National Historical Park,5442114.598470358,10.989635927565852,0.10818194648893611,61.25137211855104,0.10989635927565253,60.37321624588364
CHOH_WS_025_01,CHOH,Chesapeake and Ohio Canal National Historical Park,8523486.93613514,17.2655898098204,0.16943549992190413,74.3139407244786,0.17265589809819462,73.65532381997805
CHOH_WS_026_01,CHOH,Chesapeake and Ohio Canal National Historical Park,NA,NA,NA,NA,NA,NA
CHOH_WS_027_01,CHOH,Chesapeake and Ohio Canal National Historical Park,NA,NA,NA,NA,NA,NA
CHOH_WS_028_01,CHOH,Chesapeake and Ohio Canal National Historical Park,6294146.082204611,12.717171849586004,0.12511919077374697,65.64215148188804,0.12717171849585313,64.10537870472008
CHOH_WS_029_01,CHOH,Chesapeake and Ohio Canal National Historical Park,10671606.636841197,21.597126357678032,0.21213724136978368,78.04610318331504,0.21597126357676857,76.94840834248079
CHOH_WS_030_01,CHOH,Chesapeake and Ohio Canal National Historical Park,8162620.938545922,16.49127846828772,0.16226196740352491,72.22832052689353,0.16491278468286824,70.3622392974753
CHOH_WS_031_01,CHOH,Chesapeake and Ohio Canal National Historical Park,7008871.371409159,14.160738938690685,0.13932697188382293,68.38638858397366,0.14160738938689915,67.2886937431394
CHOH_WS_032_01,CHOH,Chesapeake and Ohio Canal National Historical Park,NA,NA,NA,NA,NA,NA
CHOH_WS_033_01,CHOH,Chesapeake and Ohio Canal National Historical Park,6465575.362346536,13.042372766452312,0.12852697516993797,66.63007683863886,0.13042372766451601,65.97145993413831
CHOH_WS_034_01,CHOH,Chesapeake and Ohio Canal National Historical Park,7302810.497517869,14.722688972232692,0.1451700878705085,69.4840834248079,0.1472268897223189,67.83754116355654
CHOH_WS_035_01,CHOH,Chesapeake and Ohio Canal National Historical Park,12155499.093879452,24.51050255514483,0.2416350351920177,82.10757409440176,0.24510502555143496,79.25356750823272
CHOH_WS_036_01,CHOH,Chesapeake and Ohio Canal National Historical Park,5997143.587656299,12.097343742961348,0.11921517912699901,63.33699231613611,0.1209734374296069,62.23929747530187
CHOH_WS_037_01,CHOH,Chesapeake and Ohio Canal National Historical Park,6434683.956765676,12.980309982729985,0.12791289541747264,66.41053787047201,0.1298030998272928,65.8616904500549
CHOH_WS_038_01,CHOH,Chesapeake and Ohio Canal National Historical Park,5014688.06844654,10.107686771026852,0.09968527976824905,60.043907793633366,0.10107686771026302,59.385290889132825
CHOH_WS_039_01,CHOH,Chesapeake and Ohio Canal National Historical Park,5496475.983084392,11.089614013564061,0.10926257797784905,61.58068057080131,0.11089614013563458,60.48298572996706
CHOH_WS_040_01,CHOH,Chesapeake and Ohio Canal National Historical Park,6404488.034671727,12.916091461655576,0.12731264094486933,66.19099890230515,0.12916091461654872,64.76399560922064
CHOH_WS_041_01,CHOH,Chesapeake and Ohio Canal National Historical Park,NA,NA,NA,NA,NA,NA
CHOH_WS_042_01,CHOH,Chesapeake and Ohio Canal National Historical Park,6243952.516851993,12.604974680389876,0.12412140994741301,65.31284302963776,0.12604974680389192,63.33699231613611
CHOH_WS_043_01,CHOH,Chesapeake and Ohio Canal National Historical Park,9214132.914859066,18.578141451659842,0.18316461660278244,75.85071350164654,0.1857814145165883,74.97255762897915
CHOH_WS_044_01,CHOH,Chesapeake and Ohio Canal National Historical Park,NA,NA,NA,NA,NA,NA
NACE_WS_001_01,NACE,National Capital Parks-East,NA,NA,NA,NA,NA,NA
NACE_WS_002_01,NACE,National Capital Parks-East,NA,NA,NA,NA,NA,NA
FRST_WS_001_01,FRST,First State National Historic Park,2435311.8067569584,4.963876991423594,0.04841073571594885,45.99341383095499,0.04963876991423324,45.44456641053787
FRST_WS_002_01,FRST,First State National Historic Park,NA,NA,NA,NA,NA,NA
FRST_WS_003_01,FRST,First State National Historic Park,3378963.581782792,6.8870245274361,0.06716926863231341,54.665203073545555,0.06887024527435726,53.238199780461024
FRST_WS_004_01,FRST,First State National Historic Park,3643960.375705019,7.427071229811992,0.072437049834108,55.98243688254665,0.07427071229811588,54.4456641053787
FRST_WS_005_01,FRST,First State National Historic Park,NA,NA,NA,NA,NA,NA
FRST_WS_006_01,FRST,First State National Historic Park,1897407.6979883108,3.8675712785020036,0.03771792275546013,42.041712403951706,0.038675712785017934,41.602634467618
FRST_WS_007_01,FRST,First State National Historic Park,NA,NA,NA,NA,NA,NA
FRST_WS_008_01,FRST,First State National Historic Park,NA,NA,NA,NA,NA,NA
FRST_WS_009_01,FRST,First State National Historic Park,NA,NA,NA,NA,NA,NA
FRST_WS_010_01,FRST,First State National Historic Park,2023011.669180898,4.12357761079702,0.04021476140971662,43.13940724478595,0.041235776107967956,42.9198682766191
FRST_WS_011_01,FRST,First State National Historic Park,2072421.166186614,4.22428325838124,0.041196956007864195,43.688254665203075,0.0422428325838101,43.24917672886938
FRST_WS_012_01,FRST,First State National Historic Park,2977958.946905374,6.069637238335228,0.059197833785219665,51.48188803512623,0.060696372383348976,49.83534577387486
FRST_WS_013_01,FRST,First State National Historic Park,2966245.113613826,6.045762155387364,0.05896497847440303,51.37211855104281,0.06045762155387035,49.72557628979144
FRST_WS_014_01,FRST,First State National Historic Park,2991901.8659315854,6.098049344116109,0.05947500033375525,51.70142700329309,0.060980493441157774,49.94511525795829
FRST_WS_015_01,FRST,First State National Historic Park,2787661.5212015044,5.681914912892316,0.0554149759361283,50.38419319429198,0.05681914912892007,48.847420417124034
FRST_WS_016_01,FRST,First State National Historic Park,2869804.670353175,5.8492903837263786,0.0570478716800835,50.933040614709114,0.0584929038372606,49.176728869374315
FRST_WS_017_01,FRST,First State National Historic Park,2482171.216787275,5.0593753488851565,0.049342238001811714,46.65203073545554,0.050593753488848814,45.99341383095499
FRST_WS_018_01,FRST,First State National Historic Park,2482171.216787275,5.0593753488851565,0.049342238001811714,46.65203073545554,0.050593753488848814,45.99341383095499
FRST_WS_019_01,FRST,First State National Historic Park,2447857.915277877,4.989447828291059,0.048660135543184366,46.10318331503842,0.04989447828290788,45.554335894621296
FRST_WS_020_01,FRST,First State National Historic Park,2549033.296553109,5.195584296668089,0.050671366561030134,47.530186608122946,0.051955842966678066,46.43249176728869
FRST_WS_021_01,FRST,First State National Historic Park,2707605.438351616,5.518721416925673,0.053823568273854004,49.176728869374315,0.05518721416925373,47.63995609220636
FRST_WS_022_01,FRST,First State National Historic Park,2996780.965118013,6.108070486592458,0.0595719902882205,51.92096597145993,0.06108070486592126,50.16465422612514
FRST_WS_023_01,FRST,First State National Historic Park,2996780.965118013,6.108070486592458,0.0595719902882205,51.92096597145993,0.06108070486592126,50.16465422612514
FRST_WS_024_01,FRST,First State National Historic Park,3311271.723434304,6.74901637738662,0.06582364518666765,54.006586169045,0.06749016377386252,52.908891328210764
FRST_WS_025_01,FRST,First State National Historic Park,29317594.260363635,59.760568949538815,0.5827944921171756,90.2305159165752,0.5976056894953556,90.2305159165752
FRST_WS_026_01,FRST,First State National Historic Park,1842408.783365712,3.75546794187252,0.03662461802418455,41.822173435784855,0.037554679418723154,41.27332601536773
FRST_WS_027_01,FRST,First State National Historic Park,1842408.783365712,3.75546794187252,0.03662461802418455,41.822173435784855,0.037554679418723154,41.27332601536773
FRST_WS_028_01,FRST,First State National Historic Park,3001514.8152448954,6.117639785340999,0.059666092885996926,52.030735455543365,0.06117639785340666,50.27442371020856
FRST_WS_029_01,FRST,First State National Historic Park,2673018.793510684,5.448251810260478,0.05313603211604042,48.40834248079034,0.05448251810260182,47.42041712403952
BICY_WS_001_01,BICY,Big Cypress National Preserve,27103986.4420344,54.3101885692706,0.5387909346365424,89.3523600439078,0.5431018856926765,89.3523600439078
BICY_WS_002_01,BICY,Big Cypress National Preserve,49428926.59868089,99.01521871303372,0.9825808324225741,96.9264544456641,0.9901521871302833,96.81668496158068
BICY_WS_003_01,BICY,Big Cypress National Preserve,49960408.400712125,99.97390346899752,0.9931459785301822,99.5609220636663,0.9997390346899208,97.69484083424807
BICY_WS_004_01,BICY,Big Cypress National Preserve,49954699.89136881,99.9787474442836,0.9930325010131001,99.45115257958288,0.9997874744427816,97.80461031833151
BICY_WS_005_01,BICY,Big Cypress National Preserve,49943638.62030733,99.99999999999972,0.9928126177650684,99.23161361141602,0.9999999999999427,99.12184412733261
BICY_WS_006_01,BICY,Big Cypress National Preserve,49943638.62030733,99.99999999999972,0.9928126177650684,99.23161361141602,0.9999999999999427,99.12184412733261
BICY_WS_007_01,BICY,Big Cypress National Preserve,49584808.73855729,99.20737692093176,0.9856795605014406,97.03622392974754,0.9920737692092636,97.03622392974754
BICY_WS_008_01,BICY,Big Cypress National Preserve,49703390.793476194,99.45274971618714,0.9880368128686345,97.14599341383095,0.9945274971618173,97.14599341383095
BICY_WS_009_01,BICY,Big Cypress National Preserve,49859148.06808978,99.75247596952424,0.9911330587933797,97.3655323819978,0.9975247596951882,97.25576289791438
BICY_WS_010_01,BICY,Big Cypress National Preserve,49865394.75305107,99.76473322739471,0.9912572345206614,97.58507135016465,0.9976473322738928,97.3655323819978
BICY_WS_011_01,BICY,Big Cypress National Preserve,49921871.5832695,99.99999999999986,0.9923799182337666,98.35345773874863,0.9999999999999442,99.23161361141602
BICY_WS_012_01,BICY,Big Cypress National Preserve,49920968.9721916,100.00000000000189,0.9923619755349199,98.2436882546652,0.9999999999999645,99.78046103183314
BICY_WS_013_01,BICY,Big Cypress National Preserve,49948811.80814507,99.9999999999772,0.992915453807881,99.34138309549945,0.9999999999997177,98.35345773874863
BICY_WS_014_01,BICY,Big Cypress National Preserve,49938411.179531746,99.98358628866549,0.9927087032465434,98.79253567508232,0.9998358628866005,98.02414928649836
BICY_WS_015_01,BICY,Big Cypress National Preserve,49930303.266996756,100.00000000000111,0.9925475288089004,98.57299670691548,0.9999999999999567,99.67069154774973
BICY_WS_016_01,BICY,Big Cypress National Preserve,49936807.510067515,100.00000000000054,0.9926768244463038,98.6827661909989,0.9999999999999509,99.5609220636663
BICY_WS_017_01,BICY,Big Cypress National Preserve,49943638.62030733,99.99999999999972,0.9928126177650684,99.23161361141602,0.9999999999999427,99.12184412733261
BICY_WS_018_01,BICY,Big Cypress National Preserve,49967567.96524976,99.98320645620242,0.9932883010803013,99.67069154774973,0.9998320645619698,97.91437980241493
BICY_WS_019_01,BICY,Big Cypress National Preserve,49975628.01410509,99.9941357587515,0.9934485240521237,99.78046103183314,0.9999413575874605,98.13391877058177
BICY_WS_020_01,BICY,Big Cypress National Preserve,49943638.62030733,99.99999999999972,0.9928126177650684,99.23161361141602,0.9999999999999427,99.12184412733261
BICY_WS_021_01,BICY,Big Cypress National Preserve,49889750.69123259,99.83941704844685,0.9917413979379076,97.91437980241493,0.9983941704844141,97.58507135016465
BICY_WS_022_01,BICY,Big Cypress National Preserve,49339416.07227789,98.71672701392579,0.9808014830901937,96.81668496158068,0.9871672701392041,96.70691547749726
BISC_WS_001_01,BISC,Biscayne National Park,48879922.828816555,98.13173234355855,0.9716673730716112,96.70691547749726,0.9813173234355321,96.59714599341383
BISC_WS_002_01,BISC,Biscayne National Park,48879922.828816555,98.13173234355855,0.9716673730716112,96.70691547749726,0.9813173234355321,96.59714599341383
BISC_WS_002_02,BISC,Biscayne National Park,48690917.0367542,97.75254840946313,0.9679101911686914,96.4873765093304,0.9775254840945781,96.37760702524699
BISC_WS_003_01,BISC,Biscayne National Park,38008783.40354475,76.32259936853562,0.7555636872159184,94.40175631174533,0.7632259936853146,94.29198682766192
BISC_WS_003_02,BISC,Biscayne National Park,38008783.40354475,76.32259936853562,0.7555636872159184,94.40175631174533,0.7632259936853146,94.29198682766192
BISC_WS_005_01,BISC,Biscayne National Park,45760651.42428744,91.88141347682945,0.9096604369692208,96.26783754116356,0.9188141347682445,96.26783754116356
BISC_WS_006_01,BISC,Biscayne National Park,45760651.42428744,91.88141347682945,0.9096604369692208,96.26783754116356,0.9188141347682445,96.26783754116356
CANA_WS_001_01,CANA,Canaveral National Seashore,NA,NA,NA,NA,NA,NA
CANA_WS_003_01,CANA,Canaveral National Seashore,NA,NA,NA,NA,NA,NA
CANA_WS_006_01,CANA,Canaveral National Seashore,NA,NA,NA,NA,NA,NA
CASA_WS_001_01,CASA,Castillo de San Marcos National Monument,30399560.935206965,60.839149863563456,0.6043025399178619,90.45005488474203,0.6083914986356015,90.34028540065862
CASA_WS_003_01,CASA,Castillo de San Marcos National Monument,30399935.41204977,60.83989933225723,0.6043099840157464,90.55982436882547,0.6083989933225392,90.45005488474203
DESO_WS_001_01,DESO,De Soto National Memorial,27711044.650380332,55.273259432845514,0.5508584384390914,89.57189901207464,0.552732594328425,89.46212952799122
DRTO_WS_001_01,DRTO,Dry Tortugas National Park,NA,NA,NA,NA,NA,NA
DRTO_WS_002_01,DRTO,Dry Tortugas National Park,NA,NA,NA,NA,NA,NA
DRTO_WS_003_01,DRTO,Dry Tortugas National Park,NA,NA,NA,NA,NA,NA
EVER_WS_001_01,EVER,Everglades National Park,49864175.47586662,99.9999999999996,0.991232996923908,97.47530186608124,0.9999999999999416,98.6827661909989
EVER_WS_002_01,EVER,Everglades National Park,49874440.09253134,100.00000000000296,0.9914370437499458,97.80461031833151,0.9999999999999751,99.89023051591658
EVER_WS_003_01,EVER,Everglades National Park,49920640.30943838,100.00000000000544,0.9923554421597514,98.13391877058177,1,100
EVER_WS_003_02,EVER,Everglades National Park,49920600.79243208,99.99999999994486,0.9923546566146138,98.02414928649836,0.9999999999993942,98.2436882546652
EVER_WS_004_01,EVER,Everglades National Park,49867365.55825655,99.99999999999987,0.9912964114875226,97.69484083424807,0.9999999999999443,99.34138309549945
EVER_WS_005_01,EVER,Everglades National Park,49924188.819668345,99.99999999999886,0.992425981788579,98.46322722283205,0.9999999999999342,98.46322722283205
EVER_WS_006_01,EVER,Everglades National Park,20959741.61819031,42.0065262860721,0.41665158003073277,86.93743139407245,0.4200652628606982,86.7178924259056
EVER_WS_007_01,EVER,Everglades National Park,0,0,0,19.538968166849617,0,19.538968166849617
EVER_WS_008_01,EVER,Everglades National Park,49809395.120691925,99.79183623334137,0.9901440368616153,97.25576289791438,0.9979183623333594,97.47530186608124
EVER_WS_009_01,EVER,Everglades National Park,0,0,0,19.538968166849617,0,19.538968166849617
EVER_WS_010_01,EVER,Everglades National Park,0,0,0,19.538968166849617,0,19.538968166849617
EVER_WS_011_01,EVER,Everglades National Park,0,0,0,19.538968166849617,0,19.538968166849617
EVER_WS_012_01,EVER,Everglades National Park,0,0,0,19.538968166849617,0,19.538968166849617
EVER_WS_013_01,EVER,Everglades National Park,10540433.809664685,21.136078587815895,0.20952970132011248,77.82656421514818,0.21136078587814744,76.50933040614709
EVER_WS_014_01,EVER,Everglades National Park,550692.7896272,1.1042060451075197,0.010947034800780886,30.18660812294182,0.011042060451074597,29.747530186608124
EVER_WS_015_01,EVER,Everglades National Park,18661877.797271777,37.42244310220354,0.37097312611075417,86.05927552140506,0.374224431022015,86.05927552140506
EVER_WS_015_02,EVER,Everglades National Park,18671368.162219778,37.441475476815064,0.37116178185006066,86.16904500548847,0.37441475476813024,86.16904500548847
EVER_WS_016_01,EVER,Everglades National Park,18434050.102158614,36.93457827261848,0.3664442167915058,85.8397365532382,0.3693457827261647,85.8397365532382
EVER_WS_017_01,EVER,Everglades National Park,34124618.54691136,68.36609083084785,0.6783516941438456,93.41383095499451,0.6836609083084413,93.30406147091108
EVER_WS_018_01,EVER,Everglades National Park,34124618.54691136,68.36609083084785,0.6783516941438456,93.41383095499451,0.6836609083084413,93.30406147091108
EVER_WS_019_01,EVER,Everglades National Park,34124618.54691136,68.36609083084785,0.6783516941438456,93.41383095499451,0.6836609083084413,93.30406147091108
EVER_WS_020_01,EVER,Everglades National Park,34124618.54691136,68.36609083084785,0.6783516941438456,93.41383095499451,0.6836609083084413,93.30406147091108
EVER_WS_021_01,EVER,Everglades National Park,34124618.54691136,68.36609083084785,0.6783516941438456,93.41383095499451,0.6836609083084413,93.30406147091108
EVER_WS_022_01,EVER,Everglades National Park,34124618.54691136,68.36609083084785,0.6783516941438456,93.41383095499451,0.6836609083084413,93.30406147091108
FOCA_WS_002_01,FOCA,Fort Caroline National Memorial,29048459.33620264,58.10933222514897,0.5774444504307928,90.12074643249177,0.581093322251458,90.01097694840834
FOCA_WS_003_01,FOCA,Fort Caroline National Memorial,31356775.132364433,62.727935710779306,0.6233306756143144,91.32821075740945,0.627279357107759,90.99890230515916
GUIS_WS_002_01,GUIS,Gulf Islands National Seashore,31821193.372569703,63.264265492424045,0.6325626879693086,91.43798024149287,0.632642654924206,91.32821075740945
GUIS_WS_004_01,GUIS,Gulf Islands National Seashore,NA,NA,NA,NA,NA,NA
GUIS_WS_006_01,GUIS,Gulf Islands National Seashore,28753055.883368593,57.12305647669837,0.5715722255908157,89.90120746432491,0.5712305647669527,89.68166849615807
GUIS_WS_006_02,GUIS,Gulf Islands National Seashore,28824440.78379692,57.26487787293845,0.5729912617648106,90.01097694840834,0.5726487787293533,89.90120746432491
GUIS_WS_007_01,GUIS,Gulf Islands National Seashore,50305201.330676086,99.99999999999991,1,100,0.9999999999999447,99.45115257958288
GUIS_WS_015_01,GUIS,Gulf Islands National Seashore,50292715.98194674,99.99999999999923,0.9997518079960106,99.89023051591658,0.9999999999999379,98.57299670691548
TIMU_WS_001_01,TIMU,Timucuan Ecological and Historic Preserve,23101843.94219711,46.21334525830612,0.45923370409233644,87.92535675082327,0.46213345258303606,87.48627881448957
TIMU_WS_002_01,TIMU,Timucuan Ecological and Historic Preserve,NA,NA,NA,NA,NA,NA
TIMU_WS_003_01,TIMU,Timucuan Ecological and Historic Preserve,41191602.3347272,82.41325426456592,0.8188338630027225,95.49945115257958,0.8241325426456143,95.49945115257958
TIMU_WS_006_01,TIMU,Timucuan Ecological and Historic Preserve,40638570.10554269,81.30706910713764,0.8078403232780883,95.38968166849617,0.8130706910713321,95.38968166849617
TIMU_WS_007_01,TIMU,Timucuan Ecological and Historic Preserve,40541539.95842152,81.11265706014964,0.8059114939611485,95.27991218441272,0.8111265706014523,95.27991218441272
TIMU_WS_008_01,TIMU,Timucuan Ecological and Historic Preserve,41395862.60893394,82.82213351521624,0.8228942835716426,95.60922063666301,0.8282213351521173,95.60922063666301
TIMU_WS_009_01,TIMU,Timucuan Ecological and Historic Preserve,23832856.192976244,47.67713802573255,0.4737652481760963,88.03512623490668,0.4767713802572996,87.596048298573
EVER_WS_017_01,EVER,Everglades National Park,34124618.54691136,68.36609083084785,0.6783516941438456,93.41383095499451,0.6836609083084413,93.30406147091108
EVER_WS_018_01,EVER,Everglades National Park,34124618.54691136,68.36609083084785,0.6783516941438456,93.41383095499451,0.6836609083084413,93.30406147091108
EVER_WS_019_01,EVER,Everglades National Park,34124618.54691136,68.36609083084785,0.6783516941438456,93.41383095499451,0.6836609083084413,93.30406147091108
EVER_WS_020_01,EVER,Everglades National Park,34124618.54691136,68.36609083084785,0.6783516941438456,93.41383095499451,0.6836609083084413,93.30406147091108
EVER_WS_021_01,EVER,Everglades National Park,34124618.54691136,68.36609083084785,0.6783516941438456,93.41383095499451,0.6836609083084413,93.30406147091108
EVER_WS_022_01,EVER,Everglades National Park,34124618.54691136,68.36609083084785,0.6783516941438456,93.41383095499451,0.6836609083084413,93.30406147091108
ANDE_WS_002_01,ANDE,Andersonville National Historic Site,2391376.2874842524,4.761231279356492,0.04753735646071239,45.664105378704726,0.04761231279356233,44.6761800219539
CUIS_WS_001_01,CUIS,Cumberland Island National Seashore,34055357.8709403,68.13791870859508,0.6769748847058755,92.09659714599341,0.6813791870859137,91.98682766190998
CUIS_WS_002_01,CUIS,Cumberland Island National Seashore,26610198.00645433,53.24028369125862,0.5289750821497546,89.02305159165752,0.5324028369125572,88.9132821075741
CUIS_WS_003_01,CUIS,Cumberland Island National Seashore,39798301.934389606,79.6262074925013,0.791136917886076,94.95060373216246,0.7962620749249696,94.7310647639956
CUIS_WS_004_01,CUIS,Cumberland Island National Seashore,26947407.613970533,53.91167794830304,0.5356783573299808,89.24259055982436,0.5391167794830011,89.24259055982436
CUIS_WS_005_01,CUIS,Cumberland Island National Seashore,34709507.65545175,69.43981260790952,0.6899785059459828,93.52360043907794,0.6943981260790574,93.52360043907794
CUIS_WS_006_01,CUIS,Cumberland Island National Seashore,34912696.319390796,69.84620874850118,0.6940176243386,93.63336992316135,0.6984620874849738,93.63336992316135
CUIS_WS_008_01,CUIS,Cumberland Island National Seashore,30427241.460929602,60.87373968532086,0.6048527916809089,90.66959385290889,0.6087373968531754,90.55982436882547
CUIS_WS_009_01,CUIS,Cumberland Island National Seashore,33714258.856223755,67.44859577990113,0.6701942933218084,91.87705817782657,0.6744859577989746,91.76728869374314
CUIS_WS_010_01,CUIS,Cumberland Island National Seashore,33914090.07235222,67.85517599027612,0.6741666701504965,91.98682766190998,0.6785517599027243,91.87705817782657
CUIS_WS_011_01,CUIS,Cumberland Island National Seashore,26947407.613970533,53.91167794830304,0.5356783573299808,89.24259055982436,0.5391167794830011,89.24259055982436
CUIS_WS_012_01,CUIS,Cumberland Island National Seashore,30465911.624903757,60.95128848486874,0.6056215027277042,90.77936333699232,0.6095128848486542,90.66959385290889
CUIS_WS_013_01,CUIS,Cumberland Island National Seashore,25484367.381056745,50.9849729958668,0.5065950777840619,88.69374313940725,0.5098497299586402,88.25466520307354
CUIS_WS_015_01,CUIS,Cumberland Island National Seashore,NA,NA,NA,NA,NA,NA
CUIS_WS_016_01,CUIS,Cumberland Island National Seashore,18690222.19477339,37.39361905328806,0.37153657475526497,86.2788144895719,0.37393619053286026,85.94950603732163
CUIS_WS_017_01,CUIS,Cumberland Island National Seashore,35279741.14979176,70.58029034956044,0.7013139837744411,93.7431394072448,0.705802903495566,93.7431394072448
CUIS_WS_018_01,CUIS,Cumberland Island National Seashore,35362645.894412175,70.74606026109169,0.7029620190158756,93.85290889132821,0.7074606026108784,93.85290889132821
CUIS_WS_019_01,CUIS,Cumberland Island National Seashore,19739175.932098463,39.492643904967736,0.3923883695911485,86.38858397365532,0.39492643904965585,86.2788144895719
FOFR_WS_002_01,FOFR,Fort Frederica National Monument,37659727.34289835,75.35932076810742,0.7486249204201766,94.07244785949506,0.7535932076810332,94.07244785949506
FOPU_WS_001_01,FOPU,Fort Pulaski National Monument,38431214.38069826,77.00586563445569,0.7639610490389376,94.51152579582876,0.770058656344515,94.40175631174533
FOPU_WS_002_01,FOPU,Fort Pulaski National Monument,39126825.60776766,78.39917854965965,0.7777888682041342,94.62129527991219,0.7839917854965538,94.62129527991219
FOPU_WS_003_01,FOPU,Fort Pulaski National Monument,39777215.04478064,79.70025981650494,0.7907177387743505,94.84083424807903,0.797002598165006,94.84083424807903
FOPU_WS_004_01,FOPU,Fort Pulaski National Monument,40143323.82877829,80.4336954820192,0.7979954908618746,95.06037321624589,0.8043369548201482,95.17014270032931
JICA_WS_001_01,JICA,Jimmy Carter National Historic Site,1871382.2973676932,3.7244632831521836,0.03720057266178806,41.93194291986828,0.03724463283151981,41.05378704720088
EFMO_WS_001_01,EFMO,Effigy Mounds National Monument,NA,NA,NA,NA,NA,NA
CIRO_WS_001_01,CIRO,City of Rocks National Reserve,NA,NA,NA,NA,NA,NA
CIRO_WS_002_01,CIRO,City of Rocks National Reserve,NA,NA,NA,NA,NA,NA
CRMO_WS_001_01,CRMO,Craters of the Moon National Monument,NA,NA,NA,NA,NA,NA
CRMO_WS_001_02,CRMO,Craters of the Moon National Monument,NA,NA,NA,NA,NA,NA
HAFO_WS_001_01,HAFO,Hagerman Fossil Beds National Monument,NA,NA,NA,NA,NA,NA
MIIN_WS_001_01,MIIN,Minidoka National Historic Site,NA,NA,NA,NA,NA,NA
NEPE_WS_001_01,NEPE,Nez Perce National Historical Park,NA,NA,NA,NA,NA,NA
NEPE_WS_002_01,NEPE,Nez Perce National Historical Park,NA,NA,NA,NA,NA,NA
NEPE_WS_003_01,NEPE,Nez Perce National Historical Park,NA,NA,NA,NA,NA,NA
NEPE_WS_004_01,NEPE,Nez Perce National Historical Park,NA,NA,NA,NA,NA,NA
NEPE_WS_005_01,NEPE,Nez Perce National Historical Park,NA,NA,NA,NA,NA,NA
YELL_WS_001_01,YELL,Yellowstone National Park,0,0,0,19.538968166849617,0,19.538968166849617
YELL_WS_001_02,YELL,Yellowstone National Park,0,0,0,19.538968166849617,0,19.538968166849617
YELL_WS_012_01,YELL,Yellowstone National Park,496160.3428453948,1.0814513139870678,0.009863002825173795,28.7596048298573,0.010814513139870089,29.527991218441272
YELL_WS_002_01,YELL,Yellowstone National Park,915190.0900370833,1.9707919004062289,0.018192752753759495,34.46761800219539,0.019707919004061217,34.357848518111965
YELL_WS_002_02,YELL,Yellowstone National Park,915190.0900370833,1.9707919004062289,0.018192752753759495,34.46761800219539,0.019707919004061217,34.357848518111965
YELL_WS_008_01,YELL,Yellowstone National Park,0,0,0,19.538968166849617,0,19.538968166849617
YELL_WS_003_01,YELL,Yellowstone National Park,546317.822466357,1.1808339982624987,0.01086006631551264,29.967069154774972,0.011808339982624344,30.40614709110867
YELL_WS_015_01,YELL,Yellowstone National Park,0,0,0,19.538968166849617,0,19.538968166849617
YELL_WS_018_01,YELL,Yellowstone National Park,0,0,0,19.538968166849617,0,19.538968166849617
YELL_WS_021_01,YELL,Yellowstone National Park,0,0,0,19.538968166849617,0,19.538968166849617
YELL_WS_021_02,YELL,Yellowstone National Park,0,0,0,19.538968166849617,0,19.538968166849617
YELL_WS_021_03,YELL,Yellowstone National Park,0,0,0,19.538968166849617,0,19.538968166849617
YELL_WS_021_04,YELL,Yellowstone National Park,0,0,0,19.538968166849617,0,19.538968166849617
YELL_WS_021_05,YELL,Yellowstone National Park,0,0,0,19.538968166849617,0,19.538968166849617
YELL_WS_019_01,YELL,Yellowstone National Park,0,0,0,19.538968166849617,0,19.538968166849617
YELL_WS_020_01,YELL,Yellowstone National Park,0,0,0,19.538968166849617,0,19.538968166849617
YELL_WS_010_01,YELL,Yellowstone National Park,0,0,0,19.538968166849617,0,19.538968166849617
YELL_WS_010_02,YELL,Yellowstone National Park,0,0,0,19.538968166849617,0,19.538968166849617
YELL_WS_016_01,YELL,Yellowstone National Park,0,0,0,19.538968166849617,0,19.538968166849617
YELL_WS_007_01,YELL,Yellowstone National Park,509644.8094042115,1.1000918172207184,0.010131055952924501,29.418221734357846,0.011000918172206584,29.637760702524695
YELL_WS_023_01,YELL,Yellowstone National Park,0,0,0,19.538968166849617,0,19.538968166849617
YELL_WS_022_01,YELL,Yellowstone National Park,0,0,0,19.538968166849617,0,19.538968166849617
YELL_WS_006_01,YELL,Yellowstone National Park,0,0,0,19.538968166849617,0,19.538968166849617
YELL_WS_006_02,YELL,Yellowstone National Park,0,0,0,19.538968166849617,0,19.538968166849617
YELL_WS_014_01,YELL,Yellowstone National Park,1231019.5411199876,2.675872682439504,0.024471019070732007,38.30954994511526,0.026758726824393585,38.63885839736553
YELL_WS_011_01,YELL,Yellowstone National Park,0,0,0,19.538968166849617,0,19.538968166849617
YELL_WS_011_02,YELL,Yellowstone National Park,0,0,0,19.538968166849617,0,19.538968166849617
YELL_WS_004_01,YELL,Yellowstone National Park,496611.9573236333,1.0775189434756927,0.009871980315896273,28.869374313940728,0.01077518943475634,29.418221734357846
YELL_WS_017_01,YELL,Yellowstone National Park,0,0,0,19.538968166849617,0,19.538968166849617
YELL_WS_013_01,YELL,Yellowstone National Park,0,0,0,19.538968166849617,0,19.538968166849617
YELL_WS_013_02,YELL,Yellowstone National Park,0,0,0,19.538968166849617,0,19.538968166849617
INDU_WS_002_01,INDU,Indiana Dunes National Lakeshore,26062600.190490834,51.90725395018576,0.5180895712785444,88.9132821075741,0.5190725395018294,88.69374313940725
INDU_WS_003_01,INDU,Indiana Dunes National Lakeshore,5955387.306178269,11.860829734359116,0.11838512019922434,63.11745334796927,0.1186082973435847,61.80021953896817
INDU_WS_004_01,INDU,Indiana Dunes National Lakeshore,5723576.30270711,11.399150639457497,0.11377702804693629,62.45883644346871,0.11399150639456877,61.14160263446762
INDU_WS_005_01,INDU,Indiana Dunes National Lakeshore,8130455.893279055,16.192741637674697,0.16162256940061398,72.1185510428101,0.16192741637673816,69.81339187705817
INDU_WS_006_01,INDU,Indiana Dunes National Lakeshore,29876683.65642834,59.5038381507367,0.593908440203569,90.34028540065862,0.5950383815073346,90.12074643249177
INDU_WS_007_01,INDU,Indiana Dunes National Lakeshore,8540900.198111018,17.01019249448763,0.16978165223846906,74.53347969264544,0.17010192494486703,73.10647639956093
INDU_WS_010_01,INDU,Indiana Dunes National Lakeshore,14926987.782605883,29.728890372404564,0.2967285168880422,84.08342480790341,0.29728890372402944,83.53457738748628
INDU_WS_012_01,INDU,Indiana Dunes National Lakeshore,6942959.7359347325,13.827758555845755,0.13801673688364546,68.1668496158068,0.13827758555845002,66.95938529088913
INDU_WS_013_01,INDU,Indiana Dunes National Lakeshore,6301605.069092076,12.550415515293068,0.1252674654389935,65.75192096597145,0.12550415515292385,63.11745334796927
INDU_WS_015_01,INDU,Indiana Dunes National Lakeshore,2719805.9236955275,5.4174339113463,0.05406609757542092,49.61580680570801,0.05417433911346005,47.200878155872665
INDU_WS_016_01,INDU,Indiana Dunes National Lakeshore,5682283.105951275,11.316910319408017,0.11295617462296531,62.12952799121844,0.113169103194074,60.922063666300765
INDU_WS_017_01,INDU,Indiana Dunes National Lakeshore,9422132.291511407,18.76527485500761,0.18729936551840803,76.50933040614709,0.1876527485500659,75.30186608122942
INDU_WS_024_01,INDU,Indiana Dunes National Lakeshore,4561285.530743942,9.08431094436687,0.0906722448193935,57.84851811196488,0.09084310944366375,57.29967069154775
INDU_WS_025_01,INDU,Indiana Dunes National Lakeshore,8673952.771934574,17.275250283817094,0.1724265591328665,74.86278814489572,0.17275250283816154,73.76509330406147
INDU_WS_026_01,INDU,Indiana Dunes National Lakeshore,7720824.710143851,15.376911334550156,0.15347965033261274,70.91108671789243,0.1537691133454932,69.0450054884742
INDU_WS_027_01,INDU,Indiana Dunes National Lakeshore,13119954.615694845,26.13000335970122,0.26080711872023266,83.205268935236,0.261300033596998,82.43688254665203
INDU_WS_028_01,INDU,Indiana Dunes National Lakeshore,11921701.815463725,23.74351453854906,0.2369874585551828,81.88803512623491,0.2374351453854777,78.92425905598243
INDU_WS_029_01,INDU,Indiana Dunes National Lakeshore,12367824.594332155,24.632111407224883,0.24585578165234898,82.3271130625686,0.24632111407223542,81.66849615806807
FOLS_WS_001_01,FOLS,Fort Larned National Historic Site,NA,NA,NA,NA,NA,NA
FOLS_WS_002_01,FOLS,Fort Larned National Historic Site,NA,NA,NA,NA,NA,NA
FOLS_WS_003_01,FOLS,Fort Larned National Historic Site,NA,NA,NA,NA,NA,NA
FOLS_WS_004_01,FOSC,Fort Scott National Historic Site,15255917.009887043,30.70297174959712,0.3032671892038327,84.30296377607024,0.3070297174959545,83.75411635565312
NICO_WS_001_01,NICO,Nicodemus National Historic Site,NA,NA,NA,NA,NA,NA
TAPR_WS_001_01,TAPR,Tallgrass Prairie National Preserve,4711785.689568234,9.538908674189948,0.09366398632610161,58.507135016465426,0.09538908674189428,57.84851811196488
ABLI_WS_002_01,ABLI,Abraham Lincoln Birthplace National Historical Park,4810050.966553598,9.574318763836793,0.09561736836982762,58.72667398463227,0.09574318763836272,57.958287596048294
CUGA_WS_004_01,CUGA,Cumberland Gap National Historical Park,518670.7759881567,1.0342734946225633,0.010310480074987227,29.637760702524695,0.01034273494622507,28.979143798024147
CUGA_WS_005_01,CUGA,Cumberland Gap National Historical Park,2420234.6906989617,4.8251451893762995,0.04811102285009848,45.77387486278815,0.04825145189376037,45.00548847420417
CACO_WS_001_01,CACO,Cape Cod National Seashore,11776437.949590547,24.619037041720947,0.2340998075363885,81.66849615806807,0.24619037041719607,81.55872667398462
CACO_WS_002_01,CACO,Cape Cod National Seashore,9605695.988538213,20.079872688840222,0.1909483658637236,76.61909989023052,0.2007987268883913,76.0702524698134
CACO_WS_003_01,CACO,Cape Cod National Seashore,8993903.301151272,18.80435498817272,0.1787867469614279,75.6311745334797,0.18804354988171695,75.41163556531284
CACO_WS_004_01,CACO,Cape Cod National Seashore,5418968.936512332,11.324239484165624,0.10772184174139957,61.14160263446762,0.11324239484165007,61.031833150384195
CACO_WS_005_01,CACO,Cape Cod National Seashore,9395650.559699066,19.654478501481297,0.1867729441720692,76.39956092206367,0.19654478501480227,75.85071350164654
CACO_WS_006_01,CACO,Cape Cod National Seashore,11938975.360953184,24.97394048333558,0.23733083349519968,81.99780461031834,0.2497394048333422,81.88803512623491
CACO_WS_007_01,CACO,Cape Cod National Seashore,8251389.370711753,17.246285838085132,0.16402656489678055,72.66739846322722,0.17246285838084194,73.43578485181119
CACO_WS_008_01,CACO,Cape Cod National Seashore,8617769.002974605,18.022181061553177,0.17130970108491533,74.7530186608123,0.18022181061552195,74.64324917672886
CACO_WS_008_02,CACO,Cape Cod National Seashore,8561390.651945025,17.90430041231267,0.17018897500613506,74.64324917672886,0.17904300412311694,74.53347969264544
CACO_WS_009_01,CACO,Cape Cod National Seashore,7750196.907507376,16.207925785274348,0.15406353026125968,71.13062568605928,0.16207925785273467,69.92316136114161
CACO_WS_011_01,CACO,Cape Cod National Seashore,10445440.995561011,21.850669058181545,0.2076413714537981,77.60702524698134,0.21850669058180355,77.27771679473106
CACO_WS_012_01,CACO,Cape Cod National Seashore,7307731.958378202,15.282769796161814,0.14526791991829185,69.59385290889134,0.15282769796160983,68.71569703622393
CACO_WS_013_01,CACO,Cape Cod National Seashore,11776437.949590547,24.619037041720947,0.2340998075363885,81.66849615806807,0.24619037041719607,81.55872667398462
CACO_WS_014_01,CACO,Cape Cod National Seashore,3883237.416263509,8.115503621452925,0.07719355680016955,56.6410537870472,0.08115503621452483,55.87266739846323
CACO_WS_015_01,CACO,Cape Cod National Seashore,11776437.949590547,24.619037041720947,0.2340998075363885,81.66849615806807,0.24619037041719607,81.55872667398462
CACO_WS_016_01,CACO,Cape Cod National Seashore,11324265.039155979,23.688037685771427,0.22511121593008013,78.81448957189902,0.23688037685770139,78.81448957189902
CACO_WS_017_01,CACO,Cape Cod National Seashore,7258576.542644883,15.18289175328166,0.14429077611540353,69.37431394072448,0.15182891753280833,68.49615806805708
CACO_WS_018_01,CACO,Cape Cod National Seashore,4340275.46795713,9.070476955643592,0.08627886089604878,57.29967069154775,0.09070476955643099,57.0801317233809
CACO_WS_019_01,CACO,Cape Cod National Seashore,10841025.761306796,22.677064700020917,0.21550506656447757,78.37541163556531,0.22677064700019683,78.26564215148188
CACO_WS_020_01,CACO,Cape Cod National Seashore,11776437.949590547,24.619037041720947,0.2340998075363885,81.66849615806807,0.24619037041719607,81.55872667398462
CACO_WS_021_01,CACO,Cape Cod National Seashore,5236460.707190905,10.946760974333579,0.10409382267987692,60.5927552140505,0.10946760974332982,60.263446761800225
CACO_WS_022_01,CACO,Cape Cod National Seashore,8183903.647821952,17.11480307793579,0.16268503914785867,72.33809001097696,0.1711480307793486,73.21624588364435
CACO_WS_022_02,CACO,Cape Cod National Seashore,8250636.926524346,17.25433905573097,0.16401160731451264,72.5576289791438,0.1725433905573003,73.54555433589462
CACO_WS_023_01,CACO,Cape Cod National Seashore,5031658.8259664755,10.517636568654222,0.10002263568912849,60.1536772777168,0.10517636568653649,59.934138309549944
CACO_WS_024_01,CACO,Cape Cod National Seashore,11776437.949590547,24.619037041720947,0.2340998075363885,81.66849615806807,0.24619037041719607,81.55872667398462
CACO_WS_025_01,CACO,Cape Cod National Seashore,11611819.9504429,24.28958155189517,0.23082742228012948,79.36333699231614,0.2428958155189385,79.14379802414928
CACO_WS_026_01,CACO,Cape Cod National Seashore,11776437.949590547,24.619037041720947,0.2340998075363885,81.66849615806807,0.24619037041719607,81.55872667398462
CACO_WS_027_01,CACO,Cape Cod National Seashore,11609558.775156777,24.27387644989715,0.23078247314512335,79.25356750823272,0.24273876449895826,79.03402854006586
CACO_WS_028_01,CACO,Cape Cod National Seashore,4091806.3731174273,8.551525153467855,0.08133962820703881,56.97036223929748,0.0855152515346739,56.42151481888035
CACO_WS_029_01,CACO,Cape Cod National Seashore,5852847.336502136,12.230737359982717,0.11634676299234037,62.788144895718986,0.12230737359982051,62.56860592755215
CACO_WS_030_01,CACO,Cape Cod National Seashore,11776437.949590547,24.619037041720947,0.2340998075363885,81.66849615806807,0.24619037041719607,81.55872667398462
CACO_WS_031_01,CACO,Cape Cod National Seashore,3591673.494341189,7.50646297499296,0.07139765669024345,55.762897914379806,0.07506462974992552,54.77497255762898
CACO_WS_032_01,CACO,Cape Cod National Seashore,11776437.949590547,24.619037041720947,0.2340998075363885,81.66849615806807,0.24619037041719607,81.55872667398462
CACO_WS_033_01,CACO,Cape Cod National Seashore,11266987.73168271,23.56743869067292,0.22397261980168454,78.70472008781559,0.23567438690671635,78.59495060373216
CACO_WS_034_01,CACO,Cape Cod National Seashore,11776437.949590547,24.619037041720947,0.2340998075363885,81.66849615806807,0.24619037041719607,81.55872667398462
CACO_WS_035_01,CACO,Cape Cod National Seashore,11776437.949590547,24.619037041720947,0.2340998075363885,81.66849615806807,0.24619037041719607,81.55872667398462
CACO_WS_036_01,CACO,Cape Cod National Seashore,8026797.20191932,16.784083481739035,0.15956197350560217,71.89901207464325,0.1678408348173812,72.33809001097696
CACO_WS_037_01,CACO,Cape Cod National Seashore,10220787.544984698,21.36634338655775,0.2031755618628658,77.27771679473106,0.21366343386556588,76.61909989023052
CACO_WS_038_01,CACO,Cape Cod National Seashore,11795494.691913532,24.673774476151678,0.23447863004020314,81.77826564215148,0.24673774476150334,81.77826564215148
CACO_WS_039_01,CACO,Cape Cod National Seashore,11776437.949590547,24.619037041720947,0.2340998075363885,81.66849615806807,0.24619037041719607,81.55872667398462
CACO_WS_040_01,CACO,Cape Cod National Seashore,6389125.220038061,13.359217474901946,0.12700724877413375,66.08122941822174,0.1335921747490122,66.19099890230515
CACO_WS_041_01,CACO,Cape Cod National Seashore,10431115.995933313,21.81527619963844,0.20735660965484345,77.38748627881449,0.2181527619963725,77.05817782656422
CACO_WS_041_02,CACO,Cape Cod National Seashore,10432548.058496203,21.81827306292991,0.20738507713981538,77.49725576289791,0.21818273062928725,77.16794731064765
CACO_WS_042_01,CACO,Cape Cod National Seashore,11776437.949590547,24.619037041720947,0.2340998075363885,81.66849615806807,0.24619037041719607,81.55872667398462
CACO_WS_043_01,CACO,Cape Cod National Seashore,11066871.719456762,23.136034782642888,0.2199945816081684,78.48518111964874,0.2313603478264163,78.37541163556531
CACO_WS_044_01,CACO,Cape Cod National Seashore,11325913.269875571,23.68416154060622,0.22514398054836995,78.92425905598243,0.2368416154060493,78.70472008781559
CACO_WS_045_01,CACO,Cape Cod National Seashore,6809856.386350537,14.244786855191952,0.13537082063515946,67.72777167947311,0.14244786855191177,67.39846322722283
CACO_WS_046_01,CACO,Cape Cod National Seashore,6203860.183241654,12.977096735404045,0.12332442807377343,64.98353457738749,0.12977096735403337,65.75192096597145
CACO_WS_048_01,CACO,Cape Cod National Seashore,11776437.949590547,24.619037041720947,0.2340998075363885,81.66849615806807,0.24619037041719607,81.55872667398462
CACO_WS_049_01,CACO,Cape Cod National Seashore,8903457.472969437,18.61357622815556,0.17698880508286752,75.30186608122942,0.18613576228154546,75.08232711306256
CACO_WS_050_01,CACO,Cape Cod National Seashore,5772850.697132783,12.070385947092472,0.11475653698681257,62.56860592755215,0.12070385947091815,62.019758507135016
CACO_WS_051_01,CACO,Cape Cod National Seashore,5903447.835157806,12.343616493681928,0.11735263310750109,62.89791437980241,0.12343616493681256,62.788144895718986
CACO_WS_052_01,CACO,Cape Cod National Seashore,8338177.530991204,17.42216030637465,0.1657517972382428,72.99670691547749,0.17422160306373702,73.98463227222832
CACO_WS_053_01,CACO,Cape Cod National Seashore,5721040.15218553,11.963626712517241,0.11372661277268048,62.34906695938529,0.1196362671251659,61.909989023051594
CACO_WS_054_01,CACO,Cape Cod National Seashore,11776437.949590547,24.619037041720947,0.2340998075363885,81.66849615806807,0.24619037041719607,81.55872667398462
CACO_WS_055_01,CACO,Cape Cod National Seashore,7406740.988973803,15.489741252154838,0.14723608678725586,69.70362239297475,0.15489741252153993,69.37431394072448
CACO_WS_056_01,CACO,Cape Cod National Seashore,11776437.949590547,24.619037041720947,0.2340998075363885,81.66849615806807,0.24619037041719607,81.55872667398462
CACO_WS_057_01,CACO,Cape Cod National Seashore,8298271.761990323,17.350025911692303,0.1649585240190668,72.88693743139407,0.17350025911691358,73.8748627881449
CACO_WS_058_01,CACO,Cape Cod National Seashore,11776437.949590547,24.619037041720947,0.2340998075363885,81.66849615806807,0.24619037041719607,81.55872667398462
CACO_WS_059_01,CACO,Cape Cod National Seashore,13465079.579855407,28.163896503710774,0.2676677405849961,83.42480790340285,0.2816389650370924,82.98572996706916
CACO_WS_060_01,CACO,Cape Cod National Seashore,11776437.949590547,24.619037041720947,0.2340998075363885,81.66849615806807,0.24619037041719607,81.55872667398462
CACO_WS_061_01,CACO,Cape Cod National Seashore,11776437.949590547,24.619037041720947,0.2340998075363885,81.66849615806807,0.24619037041719607,81.55872667398462
CACO_WS_062_01,CACO,Cape Cod National Seashore,4637970.338256084,9.692222828996547,0.09219663604502568,58.397365532382,0.0969222282899602,58.287596048298575
CACO_WS_063_01,CACO,Cape Cod National Seashore,5503276.9634737335,11.503291820647433,0.10939777235555637,61.690450054884735,0.11503291820646808,61.58068057080131
CACO_WS_064_01,CACO,Cape Cod National Seashore,11776437.949590547,24.619037041720947,0.2340998075363885,81.66849615806807,0.24619037041719607,81.55872667398462
CACO_WS_065_01,CACO,Cape Cod National Seashore,11776437.949590547,24.619037041720947,0.2340998075363885,81.66849615806807,0.24619037041719607,81.55872667398462
CACO_WS_066_01,CACO,Cape Cod National Seashore,4977937.141481876,10.40871805988675,0.09895472058167339,59.71459934138309,0.10408718059886184,59.82436882546652
CACO_WS_067_01,CACO,Cape Cod National Seashore,4343382.13885115,9.079941281489347,0.0863406173508853,57.409440175631175,0.09079941281488853,57.189901207464324
CACO_WS_068_01,CACO,Cape Cod National Seashore,11776437.949590547,24.619037041720947,0.2340998075363885,81.66849615806807,0.24619037041719607,81.55872667398462
CACO_WS_069_01,CACO,Cape Cod National Seashore,5795234.097519337,12.117075371309992,0.11520148899564003,62.67837541163557,0.12117075371309333,62.34906695938529
CACO_WS_070_01,CACO,Cape Cod National Seashore,9911140.128631536,20.731931420139766,0.19702018611319477,76.83863885839737,0.20731931420138638,76.28979143798024
MIMA_WS_002_01,MIMA,Minute Man National Historical Park,NA,NA,NA,NA,NA,NA
ANTI_WS_001_01,ANTI,Antietam National Battlefield,NA,NA,NA,NA,NA,NA
ANTI_WS_002_01,ANTI,Antietam National Battlefield,NA,NA,NA,NA,NA,NA
ANTI_WS_003_01,ANTI,Antietam National Battlefield,NA,NA,NA,NA,NA,NA
ANTI_WS_004_01,ANTI,Antietam National Battlefield,NA,NA,NA,NA,NA,NA
ANTI_WS_005_01,ANTI,Antietam National Battlefield,NA,NA,NA,NA,NA,NA
ANTI_WS_006_01,ANTI,Antietam National Battlefield,NA,NA,NA,NA,NA,NA
ASIS_WS_001_01,ASIS,Assateague Island National Seashore,30823947.437268578,62.986735155572006,0.612738774955904,91.21844127332601,0.6298673515556857,91.21844127332601
ASIS_WS_001_02,ASIS,Assateague Island National Seashore,30823947.437268578,62.986735155572006,0.612738774955904,91.21844127332601,0.6298673515556857,91.21844127332601
ASIS_WS_002_01,ASIS,Assateague Island National Seashore,NA,NA,NA,NA,NA,NA
ASIS_WS_003_01,ASIS,Assateague Island National Seashore,43902804.373155124,89.68177420070127,0.8727289268671153,96.0482985729967,0.8968177420069638,96.0482985729967
ASIS_WS_004_01,ASIS,Assateague Island National Seashore,48575525.89067946,99.19200172486707,0.9656163697939149,96.37760702524699,0.9919200172486167,96.9264544456641
CAJO_WS_001_01,CAJO,Captain John Smith Chesapeake National Historic Trail,NA,NA,NA,NA,NA,NA
CATO_WS_001_01,CATO,Catoctin Mountain Park,NA,NA,NA,NA,NA,NA
CATO_WS_001_02,CATO,Catoctin Mountain Park,NA,NA,NA,NA,NA,NA
CATO_WS_002_01,CATO,Catoctin Mountain Park,NA,NA,NA,NA,NA,NA
CATO_WS_002_02,CATO,Catoctin Mountain Park,NA,NA,NA,NA,NA,NA
CATO_WS_002_03,CATO,Catoctin Mountain Park,NA,NA,NA,NA,NA,NA
CATO_WS_003_01,CATO,Catoctin Mountain Park,NA,NA,NA,NA,NA,NA
CATO_WS_003_02,CATO,Catoctin Mountain Park,NA,NA,NA,NA,NA,NA
CATO_WS_004_01,CATO,Catoctin Mountain Park,NA,NA,NA,NA,NA,NA
CATO_WS_005_01,CATO,Catoctin Mountain Park,NA,NA,NA,NA,NA,NA
CATO_WS_006_01,CATO,Catoctin Mountain Park,NA,NA,NA,NA,NA,NA
CATO_WS_007_01,CATO,Catoctin Mountain Park,NA,NA,NA,NA,NA,NA
GWMP_WS_001_01,GWMP,George Washington Memorial Parkway,7734567.977371133,15.667485077409445,0.15375284807089318,71.02085620197585,0.1566748507740859,69.70362239297475
HATU_WS_001_01,HATU,Harriet Tubman Underground Railroad National Monument,NA,NA,NA,NA,NA,NA
MONO_WS_001_01,MONO,Monocacy National Battlefield,NA,NA,NA,NA,NA,NA
MONO_WS_002_01,MONO,Monocacy National Battlefield,NA,NA,NA,NA,NA,NA
MONO_WS_004_01,MONO,Monocacy National Battlefield,NA,NA,NA,NA,NA,NA
MONO_WS_005_01,MONO,Monocacy National Battlefield,NA,NA,NA,NA,NA,NA
MONO_WS_007_01,MONO,Monocacy National Battlefield,NA,NA,NA,NA,NA,NA
MONO_WS_008_01,MONO,Monocacy National Battlefield,NA,NA,NA,NA,NA,NA
MONO_WS_006_01,MONO,Monocacy National Battlefield,NA,NA,NA,NA,NA,NA
THST_WS_001_01,THST,Thomas Stone National Historic Site,3257526.3090419695,6.604505310269138,0.06475525836044178,53.677277716794734,0.06604505310268778,52.25027442371021
ACAD_WS_001_01,ACAD,Acadia National Park,7805152.074252534,16.420476521352445,0.15515596534334822,71.2403951701427,0.1642047652135155,70.14270032930845
ACAD_WS_002_01,ACAD,Acadia National Park,6149170.4482874395,12.937325811440736,0.12223726942004462,64.87376509330406,0.1293732581144003,65.5323819978046
ACAD_WS_003_01,ACAD,Acadia National Park,3696579.006694116,7.781206849315328,0.07348303771602131,56.09220636663008,0.07781206849314905,55.54335894621295
ACAD_WS_004_01,ACAD,Acadia National Park,5298283.450670027,11.1482208557577,0.1053227759857734,60.81229418221734,0.11148220855757093,60.70252469813392
ACAD_WS_005_01,ACAD,Acadia National Park,915595.2624823597,1.927041862053681,0.018200807039092996,34.577387486278816,0.019270418620535763,34.02854006586169
ACAD_WS_007_01,ACAD,Acadia National Park,6623108.708376965,13.931625971255542,0.13165852701474423,67.06915477497256,0.13931625971254785,67.06915477497256
ACAD_WS_008_01,ACAD,Acadia National Park,2979005.632600766,6.271401320675246,0.059218640494420806,51.591657519209654,0.06271401320674905,51.26234906695939
ACAD_WS_009_01,ACAD,Acadia National Park,6149170.4482874395,12.937325811440736,0.12223726942004462,64.87376509330406,0.1293732581144003,65.5323819978046
ACAD_WS_010_01,ACAD,Acadia National Park,7982361.472889166,16.814395519503343,0.15867865075060392,71.6794731064764,0.16814395519502429,72.77716794731064
ACAD_WS_012_01,ACAD,Acadia National Park,32773273.77020655,68.8456706032316,0.6514887706099175,91.65751920965971,0.6884567060322785,93.41383095499451
ACAD_WS_013_01,ACAD,Acadia National Park,27255091.04850297,57.25378148598279,0.5417946917525371,89.46212952799122,0.5725378148597967,89.7914379802415
ACAD_WS_014_01,ACAD,Acadia National Park,10630862.618140455,22.376296110214824,0.2113273048697205,77.93633369923162,0.22376296110213606,77.93633369923162
ACAD_WS_015_01,ACAD,Acadia National Park,6149170.4482874395,12.937325811440736,0.12223726942004462,64.87376509330406,0.1293732581144003,65.5323819978046
ACAD_WS_016_01,ACAD,Acadia National Park,2450952.819460438,5.158001467046894,0.04872165809156295,46.212952799121844,0.051580014670466134,46.212952799121844
ACAD_WS_017_01,ACAD,Acadia National Park,2169037.048123514,4.564663391790372,0.043117550288002446,44.12733260153677,0.04564663391790123,44.2371020856202
ACAD_WS_018_01,ACAD,Acadia National Park,6149170.4482874395,12.937325811440736,0.12223726942004462,64.87376509330406,0.1293732581144003,65.5323819978046
ACAD_WS_020_01,ACAD,Acadia National Park,3365441.171461836,7.085122330134322,0.0669004612334111,54.4456641053787,0.07085122330133936,53.677277716794734
ACAD_WS_021_01,ACAD,Acadia National Park,3362005.4410371357,7.077884095003744,0.0668321635160018,54.335894621295274,0.07077884095003359,53.567508232711305
ACAD_WS_022_01,ACAD,Acadia National Park,4889516.7822403135,10.301133100780797,0.09719704231177957,59.055982436882545,0.10301133100780237,59.60482985729967
ACAD_WS_023_01,ACAD,Acadia National Park,7912472.131448194,16.66779422942509,0.1572893442854223,71.56970362239298,0.16667794229424185,70.801317233809
ACAD_WS_024_01,ACAD,Acadia National Park,5324555.798809991,11.1963396856033,0.10584503506525238,60.922063666300765,0.11196339685602691,60.81229418221734
ACAD_WS_026_01,ACAD,Acadia National Park,2693915.276506024,5.670365483738065,0.053551426199407254,48.847420417124034,0.05670365483737756,48.73765093304062
ACAD_WS_027_01,ACAD,Acadia National Park,6149170.4482874395,12.937325811440736,0.12223726942004462,64.87376509330406,0.1293732581144003,65.5323819978046
ACAD_WS_028_01,ACAD,Acadia National Park,6149170.4482874395,12.937325811440736,0.12223726942004462,64.87376509330406,0.1293732581144003,65.5323819978046
ACAD_WS_029_01,ACAD,Acadia National Park,6149170.4482874395,12.937325811440736,0.12223726942004462,64.87376509330406,0.1293732581144003,65.5323819978046
ACAD_WS_030_01,ACAD,Acadia National Park,7213616.945415575,15.168462425855022,0.14339703956252164,69.15477497255763,0.15168462425854196,68.27661909989024
ACAD_WS_030_02,ACAD,Acadia National Park,7213616.945415575,15.168462425855022,0.14339703956252164,69.15477497255763,0.15168462425854196,68.27661909989024
KAWW_WS_001_01,KAWW,Katahdin Woods and Waters National Monument,NA,NA,NA,NA,NA,NA
KAWW_WS_002_01,KAWW,Katahdin Woods and Waters National Monument,NA,NA,NA,NA,NA,NA
SACR_WS_001_01,SACR,Saint Croix Island International Historic Site,10507121.879100008,22.222893748951087,0.20886750477415883,77.71679473106477,0.22222893748949876,77.82656421514818
ISRO_WS_001_01,ISRO,Isle Royale National Park,NA,NA,NA,NA,NA,NA
ISRO_WS_002_01,ISRO,Isle Royale National Park,NA,NA,NA,NA,NA,NA
ISRO_WS_004_01,ISRO,Isle Royale National Park,NA,NA,NA,NA,NA,NA
ISRO_WS_005_01,ISRO,Isle Royale National Park,NA,NA,NA,NA,NA,NA
ISRO_WS_006_01,ISRO,Isle Royale National Park,NA,NA,NA,NA,NA,NA
ISRO_WS_007_01,ISRO,Isle Royale National Park,NA,NA,NA,NA,NA,NA
ISRO_WS_008_01,ISRO,Isle Royale National Park,NA,NA,NA,NA,NA,NA
ISRO_WS_009_01,ISRO,Isle Royale National Park,NA,NA,NA,NA,NA,NA
ISRO_WS_010_01,ISRO,Isle Royale National Park,NA,NA,NA,NA,NA,NA
KEWE_WS_002_01,KEWE,Keweenaw National Historical Park,NA,NA,NA,NA,NA,NA
PIRO_WS_001_01,PIRO,Pictured Rocks National Lakeshore,NA,NA,NA,NA,NA,NA
PIRO_WS_005_01,PIRO,Pictured Rocks National Lakeshore,NA,NA,NA,NA,NA,NA
PIRO_WS_006_01,PIRO,Pictured Rocks National Lakeshore,NA,NA,NA,NA,NA,NA
PIRO_WS_007_01,PIRO,Pictured Rocks National Lakeshore,NA,NA,NA,NA,NA,NA
PIRO_WS_008_01,PIRO,Pictured Rocks National Lakeshore,NA,NA,NA,NA,NA,NA
PIRO_WS_009_01,PIRO,Pictured Rocks National Lakeshore,NA,NA,NA,NA,NA,NA
PIRO_WS_010_01,PIRO,Pictured Rocks National Lakeshore,NA,NA,NA,NA,NA,NA
PIRO_WS_011_01,PIRO,Pictured Rocks National Lakeshore,NA,NA,NA,NA,NA,NA
PIRO_WS_012_01,PIRO,Pictured Rocks National Lakeshore,NA,NA,NA,NA,NA,NA
PIRO_WS_013_01,PIRO,Pictured Rocks National Lakeshore,NA,NA,NA,NA,NA,NA
PIRO_WS_015_01,PIRO,Pictured Rocks National Lakeshore,NA,NA,NA,NA,NA,NA
PIRO_WS_016_01,PIRO,Pictured Rocks National Lakeshore,NA,NA,NA,NA,NA,NA
PIRO_WS_017_01,PIRO,Pictured Rocks National Lakeshore,NA,NA,NA,NA,NA,NA
PIRO_WS_018_01,PIRO,Pictured Rocks National Lakeshore,NA,NA,NA,NA,NA,NA
PIRO_WS_018_01,PIRO,Pictured Rocks National Lakeshore,NA,NA,NA,NA,NA,NA
PIRO_WS_019_01,PIRO,Pictured Rocks National Lakeshore,NA,NA,NA,NA,NA,NA
PIRO_WS_020_01,PIRO,Pictured Rocks National Lakeshore,NA,NA,NA,NA,NA,NA
SLBE_WS_001_01,SLBE,Sleeping Bear Dunes National Lakeshore,8399302.770241626,16.743497993139535,0.16696688509463803,74.09440175631174,0.16743497993138623,72.00878155872668
SLBE_WS_002_01,SLBE,Sleeping Bear Dunes National Lakeshore,18241101.44930177,36.35983753827184,0.3626086560989143,85.72996706915478,0.3635983753826986,85.62019758507134
SLBE_WS_002_01,SLBE,Sleeping Bear Dunes National Lakeshore,17931040.502711028,35.74179584202196,0.3564450599221971,85.51042810098792,0.35741795842020013,85.40065861690451
SLBE_WS_003_01,SLBE,Sleeping Bear Dunes National Lakeshore,10787968.22797866,21.503407784347864,0.21445035389213643,78.26564215148188,0.21503407784346693,76.83863885839737
SLBE_WS_004_01,SLBE,Sleeping Bear Dunes National Lakeshore,17770500.335555837,35.4216341091967,0.35325373650218145,85.40065861690451,0.3542163410919477,85.18111964873765
SLBE_WS_005_01,SLBE,Sleeping Bear Dunes National Lakeshore,6785823.852350315,13.52686074851131,0.1348930860597177,67.61800219538968,0.13526860748510575,66.63007683863886
SLBE_WS_006_01,SLBE,Sleeping Bear Dunes National Lakeshore,8399302.770241626,16.743497993139535,0.16696688509463803,74.09440175631174,0.16743497993138623,72.00878155872668
SLBE_WS_007_01,SLBE,Sleeping Bear Dunes National Lakeshore,8528908.473343594,17.001773345188585,0.16954327281745057,74.42371020856203,0.1700177334518766,72.99670691547749
SLBE_WS_008_01,SLBE,Sleeping Bear Dunes National Lakeshore,10082532.284618786,20.098795153146423,0.2004272325309324,77.16794731064765,0.2009879515314533,76.18002195389681
SLBE_WS_009_01,SLBE,Sleeping Bear Dunes National Lakeshore,8399302.770241626,16.743497993139535,0.16696688509463803,74.09440175631174,0.16743497993138623,72.00878155872668
SLBE_WS_010_01,SLBE,Sleeping Bear Dunes National Lakeshore,4990543.84284027,9.948162068660535,0.09920532491333135,59.934138309549944,0.09948162068659994,59.055982436882545
SLBE_WS_011_01,SLBE,Sleeping Bear Dunes National Lakeshore,10733184.284999592,21.395629645594923,0.21336132250910012,78.15587266739847,0.21395629645593758,76.72886937431394
SLBE_WS_012_01,SLBE,Sleeping Bear Dunes National Lakeshore,8399302.770241626,16.743497993139535,0.16696688509463803,74.09440175631174,0.16743497993138623,72.00878155872668
SLBE_WS_013_01,SLBE,Sleeping Bear Dunes National Lakeshore,7475871.131334522,14.902098608782818,0.14861030139195047,69.81339187705817,0.14902098608782008,67.94731064763995
SLBE_WS_014_01,SLBE,Sleeping Bear Dunes National Lakeshore,6119732.326731911,12.198756385701987,0.12165207900679052,64.10537870472008,0.12198756385701323,62.45883644346871
SLBE_WS_015_01,SLBE,Sleeping Bear Dunes National Lakeshore,10038867.803252153,20.011757073982896,0.19955924114611298,77.05817782656422,0.20011757073981806,75.96048298572997
SLBE_WS_016_01,SLBE,Sleeping Bear Dunes National Lakeshore,8399302.770241626,16.743497993139535,0.16696688509463803,74.09440175631174,0.16743497993138623,72.00878155872668
SLBE_WS_017_01,SLBE,Sleeping Bear Dunes National Lakeshore,7220342.059322937,14.393744775529942,0.14353072581621845,69.26454445664105,0.1439374477552916,67.61800219538968
SLBE_WS_018_01,SLBE,Sleeping Bear Dunes National Lakeshore,7196016.697511909,14.345234787307318,0.14304717021624921,68.71569703622393,0.14345234787306538,67.50823271130626
SLBE_WS_019_01,SLBE,Sleeping Bear Dunes National Lakeshore,7683568.207689874,15.317057517166091,0.1527390409827152,70.47200878155873,0.15317057517165258,68.82546652030736
SLBE_WS_020_01,SLBE,Sleeping Bear Dunes National Lakeshore,8869799.719894737,17.681269486725284,0.17631973404877196,75.19209659714599,0.17681269486724321,74.3139407244786
SLBE_WS_021_01,SLBE,Sleeping Bear Dunes National Lakeshore,9074925.382239003,18.09020800860102,0.180397357374358,75.74094401756312,0.18090208008600037,74.7530186608123
SLBE_WS_022_01,SLBE,Sleeping Bear Dunes National Lakeshore,16886309.652955387,33.66169974858334,0.3356772104330715,85.18111964873765,0.3366169974858151,84.5225027442371
SLBE_WS_023_01,SLBE,Sleeping Bear Dunes National Lakeshore,8399302.770241626,16.743497993139535,0.16696688509463803,74.09440175631174,0.16743497993138623,72.00878155872668
SLBE_WS_024_01,SLBE,Sleeping Bear Dunes National Lakeshore,8399302.770241626,16.743497993139535,0.16696688509463803,74.09440175631174,0.16743497993138623,72.00878155872668
SLBE_WS_024_01,SLBE,Sleeping Bear Dunes National Lakeshore,8399302.770241626,16.743497993139535,0.16696688509463803,74.09440175631174,0.16743497993138623,72.00878155872668
SLBE_WS_025_01,SLBE,Sleeping Bear Dunes National Lakeshore,8399302.770241626,16.743497993139535,0.16696688509463803,74.09440175631174,0.16743497993138623,72.00878155872668
GRPO_WS_001_01,GRPO,Grand Portage National Monument,NA,NA,NA,NA,NA,NA
MISS_WS_001_01,MISS,Mississippi National River and Recreation Areas,NA,NA,NA,NA,NA,NA
SACN_WS_001_01,SACN,Saint Croix National Scenic Riverway,6415200.7115130145,12.852037473059339,0.12752559460687474,66.30076838638858,0.1285203747305864,64.65422612513721
SACN_WS_002_01,SACN,Saint Croix National Scenic Riverway,NA,NA,NA,NA,NA,NA
SACN_WS_003_01,SACN,Saint Croix National Scenic Riverway,6961034.861821517,13.943997844648706,0.1383760461679473,68.27661909989024,0.13943997844647948,67.17892425905599
SACN_WS_004_01,SACN,Saint Croix National Scenic Riverway,NA,NA,NA,NA,NA,NA
SACN_WS_005_01,SACN,Saint Croix National Scenic Riverway,6676359.27193345,13.373925557458415,0.13271707686938944,67.39846322722283,0.1337392555745769,66.41053787047201
SACN_WS_006_01,SACN,Saint Croix National Scenic Riverway,6676359.27193345,13.373925557458415,0.13271707686938944,67.39846322722283,0.1337392555745769,66.41053787047201
SACN_WS_007_01,SACN,Saint Croix National Scenic Riverway,NA,NA,NA,NA,NA,NA
SACN_WS_008_01,SACN,Saint Croix National Scenic Riverway,NA,NA,NA,NA,NA,NA
SACN_WS_009_01,SACN,Saint Croix National Scenic Riverway,4632424.572597086,9.266312403881946,0.09208639365433245,58.287596048298575,0.09266312403881441,57.738748627881456
SACN_WS_010_01,SACN,Saint Croix National Scenic Riverway,NA,NA,NA,NA,NA,NA
SACN_WS_011_01,SACN,Saint Croix National Scenic Riverway,NA,NA,NA,NA,NA,NA
SACN_WS_012_01,SACN,Saint Croix National Scenic Riverway,4861400.761986395,9.725035360313266,0.096638133500957,58.83644346871569,0.09725035360312737,58.397365532382
SACN_WS_013_01,SACN,Saint Croix National Scenic Riverway,4879704.130097642,9.761634861262678,0.0970019799348661,58.94621295279913,0.09761634861262147,58.507135016465426
SACN_WS_014_01,SACN,Saint Croix National Scenic Riverway,4897372.807385517,9.796978299717273,0.09735320956561011,59.27552140504939,0.0979697829971674,58.61690450054885
SACN_WS_015_01,SACN,Saint Croix National Scenic Riverway,NA,NA,NA,NA,NA,NA
VOYA_WS_001_01,VOYA,Voyageurs National Park,NA,NA,NA,NA,NA,NA
VOYA_WS_002_01,VOYA,Voyageurs National Park,NA,NA,NA,NA,NA,NA
VOYA_WS_003_01,VOYA,Voyageurs National Park,NA,NA,NA,NA,NA,NA
VOYA_WS_004_01,VOYA,Voyageurs National Park,NA,NA,NA,NA,NA,NA
VOYA_WS_005_01,VOYA,Voyageurs National Park,NA,NA,NA,NA,NA,NA
VOYA_WS_006_01,VOYA,Voyageurs National Park,NA,NA,NA,NA,NA,NA
VOYA_WS_007_01,VOYA,Voyageurs National Park,NA,NA,NA,NA,NA,NA
VOYA_WS_008_01,VOYA,Voyageurs National Park,NA,NA,NA,NA,NA,NA
VOYA_WS_009_01,VOYA,Voyageurs National Park,NA,NA,NA,NA,NA,NA
VOYA_WS_010_01,VOYA,Voyageurs National Park,NA,NA,NA,NA,NA,NA
VOYA_WS_011_01,VOYA,Voyageurs National Park,NA,NA,NA,NA,NA,NA
GWCA_WS_001_01,GWCA,George Washington Carver National Monument,3242386.132883713,6.519170438714022,0.06445429194429061,53.34796926454446,0.06519170438713667,51.92096597145993
OZAR_WS_001_01,OZAR,Ozark National Scenic Riverways,NA,NA,NA,NA,NA,NA
OZAR_WS_001_02,OZAR,Ozark National Scenic Riverways,NA,NA,NA,NA,NA,NA
OZAR_WS_002_01,OZAR,Ozark National Scenic Riverways,NA,NA,NA,NA,NA,NA
OZAR_WS_003_01,OZAR,Ozark National Scenic Riverways,NA,NA,NA,NA,NA,NA
OZAR_WS_004_01,OZAR,Ozark National Scenic Riverways,NA,NA,NA,NA,NA,NA
OZAR_WS_005_01,OZAR,Ozark National Scenic Riverways,NA,NA,NA,NA,NA,NA
OZAR_WS_006_01,OZAR,Ozark National Scenic Riverways,NA,NA,NA,NA,NA,NA
OZAR_WS_007_01,OZAR,Ozark National Scenic Riverways,NA,NA,NA,NA,NA,NA
OZAR_WS_008_01,OZAR,Ozark National Scenic Riverways,NA,NA,NA,NA,NA,NA
OZAR_WS_009_01,OZAR,Ozark National Scenic Riverways,NA,NA,NA,NA,NA,NA
OZAR_WS_010_01,OZAR,Ozark National Scenic Riverways,NA,NA,NA,NA,NA,NA
OZAR_WS_011_01,OZAR,Ozark National Scenic Riverways,NA,NA,NA,NA,NA,NA
OZAR_WS_012_01,OZAR,Ozark National Scenic Riverways,1479039.7907940026,2.9514552073464286,0.02940132931924248,39.29747530186608,0.02951455207346268,38.85839736553238
OZAR_WS_013_01,OZAR,Ozark National Scenic Riverways,NA,NA,NA,NA,NA,NA
OZAR_WS_014_01,OZAR,Ozark National Scenic Riverways,1584536.405123133,3.1656670233535036,0.031498460660307176,40.065861690450056,0.031656670233533316,39.29747530186608
OZAR_WS_015_01,OZAR,Ozark National Scenic Riverways,NA,NA,NA,NA,NA,NA
OZAR_WS_016_01,OZAR,Ozark National Scenic Riverways,0,0,0,19.538968166849617,0,19.538968166849617
OZAR_WS_017_01,OZAR,Ozark National Scenic Riverways,NA,NA,NA,NA,NA,NA
OZAR_WS_018_01,OZAR,Ozark National Scenic Riverways,NA,NA,NA,NA,NA,NA
OZAR_WS_019_01,OZAR,Ozark National Scenic Riverways,NA,NA,NA,NA,NA,NA
ULSG_WS_001_01,ULSG,Ulysses S.  Grant National Historic Site,NA,NA,NA,NA,NA,NA
WICR_WS_001_01,WICR,Wilson's Creek National Battlefield,2769717.9091780204,5.554872667224808,0.055058280971217344,50.054884742041715,0.05554872667224506,48.188803512623494
WICR_WS_002_01,WICR,Wilson's Creek National Battlefield,4571662.826395371,9.168304918110174,0.09087853155271189,57.958287596048294,0.09168304918109675,57.409440175631175
WICR_WS_003_01,WICR,Wilson's Creek National Battlefield,2769717.9091780204,5.554872667224808,0.055058280971217344,50.054884742041715,0.05554872667224506,48.188803512623494
WICR_WS_004_01,WICR,Wilson's Creek National Battlefield,2769717.9091780204,5.554872667224808,0.055058280971217344,50.054884742041715,0.05554872667224506,48.188803512623494
NATC_WS_001_01,NATC,Natchez National Historical Park,6052382.120772386,12.078392986691288,0.1203132471528674,63.666300768386385,0.12078392986690631,62.12952799121844
GLAC_WS_001_01,GLAC,Glacier National Park,NA,NA,NA,NA,NA,NA
BICA_WS_002_01,BICA,Bighorn Canyon National Recreation Area,0,0,0,19.538968166849617,0,19.538968166849617
BICA_WS_003_01,BICA,Bighorn Canyon National Recreation Area,6003817.613587522,12.813907962458954,0.11934784982018146,63.44676180021954,0.12813907962458257,64.54445664105378
BICA_WS_004_01,BICA,Bighorn Canyon National Recreation Area,NA,NA,NA,NA,NA,NA
BICA_WS_005_01,BICA,Bighorn Canyon National Recreation Area,NA,NA,NA,NA,NA,NA
BICA_WS_005_02,BICA,Bighorn Canyon National Recreation Area,NA,NA,NA,NA,NA,NA
BICA_WS_006_01,BICA,Bighorn Canyon National Recreation Area,5914178.34594323,12.623699732117846,0.11756594128442077,63.007683863885845,0.12623699732117158,63.55653128430296
BIHO_WS_001_01,BIHO,Big Hole National Battlefield,0,0,0,19.538968166849617,0,19.538968166849617
GLAC_WS_002_01,GLAC,Glacier National Park,1643185.1265740052,3.605284949769194,0.03266431866106044,40.61470911086718,0.03605284949768998,40.724478594950604
GLAC_WS_003_01,GLAC,Glacier National Park,0,0,0,19.538968166849617,0,19.538968166849617
GLAC_WS_004_01,GLAC,Glacier National Park,0,0,0,19.538968166849617,0,19.538968166849617
GLAC_WS_005_01,GLAC,Glacier National Park,0,0,0,19.538968166849617,0,19.538968166849617
GLAC_WS_006_01,GLAC,Glacier National Park,0,0,0,19.538968166849617,0,19.538968166849617
GLAC_WS_007_01,GLAC,Glacier National Park,NA,NA,NA,NA,NA,NA
GLAC_WS_007_02,GLAC,Glacier National Park,NA,NA,NA,NA,NA,NA
GLAC_WS_008_01,GLAC,Glacier National Park,NA,NA,NA,NA,NA,NA
GLAC_WS_009_01,GLAC,Glacier National Park,NA,NA,NA,NA,NA,NA
GLAC_WS_009_02,GLAC,Glacier National Park,NA,NA,NA,NA,NA,NA
GLAC_WS_010_01,GLAC,Glacier National Park,NA,NA,NA,NA,NA,NA
GLAC_WS_011_01,GLAC,Glacier National Park,0,0,0,19.538968166849617,0,19.538968166849617
GLAC_WS_012_01,GLAC,Glacier National Park,NA,NA,NA,NA,NA,NA
GLAC_WS_013_01,GLAC,Glacier National Park,NA,NA,NA,NA,NA,NA
GLAC_WS_014_01,GLAC,Glacier National Park,NA,NA,NA,NA,NA,NA
GLAC_WS_015_01,GLAC,Glacier National Park,NA,NA,NA,NA,NA,NA
GLAC_WS_016_01,GLAC,Glacier National Park,0,0,0,19.538968166849617,0,19.538968166849617
GLAC_WS_017_01,GLAC,Glacier National Park,0,0,0,19.538968166849617,0,19.538968166849617
GLAC_WS_018_01,GLAC,Glacier National Park,0,0,0,19.538968166849617,0,19.538968166849617
GLAC_WS_019_01,GLAC,Glacier National Park,0,0,0,19.538968166849617,0,19.538968166849617
GLAC_WS_020_01,GLAC,Glacier National Park,0,0,0,19.538968166849617,0,19.538968166849617
GLAC_WS_021_01,GLAC,Glacier National Park,0,0,0,19.538968166849617,0,19.538968166849617
GLAC_WS_022_01,GLAC,Glacier National Park,NA,NA,NA,NA,NA,NA
GLAC_WS_023_01,GLAC,Glacier National Park,0,0,0,19.538968166849617,0,19.538968166849617
GLAC_WS_024_01,GLAC,Glacier National Park,NA,NA,NA,NA,NA,NA
GLAC_WS_024_02,GLAC,Glacier National Park,NA,NA,NA,NA,NA,NA
GLAC_WS_025_01,GLAC,Tallgrass Prairie National Preserve,0,0,0,19.538968166849617,0,19.538968166849617
LIBI_WS_001_01,LIBI,Little Bighorn Battlefield National Monument,NA,NA,NA,NA,NA,NA
BLRI_WS_001_01,BLRI,Blue Ridge Parkway,NA,NA,NA,NA,NA,NA
BLRI_WS_002_01,BLRI,Blue Ridge Parkway,0,0,0,19.538968166849617,0,19.538968166849617
BLRI_WS_003_01,BLRI,Blue Ridge Parkway,NA,NA,NA,NA,NA,NA
BLRI_WS_004_01,BLRI,Blue Ridge Parkway,137373.59709342307,0.275284587790734,0.002730803047390901,23.490669593852907,0.0027528458779071904,23.27113062568606
BLRI_WS_005_01,BLRI,Blue Ridge Parkway,0,0,0,19.538968166849617,0,19.538968166849617
BLRI_WS_006_01,BLRI,Blue Ridge Parkway,0,0,0,19.538968166849617,0,19.538968166849617
BLRI_WS_007_01,BLRI,Blue Ridge Parkway,0,0,0,19.538968166849617,0,19.538968166849617
BLRI_WS_008_01,BLRI,Blue Ridge Parkway,1683637.2079737673,3.3701898363928957,0.03346845183873832,40.83424807903403,0.033701898363927126,39.95609220636663
BLRI_WS_009_01,BLRI,Blue Ridge Parkway,59466.604332000745,0.11927936896409816,0.0011821164165729725,21.514818880351264,0.0011927936896409166,21.405049396267835
BLRI_WS_010_01,BLRI,Blue Ridge Parkway,0,0,0,19.538968166849617,0,19.538968166849617
BLRI_WS_011_01,BLRI,Blue Ridge Parkway,21990.41757224953,0.04408997767225923,4.371400370251532e-4,20.08781558726674,4.408997767225683e-4,19.978046103183313
BLRI_WS_012_01,BLRI,Blue Ridge Parkway,153727.5031410433,0.3081949745037816,0.0030558967875017797,23.81997804610318,0.003081949745037648,23.71020856201976
BLRI_WS_013_01,BLRI,Blue Ridge Parkway,103570.37423054902,0.20757585997716574,0.00205884026881713,22.502744237102085,0.0020757585997715445,22.502744237102085
BLRI_WS_014_01,BLRI,Blue Ridge Parkway,363703.17358757806,0.7269687658250206,0.007229931775778264,27.113062568605926,0.00726968765824981,26.5642151481888
BLRI_WS_015_01,BLRI,Blue Ridge Parkway,356400.19404060347,0.7122383191589076,0.007084758327431061,27.0032930845225,0.007122383191588688,26.454445664105382
BLRI_WS_016_01,BLRI,Blue Ridge Parkway,NA,NA,NA,NA,NA,NA
BLRI_WS_017_01,BLRI,Blue Ridge Parkway,NA,NA,NA,NA,NA,NA
BLRI_WS_018_01,BLRI,Blue Ridge Parkway,NA,NA,NA,NA,NA,NA
BLRI_WS_019_01,BLRI,Blue Ridge Parkway,1967419.4385710696,3.933436330110835,0.03910966235158149,42.37102085620197,0.03933436330110621,41.93194291986828
BLRI_WS_020_01,BLRI,Blue Ridge Parkway,1823982.0805446603,3.6465690316204133,0.036258319861497045,41.602634467618,0.03646569031620215,40.83424807903403
BLRI_WS_021_01,BLRI,Blue Ridge Parkway,1760549.0722553367,3.5198664156880692,0.034997356648720036,41.27332601536773,0.03519866415687878,40.28540065861691
BLRI_WS_022_01,BLRI,Blue Ridge Parkway,1967419.4507042235,3.933436354370204,0.039109662592772335,42.4807903402854,0.039334363543699895,42.041712403951706
BLRI_WS_023_01,BLRI,Blue Ridge Parkway,783000.0626054396,1.5681997702010941,0.015564992125932842,32.82107574094402,0.01568199770201009,32.16245883644347
BLRI_WS_024_01,BLRI,Blue Ridge Parkway,553335.8623263519,1.114087646184949,0.010999575544664962,30.40614709110867,0.011140876461848883,30.0768386388584
BLRI_WS_025_01,BLRI,Blue Ridge Parkway,447632.8613142453,0.901938139037054,0.008898341512874117,28.3205268935236,0.009019381390370049,28.3205268935236
BLRI_WS_026_01,BLRI,Blue Ridge Parkway,1116680.4250273665,2.2498578292700904,0.02219811064241612,37.65093304061471,0.02249857829269968,36.33369923161361
BLRI_WS_027_01,BLRI,Blue Ridge Parkway,0,0,0,19.538968166849617,0,19.538968166849617
BLRI_WS_028_01,BLRI,Blue Ridge Parkway,0,0,0,19.538968166849617,0,19.538968166849617
BLRI_WS_029_01,BLRI,Blue Ridge Parkway,34235.04331335712,0.06838654234776748,6.805467905459035e-4,20.74643249176729,6.838654234776376e-4,20.52689352360044
BLRI_WS_029_02,BLRI,Blue Ridge Parkway,27901.64712562711,0.05573525976911159,5.546473602643689e-4,20.417124039517017,5.573525976910855e-4,20.197585071350165
BLRI_WS_031_01,BLRI,Blue Ridge Parkway,NA,NA,NA,NA,NA,NA
BLRI_WS_031_02,BLRI,Blue Ridge Parkway,143815.0301785864,0.28918005366211147,0.0028588501064379613,23.71020856201976,0.0028918005366209572,23.600439077936333
BLRI_WS_032_01,BLRI,Blue Ridge Parkway,109698.35988373596,0.22057809435496048,0.0021806564128954587,22.832052689352363,0.0022057809435494847,22.832052689352363
BLRI_WS_033_01,BLRI,Blue Ridge Parkway,980474.9112846814,1.9610760821457975,0.019490527526957502,35.236004390779364,0.019610760821456907,34.13830954994512
BLRI_WS_034_01,BLRI,Blue Ridge Parkway,817613.254658011,1.6414437486722426,0.016253056006743996,33.04061470911087,0.01641443748672153,32.601536772777166
BLRI_WS_035_01,BLRI,Blue Ridge Parkway,205492.57744755445,0.4123653023334051,0.004084917106220688,24.807903402854006,0.004123653023333827,24.478594950603732
BLRI_WS_036_01,BLRI,Blue Ridge Parkway,323794.6912083134,0.6497720912414815,0.006436604618275597,26.454445664105382,0.006497720912414461,26.344676180021953
BLRI_WS_037_01,BLRI,Blue Ridge Parkway,270050.81293353875,0.5419325410211822,0.005368248328008617,26.015367727771682,0.005419325410211526,25.795828759604827
BLRI_WS_038_01,BLRI,Blue Ridge Parkway,646098.768199872,1.296364126644352,0.012843577823152081,31.503841931942922,0.012963641266442814,31.284302963776074
BLRI_WS_039_01,BLRI,Blue Ridge Parkway,583766.8787367005,1.171298497733107,0.011604503377282376,30.62568605927552,0.011712984977330431,30.29637760702525
BLRI_WS_040_01,BLRI,Blue Ridge Parkway,702356.2811440575,1.4058061328758131,0.01396190180270208,32.16245883644347,0.014058061328757367,31.833150384193193
BLRI_WS_041_01,BLRI,Blue Ridge Parkway,232428.4781430551,0.4651737822449399,0.004620366721429268,25.57628979143798,0.004651737822449146,25.24698133918771
BLRI_WS_042_01,BLRI,Blue Ridge Parkway,514474.8815064386,1.029118566727843,0.01022707131464579,29.527991218441272,0.010291185667277871,28.869374313940728
BLRI_WS_043_01,BLRI,Blue Ridge Parkway,186481.62899324507,0.3729273325978075,0.003707004923157492,24.588364434687158,0.0037292733259778723,24.36882546652031
CAHA_WS_001_01,CAHA,Cape Hatteras National Seashore,25156246.428080767,51.38779389865539,0.5000724728784756,88.36443468715697,0.5138779389865259,88.36443468715697
CAHA_WS_002_01,CAHA,Cape Hatteras National Seashore,22618054.845348775,46.193004333827695,0.44961662506171696,87.81558726673985,0.46193004333825183,87.37650933040615
CAHA_WS_002_02,CAHA,Cape Hatteras National Seashore,22376648.753608666,45.70005207468004,0.4448177954108176,87.37650933040615,0.4570005207467755,87.04720087815588
CAHA_WS_002_03,CAHA,Cape Hatteras National Seashore,22054702.464223668,45.042664259478634,0.4384179345441705,87.26673984632272,0.45042664259476184,86.93743139407245
CAHA_WS_007_01,CAHA,Cape Hatteras National Seashore,25346646.021365784,51.69941883067833,0.5038573616821888,88.4742041712404,0.5169941883067551,88.4742041712404
CALO_WS_001_01,CALO,Cape Lookout National Seashore,19757469.80790316,40.19027217642831,0.39275202733072184,86.49835345773876,0.40190272176426123,86.38858397365532
CALO_WS_002_01,CALO,Cape Lookout National Seashore,13393384.365085917,27.2435182364529,0.26624253577767987,83.31503841931944,0.2724351823645142,82.7661909989023
CALO_WS_003_01,CALO,Cape Lookout National Seashore,23870123.128728274,48.59050066996496,0.47450606492597985,88.14489571899013,0.48590500669962317,87.70581778265642
CALO_WS_005_01,CALO,Cape Lookout National Seashore,25888944.716917995,52.686208091635,0.5146375331397577,88.80351262349066,0.5268620809163214,88.80351262349066
CALO_WS_006_01,CALO,Cape Lookout National Seashore,25436537.74924072,51.79856590894117,0.5056442887890706,88.58397365532382,0.5179856590893835,88.58397365532382
CALO_WS_007_01,CALO,Cape Lookout National Seashore,42814954.148393616,87.25649633334477,0.8511039219772505,95.93852908891328,0.8725649633334002,95.93852908891328
CALO_WS_008_01,CALO,Cape Lookout National Seashore,42814954.148393616,87.25649633334477,0.8511039219772505,95.93852908891328,0.8725649633334002,95.93852908891328
CALO_WS_009_01,CALO,Cape Lookout National Seashore,42814954.148393616,87.25649633334477,0.8511039219772505,95.93852908891328,0.8725649633334002,95.93852908891328
FORA_WS_001_01,FORA,Fort Raleigh National Historic Site,39397666.876555346,80.390729308385,0.7831728297354148,94.7310647639956,0.8039072930838063,95.06037321624589
FORA_WS_001_02,FORA,Fort Raleigh National Historic Site,38000288.788854,77.54342187966967,0.7553948256575498,94.18221734357849,0.7754342187966544,94.51152579582876
GRSM_WS_001_01,GRSM,Great Smoky Mountains National Park,668673.5569620535,1.3324442776595502,0.013292334376451382,31.72338090010977,0.013324442776594777,31.394072447859493
GRSM_WS_002_01,GRSM,Great Smoky Mountains National Park,0,0,0,19.538968166849617,0,19.538968166849617
GRSM_WS_003_01,GRSM,Great Smoky Mountains National Park,642126.057576132,1.2810569105581353,0.012764605658869789,31.394072447859493,0.012810569105580656,31.06476399560922
GRSM_WS_005_01,GRSM,Great Smoky Mountains National Park,2035066.9105120378,4.05568556773444,0.04045440345491779,43.24917672886938,0.0405568556773422,42.4807903402854
GRSM_WS_006_01,GRSM,Great Smoky Mountains National Park,605416.2717966117,1.2066422102282839,0.012034864303930918,30.845225027442368,0.012066422102282181,30.515916575192097
GRSM_WS_007_01,GRSM,Great Smoky Mountains National Park,689621.3028110173,1.3758339434007072,0.013708747496662666,31.94291986827662,0.013758339434006324,31.72338090010977
GRSM_WS_008_01,GRSM,Great Smoky Mountains National Park,916249.3777561352,1.828010296649148,0.018213809974305915,34.68715697036224,0.018280102966490484,33.69923161361142
GRSM_WS_009_01,GRSM,Great Smoky Mountains National Park,669320.0850581318,1.3353163699657253,0.013305186488737514,31.833150384193193,0.013353163699656527,31.613611416026345
GRSM_WS_011_01,GRSM,Great Smoky Mountains National Park,0,0,0,19.538968166849617,0,19.538968166849617
GRSM_WS_012_01,GRSM,Great Smoky Mountains National Park,0,0,0,19.538968166849617,0,19.538968166849617
GRSM_WS_013_01,GRSM,Great Smoky Mountains National Park,12538.403532156592,0.02501060071377087,2.4924666238261686e-4,19.64873765093304,2.501060071376951e-4,19.64873765093304
GRSM_WS_014_01,GRSM,Great Smoky Mountains National Park,103169.48244044241,0.2057923512790793,0.0020508710771728832,22.39297475301866,0.002057923512790681,22.39297475301866
GRSM_WS_016_01,GRSM,Great Smoky Mountains National Park,904984.4120627674,1.8041655945680155,0.01798987754991666,34.24807903402854,0.018041655945679174,33.479692645444565
GRSM_WS_017_01,GRSM,Great Smoky Mountains National Park,1280111.8745876765,2.552696762652771,0.025446908882701656,38.748627881448954,0.025526967626526318,38.090010976948406
GRSM_WS_019_01,GRSM,Great Smoky Mountains National Park,0,0,0,19.538968166849617,0,19.538968166849617
GRSM_WS_020_01,GRSM,Great Smoky Mountains National Park,949428.714650467,1.8919090695199223,0.018873370735751453,35.01646542261251,0.018919090695198194,33.80900109769484
GRSM_WS_022_01,GRSM,Great Smoky Mountains National Park,1056417.708269392,2.1058922554822708,0.02100016857750232,36.88254665203073,0.02105892255482156,35.78485181119649
GRSM_WS_023_01,GRSM,Great Smoky Mountains National Park,0,0,0,19.538968166849617,0,19.538968166849617
GRSM_WS_024_01,GRSM,Great Smoky Mountains National Park,0,0,0,19.538968166849617,0,19.538968166849617
GRSM_WS_025_01,GRSM,Great Smoky Mountains National Park,632213.619270428,1.26046555286649,0.012567559666735782,31.284302963776074,0.012604655528664214,30.845225027442368
GRSM_WS_026_01,GRSM,Great Smoky Mountains National Park,250582.344348881,0.49960875287913264,0.004981241257771808,25.795828759604827,0.004996087528791054,25.686059275521405
GRSM_WS_031_01,GRSM,Great Smoky Mountains National Park,500234.4439151602,0.9971169491764565,0.00994399049567301,28.979143798024147,0.009971169491764022,28.649835345773877
GRSM_WS_032_01,GRSM,Great Smoky Mountains National Park,1772099.7057947603,3.5313632724293686,0.03522696776713097,41.38309549945115,0.03531363272429176,40.39517014270033
GRSM_WS_033_01,GRSM,Great Smoky Mountains National Park,826731.0891001427,1.6483696197284576,0.016434306338736437,33.15038419319429,0.016483696197283678,32.711306256860595
MOCR_WS_001_01,MOCR,Moores Creek National Battlefield,12562377.824274682,25.392962118582712,0.2497232391874784,82.65642151481887,0.2539296211858133,82.21734357848518
MOCR_WS_002_01,MOCR,Moores Creek National Battlefield,11604933.760398814,23.457745084963154,0.23069053404865575,79.14379802414928,0.23457745084961878,78.48518111964874
KNRI_WS_002_01,KNRI,Knife River Indian Villages National Historic Site,15507897.929114232,31.831978504755092,0.30827623225627615,84.5225027442371,0.3183197850475336,84.19319429198683
KNRI_WS_002_02,KNRI,Knife River Indian Villages National Historic Site,15393805.572768688,31.597762364332198,0.30600822908110603,84.41273326015367,0.3159776236433048,84.08342480790341
THRO_WS_001_01,THRO,Theodore Roosevelt National Park,0,0,0,19.538968166849617,0,19.538968166849617
THRO_WS_002_01,THRO,Theodore Roosevelt National Park,0,0,0,19.538968166849617,0,19.538968166849617
THRO_WS_003_01,THRO,Theodore Roosevelt National Park,NA,NA,NA,NA,NA,NA
THRO_WS_004_01,THRO,Theodore Roosevelt National Park,NA,NA,NA,NA,NA,NA
THRO_WS_007_01,THRO,Theodore Roosevelt National Park,NA,NA,NA,NA,NA,NA
THRO_WS_008_01,THRO,Theodore Roosevelt National Park,NA,NA,NA,NA,NA,NA
THRO_WS_009_01,THRO,Theodore Roosevelt National Park,NA,NA,NA,NA,NA,NA
AGFO_WS_001_01,AGFO,Agate Fossil Beds National Monument,NA,NA,NA,NA,NA,NA
AGFO_WS_002_01,AGFO,Agate Fossil Beds National Monument,NA,NA,NA,NA,NA,NA
AGFO_WS_003_01,AGFO,Agate Fossil Beds National Monument,NA,NA,NA,NA,NA,NA
AGFO_WS_004_01,AGFO,Agate Fossil Beds National Monument,NA,NA,NA,NA,NA,NA
AGFO_WS_006_01,AGFO,Agate Fossil Beds National Monument,NA,NA,NA,NA,NA,NA
HOME_WS_001_01,HOME,Homestead National Monument of America,NA,NA,NA,NA,NA,NA
NIOB_WS_001_01,NIOB,Niobrara National Scenic River,NA,NA,NA,NA,NA,NA
SAGA_WS_001_01,SAGA,Saint-Gaudens National Historic Site,6204160.358672627,12.792254806703717,0.12333039515914497,65.20307354555433,0.1279225480670302,64.32491767288694
SAGA_WS_001_02,SAGA,Saint-Gaudens National Historic Site,6204160.358672627,12.792254806703717,0.12333039515914497,65.20307354555433,0.1279225480670302,64.32491767288694
SAGA_WS_002_01,SAGA,Saint-Gaudens National Historic Site,6029828.390500773,12.433297671103768,0.11986490921414494,63.55653128430296,0.12433297671103091,62.89791437980241
SAGA_WS_003_01,SAGA,Saint-Gaudens National Historic Site,6079308.790898147,12.535280913420136,0.12084851327671732,63.77607025246982,0.12535280913419453,63.007683863885845
DEWA_WS_001_01,DEWA,Delaware Water Gap National Recreation Area,NA,NA,NA,NA,NA,NA
DEWA_WS_002_01,DEWA,Delaware Water Gap National Recreation Area,NA,NA,NA,NA,NA,NA
DEWA_WS_003_01,DEWA,Delaware Water Gap National Recreation Area,NA,NA,NA,NA,NA,NA
DEWA_WS_004_01,DEWA,Delaware Water Gap National Recreation Area,NA,NA,NA,NA,NA,NA
DEWA_WS_005_01,DEWA,Delaware Water Gap National Recreation Area,NA,NA,NA,NA,NA,NA
DEWA_WS_006_01,DEWA,Delaware Water Gap National Recreation Area,NA,NA,NA,NA,NA,NA
DEWA_WS_007_01,DEWA,Delaware Water Gap National Recreation Area,NA,NA,NA,NA,NA,NA
DEWA_WS_008_01,DEWA,Delaware Water Gap National Recreation Area,NA,NA,NA,NA,NA,NA
DEWA_WS_009_01,DEWA,Delaware Water Gap National Recreation Area,NA,NA,NA,NA,NA,NA
DEWA_WS_010_01,DEWA,Delaware Water Gap National Recreation Area,NA,NA,NA,NA,NA,NA
DEWA_WS_011_01,DEWA,Delaware Water Gap National Recreation Area,NA,NA,NA,NA,NA,NA
DEWA_WS_012_01,DEWA,Delaware Water Gap National Recreation Area,NA,NA,NA,NA,NA,NA
DEWA_WS_013_01,DEWA,Delaware Water Gap National Recreation Area,NA,NA,NA,NA,NA,NA
DEWA_WS_014_01,DEWA,Delaware Water Gap National Recreation Area,NA,NA,NA,NA,NA,NA
DEWA_WS_015_01,DEWA,Delaware Water Gap National Recreation Area,5172557.975985843,10.560953406624254,0.1028235220049029,60.48298572996706,0.10560953406623678,60.043907793633366
DEWA_WS_016_01,DEWA,Delaware Water Gap National Recreation Area,NA,NA,NA,NA,NA,NA
DEWA_WS_017_01,DEWA,Delaware Water Gap National Recreation Area,NA,NA,NA,NA,NA,NA
DEWA_WS_018_01,DEWA,Delaware Water Gap National Recreation Area,NA,NA,NA,NA,NA,NA
DEWA_WS_019_01,DEWA,Delaware Water Gap National Recreation Area,NA,NA,NA,NA,NA,NA
DEWA_WS_020_01,DEWA,Delaware Water Gap National Recreation Area,NA,NA,NA,NA,NA,NA
DEWA_WS_021_01,DEWA,Delaware Water Gap National Recreation Area,NA,NA,NA,NA,NA,NA
DEWA_WS_022_01,DEWA,Delaware Water Gap National Recreation Area,NA,NA,NA,NA,NA,NA
DEWA_WS_023_01,DEWA,Delaware Water Gap National Recreation Area,NA,NA,NA,NA,NA,NA
DEWA_WS_024_01,DEWA,Delaware Water Gap National Recreation Area,NA,NA,NA,NA,NA,NA
DEWA_WS_025_01,DEWA,Delaware Water Gap National Recreation Area,NA,NA,NA,NA,NA,NA
DEWA_WS_026_01,DEWA,Delaware Water Gap National Recreation Area,NA,NA,NA,NA,NA,NA
DEWA_WS_027_01,DEWA,Delaware Water Gap National Recreation Area,NA,NA,NA,NA,NA,NA
DEWA_WS_028_01,DEWA,Delaware Water Gap National Recreation Area,NA,NA,NA,NA,NA,NA
DEWA_WS_029_01,DEWA,Delaware Water Gap National Recreation Area,NA,NA,NA,NA,NA,NA
DEWA_WS_030_01,DEWA,Delaware Water Gap National Recreation Area,NA,NA,NA,NA,NA,NA
DEWA_WS_032_01,DEWA,Delaware Water Gap National Recreation Area,NA,NA,NA,NA,NA,NA
DEWA_WS_033_01,DEWA,Delaware Water Gap National Recreation Area,NA,NA,NA,NA,NA,NA
DEWA_WS_034_01,DEWA,Delaware Water Gap National Recreation Area,NA,NA,NA,NA,NA,NA
DEWA_WS_035_01,DEWA,Delaware Water Gap National Recreation Area,NA,NA,NA,NA,NA,NA
DEWA_WS_036_01,DEWA,Delaware Water Gap National Recreation Area,NA,NA,NA,NA,NA,NA
DEWA_WS_037_01,DEWA,Delaware Water Gap National Recreation Area,NA,NA,NA,NA,NA,NA
DEWA_WS_038_01,DEWA,Delaware Water Gap National Recreation Area,NA,NA,NA,NA,NA,NA
DEWA_WS_039_01,DEWA,Delaware Water Gap National Recreation Area,NA,NA,NA,NA,NA,NA
DEWA_WS_040_01,DEWA,Delaware Water Gap National Recreation Area,NA,NA,NA,NA,NA,NA
DEWA_WS_041_01,DEWA,Delaware Water Gap National Recreation Area,5050208.803620668,10.306102388219708,0.10039138439032652,60.263446761800225,0.10306102388219147,59.71459934138309
DEWA_WS_042_01,DEWA,Delaware Water Gap National Recreation Area,NA,NA,NA,NA,NA,NA
DEWA_WS_043_01,DEWA,Delaware Water Gap National Recreation Area,NA,NA,NA,NA,NA,NA
DEWA_WS_044_01,DEWA,Delaware Water Gap National Recreation Area,NA,NA,NA,NA,NA,NA
DEWA_WS_045_01,DEWA,Delaware Water Gap National Recreation Area,NA,NA,NA,NA,NA,NA
DEWA_WS_046_01,DEWA,Delaware Water Gap National Recreation Area,NA,NA,NA,NA,NA,NA
DEWA_WS_047_01,DEWA,Delaware Water Gap National Recreation Area,NA,NA,NA,NA,NA,NA
DEWA_WS_048_01,DEWA,Delaware Water Gap National Recreation Area,NA,NA,NA,NA,NA,NA
DEWA_WS_049_01,DEWA,Delaware Water Gap National Recreation Area,NA,NA,NA,NA,NA,NA
DEWA_WS_050_01,DEWA,Delaware Water Gap National Recreation Area,NA,NA,NA,NA,NA,NA
DEWA_WS_051_01,DEWA,Delaware Water Gap National Recreation Area,NA,NA,NA,NA,NA,NA
DEWA_WS_052_01,DEWA,Delaware Water Gap National Recreation Area,NA,NA,NA,NA,NA,NA
DEWA_WS_053_01,DEWA,Delaware Water Gap National Recreation Area,NA,NA,NA,NA,NA,NA
DEWA_WS_054_01,DEWA,Delaware Water Gap National Recreation Area,NA,NA,NA,NA,NA,NA
DEWA_WS_055_01,DEWA,Delaware Water Gap National Recreation Area,NA,NA,NA,NA,NA,NA
DEWA_WS_056_01,DEWA,Delaware Water Gap National Recreation Area,NA,NA,NA,NA,NA,NA
DEWA_WS_057_01,DEWA,Delaware Water Gap National Recreation Area,NA,NA,NA,NA,NA,NA
DEWA_WS_058_01,DEWA,Delaware Water Gap National Recreation Area,NA,NA,NA,NA,NA,NA
DEWA_WS_059_01,DEWA,Delaware Water Gap National Recreation Area,NA,NA,NA,NA,NA,NA
DEWA_WS_060_01,DEWA,Delaware Water Gap National Recreation Area,NA,NA,NA,NA,NA,NA
DEWA_WS_061_01,DEWA,Delaware Water Gap National Recreation Area,NA,NA,NA,NA,NA,NA
DEWA_WS_062_01,DEWA,Delaware Water Gap National Recreation Area,NA,NA,NA,NA,NA,NA
DEWA_WS_063_01,DEWA,Delaware Water Gap National Recreation Area,NA,NA,NA,NA,NA,NA
DEWA_WS_064_01,DEWA,Delaware Water Gap National Recreation Area,NA,NA,NA,NA,NA,NA
DEWA_WS_065_01,DEWA,Delaware Water Gap National Recreation Area,5606861.9971548105,11.445558150765141,0.11145690403460823,61.909989023051594,0.11445558150764518,61.361141602634476
DEWA_WS_066_01,DEWA,Delaware Water Gap National Recreation Area,NA,NA,NA,NA,NA,NA
DEWA_WS_067_01,DEWA,Delaware Water Gap National Recreation Area,NA,NA,NA,NA,NA,NA
DEWA_WS_068_01,DEWA,Delaware Water Gap National Recreation Area,NA,NA,NA,NA,NA,NA
DEWA_WS_069_01,DEWA,Delaware Water Gap National Recreation Area,NA,NA,NA,NA,NA,NA
DEWA_WS_070_01,DEWA,Delaware Water Gap National Recreation Area,NA,NA,NA,NA,NA,NA
DEWA_WS_071_01,DEWA,Delaware Water Gap National Recreation Area,NA,NA,NA,NA,NA,NA
DEWA_WS_072_01,DEWA,Delaware Water Gap National Recreation Area,NA,NA,NA,NA,NA,NA
DEWA_WS_073_01,DEWA,Delaware Water Gap National Recreation Area,NA,NA,NA,NA,NA,NA
DEWA_WS_074_01,DEWA,Delaware Water Gap National Recreation Area,5449216.9097711295,11.124193864212945,0.10832313092141825,61.361141602634476,0.1112419386421234,60.5927552140505
DEWA_WS_075_01,DEWA,Delaware Water Gap National Recreation Area,NA,NA,NA,NA,NA,NA
DEWA_WS_076_01,DEWA,Delaware Water Gap National Recreation Area,NA,NA,NA,NA,NA,NA
DEWA_WS_077_01,DEWA,Delaware Water Gap National Recreation Area,NA,NA,NA,NA,NA,NA
DEWA_WS_078_01,DEWA,Delaware Water Gap National Recreation Area,NA,NA,NA,NA,NA,NA
DEWA_WS_079_01,DEWA,Delaware Water Gap National Recreation Area,NA,NA,NA,NA,NA,NA
DEWA_WS_080_01,DEWA,Delaware Water Gap National Recreation Area,NA,NA,NA,NA,NA,NA
DEWA_WS_081_01,DEWA,Delaware Water Gap National Recreation Area,NA,NA,NA,NA,NA,NA
DEWA_WS_082_01,DEWA,Delaware Water Gap National Recreation Area,NA,NA,NA,NA,NA,NA
GATE_WS_001_01,GATE,Gateway National Recreation Area,211463.60606859205,0.43380052684858994,0.0042036131548019795,24.91767288693743,0.004338005268485663,24.69813391877058
MORR_WS_001_01,MORR,Morristown National Historic Park,1092787.6382265312,2.2356859177590462,0.02172315405405504,37.43139407244786,0.022356859177589245,36.00439077936334
MORR_WS_002_01,MORR,Morristown National Historic Park,1049435.9003197982,2.147033386043039,0.020861379590182708,36.77277716794731,0.02147033386042922,35.89462129527991
MORR_WS_003_01,MORR,Morristown National Historic Park,767956.8183384876,1.5712994753478697,0.01526595258590463,32.601536772777166,0.015712994753477844,32.27222832052689
MORR_WS_004_01,MORR,Morristown National Historic Park,506771.411175278,1.0368601229195662,0.010073936646114744,29.308452250274424,0.010368601229195097,29.088913282107576
MORR_WS_005_01,MORR,Morristown National Historic Park,62719.39114832526,0.12833537863075434,0.0012467774601684976,21.62458836443469,0.0012833537863074734,21.514818880351264
MORR_WS_007_01,MORR,Morristown National Historic Park,419849.2379176873,0.8590533642838165,0.008346040306207132,27.991218441273325,0.008590533642837697,27.661909989023055
MORR_WS_008_01,MORR,Morristown National Historic Park,488468.00046864315,0.999499615506913,0.009710089365466383,28.649835345773877,0.009994996155068585,28.7596048298573
CAVE_WS_001_01,CAVE,Carlsbad Caverns National Park,3306432.466063968,7.027724556028514,0.06572744723412342,53.89681668496158,0.07027724556028131,53.45773874862788
CAVO_WS_001_01,CAVO,Capulin Volcano National Monument,0,0,0,19.538968166849617,0,19.538968166849617
CHCU_WS_001_01,CHCU,Chaco Culture National Historical Park,613901.6222447605,1.3330264561670377,0.012203541701569606,31.174533479692645,0.013330264561669651,31.503841931942922
ELMA_WS_003_01,ELMA,El Malpais National Monument,0,0,0,19.538968166849617,0,19.538968166849617
ELMO_WS_001_01,ELMO,El Morro National Monument,0,0,0,19.538968166849617,0,19.538968166849617
FOUN_WS_001_01,FOUN,Fort Union National Monument,NA,NA,NA,NA,NA,NA
GICL_WS_001_01,GICL,Gila Cliff Dwellings National Monument,0,0,0,19.538968166849617,0,19.538968166849617
PECO_WS_001_01,PECO,Pecos National Historical Park,2424445.3625723044,5.177583785885496,0.048194725365185626,45.88364434687157,0.05177583785885214,46.32272228320527
PECO_WS_002_01,PECO,Pecos National Historical Park,2315654.2608200083,4.947949886333543,0.04603210402833481,45.44456641053787,0.049479498863332735,45.334796926454445
PECO_WS_004_01,PECO,Pecos National Historical Park,1523035.808740564,3.250979082587359,0.030275911207054796,39.62678375411636,0.03250979082587182,39.62678375411636
PECO_WS_003_01,PECO,Pecos National Historical Park,1571833.2297721608,3.3547264979535183,0.0312459385549394,39.95609220636663,0.03354726497953336,39.846322722283205
PECO_WS_005_01,PECO,Pecos National Historical Park,1533420.1764694476,3.27304965947448,0.030482338523797312,39.736553238199775,0.03273049659474302,39.736553238199775
PECO_WS_006_01,PECO,Pecos National Historical Park,1484374.498967852,3.1683719138759647,0.02950737616992065,39.40724478594951,0.03168371913875792,39.40724478594951
SAPU_WS_001_01,SAPU,Salinas Pueblo Missions National Monument,NA,NA,NA,NA,NA,NA
SAPU_WS_003_01,SAPU,Salinas Pueblo Missions National Monument,0,0,0,19.538968166849617,0,19.538968166849617
SAPU_WS_002_01,SAPU,Salinas Pueblo Missions National Monument,NA,NA,NA,NA,NA,NA
VALL_WS_003_01,VALL,Valles Caldera National Preserve,2863192.2977648587,6.1475777816326165,0.05691642657275055,50.82327113062569,0.06147577781632282,51.042810098792536
VALL_WS_001_01,VALL,Valles Caldera National Preserve,2499850.050540259,5.367448588014631,0.04969366952947372,46.76180021953897,0.05367448588014339,46.8715697036224
GRBA_WS_002_01,GRBA,Great Basin National Park,0,0,0,19.538968166849617,0,19.538968166849617
GRBA_WS_003_01,GRBA,Great Basin National Park,0,0,0,19.538968166849617,0,19.538968166849617
GRBA_WS_003_02,GRBA,Great Basin National Park,0,0,0,19.538968166849617,0,19.538968166849617
GRBA_WS_004_01,GRBA,Great Basin National Park,0,0,0,19.538968166849617,0,19.538968166849617
GRBA_WS_005_01,GRBA,Great Basin National Park,0,0,0,19.538968166849617,0,19.538968166849617
ELRO_WS_002_01,ELRO,Eleanor Roosevelt National Historic Site,NA,NA,NA,NA,NA,NA
FIIS_WS_003_01,FIIS,Fire Island National Seashore,35930002.1904525,74.04287773679208,0.7142403019972092,93.96267837541163,0.7404287773678805,93.96267837541163
HOFR_WS_001_01,HOFR,Home of Franklin D. Roosevelt National Historic Site,NA,NA,NA,NA,NA,NA
HOFR_WS_004_01,HOFR,Home of Franklin D. Roosevelt National Historic Site,NA,NA,NA,NA,NA,NA
MAVA_WS_001_01,MAVA,Martin Van Buren National Historic Site,NA,NA,NA,NA,NA,NA
MAVA_WS_002_01,MAVA,Martin Van Buren National Historic Site,NA,NA,NA,NA,NA,NA
MAVA_WS_003_01,MAVA,Martin Van Buren National Historic Site,NA,NA,NA,NA,NA,NA
MAVA_WS_004_01,MAVA,Martin Van Buren National Historic Site,NA,NA,NA,NA,NA,NA
SARA_WS_001_01,SARA,Saratoga National Historical Park,NA,NA,NA,NA,NA,NA
SARA_WS_003_01,SARA,Saratoga National Historical Park,NA,NA,NA,NA,NA,NA
CHYO_WS_001_01,CHYO,Colonel Charles Young Buffalo Soldiers National Monument,2516216.822629406,5.017874737835158,0.05001901902925132,46.981339187705814,0.05017874737834885,45.664105378704726
CUVA_WS_004_01,CUVA,Cuyahoga Valley National Park,3111644.8035220243,6.228122559668535,0.0618553294930269,52.908891328210764,0.062281225596681956,51.15257958287596
CUVA_WS_005_01,CUVA,Cuyahoga Valley National Park,3848914.988675951,7.70380241402408,0.07651127292733613,56.53128430296378,0.07703802414023661,55.32381997804611
CUVA_WS_011_01,CUVA,Cuyahoga Valley National Park,4600425.757418303,9.208807345458007,0.09145030008284581,58.17782656421515,0.09208807345457506,57.62897914379802
CUVA_WS_012_01,CUVA,Cuyahoga Valley National Park,4600425.757418303,9.208807345458007,0.09145030008284581,58.17782656421515,0.09208807345457506,57.62897914379802
CUVA_WS_013_01,CUVA,Cuyahoga Valley National Park,2699498.033396755,5.403332317672667,0.05366240392622387,48.957189901207464,0.05403332317672373,47.09110867178924
CUVA_WS_014_01,CUVA,Cuyahoga Valley National Park,3727216.732346951,7.460503830375977,0.07409207465141573,56.2019758507135,0.07460503830375571,54.665203073545555
CUVA_WS_023_01,CUVA,Cuyahoga Valley National Park,2707869.7790097287,5.420086193964332,0.05382882301195505,49.28649835345774,0.05420086193964037,47.310647639956095
CUVA_WS_028_01,CUVA,Cuyahoga Valley National Park,2910007.8188227033,5.825249604459089,0.05784705640464621,51.15257958287596,0.05825249604458772,49.066959385290886
CUVA_WS_036_01,CUVA,Cuyahoga Valley National Park,2816261.5388836563,5.637207796970331,0.05598350596733029,50.49396267837542,0.056372077969700236,48.62788144895719
CUVA_WS_038_01,CUVA,Cuyahoga Valley National Park,2306097.6772745363,4.615764482963056,0.04584213195203493,45.225027442371015,0.046157644829628044,44.45664105378705
CHYO_WS_001_01,CHYO,Colonel Charles Young Buffalo Soldiers National Monument,2575710.5239622057,5.1365009015197,0.0512016740978937,47.74972557628979,0.0513650090151942,46.10318331503842
CHIC_WS_002_01,CHIC,Chickasaw National Recreation Area,1972583.5945679233,4.004184664135237,0.03921231885349881,42.700329308452254,0.04004184664135019,42.15148188803512
CHIC_WS_003_01,CHIC,Chickasaw National Recreation Area,12456872.26234589,25.29069979410626,0.24762592998012106,82.54665203073546,0.2529069979410488,81.99780461031834
CHIC_WS_006_01,CHIC,Chickasaw National Recreation Area,1987854.076008675,4.035160570301874,0.03951587556407378,42.81009879253567,0.04035160570301654,42.37102085620197
CHIC_WS_007_01,CHIC,Chickasaw National Recreation Area,2000799.4875288964,4.061485450778888,0.03977321299992114,42.9198682766191,0.04061485450778667,42.590559824368825
CRLA_WS_001_01,CRLA,Crater Lake National Park,0,0,0,19.538968166849617,0,19.538968166849617
CRLA_WS_002_01,CRLA,Crater Lake National Park,0,0,0,19.538968166849617,0,19.538968166849617
CRLA_WS_003_01,CRLA,Crater Lake National Park,0,0,0,19.538968166849617,0,19.538968166849617
CRLA_WS_003_02,CRLA,Crater Lake National Park,0,0,0,19.538968166849617,0,19.538968166849617
JODA_WS_001_01,JODA,John Day Fossil Beds National Monument,NA,NA,NA,NA,NA,NA
JODA_WS_002_01,JODA,John Day Fossil Beds National Monument,NA,NA,NA,NA,NA,NA
JODA_WS_003_01,JODA,John Day Fossil Beds National Monument,NA,NA,NA,NA,NA,NA
JODA_WS_004_01,JODA,John Day Fossil Beds National Monument,NA,NA,NA,NA,NA,NA
JODA_WS_005_01,JODA,John Day Fossil Beds National Monument,NA,NA,NA,NA,NA,NA
JODA_WS_006_01,JODA,John Day Fossil Beds National Monument,NA,NA,NA,NA,NA,NA
ORCA_WS_001_01,ORCA,Oregon Caves National Monument,0,0,0,19.538968166849617,0,19.538968166849617
ORCA_WS_002_01,ORCA,Oregon Caves National Monument,0,0,0,19.538968166849617,0,19.538968166849617
ORCA_WS_003_01,ORCA,Oregon Caves National Monument,0,0,0,19.538968166849617,0,19.538968166849617
ALPO_WS_003_01,ALPO,Allegheny Portage Railroad National Historic Site,3740480.730500649,7.544351569710056,0.0743557451626718,56.311745334796925,0.07544351569709645,54.99451152579583
FLNI_WS_001_01,FLNI,Flight 93 National Memorial,NA,NA,NA,NA,NA,NA
FLNI_WS_003_01,FLNI,Flight 93 National Memorial,NA,NA,NA,NA,NA,NA
FLNI_WS_004_01,FLNI,Flight 93 National Memorial,NA,NA,NA,NA,NA,NA
FLNI_WS_005_01,FLNI,Flight 93 National Memorial,NA,NA,NA,NA,NA,NA
GETT_WS_001_01,GETT,Gettysburg National Military Park,NA,NA,NA,NA,NA,NA
GETT_WS_003_01,GETT,Gettysburg National Military Park,NA,NA,NA,NA,NA,NA
GETT_WS_004_01,GETT,Gettysburg National Military Park,NA,NA,NA,NA,NA,NA
GETT_WS_005_01,GETT,Gettysburg National Military Park,NA,NA,NA,NA,NA,NA
GETT_WS_006_01,GETT,Gettysburg National Military Park,NA,NA,NA,NA,NA,NA
GETT_WS_007_01,GETT,Gettysburg National Military Park,NA,NA,NA,NA,NA,NA
GETT_WS_008_01,GETT,Gettysburg National Military Park,NA,NA,NA,NA,NA,NA
GETT_WS_009_01,GETT,Gettysburg National Military Park,NA,NA,NA,NA,NA,NA
HOFU_WS_001_01,HOFU,Hopewell Furnace National Historic Site,NA,NA,NA,NA,NA,NA
HOFU_WS_002_01,HOFU,Hopewell Furnace National Historic Site,NA,NA,NA,NA,NA,NA
HOFU_WS_003_01,HOFU,Hopewell Furnace National Historic Site,NA,NA,NA,NA,NA,NA
HOFU_WS_004_01,HOFU,Hopewell Furnace National Historic Site,NA,NA,NA,NA,NA,NA
HOFU_WS_005_01,HOFU,Hopewell Furnace National Historic Site,NA,NA,NA,NA,NA,NA
JOFL_WS_001_01,JOFL,Johnstown Flood National Memorial,NA,NA,NA,NA,NA,NA
UPDE_WS_001_01,UPDE,Upper Delaware Scenic and Recreation River,NA,NA,NA,NA,NA,NA
UPDE_WS_002_01,UPDE,Upper Delaware Scenic and Recreation River,NA,NA,NA,NA,NA,NA
UPDE_WS_003_01,UPDE,Upper Delaware Scenic and Recreation River,NA,NA,NA,NA,NA,NA
UPDE_WS_004_01,UPDE,Upper Delaware Scenic and Recreation River,NA,NA,NA,NA,NA,NA
UPDE_WS_005_01,UPDE,Upper Delaware Scenic and Recreation River,NA,NA,NA,NA,NA,NA
VAFO_WS_002_01,VAFO,Valley Forge National Historical Park,NA,NA,NA,NA,NA,NA
VAFO_WS_003_01,VAFO,Valley Forge National Historical Park,3008183.776274146,6.133298430717649,0.05979866289571446,52.14050493962679,0.061332984307173155,50.933040614709114
VAFO_WS_004_01,VAFO,Valley Forge National Historical Park,NA,NA,NA,NA,NA,NA
CONG_WS_001_01,CONG,Congaree National Park,30648343.111593746,61.425184757458375,0.6092479962485391,90.99890230515916,0.6142518475745503,90.88913282107573
CONG_WS_002_01,CONG,Congaree National Park,28416020.100795098,56.95174359893629,0.5648724058175476,89.7914379802415,0.5695174359893319,89.57189901207464
CONG_WS_003_01,CONG,Congaree National Park,30648343.111593746,61.425184757458375,0.6092479962485391,90.99890230515916,0.6142518475745503,90.88913282107573
FOSU_WS_002_01,FOSU,Fort Sumter National Monument,32957113.779627454,66.23468193446728,0.6551432636754049,91.76728869374314,0.6623468193446367,91.5477497255763
KIMO_WS_001_01,KIMO,Kings Mountain National Military Park,NA,NA,NA,NA,NA,NA
KIMO_WS_002_01,KIMO,Kings Mountain National Military Park,NA,NA,NA,NA,NA,NA
KIMO_WS_002_02,KIMO,Kings Mountain National Military Park,NA,NA,NA,NA,NA,NA
JECA_WS_001_01,JECA,Jewel Cave National Monument,1267915.408024144,2.6425796914693924,0.02520445946910404,38.41931942919869,0.026425796914692486,38.41931942919869
JECA_WS_001_02,JECA,Jewel Cave National Monument,1344903.7901657848,2.8030988451283188,0.026734885351619955,39.077936333699235,0.02803098845128166,38.748627881448954
MIMI_WS_002_01,MIMI,Minuteman Missile National Historic Site,NA,NA,NA,NA,NA,NA
MORU_WS_001_01,MORU,Mount Rushmore National Memorial,500738.61523821426,1.0413386731555985,0.009954012746051056,29.198682766191,0.010413386731555417,29.198682766191
MORU_WS_002_01,MORU,Mount Rushmore National Memorial,474542.03344665735,0.9868528107896974,0.009433259800061308,28.54006586169045,0.009868528107896438,28.54006586169045
MORU_WS_002_02,MORU,Mount Rushmore National Memorial,538724.9672099592,1.120312113626654,0.010709130526458006,29.857299670691546,0.01120312113626593,30.18660812294182
WICA_WS_001_01,WICA,Wind Cave National Park,1187208.902940904,2.469797014875863,0.023600122284312273,37.87047200878156,0.024697970148757287,37.65093304061471
WICA_WS_001_02,WICA,Wind Cave National Park,1080737.06664676,2.2483095589017967,0.021483604837254217,37.32162458836443,0.022483095589016743,36.223929747530185
BISO_WS_001_01,BISO,Big South Fork National River & Recreation Area,555792.823955152,1.1067816821932808,0.011048416649835168,30.515916575192097,0.011067816821932206,29.857299670691546
BISO_WS_002_01,BISO,Big South Fork National River & Recreation Area,115524.12325770194,0.23004583864839898,0.0022964647830015818,22.941822173435785,0.0023004583864838645,22.941822173435785
STRI_WS_001_01,STRI,Stones River National Battlefield,NA,NA,NA,NA,NA,NA
ALFL_WS_001_01,ALFL,Alibates Flint Quarries National Monument,NA,NA,NA,NA,NA,NA
AMIS_WS_004_01,AMIS,Amistad National Recreation Area,24361998.46141934,50.65293163054273,0.48428388749064416,88.25466520307354,0.5065293163053998,88.14489571899013
AMIS_WS_005_01,AMIS,Amistad National Recreation Area,32126380.89873299,66.80205225174502,0.63862940707768,91.5477497255763,0.6680205225174138,91.65751920965971
AMIS_WS_003_01,AMIS,Amistad National Recreation Area,22007074.46548696,45.75253122205106,0.43747115374463386,87.15697036223929,0.4575253122204857,87.15697036223929
AMIS_WS_002_01,AMIS,Amistad National Recreation Area,3073983.524148378,6.405020740788755,0.06110667372031497,52.46981339187706,0.06405020740788407,51.70142700329309
AMIS_WS_001_01,AMIS,Amistad National Recreation Area,14970355.506004924,31.115667434959448,0.2975906091220831,84.19319429198683,0.31115667434957756,83.86388583973655
BIBE_WS_001_01,BIBE,Big Bend National Park,NA,NA,NA,NA,NA,NA
BIBE_WS_001_02,BIBE,Big Bend National Park,NA,NA,NA,NA,NA,NA
BIBE_WS_001_03,BIBE,Big Bend National Park,NA,NA,NA,NA,NA,NA
BIBE_WS_002_01,BIBE,Big Bend National Park,NA,NA,NA,NA,NA,NA
BIBE_WS_003_01,BIBE,Big Bend National Park,NA,NA,NA,NA,NA,NA
BIBE_WS_006_01,BIBE,Big Bend National Park,NA,NA,NA,NA,NA,NA
BIBE_WS_006_02,BIBE,Big Bend National Park,NA,NA,NA,NA,NA,NA
BIBE_WS_006_03,BIBE,Big Bend National Park,NA,NA,NA,NA,NA,NA
BIBE_WS_007_01,BIBE,Big Bend National Park,NA,NA,NA,NA,NA,NA
BIBE_WS_008_01,BIBE,Big Bend National Park,NA,NA,NA,NA,NA,NA
BITH_WS_002_01,BITH,Big Thicket National Preserve,1007379.4619497865,2.0260299032731544,0.020025353945566798,36.33369923161361,0.020260299032730442,34.79692645444567
BITH_WS_007_01,BITH,Big Thicket National Preserve,8383919.378698864,16.882040638578673,0.16666108388252,73.10647639956093,0.16882040638577753,72.88693743139407
BITH_WS_005_01,BITH,Big Thicket National Preserve,1007379.4619497865,2.0260299032731544,0.020025353945566798,36.33369923161361,0.020260299032730442,34.79692645444567
BITH_WS_001_01,BITH,Big Thicket National Preserve,18146998.760488383,36.49863518540622,0.3607380207307182,85.62019758507134,0.3649863518540424,85.72996706915478
FODA_WS_002_01,FODA,Fort Davis National Historic Site,NA,NA,NA,NA,NA,NA
GUMO_WS_004_01,GUMO,Guadalupe Mountains National Park,0,0,0,19.538968166849617,0,19.538968166849617
GUMO_WS_001_01,GUMO,Guadalupe Mountains National Park,0,0,0,19.538968166849617,0,19.538968166849617
GUMO_WS_002_01,GUMO,Guadalupe Mountains National Park,NA,NA,NA,NA,NA,NA
GUMO_WS_003_01,GUMO,Guadalupe Mountains National Park,NA,NA,NA,NA,NA,NA
LYJO_WS_003_01,LYJO,Lyndon B. Johnson National Historical Park,NA,NA,NA,NA,NA,NA
LYJO_WS_006_01,LYJO,Lyndon B. Johnson National Historical Park,NA,NA,NA,NA,NA,NA
LYJO_WS_001_01,LYJO,Lyndon B. Johnson National Historical Park,NA,NA,NA,NA,NA,NA
LYJO_WS_005_01,LYJO,Lyndon B. Johnson National Historical Park,NA,NA,NA,NA,NA,NA
LYJO_WS_002_01,LYJO,Lyndon B. Johnson National Historical Park,NA,NA,NA,NA,NA,NA
LYJO_WS_002_02,LYJO,Lyndon B. Johnson National Historical Park,NA,NA,NA,NA,NA,NA
ARCH_WS_002_01,ARCH,Arches National Park,3074656.880398783,6.728678291959827,0.061120059140362865,52.57958287596048,0.06728678291959461,52.79912184412733
ARCH_WS_001_01,ARCH,Arches National Park,NA,NA,NA,NA,NA,NA
BRCA_WS_002_01,BRCA,Bryce Canyon National Park,NA,NA,NA,NA,NA,NA
BRCA_WS_002_02,BRCA,Bryce Canyon National Park,NA,NA,NA,NA,NA,NA
BRCA_WS_001_01,BRCA,Bryce Canyon National Park,NA,NA,NA,NA,NA,NA
CANY_WS_002_01,CANY,Canyonlands National Park,NA,NA,NA,NA,NA,NA
CARE_WS_001_01,CARE,Capitol Reef National Park,NA,NA,NA,NA,NA,NA
CARE_WS_001_02,CARE,Capitol Reef National Park,NA,NA,NA,NA,NA,NA
CARE_WS_002_01,CARE,Capitol Reef National Park,NA,NA,NA,NA,NA,NA
CEBR_WS_001_01,CEBR,Cedar Breaks National Monument,NA,NA,NA,NA,NA,NA
GOSP_WS_001_01,GOSP,Golden Spike National Historic Site,0,0,0,19.538968166849617,0,19.538968166849617
NABR_WS_001_01,NABR,Natural Bridges National Monument,NA,NA,NA,NA,NA,NA
NABR_WS_001_02,NABR,Natural Bridges National Monument,NA,NA,NA,NA,NA,NA
TICA_WS_001_01,TICA,Timpanogos Cave National Monument,0,0,0,19.538968166849617,0,19.538968166849617
TICA_WS_001_02,TICA,Timpanogos Cave National Monument,0,0,0,19.538968166849617,0,19.538968166849617
ZION_WS_003_01,ZION,Zion National Park,382210.99924847437,0.8661100157418509,0.007597842551827783,27.552140504939626,0.008661100157418037,27.771679473106474
ZION_WS_003_02,ZION,Zion National Park,25998.032883282085,0.05889409005708081,5.168060597230628e-4,20.30735455543359,5.889409005707761e-4,20.417124039517017
ZION_WS_003_03,ZION,Zion National Park,43110.239135260534,0.09766311863272471,8.569737918725301e-4,20.856201975850713,9.76631186327194e-4,20.856201975850713
ZION_WS_003_04,ZION,Zion National Park,329714.03228919784,0.7471145783865935,0.006554273187813253,26.5642151481888,0.007471145783865528,26.67398463227223
ZION_WS_004_01,ZION,Zion National Park,833696.9634015597,1.8924882511037375,0.016572778586479323,33.260153677277714,0.018924882511036346,33.91877058177827
ZION_WS_005_01,ZION,Zion National Park,0,0,0,19.538968166849617,0,19.538968166849617
ZION_WS_006_01,ZION,Zion National Park,0,0,0,19.538968166849617,0,19.538968166849617
APCO_WS_001_01,APCO,Appomattox Court House National Historical Park,NA,NA,NA,NA,NA,NA
APCO_WS_002_01,APCO,Appomattox Court House National Historical Park,NA,NA,NA,NA,NA,NA
BOWA_WS_001_01,BOWA,Booker T.  Washington National Monument,NA,NA,NA,NA,NA,NA
BOWA_WS_002_01,BOWA,Booker T.  Washington National Monument,NA,NA,NA,NA,NA,NA
BOWA_WS_003_01,BOWA,Booker T.  Washington National Monument,6449496.28309105,12.957416493551527,0.12820734461822242,66.52030735455543,0.12957416493550822,65.64215148188804
CEBE_WS_001_01,CEBE,Cedar Creek and Belle Grove National Historical  Park,4963113.419034459,10.017361639318949,0.09866004484128671,59.49506037321625,0.10017361639318403,59.27552140504939
CEBE_WS_002_01,CEBE,Cedar Creek and Belle Grove National Historical  Park,4963113.419034459,10.017361639318949,0.09866004484128671,59.49506037321625,0.10017361639318403,59.27552140504939
CEBE_WS_003_01,CEBE,Cedar Creek and Belle Grove National Historical  Park,3827478.0171885346,7.725453113101978,0.0760851346569314,56.42151481888035,0.07725453113101557,55.43358946212953
FRSP_WS_001_01,FRSP,Fredericksburg and Spotsylvania County Battlefields Memorial National Military Park,NA,NA,NA,NA,NA,NA
FRSP_WS_002_01,FRSP,Fredericksburg and Spotsylvania County Battlefields Memorial National Military Park,4191999.897022047,8.478402142844311,0.08333134121591851,57.0801317233809,0.0847840214284385,56.2019758507135
FRSP_WS_004_01,FRSP,Fredericksburg and Spotsylvania County Battlefields Memorial National Military Park,13954808.52225748,28.25413928713089,0.2774028957866002,83.64434687156971,0.28254139287129354,83.09549945115258
FRSP_WS_005_01,FRSP,Fredericksburg and Spotsylvania County Battlefields Memorial National Military Park,4227584.00924842,8.553044661342769,0.08403870568887757,57.189901207464324,0.08553044661342303,56.53128430296378
GEWA_WS_001_01,GEWA,George Washington Birthplace National Monument,19859064.03754018,40.28595572172925,0.3947715844927974,86.60812294182217,0.40285955721727057,86.49835345773876
MANA_WS_001_01,MANA,Manassas National Battlefield Park,2612058.7617715583,5.285347097473872,0.051924228363613094,48.298572996706916,0.05285347097473585,46.65203073545554
MANA_WS_003_01,MANA,Manassas National Battlefield Park,2149383.828852928,4.349112761031475,0.042726870621671374,44.01756311745334,0.04349112761031238,43.90779363336993
MANA_WS_004_01,MANA,Manassas National Battlefield Park,3344656.1229599114,6.7681562161741855,0.06648728231846558,54.22612513721185,0.06768156216173817,53.018660812294186
MANA_WS_005_01,MANA,Manassas National Battlefield Park,NA,NA,NA,NA,NA,NA
MANA_WS_006_01,MANA,Manassas National Battlefield Park,NA,NA,NA,NA,NA,NA
MANA_WS_008_01,MANA,Manassas National Battlefield Park,2052325.6328564303,4.1530035077831,0.040797483730671866,43.3589462129528,0.041530035077828736,43.02963776070253
MANA_WS_009_01,MANA,Manassas National Battlefield Park,2136663.8209980857,4.323382982374982,0.04247401390868004,43.90779363336993,0.04323382982374747,43.688254665203075
MANA_WS_010_01,MANA,Manassas National Battlefield Park,NA,NA,NA,NA,NA,NA
PETE_WS_001_01,PETE,Petersburg National Battlefield,NA,NA,NA,NA,NA,NA
PETE_WS_002_01,PETE,Petersburg National Battlefield,NA,NA,NA,NA,NA,NA
PETE_WS_005_01,PETE,Petersburg National Battlefield,NA,NA,NA,NA,NA,NA
PRWI_WS_003_01,PRWI,Prince William Forest Park,2085593.4037905089,4.223645993247735,0.04145880244233741,43.7980241492865,0.04223645993247505,43.13940724478595
RICH_WS_002_01,RICH,Richmond National Battlefield Park,7537590.083031266,15.267785393758384,0.14983719145628083,70.03293084522502,0.15267785393757552,68.6059275521405
RICH_WS_003_01,RICH,Richmond National Battlefield Park,8125447.885991513,16.458344725169546,0.16152301692581875,72.00878155872668,0.1645834472516865,70.25246981339188
RICH_WS_004_01,RICH,Richmond National Battlefield Park,7627197.459137144,15.449414327900968,0.15161846603098839,70.3622392974753,0.15449414327900127,69.26454445664105
RICH_WS_006_01,RICH,Richmond National Battlefield Park,6321315.699045338,12.803027431194982,0.1256592863527733,65.97145993413831,0.12803027431194286,64.43468715697036
RICH_WS_007_01,RICH,Richmond National Battlefield Park,NA,NA,NA,NA,NA,NA
SHEN_WS_001_01,SHEN,Shenandoah National Park,104587.83093681079,0.21102155150478857,0.0020790659448774174,22.722283205268933,0.002110215515047771,22.722283205268933
SHEN_WS_001_02,SHEN,Shenandoah National Park,104587.83093681079,0.21102155150478857,0.0020790659448774174,22.722283205268933,0.002110215515047771,22.722283205268933
SHEN_WS_001_03,SHEN,Shenandoah National Park,379747.9240110105,0.7662403482664899,0.007548879916308782,27.332601536772778,0.007662403482664482,27.0032930845225
SHEN_WS_001_04,SHEN,Shenandoah National Park,380721.2715978393,0.7682032951827806,0.007568228762175248,27.442371020856204,0.007682032951827388,27.113062568605926
SHEN_WS_001_05,SHEN,Shenandoah National Park,376581.7906436871,0.7598521900966162,0.007485941427175001,27.22283205268935,0.007598521900965749,26.893523600439078
SHEN_WS_001_06,SHEN,Shenandoah National Park,83302.07292734945,0.16805911735410384,0.0016559335958079525,22.283205268935234,0.001680591173540947,22.283205268935234
SHEN_WS_002_01,SHEN,Shenandoah National Park,466330.42111188814,0.9409586002554439,0.00927002394934299,28.43029637760702,0.009409586002553927,28.43029637760702
SHEN_WS_003_01,SHEN,Shenandoah National Park,0,0,0,19.538968166849617,0,19.538968166849617
SHEN_WS_004_01,SHEN,Shenandoah National Park,83302.07292734945,0.16805911735410384,0.0016559335958079525,22.283205268935234,0.001680591173540947,22.283205268935234
SHEN_WS_005_01,SHEN,Shenandoah National Park,224585.80739734898,0.4532997514437673,0.004464464935167582,25.356750823271128,0.004532997514437426,25.027442371020857
SHEN_WS_006_01,SHEN,Shenandoah National Park,227128.1837114531,0.4582165449883569,0.004515003969837021,25.466520307354557,0.00458216544988332,25.13721185510428
SHEN_WS_007_01,SHEN,Shenandoah National Park,180792.089193418,0.36453743876817335,0.003593904495183306,24.36882546652031,0.003645374387681535,24.259055982436884
SHEN_WS_007_02,SHEN,Shenandoah National Park,173157.69508880388,0.3491433608718495,0.003442142969482808,24.149286498353458,0.003491433608718305,24.149286498353458
SHEN_WS_008_01,SHEN,Shenandoah National Park,1016866.0746009225,2.052094344203933,0.020213935094239213,36.553238199780466,0.020520943442038215,35.236004390779364
SHEN_WS_008_02,SHEN,Shenandoah National Park,872086.9371105772,1.7599351495596427,0.017335919826222405,34.13830954994512,0.01759935149559547,33.04061470911087
SHEN_WS_009_02,SHEN,Shenandoah National Park,49373.506563262636,0.09966005388537323,9.814791563741282e-4,21.07574094401756,9.96600538853678e-4,21.07574094401756
SHEN_WS_010_01,SHEN,Shenandoah National Park,240341.02450115568,0.48507182146074757,0.004777657541241085,25.686059275521405,0.004850718214607212,25.57628979143798
SHEN_WS_011_01,SHEN,Shenandoah National Park,1026004.1522609404,2.0675579978955145,0.020395587834279943,36.66300768386389,0.02067557997895402,35.34577387486279
SHEN_WS_012_01,SHEN,Shenandoah National Park,521068.2180338344,1.0507672371166241,0.010358138010593494,29.747530186608124,0.010507672371165669,29.308452250274424
SHEN_WS_013_01,SHEN,Shenandoah National Park,83302.07292734945,0.16805911735410384,0.0016559335958079525,22.283205268935234,0.001680591173540947,22.283205268935234
SHEN_WS_013_02,SHEN,Shenandoah National Park,155552.17868175352,0.313905433031907,0.003092168892422221,23.929747530186606,0.003139054330318899,23.81997804610318
SHEN_WS_013_03,SHEN,Shenandoah National Park,135763.64394896835,0.27397467823331273,0.0026987993360078205,23.380900109769485,0.0027397467823329783,23.161361141602637
SHEN_WS_013_04,SHEN,Shenandoah National Park,157109.14320961648,0.3170477146801372,0.00312311926110534,24.039517014270036,0.0031704771468011993,23.929747530186606
SHEN_WS_013_05,SHEN,Shenandoah National Park,140080.92702667214,0.2826839835802149,0.002784621138992458,23.600439077936333,0.002826839835801995,23.380900109769485
SHEN_WS_014_01,SHEN,Shenandoah National Park,422693.7164886757,0.8526562815516336,0.008402584728965537,28.210757409440173,0.008526562815515872,27.552140504939626
SHEN_WS_015_01,SHEN,Shenandoah National Park,551067.26240041235,1.1115055918413022,0.010954478817767335,30.29637760702525,0.011115055918412416,29.967069154774972
SHEN_WS_016_01,SHEN,Shenandoah National Park,397972.61237872695,0.8032474553822836,0.007911162302337182,27.771679473106474,0.008032474553822399,27.332601536772778
SHEN_WS_017_01,SHEN,Shenandoah National Park,314484.1212439763,0.6346665709490856,0.006251522962342346,26.344676180021953,0.006346665709490511,26.015367727771682
MABI_WS_001_01,MABI,Marsh-Billings-Rockefeller National Historical Park,2919320.185581251,6.014500321792516,0.0580321737784409,51.26234906695939,0.06014500321792189,49.61580680570801
EBLA_WS_001_01,EBLA,Ebey's Landing National Historical Reserve,20949791.885844477,49.254269358767964,0.4164537926830501,86.82766190998902,0.49254269358765285,88.03512623490668
EBLA_WS_002_01,EBLA,Ebey's Landing National Historical Reserve,12453217.274906827,29.269912842145146,0.24755327372704225,82.43688254665203,0.29269912842143553,83.42480790340285
EBLA_WS_003_01,EBLA,Ebey's Landing National Historical Reserve,9615961.173951123,22.60137416023872,0.19115242399571344,76.72886937431394,0.2260137416023749,78.15587266739847
LARO_WS_001_01,LARO,Lake Roosevelt National Recreation Area,NA,NA,NA,NA,NA,NA
LARO_WS_002_01,LARO,Lake Roosevelt National Recreation Area,NA,NA,NA,NA,NA,NA
LARO_WS_003_01,LARO,Lake Roosevelt National Recreation Area,NA,NA,NA,NA,NA,NA
LARO_WS_004_01,LARO,Lake Roosevelt National Recreation Area,NA,NA,NA,NA,NA,NA
LARO_WS_005_01,LARO,Lake Roosevelt National Recreation Area,NA,NA,NA,NA,NA,NA
LARO_WS_005_02,LARO,Lake Roosevelt National Recreation Area,NA,NA,NA,NA,NA,NA
LARO_WS_005_03,LARO,Lake Roosevelt National Recreation Area,NA,NA,NA,NA,NA,NA
LARO_WS_006_01,LARO,Lake Roosevelt National Recreation Area,NA,NA,NA,NA,NA,NA
LARO_WS_007_01,LARO,Lake Roosevelt National Recreation Area,25023.76589621374,0.05656125402163509,4.974389374117117e-4,20.197585071350165,5.656125402163201e-4,20.30735455543359
LARO_WS_008_01,LARO,Lake Roosevelt National Recreation Area,NA,NA,NA,NA,NA,NA
LARO_WS_009_01,LARO,Lake Roosevelt National Recreation Area,NA,NA,NA,NA,NA,NA
LARO_WS_010_01,LARO,Lake Roosevelt National Recreation Area,72278.15133220467,0.16322900898519896,0.001436792805123503,21.844127332601538,0.0016322900898519007,21.953896816684964
LARO_WS_012_01,LARO,Lake Roosevelt National Recreation Area,NA,NA,NA,NA,NA,NA
LARO_WS_014_01,LARO,Lake Roosevelt National Recreation Area,21888.717580269156,0.049455191785908535,4.351183774493996e-4,19.978046103183313,4.945519178590585e-4,20.08781558726674
LARO_WS_015_01,LARO,Lake Roosevelt National Recreation Area,0,0,0,19.538968166849617,0,19.538968166849617
LARO_WS_016_01,LARO,Lake Roosevelt National Recreation Area,NA,NA,NA,NA,NA,NA
LARO_WS_017_01,LARO,Lake Roosevelt National Recreation Area,NA,NA,NA,NA,NA,NA
LARO_WS_018_01,LARO,Lake Roosevelt National Recreation Area,NA,NA,NA,NA,NA,NA
LARO_WS_020_01,LARO,Lake Roosevelt National Recreation Area,392742.80130619265,0.8961377447194327,0.00780720066548463,27.661909989023055,0.00896137744719384,28.210757409440173
MORA_WS_001_01,MORA,Mount Rainier National Park,58099.575731382785,0.13656045684665466,0.0011549417196339436,21.405049396267835,0.0013656045684664723,21.62458836443469
MORA_WS_002_01,MORA,Mount Rainier National Park,2220948.768861891,5.228824597708803,0.04414948574129963,44.78594950603732,0.05228824597708518,46.54226125137212
MORA_WS_003_01,MORA,Mount Rainier National Park,0,0,0,19.538968166849617,0,19.538968166849617
MORA_WS_004_01,MORA,Mount Rainier National Park,2451115.7314056456,5.772224957107035,0.04872489656275278,46.32272228320527,0.05772224957106721,48.957189901207464
MORA_WS_005_01,MORA,Mount Rainier National Park,0,0,0,19.538968166849617,0,19.538968166849617
MORA_WS_006_01,MORA,Mount Rainier National Park,4090359.7588034193,9.642650928132952,0.08131087145275215,56.86059275521404,0.09642650928132426,58.17782656421515
MORA_WS_007_01,MORA,Mount Rainier National Park,NA,NA,NA,NA,NA,NA
MORA_WS_008_01,MORA,Mount Rainier National Park,697518.9629416208,1.641023226257245,0.013865742398217461,32.05268935236004,0.01641023226257156,32.491767288693744
MORA_WS_009_01,MORA,Mount Rainier National Park,336854.07691950427,0.791377992068186,0.006696207708328777,26.783754116355652,0.00791377992068143,27.22283205268935
MORA_WS_010_01,MORA,Mount Rainier National Park,2710175.5530771576,6.40017748030018,0.05387465871097695,49.39626783754116,0.06400177480299832,51.48188803512623
MORA_WS_011_01,MORA,Mount Rainier National Park,2544136.082597153,5.9874365193101,0.050574016509218105,47.42041712403952,0.05987436519309774,49.50603732162459
MORA_WS_012_01,MORA,Mount Rainier National Park,NA,NA,NA,NA,NA,NA
MORA_WS_013_01,MORA,Mount Rainier National Park,1063399.8268771744,2.4959884641245726,0.021138963740290485,37.102085620197585,0.024959884641244368,37.87047200878156
NOCA_WS_001_01,NOCA,North Cascades National Park,NA,NA,NA,NA,NA,NA
NOCA_WS_002_01,NOCA,North Cascades National Park,NA,NA,NA,NA,NA,NA
NOCA_WS_003_01,NOCA,North Cascades National Park,NA,NA,NA,NA,NA,NA
NOCA_WS_004_01,NOCA,North Cascades National Park,0,0,0,19.538968166849617,0,19.538968166849617
NOCA_WS_005_01,NOCA,North Cascades National Park,NA,NA,NA,NA,NA,NA
NOCA_WS_006_01,NOCA,North Cascades National Park,7207464.404135227,16.80902091368736,0.1432747352854767,68.93523600439077,0.16809020913686445,72.66739846322722
NOCA_WS_007_01,NOCA,North Cascades National Park,0,0,0,19.538968166849617,0,19.538968166849617
NOCA_WS_008_01,NOCA,North Cascades National Park,0,0,0,19.538968166849617,0,19.538968166849617
NOCA_WS_009_01,NOCA,North Cascades National Park,NA,NA,NA,NA,NA,NA
NOCA_WS_010_01,NOCA,North Cascades National Park,0,0,0,19.538968166849617,0,19.538968166849617
NOCA_WS_011_01,NOCA,North Cascades National Park,NA,NA,NA,NA,NA,NA
NOCA_WS_013_01,NOCA,North Cascades National Park,NA,NA,NA,NA,NA,NA
NOCA_WS_014_01,NOCA,North Cascades National Park,0,0,0,19.538968166849617,0,19.538968166849617
NOCA_WS_015_01,NOCA,North Cascades National Park,NA,NA,NA,NA,NA,NA
NOCA_WS_015_01,NOCA,North Cascades National Park,NA,NA,NA,NA,NA,NA
NOCA_WS_016_01,NOCA,North Cascades National Park,NA,NA,NA,NA,NA,NA
NOCA_WS_017_01,NOCA,North Cascades National Park,0,0,0,19.538968166849617,0,19.538968166849617
NOCA_WS_019_01,NOCA,North Cascades National Park,NA,NA,NA,NA,NA,NA
OLYM_WS_001_01,OLYM,Olympic National Park,0,0,0,19.538968166849617,0,19.538968166849617
OLYM_WS_002_01,OLYM,Olympic National Park,0,0,0,19.538968166849617,0,19.538968166849617
OLYM_WS_004_01,OLYM,Olympic National Park,0,0,0,19.538968166849617,0,19.538968166849617
OLYM_WS_005_01,OLYM,Olympic National Park,9303816.22949357,22.100537688738804,0.1849474007336913,76.28979143798024,0.221005376887376,77.71679473106477
OLYM_WS_006_01,OLYM,Olympic National Park,9303816.22949357,22.100537688738804,0.1849474007336913,76.28979143798024,0.221005376887376,77.71679473106477
OLYM_WS_007_01,OLYM,Olympic National Park,0,0,0,19.538968166849617,0,19.538968166849617
OLYM_WS_008_01,OLYM,Olympic National Park,9303816.22949357,22.100537688738804,0.1849474007336913,76.28979143798024,0.221005376887376,77.71679473106477
OLYM_WS_009_01,OLYM,Olympic National Park,0,0,0,19.538968166849617,0,19.538968166849617
OLYM_WS_010_01,OLYM,Olympic National Park,2784465.387735658,6.605801078844618,0.05535144108523212,50.27442371020856,0.06605801078844259,52.46981339187706
OLYM_WS_011_01,OLYM,Olympic National Park,2510621.37212422,5.955649308864206,0.049907788970387126,46.8715697036224,0.05955649308863882,49.28649835345774
OLYM_WS_012_01,OLYM,Olympic National Park,29023.920918730655,0.06874677912864388,5.769566595697507e-4,20.52689352360044,6.874677912864014e-4,20.636663007683865
OLYM_WS_013_01,OLYM,Olympic National Park,134769.12319144025,0.32109041284278017,0.0026790295958771583,23.27113062568606,0.003210904128427627,24.039517014270036
OLYM_WS_014_01,OLYM,Olympic National Park,0,0,0,19.538968166849617,0,19.538968166849617
OLYM_WS_015_01,OLYM,Olympic National Park,18621474.097093537,44.62353668727714,0.3701699546869356,85.94950603732163,0.4462353668727471,86.82766190998902
OLYM_WS_015_02,OLYM,Olympic National Park,2784465.387735658,6.605801078844618,0.05535144108523212,50.27442371020856,0.06605801078844259,52.46981339187706
OLYM_WS_016_01,OLYM,Olympic National Park,11403453.011218417,27.094485335664825,0.22668536671305592,79.03402854006586,0.2709448533566335,82.65642151481887
OLYM_WS_016_02,OLYM,Olympic National Park,11249131.01057759,26.726513780718168,0.22361765211180806,78.59495060373216,0.26726513780716715,82.54665203073546
OLYM_WS_017_01,OLYM,Olympic National Park,3016472.9816112686,7.174358412602998,0.059963441191354994,52.25027442371021,0.07174358412602608,54.006586169045
OLYM_WS_018_01,OLYM,Olympic National Park,9303816.22949357,22.100537688738804,0.1849474007336913,76.28979143798024,0.221005376887376,77.71679473106477
OLYM_WS_019_01,OLYM,Olympic National Park,7023115.970385617,16.805484984072805,0.13961013542555736,68.49615806805708,0.16805484984071892,72.5576289791438
OLYM_WS_020_01,OLYM,Olympic National Park,14781978.8080209,35.41585468008988,0.2938459327665359,83.86388583973655,0.3541585468008795,85.07135016465422
OLYM_WS_021_01,OLYM,Olympic National Park,0,0,0,19.538968166849617,0,19.538968166849617
OLYM_WS_022_01,OLYM,Olympic National Park,0,0,0,19.538968166849617,0,19.538968166849617
OLYM_WS_023_01,OLYM,Olympic National Park,1060282.8601353792,2.5223655486899763,0.021077002617795295,36.99231613611416,0.02522365548689839,37.980241492864984
OLYM_WS_024_01,OLYM,Olympic National Park,2830632.8291706964,6.723534567772961,0.05626918796256915,50.713501646542255,0.06723534567772595,52.689352360043905
SAJH_WS_001_01,SAJH,San Juan Island National Historical Park,27995142.346443724,65.87897835044116,0.5565059199827176,89.68166849615807,0.6587897835043758,91.43798024149287
SAJH_WS_002_01,SAJH,San Juan Island National Historical Park,12244617.481338017,28.820953418604294,0.24340658932759812,82.21734357848518,0.28820953418602724,83.205268935236
SAJH_WS_003_01,SAJH,San Juan Island National Historical Park,12739390.989404984,29.984788719169202,0.25324202373555577,82.87596048298573,0.2998478871916757,83.64434687156971
WHMI_WS_001_01,WHMI,Whitman Mission National Historic Site,NA,NA,NA,NA,NA,NA
APIS_WS_001_01,APIS,Apostle Islands National Lakeshore,732247.329836612,1.463089249222751,0.01455609580057655,32.27222832052689,0.014630892492226714,31.94291986827662
APIS_WS_002_01,APIS,Apostle Islands National Lakeshore,NA,NA,NA,NA,NA,NA
APIS_WS_003_01,APIS,Apostle Islands National Lakeshore,1494226.3034707147,2.9860501014470553,0.02970321684329561,39.51701427003293,0.029860501014468927,38.96816684961581
APIS_WS_004_01,APIS,Apostle Islands National Lakeshore,NA,NA,NA,NA,NA,NA
APIS_WS_005_01,APIS,Apostle Islands National Lakeshore,999538.7467319112,1.9978071789214447,0.019869491032578235,35.34577387486279,0.019978071789213358,34.577387486278816
APIS_WS_006_01,APIS,Apostle Islands National Lakeshore,NA,NA,NA,NA,NA,NA
APIS_WS_007_01,APIS,Apostle Islands National Lakeshore,798721.5586071123,1.5959174478314606,0.01587751440167783,32.93084522502745,0.01595917447831374,32.38199780461032
APIS_WS_008_01,APIS,Apostle Islands National Lakeshore,NA,NA,NA,NA,NA,NA
APIS_WS_009_01,APIS,Apostle Islands National Lakeshore,1231004.7173044914,2.4598104344160334,0.024470724393141935,38.199780461031835,0.024598104344158996,37.54116355653128
APIS_WS_010_01,APIS,Apostle Islands National Lakeshore,1231004.7173044914,2.4598104344160334,0.024470724393141935,38.199780461031835,0.024598104344158996,37.54116355653128
APIS_WS_011_01,APIS,Apostle Islands National Lakeshore,1231004.7173044914,2.4598104344160334,0.024470724393141935,38.199780461031835,0.024598104344158996,37.54116355653128
APIS_WS_012_01,APIS,Apostle Islands National Lakeshore,NA,NA,NA,NA,NA,NA
APIS_WS_013_01,APIS,Apostle Islands National Lakeshore,2216138.7249203906,4.428964100834026,0.04405386851257845,44.45664105378705,0.04428964100833785,44.12733260153677
APIS_WS_014_01,APIS,Apostle Islands National Lakeshore,NA,NA,NA,NA,NA,NA
APIS_WS_015_01,APIS,Apostle Islands National Lakeshore,NA,NA,NA,NA,NA,NA
IATR_WS_001_01,IATR,Ice Age National Scenic Trail,1279905.3843984604,2.552778551981461,0.02544280413441015,38.63885839736553,0.02552778551981322,38.199780461031835
NERI_WS_001_01,NERI,New River Gorge National Park and Preserve,1911063.475594921,3.828287670034288,0.03798938131730636,42.15148188803512,0.0382828767003408,41.49286498353458
NERI_WS_003_01,NERI,New River Gorge National Park and Preserve,2185861.4715859466,4.378832052782595,0.04345199728388741,44.2371020856202,0.04378832052782357,44.01756311745334
NERI_WS_004_01,NERI,New River Gorge National Park and Preserve,0,0,0,19.538968166849617,0,19.538968166849617
NERI_WS_005_01,NERI,New River Gorge National Park and Preserve,2689701.205837927,5.39031099594411,0.05346765612083434,48.62788144895719,0.053903109959438165,46.981339187705814
NERI_WS_006_01,NERI,New River Gorge National Park and Preserve,2058271.6677011303,4.123207994124342,0.04091568293646799,43.468715697036224,0.04123207994124117,42.81009879253567
DETO_WS_002_01,DETO,Devils Tower National Monument,NA,NA,NA,NA,NA,NA
DETO_WS_001_01,DETO,Devils Tower National Monument,NA,NA,NA,NA,NA,NA
FOBU_WS_001_01,FOBU,Fossil Butte National Monument,0,0,0,19.538968166849617,0,19.538968166849617
FOLA_WS_001_01,FOLA,Fort Laramie National Historic Site,NA,NA,NA,NA,NA,NA
FOLA_WS_003_01,FOLA,Fort Laramie National Historic Site,NA,NA,NA,NA,NA,NA
FOLA_WS_002_01,FOLA,Fort Laramie National Historic Site,NA,NA,NA,NA,NA,NA
GRTE_WS_001_01,GRTE,Grand Teton National Park,8725887.478454947,18.998399815433288,0.1734589515127118,74.97255762897915,0.18998399815432254,75.52140504939628
GRTE_WS_025_01,GRTE,Grand Teton National Park,22489744.43729089,48.904650259836764,0.44706598606885317,87.596048298573,0.48904650259834104,87.92535675082327
GRTE_WS_025_02,GRTE,Grand Teton National Park,22489744.43729089,48.904650259836764,0.44706598606885317,87.596048298573,0.48904650259834104,87.92535675082327
GRTE_WS_022_01,GRTE,Grand Teton National Park,14829483.862855125,32.247445391938676,0.2947902696060201,83.97365532381997,0.3224744539193692,84.30296377607024
GRTE_WS_005_01,GRTE,Grand Teton National Park,3414381.5723814233,7.43477832713873,0.06787333082989443,54.88474204171241,0.07434778327138325,54.55543358946213
GRTE_WS_034_01,GRTE,Grand Teton National Park,1949356.1699566278,4.243632501261888,0.03875058877396663,42.26125137211855,0.04243632501261657,43.3589462129528
GRTE_WS_026_01,GRTE,Grand Teton National Park,4719389.548528381,10.275756003843256,0.09381514085404324,58.61690450054885,0.10275756003842697,59.49506037321625
GRTE_WS_008_01,GRTE,Grand Teton National Park,8011238.3292638175,17.441119795787266,0.15925268396408482,71.78924259055982,0.17441119795786317,74.09440175631174
GRTE_WS_017_01,GRTE,Grand Teton National Park,7196178.351208346,15.663494150281709,0.14305038367513936,68.82546652030736,0.15663494150280857,69.59385290889134
GRTE_WS_029_01,GRTE,Grand Teton National Park,1633658.9262660262,3.555132008579172,0.03247495056281231,40.50493962678375,0.03555132008578978,40.50493962678375
GRTE_WS_021_01,GRTE,Grand Teton National Park,1606183.692844374,3.495377444331592,0.03192877973564384,40.39517014270033,0.03495377444331402,40.17563117453348
GRTE_WS_028_01,GRTE,Grand Teton National Park,1594641.7072424232,3.470293161573151,0.03169934052664275,40.17563117453348,0.03470293161572962,40.065861690450056
GRTE_WS_016_01,GRTE,Grand Teton National Park,16597889.360823814,36.09957441393144,0.32994380147132873,85.07135016465422,0.36099574413929475,85.51042810098792
GRTE_WS_030_01,GRTE,Grand Teton National Park,21182568.188476827,46.06250059585892,0.4210810736892868,87.04720087815588,0.46062500595856415,87.26673984632272
GRTE_WS_032_01,GRTE,Grand Teton National Park,8459433.457229057,18.4298689782866,0.16816220258461623,74.20417124039517,0.18429868978285596,74.86278814489572
GRTE_WS_031_01,GRTE,Grand Teton National Park,5355040.05190338,11.658552797424889,0.10645102117179837,61.031833150384195,0.11658552797424254,61.690450054884735
GRTE_WS_006_01,GRTE,Grand Teton National Park,1138797.6583691225,2.478081744522031,0.02263777160702236,37.76070252469814,0.024780817445218963,37.76070252469814
GRTE_WS_019_01,GRTE,Grand Teton National Park,8764780.410153227,19.085456439025076,0.17423209088338285,75.08232711306256,0.19085456439024037,75.6311745334797
GRTE_WS_009_01,GRTE,Grand Teton National Park,7689984.852764599,16.710552108154676,0.15286659528932747,70.69154774972559,0.16710552108153767,71.02085620197585
GRTE_WS_009_02,GRTE,Grand Teton National Park,7689984.852764599,16.710552108154676,0.15286659528932747,70.69154774972559,0.16710552108153767,71.02085620197585
GRTE_WS_035_01,GRTE,Grand Teton National Park,4403213.580822255,9.584324409865236,0.0875299862508885,57.5192096597146,0.09584324409864714,58.068057080131716
GRTE_WS_015_01,GRTE,Grand Teton National Park,3614266.8482753974,7.874172938481247,0.07184678229428772,55.87266739846323,0.07874172938480818,55.65312843029637
GRTE_WS_020_01,GRTE,Grand Teton National Park,3373215.8988053445,7.332938186730193,0.06705501239587246,54.55543358946213,0.07332938186729794,54.335894621295274
GRTE_WS_020_02,GRTE,Grand Teton National Park,3274255.305570637,7.117799426357559,0.06508780839674322,53.787047200878156,0.07117799426357171,53.89681668496158
GRTE_WS_020_03,GRTE,Grand Teton National Park,3342569.372915007,7.2662894173201185,0.06644580052354765,54.11635565312844,0.07266289417319723,54.22612513721185
GRTE_WS_033_01,GRTE,Grand Teton National Park,8950230.359915897,19.45638637679813,0.17791858740575303,75.41163556531284,0.1945638637679707,75.74094401756312
GRTE_WS_018_01,GRTE,Grand Teton National Park,7700358.984100395,16.762415830711344,0.15307281912029083,70.801317233809,0.1676241583071043,72.1185510428101
GRTE_WS_011_01,GRTE,Grand Teton National Park,781624.965674697,1.70065770345426,0.015537657041401452,32.711306256860595,0.017006577034541673,32.93084522502745
GRTE_WS_004_01,GRTE,Grand Teton National Park,4547068.799987534,9.90487920427049,0.09038963526053385,57.738748627881456,0.09904879204269951,58.94621295279913
GRTE_WS_024_01,GRTE,Grand Teton National Park,16229372.795712838,35.29246994417604,0.3226181859213865,84.74204171240395,0.3529246994417412,84.9615806805708
GRTE_WS_012_01,GRTE,Grand Teton National Park,16329615.945532097,35.51055100575338,0.32461088542695693,84.85181119648738,0.35510551005751445,85.29088913282108
GRTE_WS_012_02,GRTE,Grand Teton National Park,16229372.795712838,35.29246994417604,0.3226181859213865,84.74204171240395,0.3529246994417412,84.9615806805708
GRTE_WS_027_01,GRTE,Grand Teton National Park,5276640.707031156,11.487162165889316,0.10489254724070576,60.70252469813392,0.11487162165888691,61.47091108671789
GRTE_WS_013_01,GRTE,Grand Teton National Park,3516666.6556728967,7.661396494318026,0.06990662123696612,55.54335894621295,0.0766139649431761,55.10428100987925
GRTE_WS_007_01,GRTE,Grand Teton National Park,3451068.9021752723,7.518439862677548,0.06860262578992626,54.99451152579583,0.07518439862677138,54.88474204171241
GRTE_WS_023_01,GRTE,Grand Teton National Park,7890713.516024031,17.157291519664728,0.15685681216451622,71.45993413830955,0.17157291519663795,73.32601536772778
GRTE_WS_010_01,GRTE,Grand Teton National Park,950751.2939499962,2.068329067761141,0.018899661840141142,35.12623490669594,0.020683290677610284,35.455543358946215
GRTE_WS_014_01,GRTE,Grand Teton National Park,7622352.324004648,16.604629150303747,0.15152215123640786,70.25246981339188,0.16604629150302844,70.58177826564214
GRTE_WS_002_01,GRTE,Grand Teton National Park,12759266.808871966,27.768003568261257,0.25363712839553576,82.98572996706916,0.27768003568259747,82.87596048298573
JODR_WS_001_01,JODR,"John D. Rockefeller, Jr. Memorial Parkway",3076764.8960391153,6.688336253540475,0.061161963666824755,52.689352360043905,0.06688336253540111,52.57958287596048
JODR_WS_001_02,JODR,"John D. Rockefeller, Jr. Memorial Parkway",3216600.739081188,6.992463588677973,0.06394171286458418,53.238199780461024,0.06992463588677593,53.34796926454446
