wsd_source_id,park_unit,park_name,raw_runoff_change_p10,raw_runoff_change_p50,raw_runoff_change_p90,raw_models_showing_decrease_pct,norm_runoff_change_p10,rank_runoff_change_p10,norm_runoff_change_p50,rank_runoff_change_p50,norm_runoff_change_p90,rank_runoff_change_p90,norm_models_showing_decrease_pct,rank_models_showing_decrease_pct
ABLI_WS_002_01,ABLI,Abraham Lincoln Birthplace National Historical Park,-14.231943157087143,-1.6222772973371373,11.544086927350666,62.5,0.7465959458196076,63.77607025246982,0.7538815149033852,78.92425905598243,0.5107646865366032,74.97255762897915,0.625,29.637760702524695
ACAD_WS_001_01,ACAD,Acadia National Park,-13.112349029437018,-1.9829419447174783,4.279110121225195,66.66666666666667,0.7613940984566017,72.5576289791438,0.7490425757394519,77.49725576289791,0.430840998976615,43.688254665203075,0.6666666666666667,35.455543358946215
ACAD_WS_004_01,ACAD,Acadia National Park,-14.066446989871562,-3.0249292274296664,3.684496104065514,77.77777777777777,0.7487833791785463,64.32491767288694,0.7350625166811015,69.37431394072448,0.4242995128584226,41.712403951701425,0.7777777777777777,54.55543358946213
ACAD_WS_005_01,ACAD,Acadia National Park,-14.888271130371077,-4.005300995511893,3.4076991874285727,81.94444444444444,0.7379209793395943,58.94621295279913,0.7219091361703004,65.09330406147092,0.4212544060572272,39.846322722283205,0.8194444444444444,61.361141602634476
ACAD_WS_007_01,ACAD,Acadia National Park,-13.670696016474587,-2.9239697104049207,3.842595993818486,77.77777777777777,0.7540141884208734,66.30076838638858,0.736417062973485,70.03293084522502,0.4260388062559226,42.041712403951706,0.7777777777777777,54.55543358946213
ACAD_WS_008_01,ACAD,Acadia National Park,-14.888271130371077,-4.005300995511893,3.4076991874285727,81.94444444444444,0.7379209793395943,58.94621295279913,0.7219091361703004,65.09330406147092,0.4212544060572272,39.846322722283205,0.8194444444444444,61.361141602634476
ACAD_WS_010_01,ACAD,Acadia National Park,-14.23429561590023,-3.033427935641907,4.619535848445981,75,0.7465648523691076,63.666300768386385,0.7349484918319521,69.26454445664105,0.4345861010169732,48.298572996706916,0.75,50.49396267837542
ACAD_WS_012_01,ACAD,Acadia National Park,-11.90487473114868,-1.448841406343779,5.371336359258347,61.111111111111114,0.7773538007540953,76.83863885839737,0.7562084569296003,79.69264544456641,0.44285683205123416,50.49396267837542,0.6111111111111112,27.771679473106474
ACAD_WS_013_01,ACAD,Acadia National Park,-11.375229896042102,-1.1587038683308344,5.3353088748160875,59.72222222222222,0.7843543422179499,79.03402854006586,0.7601011531109853,80.24149286498353,0.4424604853749849,50.38419319429198,0.5972222222222222,26.454445664105382
ACAD_WS_014_01,ACAD,Acadia National Park,-14.475538950412508,-3.4546456061802755,3.5716029079306626,79.16666666666667,0.7433762364246288,60.043907793633366,0.7292971292786399,67.17892425905599,0.42305754873708873,40.83424807903403,0.7916666666666667,56.42151481888035
ACAD_WS_016_01,ACAD,Acadia National Park,-14.52746541165483,-3.6130871559710904,3.411738811163656,79.16666666666667,0.7426899022608585,59.60482985729967,0.7271713622370244,66.52030735455543,0.4212988468908154,40.065861690450056,0.7916666666666667,56.42151481888035
ACAD_WS_017_01,ACAD,Acadia National Park,-14.52746541165483,-3.6130871559710904,3.411738811163656,79.16666666666667,0.7426899022608585,59.60482985729967,0.7271713622370244,66.52030735455543,0.4212988468908154,40.065861690450056,0.7916666666666667,56.42151481888035
ACAD_WS_020_01,ACAD,Acadia National Park,-14.682255858969345,-3.755313996893086,3.925944687240767,79.16666666666667,0.74064397096349055,59.27552140504939,0.7252631435200005,65.75192096597145,0.4269557444801436,42.4807903402854,0.7916666666666667,56.42151481888035
ACAD_WS_022_01,ACAD,Acadia National Park,-13.690206322031923,-2.4841691845903475,4.950018271590156,73.61111111111111,0.7537563123991066,66.19099890230515,0.7423177466255709,73.10647639956093,0.4382218144729573,49.50603732162459,0.7361111111111112,47.530186608122946
ACAD_WS_023_01,ACAD,Acadia National Park,-14.106044773411638,-2.9162971627479175,4.5644376640896525,75,0.7482599984011368,64.21514818880351,0.7365200034518886,70.14270032930845,0.43397995316693405,47.96926454445664,0.75,50.49396267837542
ACAD_WS_026_01,ACAD,Acadia National Park,-14.888271130371077,-4.005300995511893,3.4076991874285727,81.94444444444444,0.7379209793395943,58.94621295279913,0.7219091361703004,65.09330406147092,0.4212544060572272,39.846322722283205,0.8194444444444444,61.361141602634476
ACAD_WS_030_01,ACAD,Acadia National Park,-13.328149280339673,-2.4027407732789525,4.3219278868418805,75,0.7585417745893251,70.801317233809,0.7434102494018024,74.7530186608123,0.43131204710415744,44.56641053787047,0.75,50.49396267837542
ACAD_WS_030_02,ACAD,Acadia National Park,-13.328149280339673,-2.4027407732789525,4.3219278868418805,75,0.7585417745893251,70.801317233809,0.7434102494018024,74.7530186608123,0.43131204710415744,44.56641053787047,0.75,50.49396267837542
AGFO_WS_002_01,AGFO,Agate Fossil Beds National Monument,-8.669285920309092,5.144808196195035,30.718978615974546,31.944444444444443,0.820119956730502,89.57189901207464,0.8446736545216741,95.27991218441272,0.7217120980997124,96.81668496158068,0.3194444444444444,6.695938529088913
AGFO_WS_003_01,AGFO,Agate Fossil Beds National Monument,-8.669285920309092,5.144808196195035,30.718978615974546,31.944444444444443,0.820119956730502,89.57189901207464,0.8446736545216741,95.27991218441272,0.7217120980997124,96.81668496158068,0.3194444444444444,6.695938529088913
AGFO_WS_004_01,AGFO,Agate Fossil Beds National Monument,-8.669285920309092,5.144808196195035,30.718978615974546,31.944444444444443,0.820119956730502,89.57189901207464,0.8446736545216741,95.27991218441272,0.7217120980997124,96.81668496158068,0.3194444444444444,6.695938529088913
ALFL_WS_001_01,ALFL,Alibates Flint Quarries National Monument,-21.896485223252743,-10.27355037559784,-4.089277623367504,95.83333333333333,0.6452904275191186,33.91877058177827,0.6378097445750626,30.735455543358945,0.33877843286962683,13.50164654226125,0.9583333333333333,89.3523600439078
ALPO_WS_003_01,ALPO,Allegheny Portage Railroad National Historic Site,-10.026247030055234,-1.9360636163644522,7.6078517241364985,59.72222222222222,0.8021844235506036,84.74204171240395,0.7496715294798721,77.93633369923162,0.4674612540632797,59.055982436882545,0.5972222222222222,26.454445664105382
AMIS_WS_001_01,AMIS,Amistad National Recreation Area,-24.02731311065775,-2.165958342669241,45.64267945943493,55.55555555555556,0.6171263673992563,29.857299670691546,0.7465870946654867,76.94840834248079,0.8858911774390693,99.5609220636663,0.5555555555555556,20.74643249176729
AMIS_WS_002_01,AMIS,Amistad National Recreation Area,-22.705205223271193,2.487040098611989,32.61506943168801,47.22222222222222,0.6346012306884946,32.05268935236004,0.8090151051477336,90.99890230515916,0.7425714310314669,97.47530186608124,0.4722222222222222,14.818880351262347
AMIS_WS_003_01,AMIS,Amistad National Recreation Area,-16.458431557089494,6.636161203132038,55.41266183091712,43.05555555555556,0.7171674999444185,52.36004390779363,0.8646827308892469,97.3655323819978,0.9933730097095534,99.89023051591658,0.4305555555555556,11.306256860592754
AMIS_WS_004_01,AMIS,Amistad National Recreation Area,-16.458431557089494,6.636161203132038,55.41266183091712,43.05555555555556,0.7171674999444185,52.36004390779363,0.8646827308892469,97.3655323819978,0.9933730097095534,99.89023051591658,0.4305555555555556,11.306256860592754
AMIS_WS_005_01,AMIS,Amistad National Recreation Area,-16.458431557089494,6.636161203132038,55.41266183091712,43.05555555555556,0.7171674999444185,52.36004390779363,0.8646827308892469,97.3655323819978,0.9933730097095534,99.89023051591658,0.4305555555555556,11.306256860592754
ANDE_WS_002_01,ANDE,Andersonville National Historic Site,-16.12805123892404,-0.22378850170258682,16.79698491161391,51.388888888888886,0.7215342773825356,54.55543358946213,0.7726446574865875,83.09549945115258,0.5685530303238494,84.30296377607024,0.5138888888888888,17.672886937431397
APCO_WS_001_01,APCO,Appomattox Court House National Historical Park,-34.05245397118218,-22.175445280590452,-11.96849338106447,97.22222222222223,0.48461980899779356,18.77058177826564,0.47812526815325535,13.172338090010976,0.2520973607559559,8.342480790340286,0.9722222222222223,92.53567508232712
APCO_WS_002_01,APCO,Appomattox Court House National Historical Park,-34.05245397118218,-22.175445280590452,-11.96849338106447,97.22222222222223,0.48461980899779356,18.77058177826564,0.47812526815325535,13.172338090010976,0.2520973607559559,8.342480790340286,0.9722222222222223,92.53567508232712
APIS_WS_002_01,APIS,Apostle Islands National Lakeshore,-29.378366004263928,-15.542994658150713,1.0475231993162895,88.88888888888889,0.5463992212553116,22.941822173435785,0.5671110484421997,20.636663007683865,0.3952895649717848,25.905598243688253,0.8888888888888888,77.82656421514818
APIS_WS_003_01,APIS,Apostle Islands National Lakeshore,-28.88501023440087,-15.914093284312164,0.47220003730147586,88.88888888888889,0.5529201146813056,23.27113062568606,0.5621321194319472,20.08781558726674,0.3889603020059173,24.478594950603732,0.8888888888888888,77.82656421514818
APIS_WS_004_01,APIS,Apostle Islands National Lakeshore,-27.470561782306397,-14.666345922573845,0.02006395480603853,88.88888888888889,0.5716154825600079,25.24698133918771,0.5788728053274591,22.063666300768386,0.3839862485496841,22.283205268935234,0.8888888888888888,77.82656421514818
APIS_WS_005_01,APIS,Apostle Islands National Lakeshore,-30.208765814244902,-16.672171667592753,-0.9716873056176722,90.27777777777777,0.5354234731387858,21.405049396267835,0.5519611886106651,19.099890230515918,0.3730757639066365,17.892425905598245,0.9027777777777777,81.33918770581778
APIS_WS_006_01,APIS,Apostle Islands National Lakeshore,-27.204424137352785,-14.75382552281476,-1.9148664368913226,90.27777777777777,0.5751331372128952,25.686059275521405,0.5776991154004711,21.62458836443469,0.3626996324732288,16.136114160263446,0.9027777777777777,81.33918770581778
APIS_WS_007_01,APIS,Apostle Islands National Lakeshore,-28.07163192348478,-14.380180492819717,-0.1872628204703883,90.27777777777777,0.5636708823919399,24.588364434687158,0.582712208816154,22.39297475301866,0.3817053988164762,21.295279912184412,0.9027777777777777,81.33918770581778
APIS_WS_008_01,APIS,Apostle Islands National Lakeshore,-28.438403770000953,-15.813054719579647,-0.9597609431202848,90.27777777777777,0.5588231026174155,23.929747530186606,0.5634877262858571,20.197585071350165,0.37320696857464924,18.00219538968167,0.9027777777777777,81.33918770581778
APIS_WS_009_01,APIS,Apostle Islands National Lakeshore,-28.13183076577861,-14.16242031340677,0.7967591385428574,87.5,0.5628752086430036,24.36882546652031,0.5856338377258908,23.161361141602637,0.3925308516297641,25.57628979143798,0.875,73.8748627881449
APIS_WS_010_01,APIS,Apostle Islands National Lakeshore,-28.13183076577861,-14.16242031340677,0.7967591385428574,87.5,0.5628752086430036,24.36882546652031,0.5856338377258908,23.161361141602637,0.3925308516297641,25.57628979143798,0.875,73.8748627881449
APIS_WS_011_01,APIS,Apostle Islands National Lakeshore,-28.13183076577861,-14.16242031340677,0.7967591385428574,87.5,0.5628752086430036,24.36882546652031,0.5856338377258908,23.161361141602637,0.3925308516297641,25.57628979143798,0.875,73.8748627881449
APIS_WS_012_01,APIS,Apostle Islands National Lakeshore,-28.34972589833183,-14.730159535724846,0.7945039248894373,88.88888888888889,0.559995195832336,24.039517014270036,0.57801663549182,21.844127332601538,0.3925060415035618,25.24698133918771,0.8888888888888888,77.82656421514818
APIS_WS_013_01,APIS,Apostle Islands National Lakeshore,-28.88501023440087,-15.914093284312164,0.47220003730147586,88.88888888888889,0.5529201146813056,23.27113062568606,0.5621321194319472,20.08781558726674,0.3889603020059173,24.478594950603732,0.8888888888888888,77.82656421514818
APIS_WS_014_01,APIS,Apostle Islands National Lakeshore,-27.479968356569067,-15.159639007381656,-1.2744633645545247,90.27777777777777,0.5714911518598976,25.13721185510428,0.5722544266071942,21.405049396267835,0.36974485456158385,17.12403951701427,0.9027777777777777,81.33918770581778
APIS_WS_015_01,APIS,Apostle Islands National Lakeshore,-27.214715975543857,-15.299027586826247,-1.3806411541857733,90.27777777777777,0.5749971056022379,25.57628979143798,0.5703842880699724,21.07574094401756,0.3685767681779986,16.90450054884742,0.9027777777777777,81.33918770581778
ARCH_WS_001_01,ARCH,Arches National Park,-14.989786582023894,-3.1008713264058443,13.984379118555553,58.333333333333336,0.7365792063600194,58.61690450054885,0.7340436222604915,69.15477497255763,0.5376109044736644,80.79034028540066,0.5833333333333334,24.259055982436884
ARCH_WS_002_01,ARCH,Arches National Park,-19.087139984989644,-8.530464037456053,4.551874385530216,76.38888888888889,0.6824227405771424,42.4807903402854,0.6611962583601418,36.88254665203073,0.43384174163823835,47.63995609220636,0.7638888888888888,52.57958287596048
ASIS_WS_001_01,ASIS,Assateague Island National Seashore,-23.737291477541223,-12.955575115519165,-1.0924000208052318,93.05555555555556,0.6209597069005063,30.18660812294182,0.6018257504494702,24.588364434687158,0.3717477754504265,17.78265642151482,0.9305555555555556,86.2788144895719
ASIS_WS_001_02,ASIS,Assateague Island National Seashore,-23.737291477541223,-12.955575115519165,-1.0924000208052318,93.05555555555556,0.6209597069005063,30.18660812294182,0.6018257504494702,24.588364434687158,0.3717477754504265,17.78265642151482,0.9305555555555556,86.2788144895719
ASIS_WS_002_01,ASIS,Assateague Island National Seashore,-23.737291477541223,-12.955575115519165,-1.0924000208052318,93.05555555555556,0.6209597069005063,30.18660812294182,0.6018257504494702,24.588364434687158,0.3717477754504265,17.78265642151482,0.9305555555555556,86.2788144895719
ASIS_WS_004_01,ASIS,Assateague Island National Seashore,-21.45130347249083,-9.703766748910516,2.2867903383239008,86.11111111111111,0.6511745844080136,34.577387486278816,0.6454543760247249,31.503841931942922,0.40892302895447696,33.91877058177827,0.8611111111111112,70.801317233809
BIBE_WS_001_01,BIBE,Big Bend National Park,-22.120628165859323,-6.4333543596398295,7.469247848732924,72.22222222222223,0.642327834740824,33.15038419319429,0.6893326066957934,45.554335894621296,0.4659364408218915,58.068057080131716,0.7222222222222223,44.89571899012075
BIBE_WS_001_02,BIBE,Big Bend National Park,-22.120628165859323,-6.4333543596398295,7.469247848732924,72.22222222222223,0.642327834740824,33.15038419319429,0.6893326066957934,45.554335894621296,0.4659364408218915,58.068057080131716,0.7222222222222223,44.89571899012075
BIBE_WS_001_03,BIBE,Big Bend National Park,-22.120628165859323,-6.4333543596398295,7.469247848732924,72.22222222222223,0.642327834740824,33.15038419319429,0.6893326066957934,45.554335894621296,0.4659364408218915,58.068057080131716,0.7222222222222223,44.89571899012075
BIBE_WS_003_01,BIBE,Big Bend National Park,-28.63410116257149,-15.664181692874433,4.423734928989989,84.72222222222223,0.556236486794413,23.600439077936333,0.5654851150640742,20.30735455543359,0.4324320498853351,45.334796926454445,0.8472222222222223,67.72777167947311
BIBE_WS_006_01,BIBE,Big Bend National Park,-22.36815843944929,-11.760555746978357,1.5026272520548676,84.72222222222223,0.6390561216437312,32.27222832052689,0.6178589992474671,27.771679473106474,0.4002962697540622,27.332601536772778,0.8472222222222223,67.72777167947311
BIBE_WS_006_02,BIBE,Big Bend National Park,-22.36815843944929,-11.760555746978357,1.5026272520548676,84.72222222222223,0.6390561216437312,32.27222832052689,0.6178589992474671,27.771679473106474,0.4002962697540622,27.332601536772778,0.8472222222222223,67.72777167947311
BIBE_WS_006_03,BIBE,Big Bend National Park,-25.61037603985855,-15.206203741536031,1.2637379704589655,87.5,0.5962023501310976,27.113062568605926,0.5716296802745708,21.295279912184412,0.3976681936000402,26.454445664105382,0.875,73.8748627881449
BIBE_WS_007_01,BIBE,Big Bend National Park,-21.766649788218025,-11.151483744865944,2.9607963983752326,84.72222222222223,0.6470065177860145,34.13830954994512,0.6260307521100894,29.088913282107576,0.4163379252706856,37.65093304061471,0.8472222222222223,67.72777167947311
BIBE_WS_008_01,BIBE,Big Bend National Park,-20.9592939909653,-11.561036013741383,2.4895052280176486,86.11111111111111,0.6576776833674057,35.12623490669594,0.620535901067899,27.991218441273325,0.41115314226935773,36.223929747530185,0.8611111111111112,70.801317233809
BICA_WS_003_01,BICA,Bighorn Canyon National Recreation Area,-13.198636668259184,-3.017951780103307,10.643656997017915,59.72222222222222,0.7602535979676823,72.22832052689353,0.735156131188032,69.4840834248079,0.500858848934906,72.99670691547749,0.5972222222222222,26.454445664105382
BICA_WS_004_01,BICA,Bighorn Canyon National Recreation Area,-17.15949178630456,8.523396241234844,44.88351492044151,30.555555555555557,0.7079012881776375,50.27442371020856,0.8900032484496835,98.35345773874863,0.8775394330301988,99.45115257958288,0.3055555555555556,6.0373216245883645
BICY_WS_001_01,BICY,Big Cypress National Preserve,-46.777422670094076,-22.499964480510936,21.469483273293577,83.33333333333333,0.31642847567712146,8.562019758507136,0.4737712825953431,12.513721185510429,0.6199562638301936,90.2305159165752,0.8333333333333333,64.21514818880351
BICY_WS_002_01,BICY,Big Cypress National Preserve,-40.07511430852,-18.800995815356007,23.594472861241183,72.22222222222223,0.4050157411024443,13.2821075740944,0.5233993358852578,15.806805708013172,0.643333765015353,91.65751920965971,0.7222222222222223,44.89571899012075
BICY_WS_003_01,BICY,Big Cypress National Preserve,-57.24718581823849,-27.473535826756546,7.964333763009446,86.11111111111111,0.1780451550494941,2.5246981339187706,0.4070422329178351,10.53787047200878,0.47138299529604005,60.922063666300765,0.8611111111111112,70.801317233809
BICY_WS_007_01,BICY,Big Cypress National Preserve,-58.012437517864115,-28.00719560890049,5.598035375396234,86.11111111111111,0.1679304972667249,1.5367727771679474,0.3998822652337578,9.220636663007683,0.44535080027982976,51.811196487376506,0.8611111111111112,70.801317233809
BICY_WS_008_01,BICY,Big Cypress National Preserve,-57.24718581823849,-27.473535826756546,7.964333763009446,86.11111111111111,0.1780451550494941,2.5246981339187706,0.4070422329178351,10.53787047200878,0.47138299529604005,60.922063666300765,0.8611111111111112,70.801317233809
BICY_WS_009_01,BICY,Big Cypress National Preserve,-58.23787673740208,-30.61165949266222,4.632428357469323,87.5,0.16495077104389302,1.4270032930845227,0.36493888395221585,7.354555433589462,0.43472793448603225,48.73765093304062,0.875,73.8748627881449
BICY_WS_010_01,BICY,Big Cypress National Preserve,-58.23787673740208,-30.61165949266222,4.632428357469323,87.5,0.16495077104389302,1.4270032930845227,0.36493888395221585,7.354555433589462,0.43472793448603225,48.73765093304062,0.875,73.8748627881449
BICY_WS_011_01,BICY,Big Cypress National Preserve,-46.87575814230841,-19.577792960308976,16.5456331160471,80.55555555555556,0.3151287338407536,8.45225027442371,0.5129772605461673,15.367727771679473,0.5657878511756399,83.97365532381997,0.8055555555555556,58.507135016465426
BICY_WS_012_01,BICY,Big Cypress National Preserve,-46.22519351220893,-18.632255672209798,22.168785350674057,79.16666666666667,0.32372752375817465,9.659714599341383,0.5256632763438767,16.355653128430298,0.6276494474747009,91.32821075740945,0.7916666666666667,56.42151481888035
BICY_WS_013_01,BICY,Big Cypress National Preserve,-48.80551051753555,-17.74688444117386,17.931346951276705,79.16666666666667,0.2896223744423262,6.805708013172337,0.5375420605707142,17.672886937431397,0.5810324090827023,85.8397365532382,0.7916666666666667,56.42151481888035
BICY_WS_014_01,BICY,Big Cypress National Preserve,-48.80551051753555,-17.74688444117386,17.931346951276705,79.16666666666667,0.2896223744423262,6.805708013172337,0.5375420605707142,17.672886937431397,0.5810324090827023,85.8397365532382,0.7916666666666667,56.42151481888035
BICY_WS_015_01,BICY,Big Cypress National Preserve,-48.36665783190898,-16.410668844032642,23.02504553722126,75,0.2954228773805536,7.135016465422613,0.5554697006414261,19.319429198682766,0.637069363524805,91.43798024149287,0.75,50.49396267837542
BICY_WS_016_01,BICY,Big Cypress National Preserve,-48.88681789978843,-18.673886852645573,19.913756434714102,77.77777777777777,0.2885477001265383,6.476399560922063,0.5251047221553399,16.136114160263446,0.6028413536118324,89.3523600439078,0.7777777777777777,54.55543358946213
BICY_WS_018_01,BICY,Big Cypress National Preserve,-57.24718581823849,-27.473535826756546,7.964333763009446,86.11111111111111,0.1780451550494941,2.5246981339187706,0.4070422329178351,10.53787047200878,0.47138299529604005,60.922063666300765,0.8611111111111112,70.801317233809
BICY_WS_021_01,BICY,Big Cypress National Preserve,-57.24718581823849,-27.473535826756546,7.964333763009446,86.11111111111111,0.1780451550494941,2.5246981339187706,0.4070422329178351,10.53787047200878,0.47138299529604005,60.922063666300765,0.8611111111111112,70.801317233809
BISC_WS_001_01,BISC,Biscayne National Park,-30.00009153691335,-12.674906273874614,31.156305318480708,66.66666666666667,0.5381816099770417,22.063666300768386,0.6055914077152831,25.466520307354557,0.7265232301467234,97.14599341383095,0.6666666666666667,35.455543358946215
BISC_WS_002_01,BISC,Biscayne National Park,-30.00009153691335,-12.674906273874614,31.156305318480708,66.66666666666667,0.5381816099770417,22.063666300768386,0.6055914077152831,25.466520307354557,0.7265232301467234,97.14599341383095,0.6666666666666667,35.455543358946215
BISC_WS_002_02,BISC,Biscayne National Park,-30.00009153691335,-12.674906273874614,31.156305318480708,66.66666666666667,0.5381816099770417,22.063666300768386,0.6055914077152831,25.466520307354557,0.7265232301467234,97.14599341383095,0.6666666666666667,35.455543358946215
BISC_WS_003_01,BISC,Biscayne National Park,-32.77211904671393,-11.516509667935253,26.986955734720645,68.05555555555556,0.5015425412369503,19.42919868276619,0.621133298900243,28.3205268935236,0.6806552525394386,94.7310647639956,0.6805555555555556,37.102085620197585
BISC_WS_003_02,BISC,Biscayne National Park,-32.77211904671393,-11.516509667935253,26.986955734720645,68.05555555555556,0.5015425412369503,19.42919868276619,0.621133298900243,28.3205268935236,0.6806552525394386,94.7310647639956,0.6805555555555556,37.102085620197585
BISC_WS_005_01,BISC,Biscayne National Park,-31.07531991103239,-8.887054465349395,29.718707155629797,66.66666666666667,0.5239698584084295,20.74643249176729,0.6564119818873855,35.56531284302964,0.7107078807697464,96.15806805708014,0.6666666666666667,35.455543358946215
BISC_WS_006_01,BISC,Biscayne National Park,-31.07531991103239,-8.887054465349395,29.718707155629797,66.66666666666667,0.5239698584084295,20.74643249176729,0.6564119818873855,35.56531284302964,0.7107078807697464,96.15806805708014,0.6666666666666667,35.455543358946215
BISO_WS_001_01,BISO,Big South Fork National River & Recreation Area,-9.040813401103666,-0.11148475045243231,9.223173566577938,55.55555555555556,0.815209319711375,88.25466520307354,0.7741514062742165,83.31503841931944,0.4852317826815214,68.38638858397366,0.5555555555555556,20.74643249176729
BISO_WS_002_01,BISO,Big South Fork National River & Recreation Area,-9.21225188926164,-1.0088870816228437,8.845649816392486,61.111111111111114,0.812943344164556,88.03512623490668,0.7621112040596478,80.79034028540066,0.48107855672340727,66.41053787047201,0.6111111111111112,27.771679473106474
BITH_WS_001_01,BITH,Big Thicket National Preserve,-34.467697908040485,-20.029839168300505,-6.629701848445812,97.22222222222223,0.479131352951572,18.331503841931944,0.5069122799176364,15.0384193194292,0.31083063930423094,11.19648737650933,0.9722222222222223,92.53567508232712
BLRI_WS_001_01,BLRI,Blue Ridge Parkway,-8.711137992234645,-0.8086441303765728,10.307595137341456,55.55555555555556,0.8195667800629638,88.9132821075741,0.7647978090987753,81.22941822173436,0.49716175480915964,71.78924259055982,0.5555555555555556,20.74643249176729
BLRI_WS_002_01,BLRI,Blue Ridge Parkway,-7.734121904676518,0.002355813873149376,10.029007537541576,50,0.8324804179924779,90.66959385290889,0.775678774063548,84.19319429198683,0.49409694828896267,70.58177826564214,0.5,16.465422612513724
BLRI_WS_003_01,BLRI,Blue Ridge Parkway,-7.734121904676518,0.002355813873149376,10.029007537541576,50,0.8324804179924779,90.66959385290889,0.775678774063548,84.19319429198683,0.49409694828896267,70.58177826564214,0.5,16.465422612513724
BLRI_WS_004_01,BLRI,Blue Ridge Parkway,-18.123777732917425,-9.123948572478803,1.8827140612449784,84.72222222222223,0.6951559099452279,45.77387486278815,0.653233638290308,34.24807903402854,0.40447769251617893,30.515916575192097,0.8472222222222223,67.72777167947311
BLRI_WS_005_01,BLRI,Blue Ridge Parkway,-13.468129719672268,-5.613503829087494,5.542908347177857,68.05555555555556,0.7566915934779032,69.26454445664105,0.7003323175620416,54.006586169045,0.44474433511180317,51.70142700329309,0.6805555555555556,37.102085620197585
BLRI_WS_006_01,BLRI,Blue Ridge Parkway,-13.468129719672268,-5.613503829087494,5.542908347177857,68.05555555555556,0.7566915934779032,69.26454445664105,0.7003323175620416,54.006586169045,0.44474433511180317,51.70142700329309,0.6805555555555556,37.102085620197585
BLRI_WS_007_01,BLRI,Blue Ridge Parkway,-12.249971743480428,-4.316513154762805,6.565094126789361,63.888888888888886,0.7727925064984937,76.0702524698134,0.7177336875461293,62.34906695938529,0.45598963692874084,53.677277716794734,0.6388888888888888,31.613611416026345
BLRI_WS_008_01,BLRI,Blue Ridge Parkway,-9.323487033268671,-0.22531952766338537,11.152768917030699,52.77777777777778,0.8114731018696372,87.596048298573,0.772624116129023,82.98572996706916,0.506459706737213,73.8748627881449,0.5277777777777778,18.441273326015367
BLRI_WS_009_01,BLRI,Blue Ridge Parkway,-13.519261436725188,-4.054777354917174,8.62798084588025,68.05555555555556,0.7560157637867196,68.71569703622393,0.7212453253561438,64.43468715697036,0.47868393011206617,65.20307354555433,0.6805555555555556,37.102085620197585
BLRI_WS_010_01,BLRI,Blue Ridge Parkway,-18.243009349942152,-8.918621876057788,4.060071549763687,83.33333333333333,0.6935799748591884,45.554335894621296,0.6559884505513083,35.34577387486279,0.42843130506894617,42.9198682766191,0.8333333333333333,64.21514818880351
BLRI_WS_011_01,BLRI,Blue Ridge Parkway,-18.243009349942152,-8.918621876057788,4.060071549763687,83.33333333333333,0.6935799748591884,45.554335894621296,0.6559884505513083,35.34577387486279,0.42843130506894617,42.9198682766191,0.8333333333333333,64.21514818880351
BLRI_WS_012_01,BLRI,Blue Ridge Parkway,-18.243009349942152,-8.918621876057788,4.060071549763687,83.33333333333333,0.6935799748591884,45.554335894621296,0.6559884505513083,35.34577387486279,0.42843130506894617,42.9198682766191,0.8333333333333333,64.21514818880351
BLRI_WS_013_01,BLRI,Blue Ridge Parkway,-20.219550351845726,-11.231620402651329,1.326529226706123,87.5,0.6674551902456464,36.223929747530185,0.624955580438452,28.979143798024147,0.3983589747105271,26.67398463227223,0.875,73.8748627881449
BLRI_WS_014_01,BLRI,Blue Ridge Parkway,-9.844451366798147,0.7867251407619541,13.447610799254283,45.833333333333336,0.804587294293833,85.29088913282108,0.7862024433015466,85.8397365532382,0.5317057922360365,80.24149286498353,0.45833333333333337,14.1602634467618
BLRI_WS_015_01,BLRI,Blue Ridge Parkway,-10.617784749688415,1.6611525295220968,13.817499373402267,44.44444444444444,0.7943658174598018,82.3271130625686,0.7979343969826768,88.36443468715697,0.5357750218593558,80.68057080131723,0.4444444444444444,12.952799121844127
BLRI_WS_016_01,BLRI,Blue Ridge Parkway,-16.2635249326749,-6.179379470769543,6.589467512985135,76.38888888888889,0.7197436638477628,54.22612513721185,0.6927401184808727,49.28649835345774,0.45625777417887603,54.11635565312844,0.7638888888888888,52.57958287596048
BLRI_WS_017_01,BLRI,Blue Ridge Parkway,-20.47476176146686,-9.835225795912027,3.773777804590876,84.72222222222223,0.664081952300747,35.67508232711306,0.6436906258606616,31.394072447859493,0.42528172146390597,41.93194291986828,0.8472222222222223,67.72777167947311
BLRI_WS_018_01,BLRI,Blue Ridge Parkway,-19.984701122805703,-9.08038458889728,4.088555821274,84.72222222222223,0.6705592925736112,37.54116355653128,0.653818124371272,34.46761800219539,0.42874466711776166,43.02963776070253,0.8472222222222223,67.72777167947311
BLRI_WS_019_01,BLRI,Blue Ridge Parkway,-8.410115933640554,-1.006638559502093,9.784294361232535,56.94444444444444,0.823545516874961,89.90120746432491,0.7621413718674164,81.11964873765093,0.4914048021242777,69.81339187705817,0.5694444444444444,22.832052689352363
BLRI_WS_020_01,BLRI,Blue Ridge Parkway,-7.807917385416752,0.5034120892867762,11.57132023117548,48.611111111111114,0.8315050316797554,90.45005488474203,0.7824013093939283,85.72996706915478,0.5110642864010221,75.08232711306256,0.48611111111111116,15.257958287596049
BLRI_WS_021_01,BLRI,Blue Ridge Parkway,-8.410115933640554,-1.006638559502093,9.784294361232535,56.94444444444444,0.823545516874961,89.90120746432491,0.7621413718674164,81.11964873765093,0.4914048021242777,69.81339187705817,0.5694444444444444,22.832052689352363
BLRI_WS_022_01,BLRI,Blue Ridge Parkway,-8.410115933640554,-1.006638559502093,9.784294361232535,56.94444444444444,0.823545516874961,89.90120746432491,0.7621413718674164,81.11964873765093,0.4914048021242777,69.81339187705817,0.5694444444444444,22.832052689352363
BLRI_WS_024_01,BLRI,Blue Ridge Parkway,-8.179139778083394,0.18852169115389214,11.572120000818252,50,0.8265984271404113,90.2305159165752,0.7781765108423119,84.5225027442371,0.5110730848515547,75.19209659714599,0.5,16.465422612513724
BLRI_WS_025_01,BLRI,Blue Ridge Parkway,-19.835362653612094,-8.934162886222968,0.3648036736221243,87.5,0.6725331627531025,38.748627881448954,0.6557799410583995,35.01646542261251,0.3877788098078211,24.149286498353458,0.875,73.8748627881449
BLRI_WS_026_01,BLRI,Blue Ridge Parkway,-19.835362653612094,-8.934162886222968,0.3648036736221243,87.5,0.6725331627531025,38.748627881448954,0.6557799410583995,35.01646542261251,0.3877788098078211,24.149286498353458,0.875,73.8748627881449
BLRI_WS_027_01,BLRI,Blue Ridge Parkway,-10.434739475091378,-1.0576998445632357,9.169957555214872,56.94444444444444,0.7967852048485627,83.09549945115258,0.7614562965381935,80.46103183315039,0.48464634105123505,67.94731064763995,0.5694444444444444,22.832052689352363
BLRI_WS_028_01,BLRI,Blue Ridge Parkway,-10.434739475091378,-1.0576998445632357,9.169957555214872,56.94444444444444,0.7967852048485627,83.09549945115258,0.7614562965381935,80.46103183315039,0.48464634105123505,67.94731064763995,0.5694444444444444,22.832052689352363
BLRI_WS_029_01,BLRI,Blue Ridge Parkway,-15.058758133837086,-4.279028183469813,7.477392111573149,72.22222222222223,0.7356675799713707,58.507135016465426,0.7182366131779206,63.007683863885845,0.4660260377381679,58.287596048298575,0.7222222222222223,44.89571899012075
BLRI_WS_029_02,BLRI,Blue Ridge Parkway,-15.058758133837086,-4.279028183469813,7.477392111573149,72.22222222222223,0.7356675799713707,58.507135016465426,0.7182366131779206,63.007683863885845,0.4660260377381679,58.287596048298575,0.7222222222222223,44.89571899012075
BLRI_WS_031_01,BLRI,Blue Ridge Parkway,-14.50660288946567,-5.661574761699707,9.214766565177426,73.61111111111111,0.7429656511060189,59.934138309549944,0.6996873629756867,53.018660812294186,0.4851392953176685,68.27661909989024,0.7361111111111112,47.530186608122946
BLRI_WS_031_02,BLRI,Blue Ridge Parkway,-14.50660288946567,-5.661574761699707,9.214766565177426,73.61111111111111,0.7429656511060189,59.934138309549944,0.6996873629756867,53.018660812294186,0.4851392953176685,68.27661909989024,0.7361111111111112,47.530186608122946
BLRI_WS_032_01,BLRI,Blue Ridge Parkway,-14.50660288946567,-5.661574761699707,9.214766565177426,73.61111111111111,0.7429656511060189,59.934138309549944,0.6996873629756867,53.018660812294186,0.4851392953176685,68.27661909989024,0.7361111111111112,47.530186608122946
BLRI_WS_033_01,BLRI,Blue Ridge Parkway,-10.871756370608171,-2.9576001328240062,8.191362059087494,68.05555555555556,0.7910089663304345,80.90010976948409,0.7359658527721931,69.92316136114161,0.47388058600929867,62.23929747530187,0.6805555555555556,37.102085620197585
BLRI_WS_034_01,BLRI,Blue Ridge Parkway,-16.162911628958433,-4.905272863210911,10.114161178729299,70.83333333333333,0.7210735127536636,54.335894621295274,0.7098344591852441,61.031833150384195,0.4950337431603716,71.13062568605928,0.7083333333333333,40.61470911086718
BLRI_WS_035_01,BLRI,Blue Ridge Parkway,-9.427216135145853,-0.7482363005378577,10.395020520496956,56.94444444444444,0.8101020701318246,86.16904500548847,0.7656082844690062,81.44895718990121,0.498123541638574,72.22832052689353,0.5694444444444444,22.832052689352363
BLRI_WS_036_01,BLRI,Blue Ridge Parkway,-9.427216135145853,-0.7482363005378577,10.395020520496956,56.94444444444444,0.8101020701318246,86.16904500548847,0.7656082844690062,81.44895718990121,0.498123541638574,72.22832052689353,0.5694444444444444,22.832052689352363
BLRI_WS_038_01,BLRI,Blue Ridge Parkway,-10.465904317655522,-1.4860593883944617,10.124531489444067,62.5,0.7963732858452538,82.87596048298573,0.7557091134196231,79.47310647639955,0.4951478293433816,71.2403951701427,0.625,29.637760702524695
BLRI_WS_039_01,BLRI,Blue Ridge Parkway,-10.539363656528407,-2.2833646691372342,8.787645535629963,62.5,0.79540234246282,82.65642151481887,0.7450118860184347,76.18002195389681,0.48044043823569277,66.08122941822174,0.625,29.637760702524695
BLRI_WS_040_01,BLRI,Blue Ridge Parkway,-9.317601741210835,-0.5825760749352293,11.000162442895533,52.77777777777778,0.8115508902824505,87.70581778265642,0.7678309025143206,81.88803512623491,0.5047808476735299,73.43578485181119,0.5277777777777778,18.441273326015367
BLRI_WS_041_01,BLRI,Blue Ridge Parkway,-8.967160325317774,-0.2181257609918644,10.519003404526167,51.388888888888886,0.8161828237971379,88.36443468715697,0.7727206329335833,83.205268935236,0.49948750597739777,72.44785949506037,0.5138888888888888,17.672886937431397
BLRI_WS_042_01,BLRI,Blue Ridge Parkway,-10.871756370608171,-2.9576001328240062,8.191362059087494,68.05555555555556,0.7910089663304345,80.90010976948409,0.7359658527721931,69.92316136114161,0.47388058600929867,62.23929747530187,0.6805555555555556,37.102085620197585
BLRI_WS_043_01,BLRI,Blue Ridge Parkway,-11.177305452566875,-4.375721405368373,7.900651040452996,72.22222222222223,0.7869703939216917,80.02195389681668,0.7169393066031555,62.019758507135016,0.47068240695881647,60.48298572996706,0.7222222222222223,44.89571899012075
BOWA_WS_001_01,BOWA,Booker T.  Washington National Monument,-23.668470767782615,-13.989611145061195,2.16324304309049,86.11111111111111,0.6218693395454467,31.284302963776074,0.5879523711853466,23.490669593852907,0.40756385662858713,32.16245883644347,0.8611111111111112,70.801317233809
BOWA_WS_002_01,BOWA,Booker T.  Washington National Monument,-23.668470767782615,-13.989611145061195,2.16324304309049,86.11111111111111,0.6218693395454467,31.284302963776074,0.5879523711853466,23.490669593852907,0.40756385662858713,32.16245883644347,0.8611111111111112,70.801317233809
BOWA_WS_003_01,BOWA,Booker T.  Washington National Monument,-35.386683133093456,-23.367911187118747,-8.690500907275341,100,0.4669847336583651,17.78265642151482,0.4621262784583497,12.403951701427003,0.28815931295354846,9.879253567508233,1,100
BRCA_WS_001_01,BRCA,Bryce Canyon National Park,-36.366175453762,-18.979108485109037,-0.1656364746174817,90.27777777777777,0.45403836630072375,17.12403951701427,0.521009646794517,15.697036223929747,0.3819433152414199,21.405049396267835,0.9027777777777777,81.33918770581778
BRCA_WS_002_01,BRCA,Bryce Canyon National Park,-35.69302620506717,-17.24265643867518,3.905351101611691,86.11111111111111,0.46293566674527986,17.672886937431397,0.5443071500979658,18.331503841931944,0.4267291896889198,42.37102085620197,0.8611111111111112,70.801317233809
BRCA_WS_002_02,BRCA,Bryce Canyon National Park,-35.69302620506717,-17.24265643867518,3.905351101611691,86.11111111111111,0.46293566674527986,17.672886937431397,0.5443071500979658,18.331503841931944,0.4267291896889198,42.37102085620197,0.8611111111111112,70.801317233809
CACH_WS_002_01,CACH,Canyon de Chelly National Monument,-47.04045395686247,-36.16655582705112,-24.301654742967852,100,0.3129518790839675,8.342480790340286,0.2904103555275349,4.390779363336993,0.11641740449173467,2.7442371020856204,1,100
CACO_WS_002_01,CACO,Cape Cod National Seashore,-13.610905405840093,-5.501754789889451,2.3939088815378122,80.55555555555556,0.7548044663980233,67.50823271130626,0.7018316239294246,55.65312843029637,0.4101014647854752,35.78485181119649,0.8055555555555556,58.507135016465426
CACO_WS_003_01,CACO,Cape Cod National Seashore,-13.610905405840093,-5.501754789889451,2.3939088815378122,80.55555555555556,0.7548044663980233,67.50823271130626,0.7018316239294246,55.65312843029637,0.4101014647854752,35.78485181119649,0.8055555555555556,58.507135016465426
CACO_WS_004_01,CACO,Cape Cod National Seashore,-13.832403768672192,-5.7606088902287755,2.0147863779075617,81.94444444444444,0.7518768281574466,65.64215148188804,0.6983586490953935,52.689352360043905,0.4059306505715115,31.394072447859493,0.8194444444444444,61.361141602634476
CACO_WS_006_01,CACO,Cape Cod National Seashore,-15.935569976956476,-8.320656209850748,-0.6471408560477984,93.05555555555556,0.7240783842369862,56.6410537870472,0.6640111927355326,38.85839736553238,0.3766461743465233,19.64873765093304,0.9305555555555556,86.2788144895719
CACO_WS_008_01,CACO,Cape Cod National Seashore,-14.455230675341852,-6.264716911140934,1.679870140609851,83.33333333333333,0.7436446595494627,61.47091108671789,0.6915951693283503,49.066959385290886,0.40224615970211464,29.418221734357846,0.8333333333333333,64.21514818880351
CACO_WS_008_02,CACO,Cape Cod National Seashore,-14.455230675341852,-6.264716911140934,1.679870140609851,83.33333333333333,0.7436446595494627,61.47091108671789,0.6915951693283503,49.066959385290886,0.40224615970211464,29.418221734357846,0.8333333333333333,64.21514818880351
CACO_WS_009_01,CACO,Cape Cod National Seashore,-14.455230675341852,-6.264716911140934,1.679870140609851,83.33333333333333,0.7436446595494627,61.47091108671789,0.6915951693283503,49.066959385290886,0.40224615970211464,29.418221734357846,0.8333333333333333,64.21514818880351
CACO_WS_011_01,CACO,Cape Cod National Seashore,-15.935569976956476,-8.320656209850748,-0.6471408560477984,93.05555555555556,0.7240783842369862,56.6410537870472,0.6640111927355326,38.85839736553238,0.3766461743465233,19.64873765093304,0.9305555555555556,86.2788144895719
CACO_WS_012_01,CACO,Cape Cod National Seashore,-14.455230675341852,-6.264716911140934,1.679870140609851,83.33333333333333,0.7436446595494627,61.47091108671789,0.6915951693283503,49.066959385290886,0.40224615970211464,29.418221734357846,0.8333333333333333,64.21514818880351
CACO_WS_014_01,CACO,Cape Cod National Seashore,-13.832403768672192,-5.7606088902287755,2.0147863779075617,81.94444444444444,0.7518768281574466,65.64215148188804,0.6983586490953935,52.689352360043905,0.4059306505715115,31.394072447859493,0.8194444444444444,61.361141602634476
CACO_WS_016_01,CACO,Cape Cod National Seashore,-15.935569976956476,-8.320656209850748,-0.6471408560477984,93.05555555555556,0.7240783842369862,56.6410537870472,0.6640111927355326,38.85839736553238,0.3766461743465233,19.64873765093304,0.9305555555555556,86.2788144895719
CACO_WS_017_01,CACO,Cape Cod National Seashore,-15.935569976956476,-8.320656209850748,-0.6471408560477984,93.05555555555556,0.7240783842369862,56.6410537870472,0.6640111927355326,38.85839736553238,0.3766461743465233,19.64873765093304,0.9305555555555556,86.2788144895719
CACO_WS_018_01,CACO,Cape Cod National Seashore,-13.832403768672192,-5.7606088902287755,2.0147863779075617,81.94444444444444,0.7518768281574466,65.64215148188804,0.6983586490953935,52.689352360043905,0.4059306505715115,31.394072447859493,0.8194444444444444,61.361141602634476
CACO_WS_019_01,CACO,Cape Cod National Seashore,-15.935569976956476,-8.320656209850748,-0.6471408560477984,93.05555555555556,0.7240783842369862,56.6410537870472,0.6640111927355326,38.85839736553238,0.3766461743465233,19.64873765093304,0.9305555555555556,86.2788144895719
CACO_WS_021_01,CACO,Cape Cod National Seashore,-13.610905405840093,-5.501754789889451,2.3939088815378122,80.55555555555556,0.7548044663980233,67.50823271130626,0.7018316239294246,55.65312843029637,0.4101014647854752,35.78485181119649,0.8055555555555556,58.507135016465426
CACO_WS_022_01,CACO,Cape Cod National Seashore,-14.455230675341852,-6.264716911140934,1.679870140609851,83.33333333333333,0.7436446595494627,61.47091108671789,0.6915951693283503,49.066959385290886,0.40224615970211464,29.418221734357846,0.8333333333333333,64.21514818880351
CACO_WS_022_02,CACO,Cape Cod National Seashore,-14.455230675341852,-6.264716911140934,1.679870140609851,83.33333333333333,0.7436446595494627,61.47091108671789,0.6915951693283503,49.066959385290886,0.40224615970211464,29.418221734357846,0.8333333333333333,64.21514818880351
CACO_WS_023_01,CACO,Cape Cod National Seashore,-13.533442435372681,-5.414786310313497,2.1783858870763635,81.94444444444444,0.7558283274851637,68.38638858397366,0.7029984562899139,56.53128430296378,0.4077304465522434,32.491767288693744,0.8194444444444444,61.361141602634476
CACO_WS_025_01,CACO,Cape Cod National Seashore,-15.935569976956476,-8.320656209850748,-0.6471408560477984,93.05555555555556,0.7240783842369862,56.6410537870472,0.6640111927355326,38.85839736553238,0.3766461743465233,19.64873765093304,0.9305555555555556,86.2788144895719
CACO_WS_027_01,CACO,Cape Cod National Seashore,-14.39642474889212,-5.843880374333081,1.8601022253287653,83.33333333333333,0.7444219225361751,61.690450054884735,0.6972414183143953,50.054884742041715,0.40422893448746766,30.0768386388584,0.8333333333333333,64.21514818880351
CACO_WS_028_01,CACO,Cape Cod National Seashore,-13.37568574750696,-5.175731931193139,2.4633824635106985,81.94444444444444,0.7579134648477928,70.03293084522502,0.7062057836668478,58.068057080131716,0.41086575970443384,36.11416026344676,0.8194444444444444,61.361141602634476
CACO_WS_029_01,CACO,Cape Cod National Seashore,-13.832403768672192,-5.7606088902287755,2.0147863779075617,81.94444444444444,0.7518768281574466,65.64215148188804,0.6983586490953935,52.689352360043905,0.4059306505715115,31.394072447859493,0.8194444444444444,61.361141602634476
CACO_WS_031_01,CACO,Cape Cod National Seashore,-13.832403768672192,-5.7606088902287755,2.0147863779075617,81.94444444444444,0.7518768281574466,65.64215148188804,0.6983586490953935,52.689352360043905,0.4059306505715115,31.394072447859493,0.8194444444444444,61.361141602634476
CACO_WS_033_01,CACO,Cape Cod National Seashore,-15.935569976956476,-8.320656209850748,-0.6471408560477984,93.05555555555556,0.7240783842369862,56.6410537870472,0.6640111927355326,38.85839736553238,0.3766461743465233,19.64873765093304,0.9305555555555556,86.2788144895719
CACO_WS_036_01,CACO,Cape Cod National Seashore,-13.836552523281146,-5.395930898199454,2.3296527520808716,81.94444444444444,0.7518219923000226,64.87376509330406,0.7032514342094118,56.97036223929748,0.4093945682665214,34.46761800219539,0.8194444444444444,61.361141602634476
CACO_WS_037_01,CACO,Cape Cod National Seashore,-13.610905405840093,-5.501754789889451,2.3939088815378122,80.55555555555556,0.7548044663980233,67.50823271130626,0.7018316239294246,55.65312843029637,0.4101014647854752,35.78485181119649,0.8055555555555556,58.507135016465426
CACO_WS_038_01,CACO,Cape Cod National Seashore,-15.935569976956476,-8.320656209850748,-0.6471408560477984,93.05555555555556,0.7240783842369862,56.6410537870472,0.6640111927355326,38.85839736553238,0.3766461743465233,19.64873765093304,0.9305555555555556,86.2788144895719
CACO_WS_040_01,CACO,Cape Cod National Seashore,-13.610905405840093,-5.501754789889451,2.3939088815378122,80.55555555555556,0.7548044663980233,67.50823271130626,0.7018316239294246,55.65312843029637,0.4101014647854752,35.78485181119649,0.8055555555555556,58.507135016465426
CACO_WS_041_01,CACO,Cape Cod National Seashore,-14.455230675341852,-6.264716911140934,1.679870140609851,83.33333333333333,0.7436446595494627,61.47091108671789,0.6915951693283503,49.066959385290886,0.40224615970211464,29.418221734357846,0.8333333333333333,64.21514818880351
CACO_WS_041_02,CACO,Cape Cod National Seashore,-14.455230675341852,-6.264716911140934,1.679870140609851,83.33333333333333,0.7436446595494627,61.47091108671789,0.6915951693283503,49.066959385290886,0.40224615970211464,29.418221734357846,0.8333333333333333,64.21514818880351
CACO_WS_043_01,CACO,Cape Cod National Seashore,-13.610905405840093,-5.501754789889451,2.3939088815378122,80.55555555555556,0.7548044663980233,67.50823271130626,0.7018316239294246,55.65312843029637,0.4101014647854752,35.78485181119649,0.8055555555555556,58.507135016465426
CACO_WS_044_01,CACO,Cape Cod National Seashore,-14.455230675341852,-6.264716911140934,1.679870140609851,83.33333333333333,0.7436446595494627,61.47091108671789,0.6915951693283503,49.066959385290886,0.40224615970211464,29.418221734357846,0.8333333333333333,64.21514818880351
CACO_WS_045_01,CACO,Cape Cod National Seashore,-15.935569976956476,-8.320656209850748,-0.6471408560477984,93.05555555555556,0.7240783842369862,56.6410537870472,0.6640111927355326,38.85839736553238,0.3766461743465233,19.64873765093304,0.9305555555555556,86.2788144895719
CACO_WS_046_01,CACO,Cape Cod National Seashore,-15.935569976956476,-8.320656209850748,-0.6471408560477984,93.05555555555556,0.7240783842369862,56.6410537870472,0.6640111927355326,38.85839736553238,0.3766461743465233,19.64873765093304,0.9305555555555556,86.2788144895719
CACO_WS_049_01,CACO,Cape Cod National Seashore,-13.610905405840093,-5.501754789889451,2.3939088815378122,80.55555555555556,0.7548044663980233,67.50823271130626,0.7018316239294246,55.65312843029637,0.4101014647854752,35.78485181119649,0.8055555555555556,58.507135016465426
CACO_WS_050_01,CACO,Cape Cod National Seashore,-13.610905405840093,-5.501754789889451,2.3939088815378122,80.55555555555556,0.7548044663980233,67.50823271130626,0.7018316239294246,55.65312843029637,0.4101014647854752,35.78485181119649,0.8055555555555556,58.507135016465426
CACO_WS_051_01,CACO,Cape Cod National Seashore,-13.610905405840093,-5.501754789889451,2.3939088815378122,80.55555555555556,0.7548044663980233,67.50823271130626,0.7018316239294246,55.65312843029637,0.4101014647854752,35.78485181119649,0.8055555555555556,58.507135016465426
CACO_WS_052_01,CACO,Cape Cod National Seashore,-13.832403768672192,-5.7606088902287755,2.0147863779075617,81.94444444444444,0.7518768281574466,65.64215148188804,0.6983586490953935,52.689352360043905,0.4059306505715115,31.394072447859493,0.8194444444444444,61.361141602634476
CACO_WS_053_01,CACO,Cape Cod National Seashore,-13.836552523281146,-5.395930898199454,2.3296527520808716,81.94444444444444,0.7518219923000226,64.87376509330406,0.7032514342094118,56.97036223929748,0.4093945682665214,34.46761800219539,0.8194444444444444,61.361141602634476
CACO_WS_055_01,CACO,Cape Cod National Seashore,-14.455230675341852,-6.264716911140934,1.679870140609851,83.33333333333333,0.7436446595494627,61.47091108671789,0.6915951693283503,49.066959385290886,0.40224615970211464,29.418221734357846,0.8333333333333333,64.21514818880351
CACO_WS_057_01,CACO,Cape Cod National Seashore,-13.610905405840093,-5.501754789889451,2.3939088815378122,80.55555555555556,0.7548044663980233,67.50823271130626,0.7018316239294246,55.65312843029637,0.4101014647854752,35.78485181119649,0.8055555555555556,58.507135016465426
CACO_WS_059_01,CACO,Cape Cod National Seashore,-15.935569976956476,-8.320656209850748,-0.6471408560477984,93.05555555555556,0.7240783842369862,56.6410537870472,0.6640111927355326,38.85839736553238,0.3766461743465233,19.64873765093304,0.9305555555555556,86.2788144895719
CACO_WS_062_01,CACO,Cape Cod National Seashore,-13.832403768672192,-5.7606088902287755,2.0147863779075617,81.94444444444444,0.7518768281574466,65.64215148188804,0.6983586490953935,52.689352360043905,0.4059306505715115,31.394072447859493,0.8194444444444444,61.361141602634476
CACO_WS_063_01,CACO,Cape Cod National Seashore,-13.533442435372681,-5.414786310313497,2.1783858870763635,81.94444444444444,0.7558283274851637,68.38638858397366,0.7029984562899139,56.53128430296378,0.4077304465522434,32.491767288693744,0.8194444444444444,61.361141602634476
CACO_WS_066_01,CACO,Cape Cod National Seashore,-13.836552523281146,-5.395930898199454,2.3296527520808716,81.94444444444444,0.7518219923000226,64.87376509330406,0.7032514342094118,56.97036223929748,0.4093945682665214,34.46761800219539,0.8194444444444444,61.361141602634476
CACO_WS_067_01,CACO,Cape Cod National Seashore,-13.533442435372681,-5.414786310313497,2.1783858870763635,81.94444444444444,0.7558283274851637,68.38638858397366,0.7029984562899139,56.53128430296378,0.4077304465522434,32.491767288693744,0.8194444444444444,61.361141602634476
CACO_WS_069_01,CACO,Cape Cod National Seashore,-13.610905405840093,-5.501754789889451,2.3939088815378122,80.55555555555556,0.7548044663980233,67.50823271130626,0.7018316239294246,55.65312843029637,0.4101014647854752,35.78485181119649,0.8055555555555556,58.507135016465426
CACO_WS_070_01,CACO,Cape Cod National Seashore,-15.935569976956476,-8.320656209850748,-0.6471408560477984,93.05555555555556,0.7240783842369862,56.6410537870472,0.6640111927355326,38.85839736553238,0.3766461743465233,19.64873765093304,0.9305555555555556,86.2788144895719
CAHA_WS_001_01,CAHA,Cape Hatteras National Seashore,-13.998591337908092,-1.9020386110047152,8.57888525007673,56.94444444444444,0.7496802562434034,64.54445664105378,0.7501280336928139,78.04610318331504,0.47814381812488627,64.98353457738749,0.5694444444444444,22.832052689352363
CAHA_WS_002_01,CAHA,Cape Hatteras National Seashore,-25.143245535469056,-12.905501583458726,-0.31085056157577845,90.27777777777777,0.602376613048911,28.210757409440173,0.6024975733661981,24.91767288693743,0.38034578153620857,21.07574094401756,0.9027777777777777,81.33918770581778
CAHA_WS_002_02,CAHA,Cape Hatteras National Seashore,-25.143245535469056,-12.905501583458726,-0.31085056157577845,90.27777777777777,0.602376613048911,28.210757409440173,0.6024975733661981,24.91767288693743,0.38034578153620857,21.07574094401756,0.9027777777777777,81.33918770581778
CAHA_WS_002_03,CAHA,Cape Hatteras National Seashore,-25.143245535469056,-12.905501583458726,-0.31085056157577845,90.27777777777777,0.602376613048911,28.210757409440173,0.6024975733661981,24.91767288693743,0.38034578153620857,21.07574094401756,0.9027777777777777,81.33918770581778
CAHA_WS_007_01,CAHA,Cape Hatteras National Seashore,-18.439989002388003,-6.382881623534602,6.384148018428425,73.61111111111111,0.6909764108610513,44.34687156970362,0.6900097856242646,46.32272228320527,0.4539990070044111,53.34796926454446,0.7361111111111112,47.530186608122946
CAJO_WS_001_01,CAJO,Captain John Smith Chesapeake National Historic Trail,-20.56532399066103,-8.20875525016705,6.909210939526204,79.16666666666667,0.6628849527295054,35.56531284302964,0.6655125373786189,38.96816684961581,0.4597753454532511,54.665203073545555,0.7916666666666667,56.42151481888035
CALO_WS_001_01,CALO,Cape Lookout National Seashore,-23.66837375441711,-11.988476313046268,4.556906473763086,83.33333333333333,0.6218706218124352,31.394072447859493,0.614801051202316,27.22283205268935,0.43389710080295846,47.74972557628979,0.8333333333333333,64.21514818880351
CALO_WS_005_01,CALO,Cape Lookout National Seashore,-24.170524078921186,-12.508241977803658,4.334544686136638,80.55555555555556,0.6152334870104478,29.418221734357846,0.6078274971001032,25.686059275521405,0.4314508474268221,44.89571899012075,0.8055555555555556,58.507135016465426
CALO_WS_006_01,CALO,Cape Lookout National Seashore,-21.164259673968367,-9.046437278840848,6.929342527203147,75,0.6549685646005976,35.01646542261251,0.654273586167529,34.577387486278816,0.45999681769831346,54.77497255762898,0.75,50.49396267837542
CANA_WS_001_01,CANA,Canaveral National Seashore,-21.37070803381944,1.2843592075048518,35.33280571432675,44.44444444444444,0.6522398486621304,34.90669593852908,0.7928790637919663,87.26673984632272,0.7724698754891176,98.13391877058177,0.4444444444444444,12.952799121844127
CANA_WS_003_01,CANA,Canaveral National Seashore,-21.37070803381944,1.2843592075048518,35.33280571432675,44.44444444444444,0.6522398486621304,34.90669593852908,0.7928790637919663,87.26673984632272,0.7724698754891176,98.13391877058177,0.4444444444444444,12.952799121844127
CANA_WS_006_01,CANA,Canaveral National Seashore,-22.14105043948308,0.4565827273248378,32.91248165348892,48.611111111111114,0.6420579048485396,32.82107574094402,0.7817730126222165,85.51042810098792,0.7458433315655052,97.58507135016465,0.48611111111111116,15.257958287596049
CANY_WS_002_01,CANY,Canyonlands National Park,-26.878040017259412,-17.08911166082528,-7.531870221152658,93.05555555555556,0.5794470951983395,25.905598243688253,0.54636721848657,18.77058177826564,0.30090567669651413,10.976948408342482,0.9305555555555556,86.2788144895719
CARE_WS_001_01,CARE,Capitol Reef National Park,-40.059538780144834,-20.530259803678664,-2.4818546701873365,91.66666666666667,0.40522160949761116,13.391877058177826,0.500198272796173,14.709110867178923,0.3564620639829987,14.709110867178923,0.9166666666666667,82.98572996706916
CARE_WS_001_02,CARE,Capitol Reef National Park,-49.42725023366808,-30.669270475858912,-7.228771869561854,97.22222222222223,0.2814045756949164,5.817782656421515,0.3641659331102411,7.135016465422613,0.30424013165748054,11.086717892425906,0.9722222222222223,92.53567508232712
CARE_WS_002_01,CARE,Capitol Reef National Park,-34.34982040058006,-17.12350654637635,1.074821179855046,87.5,0.4806893901945227,18.551042810098792,0.5459057516920257,18.660812294182215,0.3955898763596696,26.015367727771682,0.875,73.8748627881449
CASA_WS_001_01,CASA,Castillo de San Marcos National Monument,-25.519178106943812,-5.625344743341923,20.247553564460453,63.888888888888886,0.5974077520692832,27.552140504939626,0.7001734512463693,53.787047200878156,0.606513532920619,89.68166849615807,0.6388888888888888,31.613611416026345
CASA_WS_003_01,CASA,Castillo de San Marcos National Monument,-25.519178106943812,-5.625344743341923,20.247553564460453,63.888888888888886,0.5974077520692832,27.552140504939626,0.7001734512463693,53.787047200878156,0.606513532920619,89.68166849615807,0.6388888888888888,31.613611416026345
CAVE_WS_001_01,CAVE,Carlsbad Caverns National Park,-21.807114090706957,-6.9591501419759085,28.275405610073033,58.333333333333336,0.6464716838584397,34.02854006586169,0.6822781481513888,43.688254665203075,0.6948297871625285,95.71899012074643,0.5833333333333334,24.259055982436884
CAVO_WS_001_01,CAVO,Capulin Volcano National Monument,-29.596046529729836,-20.500974256655713,-8.141502114843727,98.61111111111111,0.5435220449979598,22.612513721185508,0.5005911889898058,14.818880351262347,0.2941989754504913,10.647639956092206,0.9861111111111112,95.82875960482986
CEBE_WS_003_01,CEBE,Cedar Creek and Belle Grove National Historical  Park,-21.437875401921627,-10.590967414048325,3.2523971535775402,81.94444444444444,0.6513520689383411,34.68715697036224,0.633551046779717,29.747530186608124,0.41954589251861896,38.63885839736553,0.8194444444444444,61.361141602634476
CEBR_WS_001_01,CEBR,Cedar Breaks National Monument,-35.23031054847213,-26.298346775192417,-12.488062044658776,97.22222222222223,0.46905157673865566,17.892425905598245,0.4228094237638019,10.867178924259056,0.2463814659027116,7.683863885839736,0.9722222222222223,92.53567508232712
CHIC_WS_002_01,CHIC,Chickasaw National Recreation Area,-52.43319379062646,-37.588959563352056,-22.122849398317676,100,0.2416737388894204,3.951701427003293,0.2713263527107769,3.951701427003293,0.14038694524416054,3.512623490669594,1,100
CHIC_WS_003_01,CHIC,Chickasaw National Recreation Area,-51.86236717046299,-37.65737363480887,-22.93821722433821,100,0.24921859755366504,4.720087815587267,0.27040845978131717,3.6223929747530184,0.13141689549556584,2.96377607025247,1,100
CHIC_WS_006_01,CHIC,Chickasaw National Recreation Area,-52.43319379062646,-37.588959563352056,-22.122849398317676,100,0.2416737388894204,3.951701427003293,0.2713263527107769,3.951701427003293,0.14038694524416054,3.512623490669594,1,100
CHIC_WS_007_01,CHIC,Chickasaw National Recreation Area,-52.43319379062646,-37.588959563352056,-22.122849398317676,100,0.2416737388894204,3.951701427003293,0.2713263527107769,3.951701427003293,0.14038694524416054,3.512623490669594,1,100
CHIR_WS_001_01,CHIR,Chiricahua National Monument,-62.54745646376507,-51.56244835272288,-26.999666441710318,98.61111111111111,0.10798921951640605,0.6586169045005488,0.08384786639170642,0.5488474204171241,0.08673595473656502,2.1953896816684964,0.9861111111111112,95.82875960482986
CHIR_WS_002_01,CHIR,Chiricahua National Monument,-62.54745646376507,-51.56244835272288,-26.999666441710318,98.61111111111111,0.10798921951640605,0.6586169045005488,0.08384786639170642,0.5488474204171241,0.08673595473656502,2.1953896816684964,0.9861111111111112,95.82875960482986
CHIS_WS_004_01,CHIS,Channel Islands National Park,-48.32418304297831,-21.796965515644988,25.834478283097283,68.05555555555556,0.2959842847640841,7.244785949506037,0.4832032278885756,14.050493962678376,0.667976581950179,93.85290889132821,0.6805555555555556,37.102085620197585
CHIS_WS_005_01,CHIS,Channel Islands National Park,-48.404553274617506,-21.325354104419215,25.896153714481756,68.05555555555556,0.29492199716727113,7.025246981339188,0.4895307095103924,14.1602634467618,0.6686550876136718,93.96267837541163,0.6805555555555556,37.102085620197585
CHIS_WS_008_01,CHIS,Channel Islands National Park,-48.83820170557786,-16.682209303036856,39.279531087024225,69.44444444444444,0.28919028108046646,6.586169045005488,0.5518265163947532,18.990120746432492,0.8158887127394431,98.46322722283205,0.6944444444444444,38.96816684961581
CIRO_WS_002_01,CIRO,City of Rocks National Reserve,-36.57449773286222,-23.72398507875142,-12.072634394287022,100,0.45128488197307554,16.90450054884742,0.457348932211662,12.074643249176729,0.2509516814199996,8.122941822173436,1,100
CONG_WS_001_01,CONG,Congaree National Park,-17.292606168323655,-1.9445153659653904,19.082266519649018,52.77777777777778,0.7061418586713107,50.16465422612514,0.7495581346615976,77.82656421514818,0.593693941038552,87.596048298573,0.5277777777777778,18.441273326015367
CONG_WS_002_01,CONG,Congaree National Park,-17.292606168323655,-1.9445153659653904,19.082266519649018,52.77777777777778,0.7061418586713107,50.16465422612514,0.7495581346615976,77.82656421514818,0.593693941038552,87.596048298573,0.5277777777777778,18.441273326015367
CONG_WS_003_01,CONG,Congaree National Park,-17.292606168323655,-1.9445153659653904,19.082266519649018,52.77777777777778,0.7061418586713107,50.16465422612514,0.7495581346615976,77.82656421514818,0.593693941038552,87.596048298573,0.5277777777777778,18.441273326015367
CORO_WS_001_01,CORO,Coronado National Memorial,-60.29119248008825,-49.142337217877916,-30.44341014096191,95.83333333333333,0.13781122196820508,1.2074643249176729,0.1163178371430188,0.8781558726673985,0.04885053503039384,0.8781558726673985,0.9583333333333333,89.3523600439078
CRLA_WS_001_01,CRLA,Crater Lake National Park,-9.338694597940208,-2.9059253323123375,5.15004980108308,72.22222222222223,0.8112720970075282,87.48627881448957,0.7366591594708135,70.3622392974753,0.4404224075225951,50.27442371020856,0.7222222222222223,44.89571899012075
CRLA_WS_002_01,CRLA,Crater Lake National Park,-10.063457851638342,-3.513887385015729,4.897328852874442,72.22222222222223,0.8016925922664484,84.30296377607024,0.7285022984965543,66.73984632272229,0.43764216600999173,49.176728869374315,0.7222222222222223,44.89571899012075
CRLA_WS_003_01,CRLA,Crater Lake National Park,-9.338694597940208,-2.9059253323123375,5.15004980108308,72.22222222222223,0.8112720970075282,87.48627881448957,0.7366591594708135,70.3622392974753,0.4404224075225951,50.27442371020856,0.7222222222222223,44.89571899012075
CUGA_WS_004_01,CUGA,Cumberland Gap National Historical Park,-4.999570209609123,4.7060788408144365,14.591654970187722,25,0.8686241529210376,93.41383095499451,0.838787342471024,94.29198682766192,0.5442916863569117,81.33918770581778,0.25,5.049396267837541
CUGA_WS_005_01,CUGA,Cumberland Gap National Historical Park,-4.5154289059470205,6.146896930480042,15.992579703387062,23.61111111111111,0.8750232548210288,94.51152579582876,0.8581184056423857,96.59714599341383,0.5597035828652226,83.31503841931944,0.2361111111111111,4.939626783754116
CUIS_WS_001_01,CUIS,Cumberland Island National Seashore,-19.762230030493015,5.573036665788387,30.21124964097424,40.27777777777778,0.6734997877942067,39.077936333699235,0.8504190790529595,95.82875960482986,0.7161264543948539,96.37760702524699,0.4027777777777778,10.208562019758508
CUIS_WS_002_01,CUIS,Cumberland Island National Seashore,-19.878026201661868,3.0576726646296177,30.531685891940658,41.666666666666664,0.6719692604598658,38.41931942919869,0.8166711265847514,92.20636663007684,0.7196516475907275,96.4873765093304,0.41666666666666663,10.867178924259056
CUIS_WS_004_01,CUIS,Cumberland Island National Seashore,-23.72410306760971,2.4516893136077647,24.39292983680074,45.833333333333336,0.6211340237340675,30.954994511525797,0.8085408133110503,90.88913282107573,0.6521177745927694,93.63336992316135,0.45833333333333337,14.1602634467618
CUIS_WS_008_01,CUIS,Cumberland Island National Seashore,-20.85309401177044,3.7169720515564943,27.11053422429825,41.666666666666664,0.6590813737435509,35.455543358946215,0.8255167665645224,93.52360043907794,0.6820147680415126,95.27991218441272,0.41666666666666663,10.867178924259056
CUIS_WS_009_01,CUIS,Cumberland Island National Seashore,-23.72410306760971,2.4516893136077647,24.39292983680074,45.833333333333336,0.6211340237340675,30.954994511525797,0.8085408133110503,90.88913282107573,0.6521177745927694,93.63336992316135,0.45833333333333337,14.1602634467618
CUIS_WS_010_01,CUIS,Cumberland Island National Seashore,-19.762230030493015,5.573036665788387,30.21124964097424,40.27777777777778,0.6734997877942067,39.077936333699235,0.8504190790529595,95.82875960482986,0.7161264543948539,96.37760702524699,0.4027777777777778,10.208562019758508
CUIS_WS_012_01,CUIS,Cumberland Island National Seashore,-20.85309401177044,3.7169720515564943,27.11053422429825,41.666666666666664,0.6590813737435509,35.455543358946215,0.8255167665645224,93.52360043907794,0.6820147680415126,95.27991218441272,0.41666666666666663,10.867178924259056
CUIS_WS_013_01,CUIS,Cumberland Island National Seashore,-23.72410306760971,2.4516893136077647,24.39292983680074,45.833333333333336,0.6211340237340675,30.954994511525797,0.8085408133110503,90.88913282107573,0.6521177745927694,93.63336992316135,0.45833333333333337,14.1602634467618
CUIS_WS_015_01,CUIS,Cumberland Island National Seashore,-23.72410306760971,2.4516893136077647,24.39292983680074,45.833333333333336,0.6211340237340675,30.954994511525797,0.8085408133110503,90.88913282107573,0.6521177745927694,93.63336992316135,0.45833333333333337,14.1602634467618
CUIS_WS_016_01,CUIS,Cumberland Island National Seashore,-23.72410306760971,2.4516893136077647,24.39292983680074,45.833333333333336,0.6211340237340675,30.954994511525797,0.8085408133110503,90.88913282107573,0.6521177745927694,93.63336992316135,0.45833333333333337,14.1602634467618
CUIS_WS_017_01,CUIS,Cumberland Island National Seashore,-23.72410306760971,2.4516893136077647,24.39292983680074,45.833333333333336,0.6211340237340675,30.954994511525797,0.8085408133110503,90.88913282107573,0.6521177745927694,93.63336992316135,0.45833333333333337,14.1602634467618
CUIS_WS_018_01,CUIS,Cumberland Island National Seashore,-23.72410306760971,2.4516893136077647,24.39292983680074,45.833333333333336,0.6211340237340675,30.954994511525797,0.8085408133110503,90.88913282107573,0.6521177745927694,93.63336992316135,0.45833333333333337,14.1602634467618
CUIS_WS_019_01,CUIS,Cumberland Island National Seashore,-20.85309401177044,3.7169720515564943,27.11053422429825,41.666666666666664,0.6590813737435509,35.455543358946215,0.8255167665645224,93.52360043907794,0.6820147680415126,95.27991218441272,0.41666666666666663,10.867178924259056
CURE_WS_001_01,CURE,Curecanti National Recreation Area,-57.940947870218885,-41.78627023748705,-29.766034770126517,97.22222222222223,0.16887540640093002,1.646542261251372,0.21501218066261382,1.9758507135016465,0.056302497912619744,0.9879253567508233,0.9722222222222223,92.53567508232712
CURE_WS_002_01,CURE,Curecanti National Recreation Area,-52.220748945649184,-33.87369544039689,-19.647005107996453,97.22222222222223,0.24448171292686438,4.061470911086718,0.3211730377116632,5.92755214050494,0.1676242800337187,4.171240395170143,0.9722222222222223,92.53567508232712
CURE_WS_003_01,CURE,Curecanti National Recreation Area,-55.14235109298296,-39.06202349100608,-29.23911804291209,100,0.20586565246970778,3.0735455543358947,0.25156265592963567,3.0735455543358947,0.06209923051065223,1.4270032930845227,1,100
CURE_WS_004_01,CURE,Curecanti National Recreation Area,-23.323302746197296,-14.660127536921905,-4.559547817453917,97.22222222222223,0.6264315723606092,31.72338090010977,0.5789562357110195,22.17343578485181,0.3336048818640342,12.952799121844127,0.9722222222222223,92.53567508232712
CURE_WS_005_01,CURE,Curecanti National Recreation Area,-51.974762830609635,-34.19402792887479,-19.018884035669277,97.22222222222223,0.2477330162224404,4.610318331503842,0.31687522411880154,5.817782656421515,0.17453438500366084,4.720087815587267,0.9722222222222223,92.53567508232712
CURE_WS_006_01,CURE,Curecanti National Recreation Area,-30.026626253235182,-18.787102920453908,-9.039721604780109,98.61111111111111,0.5378308893251443,21.734357848518112,0.5235857330653819,16.02634467618002,0.28431745541405584,9.440175631174535,0.9861111111111112,95.82875960482986
CURE_WS_007_01,CURE,Curecanti National Recreation Area,-51.218985862635755,-34.490760925757236,-19.704989810611607,98.61111111111111,0.25772244243984643,4.829857299670691,0.3128940384653834,5.159165751920966,0.16698637692972462,4.061470911086718,0.9861111111111112,95.82875960482986
CURE_WS_008_01,CURE,Curecanti National Recreation Area,-26.8477465771525,-16.25151469756972,-7.939146379078646,98.61111111111111,0.5798474965040721,26.015367727771682,0.5576050283981543,19.64873765093304,0.2964251376300626,10.867178924259056,0.9861111111111112,95.82875960482986
CURE_WS_009_01,CURE,Curecanti National Recreation Area,-35.69756430925409,-22.31188399477434,-9.554620106341615,98.61111111111111,0.4628756846885844,17.45334796926454,0.4762947071533444,12.843029637760702,0.2786529380918243,9.330406147091107,0.9861111111111112,95.82875960482986
CURE_WS_010_01,CURE,Curecanti National Recreation Area,-51.974762830609635,-34.19402792887479,-19.018884035669277,97.22222222222223,0.2477330162224404,4.610318331503842,0.31687522411880154,5.817782656421515,0.17453438500366084,4.720087815587267,0.9722222222222223,92.53567508232712
CURE_WS_010_02,CURE,Curecanti National Recreation Area,-51.974762830609635,-34.19402792887479,-19.018884035669277,97.22222222222223,0.2477330162224404,4.610318331503842,0.31687522411880154,5.817782656421515,0.17453438500366084,4.720087815587267,0.9722222222222223,92.53567508232712
CURE_WS_011_01,CURE,Curecanti National Recreation Area,-51.974762830609635,-34.19402792887479,-19.018884035669277,97.22222222222223,0.2477330162224404,4.610318331503842,0.31687522411880154,5.817782656421515,0.17453438500366084,4.720087815587267,0.9722222222222223,92.53567508232712
DESO_WS_001_01,DESO,De Soto National Memorial,-27.88911150577621,-1.5489473950888013,26.64231511755438,51.388888888888886,0.5660833325235677,24.91767288693743,0.7548653621932545,79.36333699231614,0.676863781521437,94.07244785949506,0.5138888888888888,17.672886937431397
DETO_WS_002_01,DETO,Devils Tower National Monument,-46.629972895408415,-32.22647575085861,-11.734284259687232,95.83333333333333,0.3183773821765406,8.781558726673985,0.3432733348303407,6.805708013172337,0.2546739493866135,8.45225027442371,0.9583333333333333,89.3523600439078
DEVA_WS_001_01,DEVA,Death Valley National Park,-39.783740093980036,-20.708468980233903,3.4249010952999805,86.11111111111111,0.408866958248694,13.830954994511528,0.4978072888999997,14.489571899012073,0.42144364821819197,40.50493962678375,0.8611111111111112,70.801317233809
DEVA_WS_002_01,DEVA,Death Valley National Park,-63.01551735020914,-43.71778023198042,-16.900025923188604,97.22222222222223,0.10180265934254767,0.43907793633369924,0.18909763809302857,1.646542261251372,0.19784443241125432,5.598243688254665,0.9722222222222223,92.53567508232712
DEVA_WS_003_01,DEVA,Death Valley National Park,-39.783740093980036,-20.708468980233903,3.4249010952999805,86.11111111111111,0.408866958248694,13.830954994511528,0.4978072888999997,14.489571899012073,0.42144364821819197,40.50493962678375,0.8611111111111112,70.801317233809
DEVA_WS_003_02,DEVA,Death Valley National Park,-38.96021684589903,-20.06265752170716,3.8784986657267657,84.72222222222223,0.41975181591652927,14.5993413830955,0.5064719650247055,14.928649835345773,0.42643377984066233,42.15148188803512,0.8472222222222223,67.72777167947311
DEVA_WS_004_01,DEVA,Death Valley National Park,-37.58125426146966,-25.528057427775824,0.7027609223066513,88.88888888888889,0.43797815196200246,16.02634467618002,0.4331441857590466,11.19648737650933,0.3914967555457512,25.13721185510428,0.8888888888888888,77.82656421514818
DEVA_WS_007_01,DEVA,Death Valley National Park,-37.58125426146966,-25.528057427775824,0.7027609223066513,88.88888888888889,0.43797815196200246,16.02634467618002,0.4331441857590466,11.19648737650933,0.3914967555457512,25.13721185510428,0.8888888888888888,77.82656421514818
DEVA_WS_008_01,DEVA,Death Valley National Park,-61.77807719081683,-41.45601717675517,-13.893964307913635,97.22222222222223,0.11815843319451275,0.8781558726673985,0.21944309586650698,2.305159165751921,0.23091481043678894,6.695938529088913,0.9722222222222223,92.53567508232712
DEWA_WS_002_01,DEWA,Delaware Water Gap National Recreation Area,-14.248245242805652,-5.066333452378819,4.472416981274085,72.22222222222223,0.7463804742064525,63.55653128430296,0.7076735532069299,60.1536772777168,0.4329676123847574,47.310647639956095,0.7222222222222223,44.89571899012075
DEWA_WS_003_01,DEWA,Delaware Water Gap National Recreation Area,-14.248245242805652,-5.066333452378819,4.472416981274085,72.22222222222223,0.7463804742064525,63.55653128430296,0.7076735532069299,60.1536772777168,0.4329676123847574,47.310647639956095,0.7222222222222223,44.89571899012075
DEWA_WS_004_01,DEWA,Delaware Water Gap National Recreation Area,-14.248245242805652,-5.066333452378819,4.472416981274085,72.22222222222223,0.7463804742064525,63.55653128430296,0.7076735532069299,60.1536772777168,0.4329676123847574,47.310647639956095,0.7222222222222223,44.89571899012075
DEWA_WS_006_01,DEWA,Delaware Water Gap National Recreation Area,-13.546906243031659,-2.2976475924854642,8.15917165113205,59.72222222222222,0.7556503706024933,68.05708013172338,0.7448202559330709,76.0702524698134,0.4735264518975847,61.80021953896817,0.5972222222222222,26.454445664105382
DEWA_WS_007_01,DEWA,Delaware Water Gap National Recreation Area,-13.226564100823715,-2.5173762533074635,8.929618847594432,59.72222222222222,0.7598844691917779,71.56970362239298,0.7418722164453833,72.66739846322722,0.4820023194267983,66.95938529088913,0.5972222222222222,26.454445664105382
DEWA_WS_008_01,DEWA,Delaware Water Gap National Recreation Area,-13.546906243031659,-2.2976475924854642,8.15917165113205,59.72222222222222,0.7556503706024933,68.05708013172338,0.7448202559330709,76.0702524698134,0.4735264518975847,61.80021953896817,0.5972222222222222,26.454445664105382
DEWA_WS_009_01,DEWA,Delaware Water Gap National Recreation Area,-13.546906243031659,-2.2976475924854642,8.15917165113205,59.72222222222222,0.7556503706024933,68.05708013172338,0.7448202559330709,76.0702524698134,0.4735264518975847,61.80021953896817,0.5972222222222222,26.454445664105382
DEWA_WS_011_01,DEWA,Delaware Water Gap National Recreation Area,-13.546906243031659,-2.2976475924854642,8.15917165113205,59.72222222222222,0.7556503706024933,68.05708013172338,0.7448202559330709,76.0702524698134,0.4735264518975847,61.80021953896817,0.5972222222222222,26.454445664105382
DEWA_WS_012_01,DEWA,Delaware Water Gap National Recreation Area,-16.98529417860726,-8.833792185804604,1.2037822835550194,88.88888888888889,0.7102037321830507,51.15257958287596,0.657126587359038,36.11416026344676,0.3970086072427218,26.344676180021953,0.8888888888888888,77.82656421514818
DEWA_WS_015_01,DEWA,Delaware Water Gap National Recreation Area,-13.211865605634978,-2.4765335155928687,8.369464084279631,58.333333333333336,0.7600787454656216,72.00878155872668,0.7424201923130623,73.54555433589462,0.47583992751789855,62.89791437980241,0.5833333333333334,24.259055982436884
DEWA_WS_017_01,DEWA,Delaware Water Gap National Recreation Area,-14.248245242805652,-5.066333452378819,4.472416981274085,72.22222222222223,0.7463804742064525,63.55653128430296,0.7076735532069299,60.1536772777168,0.4329676123847574,47.310647639956095,0.7222222222222223,44.89571899012075
DEWA_WS_018_01,DEWA,Delaware Water Gap National Recreation Area,-14.248245242805652,-5.066333452378819,4.472416981274085,72.22222222222223,0.7463804742064525,63.55653128430296,0.7076735532069299,60.1536772777168,0.4329676123847574,47.310647639956095,0.7222222222222223,44.89571899012075
DEWA_WS_019_01,DEWA,Delaware Water Gap National Recreation Area,-14.248245242805652,-5.066333452378819,4.472416981274085,72.22222222222223,0.7463804742064525,63.55653128430296,0.7076735532069299,60.1536772777168,0.4329676123847574,47.310647639956095,0.7222222222222223,44.89571899012075
DEWA_WS_020_01,DEWA,Delaware Water Gap National Recreation Area,-14.12308595176553,-4.20690083748521,5.487087048462587,66.66666666666667,0.7480347578856971,64.10537870472008,0.7192043260985258,63.55653128430296,0.44413023211371094,50.82327113062569,0.6666666666666667,35.455543358946215
DEWA_WS_021_01,DEWA,Delaware Water Gap National Recreation Area,-14.248245242805652,-5.066333452378819,4.472416981274085,72.22222222222223,0.7463804742064525,63.55653128430296,0.7076735532069299,60.1536772777168,0.4329676123847574,47.310647639956095,0.7222222222222223,44.89571899012075
DEWA_WS_023_01,DEWA,Delaware Water Gap National Recreation Area,-14.248245242805652,-5.066333452378819,4.472416981274085,72.22222222222223,0.7463804742064525,63.55653128430296,0.7076735532069299,60.1536772777168,0.4329676123847574,47.310647639956095,0.7222222222222223,44.89571899012075
DEWA_WS_029_01,DEWA,Delaware Water Gap National Recreation Area,-16.850568280709002,-7.959492561415292,1.572842525444218,87.5,0.7119844617814088,51.811196487376506,0.6688568268604661,40.17563117453348,0.40106872419157363,27.771679473106474,0.875,73.8748627881449
DEWA_WS_030_01,DEWA,Delaware Water Gap National Recreation Area,-13.178654711420142,-2.3678751020130386,9.163384631862481,59.72222222222222,0.760517708005407,72.33809001097696,0.7438780325998255,75.41163556531284,0.48457403080353695,67.72777167947311,0.5972222222222222,26.454445664105382
DEWA_WS_038_01,DEWA,Delaware Water Gap National Recreation Area,-14.248245242805652,-5.066333452378819,4.472416981274085,72.22222222222223,0.7463804742064525,63.55653128430296,0.7076735532069299,60.1536772777168,0.4329676123847574,47.310647639956095,0.7222222222222223,44.89571899012075
DEWA_WS_039_01,DEWA,Delaware Water Gap National Recreation Area,-14.248245242805652,-5.066333452378819,4.472416981274085,72.22222222222223,0.7463804742064525,63.55653128430296,0.7076735532069299,60.1536772777168,0.4329676123847574,47.310647639956095,0.7222222222222223,44.89571899012075
DEWA_WS_041_01,DEWA,Delaware Water Gap National Recreation Area,-12.909170616095189,-1.7913017555317676,8.74088573776625,54.166666666666664,0.7640795941187531,73.98463227222832,0.7516137598673389,78.70472008781559,0.47992602290105923,65.97145993413831,0.5416666666666666,19.538968166849617
DEWA_WS_042_01,DEWA,Delaware Water Gap National Recreation Area,-14.248245242805652,-5.066333452378819,4.472416981274085,72.22222222222223,0.7463804742064525,63.55653128430296,0.7076735532069299,60.1536772777168,0.4329676123847574,47.310647639956095,0.7222222222222223,44.89571899012075
DEWA_WS_043_01,DEWA,Delaware Water Gap National Recreation Area,-14.12308595176553,-4.20690083748521,5.487087048462587,66.66666666666667,0.7480347578856971,64.10537870472008,0.7192043260985258,63.55653128430296,0.44413023211371094,50.82327113062569,0.6666666666666667,35.455543358946215
DEWA_WS_046_01,DEWA,Delaware Water Gap National Recreation Area,-16.850568280709002,-7.959492561415292,1.572842525444218,87.5,0.7119844617814088,51.811196487376506,0.6688568268604661,40.17563117453348,0.40106872419157363,27.771679473106474,0.875,73.8748627881449
DEWA_WS_047_01,DEWA,Delaware Water Gap National Recreation Area,-13.226564100823715,-2.5173762533074635,8.929618847594432,59.72222222222222,0.7598844691917779,71.56970362239298,0.7418722164453833,72.66739846322722,0.4820023194267983,66.95938529088913,0.5972222222222222,26.454445664105382
DEWA_WS_048_01,DEWA,Delaware Water Gap National Recreation Area,-16.850568280709002,-7.959492561415292,1.572842525444218,87.5,0.7119844617814088,51.811196487376506,0.6688568268604661,40.17563117453348,0.40106872419157363,27.771679473106474,0.875,73.8748627881449
DEWA_WS_049_01,DEWA,Delaware Water Gap National Recreation Area,-14.248245242805652,-5.066333452378819,4.472416981274085,72.22222222222223,0.7463804742064525,63.55653128430296,0.7076735532069299,60.1536772777168,0.4329676123847574,47.310647639956095,0.7222222222222223,44.89571899012075
DEWA_WS_050_01,DEWA,Delaware Water Gap National Recreation Area,-16.98529417860726,-8.833792185804604,1.2037822835550194,88.88888888888889,0.7102037321830507,51.15257958287596,0.657126587359038,36.11416026344676,0.3970086072427218,26.344676180021953,0.8888888888888888,77.82656421514818
DEWA_WS_052_01,DEWA,Delaware Water Gap National Recreation Area,-12.909170616095189,-1.7913017555317676,8.74088573776625,54.166666666666664,0.7640795941187531,73.98463227222832,0.7516137598673389,78.70472008781559,0.47992602290105923,65.97145993413831,0.5416666666666666,19.538968166849617
DEWA_WS_053_01,DEWA,Delaware Water Gap National Recreation Area,-14.248245242805652,-5.066333452378819,4.472416981274085,72.22222222222223,0.7463804742064525,63.55653128430296,0.7076735532069299,60.1536772777168,0.4329676123847574,47.310647639956095,0.7222222222222223,44.89571899012075
DEWA_WS_054_01,DEWA,Delaware Water Gap National Recreation Area,-16.850568280709002,-7.959492561415292,1.572842525444218,87.5,0.7119844617814088,51.811196487376506,0.6688568268604661,40.17563117453348,0.40106872419157363,27.771679473106474,0.875,73.8748627881449
DEWA_WS_056_01,DEWA,Delaware Water Gap National Recreation Area,-13.284912637646745,-3.326892971731522,7.4676980271460245,63.888888888888886,0.7591132517186525,71.02085620197585,0.7310111515168045,68.05708013172338,0.4659193908767106,57.738748627881456,0.6388888888888888,31.613611416026345
DEWA_WS_057_01,DEWA,Delaware Water Gap National Recreation Area,-16.98529417860726,-8.833792185804604,1.2037822835550194,88.88888888888889,0.7102037321830507,51.15257958287596,0.657126587359038,36.11416026344676,0.3970086072427218,26.344676180021953,0.8888888888888888,77.82656421514818
DEWA_WS_059_01,DEWA,Delaware Water Gap National Recreation Area,-15.779835908153,-6.53437676305668,3.646251165789461,77.77777777777777,0.7261367877816447,57.0801317233809,0.6879772166738461,44.78594950603732,0.42387877146046665,41.602634467618,0.7777777777777777,54.55543358946213
DEWA_WS_060_01,DEWA,Delaware Water Gap National Recreation Area,-15.779835908153,-6.53437676305668,3.646251165789461,77.77777777777777,0.7261367877816447,57.0801317233809,0.6879772166738461,44.78594950603732,0.42387877146046665,41.602634467618,0.7777777777777777,54.55543358946213
DEWA_WS_061_01,DEWA,Delaware Water Gap National Recreation Area,-13.226564100823715,-2.5173762533074635,8.929618847594432,59.72222222222222,0.7598844691917779,71.56970362239298,0.7418722164453833,72.66739846322722,0.4820023194267983,66.95938529088913,0.5972222222222222,26.454445664105382
DEWA_WS_063_01,DEWA,Delaware Water Gap National Recreation Area,-13.546906243031659,-2.2976475924854642,8.15917165113205,59.72222222222222,0.7556503706024933,68.05708013172338,0.7448202559330709,76.0702524698134,0.4735264518975847,61.80021953896817,0.5972222222222222,26.454445664105382
DEWA_WS_065_01,DEWA,Delaware Water Gap National Recreation Area,-13.211865605634978,-2.4765335155928687,8.369464084279631,58.333333333333336,0.7600787454656216,72.00878155872668,0.7424201923130623,73.54555433589462,0.47583992751789855,62.89791437980241,0.5833333333333334,24.259055982436884
DEWA_WS_069_01,DEWA,Delaware Water Gap National Recreation Area,-13.690715304325154,-4.442056703555611,6.534084152385246,66.66666666666667,0.7537495849632629,66.08122941822174,0.7160493040074454,61.909989023051594,0.455648489039125,53.567508232711305,0.6666666666666667,35.455543358946215
DEWA_WS_071_01,DEWA,Delaware Water Gap National Recreation Area,-14.248245242805652,-5.066333452378819,4.472416981274085,72.22222222222223,0.7463804742064525,63.55653128430296,0.7076735532069299,60.1536772777168,0.4329676123847574,47.310647639956095,0.7222222222222223,44.89571899012075
DEWA_WS_072_01,DEWA,Delaware Water Gap National Recreation Area,-14.248245242805652,-5.066333452378819,4.472416981274085,72.22222222222223,0.7463804742064525,63.55653128430296,0.7076735532069299,60.1536772777168,0.4329676123847574,47.310647639956095,0.7222222222222223,44.89571899012075
DEWA_WS_074_01,DEWA,Delaware Water Gap National Recreation Area,-13.211865605634978,-2.4765335155928687,8.369464084279631,58.333333333333336,0.7600787454656216,72.00878155872668,0.7424201923130623,73.54555433589462,0.47583992751789855,62.89791437980241,0.5833333333333334,24.259055982436884
DEWA_WS_075_01,DEWA,Delaware Water Gap National Recreation Area,-14.248245242805652,-5.066333452378819,4.472416981274085,72.22222222222223,0.7463804742064525,63.55653128430296,0.7076735532069299,60.1536772777168,0.4329676123847574,47.310647639956095,0.7222222222222223,44.89571899012075
DEWA_WS_077_01,DEWA,Delaware Water Gap National Recreation Area,-13.211865605634978,-2.4765335155928687,8.369464084279631,58.333333333333336,0.7600787454656216,72.00878155872668,0.7424201923130623,73.54555433589462,0.47583992751789855,62.89791437980241,0.5833333333333334,24.259055982436884
DEWA_WS_079_01,DEWA,Delaware Water Gap National Recreation Area,-13.284912637646745,-3.326892971731522,7.4676980271460245,63.888888888888886,0.7591132517186525,71.02085620197585,0.7310111515168045,68.05708013172338,0.4659193908767106,57.738748627881456,0.6388888888888888,31.613611416026345
DEWA_WS_080_01,DEWA,Delaware Water Gap National Recreation Area,-13.226564100823715,-2.5173762533074635,8.929618847594432,59.72222222222222,0.7598844691917779,71.56970362239298,0.7418722164453833,72.66739846322722,0.4820023194267983,66.95938529088913,0.5972222222222222,26.454445664105382
DEWA_WS_081_01,DEWA,Delaware Water Gap National Recreation Area,-15.779835908153,-6.53437676305668,3.646251165789461,77.77777777777777,0.7261367877816447,57.0801317233809,0.6879772166738461,44.78594950603732,0.42387877146046665,41.602634467618,0.7777777777777777,54.55543358946213
DINO_WS_001_01,DINO,Dinosaur National Monument,-31.5597388074726,-14.238864324223211,1.7426164097479344,88.88888888888889,0.5175670874464096,20.417124039517017,0.5846082092910703,22.832052689352363,0.40293644589902566,29.637760702524695,0.8888888888888888,77.82656421514818
DINO_WS_002_01,DINO,Dinosaur National Monument,-48.923942010095715,-33.70307268439164,-17.499292334977447,100,0.28805701494226277,6.366630076838639,0.3234622366733272,6.0373216245883645,0.19125176422535956,5.26893523600439,1,100
DINO_WS_003_01,DINO,Dinosaur National Monument,-34.415775514810576,-19.228127654601224,6.6117381023050745,83.33333333333333,0.47981763334668887,18.441273326015367,0.5176686245441297,15.587266739846322,0.4565027780749769,54.22612513721185,0.8333333333333333,64.21514818880351
DINO_WS_004_01,DINO,Dinosaur National Monument,-42.444439013366626,-27.786675314357428,-12.216180137886173,97.22222222222223,0.3736993669244994,11.964873765093303,0.40284092585507786,9.769484083424809,0.24937250154535615,7.903402854006586,0.9722222222222223,92.53567508232712
DINO_WS_005_01,DINO,Dinosaur National Monument,-39.31947006202812,-24.23742786890798,0.47644625610756364,88.88888888888889,0.41500341308347105,13.940724478594952,0.4504602103927263,11.964873765093303,0.389007015639591,24.588364434687158,0.8888888888888888,77.82656421514818
DINO_WS_006_01,DINO,Dinosaur National Monument,-46.40872292210583,-32.84855424115473,-15.497593120186062,98.61111111111111,0.32130173734686857,9.220636663007683,0.3349270774646725,6.366630076838639,0.2132729195437318,6.256860592755214,0.9861111111111112,95.82875960482986
EBLA_WS_001_01,EBLA,Ebey's Landing National Historical Reserve,-34.0500362436362,-18.79490757730132,-1.42516084705358,90.27777777777777,0.48465176513294694,18.88035126234907,0.5234810201140175,15.916575192096596,0.36808699675573703,16.794731064763997,0.9027777777777777,81.33918770581778
EBLA_WS_002_01,EBLA,Ebey's Landing National Historical Reserve,-32.73084398921807,-17.741975785154047,-0.5612583617492027,90.27777777777777,0.5020880912589091,19.64873765093304,0.5376079186691696,17.892425905598245,0.3775909874993204,19.978046103183313,0.9027777777777777,81.33918770581778
EBLA_WS_003_01,EBLA,Ebey's Landing National Historical Reserve,-32.73084398921807,-17.741975785154047,-0.5612583617492027,90.27777777777777,0.5020880912589091,19.64873765093304,0.5376079186691696,17.892425905598245,0.3775909874993204,19.978046103183313,0.9027777777777777,81.33918770581778
EFMO_WS_001_01,EFMO,Effigy Mounds National Monument,-43.06409102097714,-27.26173818456217,-10.989846099657635,95.83333333333333,0.3655091623101843,11.745334796926453,0.4098838640926319,10.647639956092206,0.2628636854997105,8.89132821075741,0.9583333333333333,89.3523600439078
ELMA_WS_003_01,ELMA,El Malpais National Monument,-48.67541817798746,-28.283184726600812,-8.863258866445635,93.05555555555556,0.2913418603256408,6.915477497255764,0.3961793945472081,9.001097694840835,0.28625876274937084,9.769484083424809,0.9305555555555556,86.2788144895719
ELMO_WS_001_01,ELMO,El Morro National Monument,-48.19815153540284,-29.9119871286708,-11.537894775896348,95.83333333333333,0.2976500969009222,7.354555433589462,0.3743261971492019,8.01317233809001,0.25683447545041804,8.781558726673985,0.9583333333333333,89.3523600439078
ELRO_WS_002_01,ELRO,Eleanor Roosevelt National Historic Site,-19.202074105145314,-9.836449217850046,-0.4315293968531418,91.66666666666667,0.6809036073383571,42.26125137211855,0.6436742115423387,31.284302963776074,0.37901816580071446,20.636663007683865,0.9166666666666667,82.98572996706916
EVER_WS_001_01,EVER,Everglades National Park,-39.088324549293944,-14.051824547752375,25.715227225699717,73.61111111111111,0.4180585618148919,14.489571899012073,0.5871176709368179,23.27113062568606,0.6666646735288602,93.7431394072448,0.7361111111111112,47.530186608122946
EVER_WS_002_01,EVER,Everglades National Park,-41.35561315954238,-18.29173096138239,16.79389079996545,75,0.38809084217617357,12.294182217343579,0.530232003474407,16.90450054884742,0.5685189912870753,84.19319429198683,0.75,50.49396267837542
EVER_WS_003_01,EVER,Everglades National Park,-40.1983526835901,-10.520537560071608,26.96256063436289,66.66666666666667,0.40338684698806543,13.172338090010976,0.6344959849132252,30.18660812294182,0.6803868764067931,94.51152579582876,0.6666666666666667,35.455543358946215
EVER_WS_003_02,EVER,Everglades National Park,-40.1983526835901,-10.520537560071608,26.96256063436289,66.66666666666667,0.40338684698806543,13.172338090010976,0.6344959849132252,30.18660812294182,0.6803868764067931,94.51152579582876,0.6666666666666667,35.455543358946215
EVER_WS_004_01,EVER,Everglades National Park,-39.207334687452125,-16.06299082300228,27.094184580566523,72.22222222222223,0.41648555410940236,14.1602634467618,0.560134401783117,19.758507135016465,0.6818349018351636,94.95060373216246,0.7222222222222223,44.89571899012075
EVER_WS_005_01,EVER,Everglades National Park,-47.61220841492379,-17.787047223893925,19.834239160594738,76.38888888888889,0.30539475679088124,7.793633369923161,0.5370032074736661,17.45334796926454,0.6019665657161601,88.69374313940725,0.7638888888888888,52.57958287596048
EVER_WS_006_01,EVER,Everglades National Park,-46.55218983724214,-22.16056561198818,19.352429754317306,83.33333333333333,0.319405473999184,8.89132821075741,0.47832490460686644,13.2821075740944,0.5966660691724806,87.92535675082327,0.8333333333333333,64.21514818880351
EVER_WS_007_01,EVER,Everglades National Park,-46.67960027115388,-23.672226714221623,11.48112160698503,81.94444444444444,0.3177214360054078,8.67178924259056,0.45804336006591256,12.294182217343579,0.510071990506552,74.42371020856203,0.8194444444444444,61.361141602634476
EVER_WS_008_01,EVER,Everglades National Park,-46.22519351220893,-18.632255672209798,22.168785350674057,79.16666666666667,0.32372752375817465,9.659714599341383,0.5256632763438767,16.355653128430298,0.6276494474747009,91.32821075740945,0.7916666666666667,56.42151481888035
EVER_WS_009_01,EVER,Everglades National Park,-40.38896274759124,-3.334294623948368,42.62870020127248,56.94444444444444,0.4008674725544425,12.952799121844127,0.7309118455686057,67.83754116355654,0.8527336955956922,98.79253567508232,0.5694444444444444,22.832052689352363
EVER_WS_010_01,EVER,Everglades National Park,-40.38896274759124,-3.334294623948368,42.62870020127248,56.94444444444444,0.4008674725544425,12.952799121844127,0.7309118455686057,67.83754116355654,0.8527336955956922,98.79253567508232,0.5694444444444444,22.832052689352363
EVER_WS_011_01,EVER,Everglades National Park,-38.90887027095673,-2.424643467378871,44.837275648850635,54.166666666666664,0.42043048547598627,15.148188803512625,0.7431163869313729,74.42371020856203,0.8770307441252989,99.34138309549945,0.5416666666666666,19.538968166849617
EVER_WS_012_01,EVER,Everglades National Park,-40.38896274759124,-3.334294623948368,42.62870020127248,56.94444444444444,0.4008674725544425,12.952799121844127,0.7309118455686057,67.83754116355654,0.8527336955956922,98.79253567508232,0.5694444444444444,22.832052689352363
EVER_WS_013_01,EVER,Everglades National Park,-38.90887027095673,-2.424643467378871,44.837275648850635,54.166666666666664,0.42043048547598627,15.148188803512625,0.7431163869313729,74.42371020856203,0.8770307441252989,99.34138309549945,0.5416666666666666,19.538968166849617
EVER_WS_014_01,EVER,Everglades National Park,-38.90887027095673,-2.424643467378871,44.837275648850635,54.166666666666664,0.42043048547598627,15.148188803512625,0.7431163869313729,74.42371020856203,0.8770307441252989,99.34138309549945,0.5416666666666666,19.538968166849617
EVER_WS_015_01,EVER,Everglades National Park,-38.90887027095673,-2.424643467378871,44.837275648850635,54.166666666666664,0.42043048547598627,15.148188803512625,0.7431163869313729,74.42371020856203,0.8770307441252989,99.34138309549945,0.5416666666666666,19.538968166849617
EVER_WS_015_02,EVER,Everglades National Park,-38.90887027095673,-2.424643467378871,44.837275648850635,54.166666666666664,0.42043048547598627,15.148188803512625,0.7431163869313729,74.42371020856203,0.8770307441252989,99.34138309549945,0.5416666666666666,19.538968166849617
EVER_WS_016_01,EVER,Everglades National Park,-41.68660698424374,-9.363825637422734,28.439684748101357,62.5,0.3837159557607602,12.074643249176729,0.6500152731621549,32.16245883644347,0.696637059897292,95.82875960482986,0.625,29.637760702524695
FLFO_WS_001_01,FLFO,Florissant Fossil Beds National Monument,-54.42965520652508,-41.84125053542555,-25.417420920098984,100,0.21528565767614574,3.293084522502744,0.21427452500694666,1.8660812294182216,0.10414260311097291,2.634467618002195,1,100
FLFO_WS_002_01,FLFO,Florissant Fossil Beds National Monument,-54.42965520652508,-41.84125053542555,-25.417420920098984,100,0.21528565767614574,3.293084522502744,0.21427452500694666,1.8660812294182216,0.10414260311097291,2.634467618002195,1,100
FLNI_WS_001_01,FLNI,Flight 93 National Memorial,-12.958937830273614,-4.203989333875509,7.621912937133804,69.44444444444444,0.7634217996434677,73.43578485181119,0.7192433889480322,63.88583973655324,0.4676159447146475,59.27552140504939,0.6944444444444444,38.96816684961581
FLNI_WS_003_01,FLNI,Flight 93 National Memorial,-12.331335426349902,-4.206061003447998,7.9794005037770805,66.66666666666667,0.771717088033467,75.85071350164654,0.7192155939226482,63.666300768386385,0.4715487479906177,61.031833150384195,0.6666666666666667,35.455543358946215
FLNI_WS_004_01,FLNI,Flight 93 National Memorial,-12.958937830273614,-4.203989333875509,7.621912937133804,69.44444444444444,0.7634217996434677,73.43578485181119,0.7192433889480322,63.88583973655324,0.4676159447146475,59.27552140504939,0.6944444444444444,38.96816684961581
FOBO_WS_001_01,FOBO,Fort Bowie National Historic Site,-45.779122760767045,-33.36656596473265,-17.219660970162824,97.22222222222223,0.32962343094785446,10.757409440175632,0.3279770555126891,6.147091108671789,0.19432805344552243,5.378704720087816,0.9722222222222223,92.53567508232712
FODA_WS_002_01,FODA,Fort Davis National Historic Site,-28.763348338683432,-15.53709764108043,7.56473948099803,81.94444444444444,0.5545281717963527,23.490669593852907,0.5671901671111877,20.856201975850713,0.46698696632051584,58.83644346871569,0.8194444444444444,61.361141602634476
FOFR_WS_002_01,FOFR,Fort Frederica National Monument,-18.12094654809328,5.02895463338909,29.140703607351092,44.44444444444444,0.6951933309213982,45.88364434687157,0.8431192788809929,94.84083424807903,0.7043491302556026,95.93852908891328,0.4444444444444444,12.952799121844127
FOLA_WS_001_01,FOLA,Fort Laramie National Historic Site,-20.202715334171764,-10.46985536715687,2.073353947394397,84.72222222222223,0.6676777058475356,36.77277716794731,0.6351759740665579,30.515916575192097,0.40657496592856357,31.72338090010977,0.8472222222222223,67.72777167947311
FOLA_WS_002_01,FOLA,Fort Laramie National Historic Site,-20.202715334171764,-10.46985536715687,2.073353947394397,84.72222222222223,0.6676777058475356,36.77277716794731,0.6351759740665579,30.515916575192097,0.40657496592856357,31.72338090010977,0.8472222222222223,67.72777167947311
FOLA_WS_003_01,FOLA,Fort Laramie National Historic Site,-20.202715334171764,-10.46985536715687,2.073353947394397,84.72222222222223,0.6676777058475356,36.77277716794731,0.6351759740665579,30.515916575192097,0.40657496592856357,31.72338090010977,0.8472222222222223,67.72777167947311
FOLS_WS_001_01,FOLS,Fort Larned National Historic Site,-32.039851234451646,-24.53331065891081,-8.882420635588133,97.22222222222223,0.5112212369262165,20.08781558726674,0.4464904317330269,11.525795828759605,0.28604795970196806,9.659714599341383,0.9722222222222223,92.53567508232712
FOLS_WS_002_01,FOLS,Fort Larned National Historic Site,-31.235558559388338,-24.41373361306862,-8.478961607242999,97.22222222222223,0.5218519159164536,20.52689352360044,0.448094764329626,11.63556531284303,0.2904865056444031,10.098792535675083,0.9722222222222223,92.53567508232712
FOLS_WS_003_01,FOLS,Fort Larned National Historic Site,-32.039851234451646,-24.53331065891081,-8.882420635588133,97.22222222222223,0.5112212369262165,20.08781558726674,0.4464904317330269,11.525795828759605,0.28604795970196806,9.659714599341383,0.9722222222222223,92.53567508232712
FOPU_WS_001_01,FOPU,Fort Pulaski National Monument,-24.163886024635346,-0.5364807728789956,17.81649533046135,51.388888888888886,0.615321225002376,29.747530186608124,0.7684493506045712,82.21734357848518,0.5797688998791951,85.62019758507134,0.5138888888888888,17.672886937431397
FOPU_WS_002_01,FOPU,Fort Pulaski National Monument,-24.163886024635346,-0.5364807728789956,17.81649533046135,51.388888888888886,0.615321225002376,29.747530186608124,0.7684493506045712,82.21734357848518,0.5797688998791951,85.62019758507134,0.5138888888888888,17.672886937431397
FOPU_WS_004_01,FOPU,Fort Pulaski National Monument,-24.163886024635346,-0.5364807728789956,17.81649533046135,51.388888888888886,0.615321225002376,29.747530186608124,0.7684493506045712,82.21734357848518,0.5797688998791951,85.62019758507134,0.5138888888888888,17.672886937431397
FORA_WS_001_01,FORA,Fort Raleigh National Historic Site,-11.443901763115177,2.360214431180465,15.944773849472718,38.888888888888886,0.783446676890205,78.92425905598243,0.8073135197731094,89.90120746432491,0.5591776596264082,83.205268935236,0.38888888888888884,9.11086717892426
FORA_WS_001_02,FORA,Fort Raleigh National Historic Site,-11.443901763115177,2.360214431180465,15.944773849472718,38.888888888888886,0.783446676890205,78.92425905598243,0.8073135197731094,89.90120746432491,0.5591776596264082,83.205268935236,0.38888888888888884,9.11086717892426
FOLS_WS_004_01,FOSC,Fort Scott National Historic Site,-52.849439111491904,-35.58707558109932,-20.21707298655622,98.61111111111111,0.2361720471240932,3.6223929747530184,0.2981850838720758,4.610318331503842,0.16135283165475336,3.951701427003293,0.9861111111111112,95.82875960482986
FOUN_WS_001_01,FOUN,Fort Union National Monument,-45.95044997584387,-35.84697420669099,-25.93989579370647,100,0.32735892614476186,10.53787047200878,0.2946980949277403,4.500548847420418,0.09839473637023663,2.4149286498353457,1,100
FRSP_WS_001_01,FRSP,Fredericksburg and Spotsylvania County Battlefields Memorial National Military Park,-18.638144832889616,-7.369786438611757,4.595113125862463,79.16666666666667,0.6883573008163891,43.688254665203075,0.676768753004522,41.712403951701425,0.4343174210058432,48.188803512623494,0.7916666666666667,56.42151481888035
FRSP_WS_002_01,FRSP,Fredericksburg and Spotsylvania County Battlefields Memorial National Military Park,-19.259054902796166,-7.8475152639960255,3.2714398346664844,76.38888888888889,0.6801504678566551,41.93194291986828,0.6703591957061215,40.61470911086718,0.4197553854508433,38.85839736553238,0.7638888888888888,52.57958287596048
FRSP_WS_004_01,FRSP,Fredericksburg and Spotsylvania County Battlefields Memorial National Military Park,-17.475691729845387,-5.860702312434409,7.037905147046263,75,0.7037219387931002,47.85949506037321,0.6970157229608778,49.94511525795829,0.4611911401497931,55.10428100987925,0.75,50.49396267837542
FRST_WS_001_01,FRST,First State National Historic Park,-17.39794528660328,-5.796450744037566,8.556632596568193,73.61111111111111,0.7047495466606896,49.72557628979144,0.6978777687225511,51.70142700329309,0.47789901154478853,64.87376509330406,0.7361111111111112,47.530186608122946
FRST_WS_002_01,FRST,First State National Historic Park,-17.39794528660328,-5.796450744037566,8.556632596568193,73.61111111111111,0.7047495466606896,49.72557628979144,0.6978777687225511,51.70142700329309,0.47789901154478853,64.87376509330406,0.7361111111111112,47.530186608122946
FRST_WS_003_01,FRST,First State National Historic Park,-16.34035965554745,-6.317100289974907,7.241369478318021,75,0.7187281065767761,54.11635565312844,0.6908923558277202,47.74972557628979,0.4634294982445437,56.6410537870472,0.75,50.49396267837542
FRST_WS_004_01,FRST,First State National Historic Park,-16.34035965554745,-6.317100289974907,7.241369478318021,75,0.7187281065767761,54.11635565312844,0.6908923558277202,47.74972557628979,0.4634294982445437,56.6410537870472,0.75,50.49396267837542
FRST_WS_005_01,FRST,First State National Historic Park,-17.39794528660328,-5.796450744037566,8.556632596568193,73.61111111111111,0.7047495466606896,49.72557628979144,0.6978777687225511,51.70142700329309,0.47789901154478853,64.87376509330406,0.7361111111111112,47.530186608122946
FRST_WS_006_01,FRST,First State National Historic Park,-17.39794528660328,-5.796450744037566,8.556632596568193,73.61111111111111,0.7047495466606896,49.72557628979144,0.6978777687225511,51.70142700329309,0.47789901154478853,64.87376509330406,0.7361111111111112,47.530186608122946
FRST_WS_007_01,FRST,First State National Historic Park,-17.39794528660328,-5.796450744037566,8.556632596568193,73.61111111111111,0.7047495466606896,49.72557628979144,0.6978777687225511,51.70142700329309,0.47789901154478853,64.87376509330406,0.7361111111111112,47.530186608122946
FRST_WS_008_01,FRST,First State National Historic Park,-17.39794528660328,-5.796450744037566,8.556632596568193,73.61111111111111,0.7047495466606896,49.72557628979144,0.6978777687225511,51.70142700329309,0.47789901154478853,64.87376509330406,0.7361111111111112,47.530186608122946
FRST_WS_009_01,FRST,First State National Historic Park,-17.39794528660328,-5.796450744037566,8.556632596568193,73.61111111111111,0.7047495466606896,49.72557628979144,0.6978777687225511,51.70142700329309,0.47789901154478853,64.87376509330406,0.7361111111111112,47.530186608122946
FRST_WS_010_01,FRST,First State National Historic Park,-17.39794528660328,-5.796450744037566,8.556632596568193,73.61111111111111,0.7047495466606896,49.72557628979144,0.6978777687225511,51.70142700329309,0.47789901154478853,64.87376509330406,0.7361111111111112,47.530186608122946
FRST_WS_011_01,FRST,First State National Historic Park,-17.39794528660328,-5.796450744037566,8.556632596568193,73.61111111111111,0.7047495466606896,49.72557628979144,0.6978777687225511,51.70142700329309,0.47789901154478853,64.87376509330406,0.7361111111111112,47.530186608122946
FRST_WS_012_01,FRST,First State National Historic Park,-16.34035965554745,-6.317100289974907,7.241369478318021,75,0.7187281065767761,54.11635565312844,0.6908923558277202,47.74972557628979,0.4634294982445437,56.6410537870472,0.75,50.49396267837542
FRST_WS_013_01,FRST,First State National Historic Park,-16.34035965554745,-6.317100289974907,7.241369478318021,75,0.7187281065767761,54.11635565312844,0.6908923558277202,47.74972557628979,0.4634294982445437,56.6410537870472,0.75,50.49396267837542
FRST_WS_014_01,FRST,First State National Historic Park,-16.34035965554745,-6.317100289974907,7.241369478318021,75,0.7187281065767761,54.11635565312844,0.6908923558277202,47.74972557628979,0.4634294982445437,56.6410537870472,0.75,50.49396267837542
FRST_WS_015_01,FRST,First State National Historic Park,-16.34035965554745,-6.317100289974907,7.241369478318021,75,0.7187281065767761,54.11635565312844,0.6908923558277202,47.74972557628979,0.4634294982445437,56.6410537870472,0.75,50.49396267837542
FRST_WS_016_01,FRST,First State National Historic Park,-16.34035965554745,-6.317100289974907,7.241369478318021,75,0.7187281065767761,54.11635565312844,0.6908923558277202,47.74972557628979,0.4634294982445437,56.6410537870472,0.75,50.49396267837542
FRST_WS_017_01,FRST,First State National Historic Park,-17.39794528660328,-5.796450744037566,8.556632596568193,73.61111111111111,0.7047495466606896,49.72557628979144,0.6978777687225511,51.70142700329309,0.47789901154478853,64.87376509330406,0.7361111111111112,47.530186608122946
FRST_WS_018_01,FRST,First State National Historic Park,-17.39794528660328,-5.796450744037566,8.556632596568193,73.61111111111111,0.7047495466606896,49.72557628979144,0.6978777687225511,51.70142700329309,0.47789901154478853,64.87376509330406,0.7361111111111112,47.530186608122946
FRST_WS_019_01,FRST,First State National Historic Park,-17.39794528660328,-5.796450744037566,8.556632596568193,73.61111111111111,0.7047495466606896,49.72557628979144,0.6978777687225511,51.70142700329309,0.47789901154478853,64.87376509330406,0.7361111111111112,47.530186608122946
FRST_WS_020_01,FRST,First State National Historic Park,-17.39794528660328,-5.796450744037566,8.556632596568193,73.61111111111111,0.7047495466606896,49.72557628979144,0.6978777687225511,51.70142700329309,0.47789901154478853,64.87376509330406,0.7361111111111112,47.530186608122946
FRST_WS_021_01,FRST,First State National Historic Park,-17.39794528660328,-5.796450744037566,8.556632596568193,73.61111111111111,0.7047495466606896,49.72557628979144,0.6978777687225511,51.70142700329309,0.47789901154478853,64.87376509330406,0.7361111111111112,47.530186608122946
FRST_WS_022_01,FRST,First State National Historic Park,-16.34035965554745,-6.317100289974907,7.241369478318021,75,0.7187281065767761,54.11635565312844,0.6908923558277202,47.74972557628979,0.4634294982445437,56.6410537870472,0.75,50.49396267837542
FRST_WS_023_01,FRST,First State National Historic Park,-16.34035965554745,-6.317100289974907,7.241369478318021,75,0.7187281065767761,54.11635565312844,0.6908923558277202,47.74972557628979,0.4634294982445437,56.6410537870472,0.75,50.49396267837542
FRST_WS_024_01,FRST,First State National Historic Park,-16.34035965554745,-6.317100289974907,7.241369478318021,75,0.7187281065767761,54.11635565312844,0.6908923558277202,47.74972557628979,0.4634294982445437,56.6410537870472,0.75,50.49396267837542
FRST_WS_025_01,FRST,First State National Historic Park,-25.610033018042756,-12.61470582161558,4.253842292419287,83.33333333333333,0.5962068839965964,27.22283205268935,0.6063991007571118,25.57628979143798,0.43056302175677036,43.578485181119646,0.8333333333333333,64.21514818880351
FRST_WS_026_01,FRST,First State National Historic Park,-17.39794528660328,-5.796450744037566,8.556632596568193,73.61111111111111,0.7047495466606896,49.72557628979144,0.6978777687225511,51.70142700329309,0.47789901154478853,64.87376509330406,0.7361111111111112,47.530186608122946
GATE_WS_001_01,GATE,Gateway National Recreation Area,-18.79393863864062,-9.167698198745848,4.974354413961598,77.77777777777777,0.6862981077030416,43.468715697036224,0.6526466614920865,34.13830954994512,0.43848954199518025,49.94511525795829,0.7777777777777777,54.55543358946213
GETT_WS_001_01,GETT,Gettysburg National Military Park,-13.362509994054033,-2.193569457038153,12.697144227415832,56.94444444444444,0.7580876143952838,70.25246981339188,0.7462166438778922,76.83863885839737,0.5234497361724769,78.26564215148188,0.5694444444444444,22.832052689352363
GETT_WS_004_01,GETT,Gettysburg National Military Park,-12.284931460102241,-2.1090596415201035,12.936473486193032,52.77777777777778,0.7723304290277933,75.96048298572997,0.7473504890135808,77.27771679473106,0.5260826526170751,78.37541163556531,0.5277777777777778,18.441273326015367
GETT_WS_005_01,GETT,Gettysburg National Military Park,-13.533343518661557,-2.505508203838481,12.090806487935193,58.333333333333336,0.7558296349094824,68.6059275521405,0.7420314468268251,72.99670691547749,0.5167792746776487,77.49725576289791,0.5833333333333334,24.259055982436884
GETT_WS_007_01,GETT,Gettysburg National Military Park,-13.533343518661557,-2.505508203838481,12.090806487935193,58.333333333333336,0.7558296349094824,68.6059275521405,0.7420314468268251,72.99670691547749,0.5167792746776487,77.49725576289791,0.5833333333333334,24.259055982436884
GETT_WS_008_01,GETT,Gettysburg National Military Park,-13.362509994054033,-2.193569457038153,12.697144227415832,56.94444444444444,0.7580876143952838,70.25246981339188,0.7462166438778922,76.83863885839737,0.5234497361724769,78.26564215148188,0.5694444444444444,22.832052689352363
GEWA_WS_001_01,GEWA,George Washington Birthplace National Monument,-23.60295757439193,-11.954875579706172,0.35958043514957266,88.88888888888889,0.6227352553372408,31.613611416026345,0.6152518630733359,27.552140504939626,0.38772134775517153,23.929747530186606,0.8888888888888888,77.82656421514818
GICL_WS_001_01,GICL,Gila Cliff Dwellings National Monument,-60.502050877691715,-49.39671802326236,-34.88387097050328,100,0.13502421668167577,1.0976948408342482,0.11290487928682627,0.6586169045005488,0,0.10976948408342481,1,100
GLAC_WS_001_01,GLAC,Glacier National Park,-11.78506035084396,-6.41059441726086,2.2797875537392196,87.5,0.7789374384707181,77.71679473106477,0.6896379706324764,46.212952799121844,0.4088459897040936,33.69923161361142,0.875,73.8748627881449
GLAC_WS_002_01,GLAC,Glacier National Park,-7.168413631740879,-0.5259670491943209,8.838898802661253,52.77777777777778,0.8399576252805175,91.32821075740945,0.7685904103665027,82.3271130625686,0.48100428726232475,66.30076838638858,0.5277777777777778,18.441273326015367
GLAC_WS_003_01,GLAC,Glacier National Park,-13.08651952733529,-7.617925556505617,-1.4984364089170676,91.66666666666667,0.7617354979916646,72.88693743139407,0.6734395381663008,41.38309549945115,0.367280875378003,16.68496158068057,0.9166666666666667,82.98572996706916
GLAC_WS_004_01,GLAC,Glacier National Park,-3.801895782217886,3.0451309876334243,11.833106960353607,26.38888888888889,0.8844543261492223,95.06037321624589,0.8165028583265811,92.09659714599341,0.51394426266365,75.74094401756312,0.2638888888888889,5.26893523600439
GLAC_WS_005_01,GLAC,Glacier National Park,-13.08651952733529,-7.617925556505617,-1.4984364089170676,91.66666666666667,0.7617354979916646,72.88693743139407,0.6734395381663008,41.38309549945115,0.367280875378003,16.68496158068057,0.9166666666666667,82.98572996706916
GLAC_WS_006_01,GLAC,Glacier National Park,-15.148423312925225,-10.865650359685459,-3.560767998375559,93.05555555555556,0.7344824370936078,58.287596048298575,0.6298657006473405,29.527991218441272,0.3445926893039609,14.050493962678376,0.9305555555555556,86.2788144895719
GLAC_WS_007_01,GLAC,Glacier National Park,-11.78506035084396,-6.41059441726086,2.2797875537392196,87.5,0.7789374384707181,77.71679473106477,0.6896379706324764,46.212952799121844,0.4088459897040936,33.69923161361142,0.875,73.8748627881449
GLAC_WS_007_02,GLAC,Glacier National Park,-11.78506035084396,-6.41059441726086,2.2797875537392196,87.5,0.7789374384707181,77.71679473106477,0.6896379706324764,46.212952799121844,0.4088459897040936,33.69923161361142,0.875,73.8748627881449
GLAC_WS_008_01,GLAC,Glacier National Park,-6.131417992009434,-0.26742345174916515,10.028605497573844,50,0.853664038508007,92.20636663007684,0.7720592192679256,82.87596048298573,0.49409252535443376,70.3622392974753,0.5,16.465422612513724
GLAC_WS_009_01,GLAC,Glacier National Park,-3.2361501507907953,4.167625103460224,15.772550367620584,23.61111111111111,0.8919320272203616,95.71899012074643,0.8315630555979561,94.07244785949506,0.5572829893306356,82.98572996706916,0.2361111111111111,4.939626783754116
GLAC_WS_009_02,GLAC,Glacier National Park,2.6150194800857793,14.418264338164782,27.99685740368634,4.166666666666667,0.9692694293773277,99.12184412733261,0.9690930852486127,99.89023051591658,0.6917654140183672,95.60922063666301,0.04166666666666667,1.0976948408342482
GLAC_WS_010_01,GLAC,Glacier National Park,-11.78506035084396,-6.41059441726086,2.2797875537392196,87.5,0.7789374384707181,77.71679473106477,0.6896379706324764,46.212952799121844,0.4088459897040936,33.69923161361142,0.875,73.8748627881449
GLAC_WS_011_01,GLAC,Glacier National Park,-11.879609356625332,-6.418668588033741,-0.014482510746165219,90.27777777777777,0.7776877439745837,77.05817782656422,0.6895296416863129,45.77387486278815,0.3836061949042591,22.17343578485181,0.9027777777777777,81.33918770581778
GLAC_WS_012_01,GLAC,Glacier National Park,-7.700116368601232,-1.4586470577061073,9.509812431099423,62.5,0.8329298836523248,90.77936333699232,0.7560768971808152,79.582875960483,0.4883851630242155,69.37431394072448,0.625,29.637760702524695
GLAC_WS_013_01,GLAC,Glacier National Park,-11.070991385381545,-6.282449728368434,3.635432725592743,84.72222222222223,0.788375592247419,80.24149286498353,0.691357252958137,47.96926454445664,0.4237597553015383,41.27332601536773,0.8472222222222223,67.72777167947311
GLAC_WS_014_01,GLAC,Glacier National Park,-5.0393539486673005,0.9963419927932099,11.437511227938801,43.05555555555556,0.8680983142903107,93.30406147091108,0.7890148154097694,87.04720087815588,0.5095922226556313,74.3139407244786,0.4305555555555556,11.306256860592754
GLAC_WS_015_01,GLAC,Glacier National Park,-6.899254666727171,-0.4975120358661316,9.886639055463545,54.166666666666664,0.843515214008004,91.43798024149287,0.7689721835161699,82.43688254665203,0.49253071974018053,69.92316136114161,0.5416666666666666,19.538968166849617
GLAC_WS_016_01,GLAC,Glacier National Park,-13.08651952733529,-7.617925556505617,-1.4984364089170676,91.66666666666667,0.7617354979916646,72.88693743139407,0.6734395381663008,41.38309549945115,0.367280875378003,16.68496158068057,0.9166666666666667,82.98572996706916
GLAC_WS_017_01,GLAC,Glacier National Park,-11.289262762555309,-4.554435021554903,3.5059294878684284,79.16666666666667,0.7854906064512863,79.14379802414928,0.7145415547780892,61.80021953896817,0.4223350602768882,40.61470911086718,0.7916666666666667,56.42151481888035
GLAC_WS_018_01,GLAC,Glacier National Park,-17.6058228704256,-12.156708911503198,-5.246860237833712,94.44444444444444,0.7020019400600113,47.530186608122946,0.6125439203323058,26.454445664105382,0.3260435992049874,12.184412733260155,0.9444444444444444,88.03512623490668
GLAC_WS_019_01,GLAC,Glacier National Park,-9.395750661459308,-2.461609259767898,6.005581120575984,65.27777777777777,0.8105179627047752,86.38858397365532,0.7426204269812744,73.65532381997805,0.44983430513791617,52.36004390779363,0.6527777777777777,33.15038419319429
GLAC_WS_020_01,GLAC,Glacier National Park,-12.614439798206043,-7.740636893720312,-0.913452447097919,91.66666666666667,0.767975176921696,74.97255762897915,0.671793153637571,40.944017563117455,0.37371641903350605,18.111964873765093,0.9166666666666667,82.98572996706916
GLAC_WS_021_01,GLAC,Glacier National Park,-4.352105921941694,1.6256268176410766,10.968325324860828,36.111111111111114,0.8771819642914981,94.84083424807903,0.7974577581998177,88.25466520307354,0.5044306001858201,73.32601536772778,0.36111111111111116,7.793633369923161
GLAC_WS_022_01,GLAC,Glacier National Park,-11.25458918700215,-6.484337560713302,2.4536523140191524,86.11111111111111,0.7859489018735594,79.36333699231614,0.6886485789981275,45.00548847420417,0.41075871608287423,36.00439077936334,0.8611111111111112,70.801317233809
GLAC_WS_023_01,GLAC,Glacier National Park,0.047072964354109736,9.389958119054272,20.92328025976063,9.722222222222221,0.9353277860934417,98.6827661909989,0.9016296727166837,98.57299670691548,0.61394735834255,90.01097694840834,0.09722222222222221,1.4270032930845227
GLAC_WS_024_01,GLAC,Glacier National Park,-6.131417992009434,-0.26742345174916515,10.028605497573844,50,0.853664038508007,92.20636663007684,0.7720592192679256,82.87596048298573,0.49409252535443376,70.3622392974753,0.5,16.465422612513724
GLAC_WS_024_02,GLAC,Glacier National Park,-6.131417992009434,-0.26742345174916515,10.028605497573844,50,0.853664038508007,92.20636663007684,0.7720592192679256,82.87596048298573,0.49409252535443376,70.3622392974753,0.5,16.465422612513724
GLCA_WS_002_01,GLCA,Glen Canyon National Recreation Area,-13.397498229888408,1.6769397488698115,18.54192682412934,44.44444444444444,0.7576251599739992,69.92316136114161,0.7981462097970076,88.69374313940725,0.5877495392664002,86.49835345773876,0.4444444444444444,12.952799121844127
GLCA_WS_002_02,GLCA,Glen Canyon National Recreation Area,-13.397498229888408,1.6769397488698115,18.54192682412934,44.44444444444444,0.7576251599739992,69.92316136114161,0.7981462097970076,88.69374313940725,0.5877495392664002,86.49835345773876,0.4444444444444444,12.952799121844127
GLCA_WS_002_03,GLCA,Glen Canyon National Recreation Area,-13.397498229888408,1.6769397488698115,18.54192682412934,44.44444444444444,0.7576251599739992,69.92316136114161,0.7981462097970076,88.69374313940725,0.5877495392664002,86.49835345773876,0.4444444444444444,12.952799121844127
GLCA_WS_003_01,GLCA,Glen Canyon National Recreation Area,-39.098112592700076,-24.32214526721864,-12.662778281177983,95.83333333333333,0.41792918907457083,14.37980241492865,0.4493235801753496,11.85510428100988,0.24445937223718955,7.4643249176728865,0.9583333333333333,89.3523600439078
GLCA_WS_003_02,GLCA,Glen Canyon National Recreation Area,-39.098112592700076,-24.32214526721864,-12.662778281177983,95.83333333333333,0.41792918907457083,14.37980241492865,0.4493235801753496,11.85510428100988,0.24445937223718955,7.4643249176728865,0.9583333333333333,89.3523600439078
GLCA_WS_004_01,GLCA,Glen Canyon National Recreation Area,-18.959124991517527,-5.335900168073109,11.863339452723011,62.5,0.6841147692922271,42.81009879253567,0.7040568501356962,57.62897914379802,0.5142768572938565,75.96048298572997,0.625,29.637760702524695
GLCA_WS_004_02,GLCA,Glen Canyon National Recreation Area,-18.959124991517527,-5.335900168073109,11.863339452723011,62.5,0.6841147692922271,42.81009879253567,0.7040568501356962,57.62897914379802,0.5142768572938565,75.96048298572997,0.625,29.637760702524695
GLCA_WS_005_01,GLCA,Glen Canyon National Recreation Area,-25.172579358367802,-12.180125869819356,3.270378262580316,86.11111111111111,0.6019888954127054,27.881448957189903,0.6122297413920651,26.344676180021953,0.41974370685117235,38.748627881448954,0.8611111111111112,70.801317233809
GLCA_WS_006_01,GLCA,Glen Canyon National Recreation Area,-33.06410267540842,-18.602257389167733,-4.856483705339795,94.44444444444444,0.49768326920415284,19.209659714599344,0.5260657551222025,16.575192096597146,0.3303382215893959,12.733260153677278,0.9444444444444444,88.03512623490668
GLCA_WS_006_02,GLCA,Glen Canyon National Recreation Area,-33.06410267540842,-18.602257389167733,-4.856483705339795,94.44444444444444,0.49768326920415284,19.209659714599344,0.5260657551222025,16.575192096597146,0.3303382215893959,12.733260153677278,0.9444444444444444,88.03512623490668
GLCA_WS_007_01,GLCA,Glen Canyon National Recreation Area,-28.45418449686166,-14.682225046569341,-3.184593596098813,93.05555555555556,0.5586145220264316,23.81997804610318,0.5786597594535459,21.953896816684964,0.3487310707741237,14.1602634467618,0.9305555555555556,86.2788144895719
GLCA_WS_009_01,GLCA,Glen Canyon National Recreation Area,-24.329231754583162,-9.68662884458587,4.420165449199103,76.38888888888889,0.6131357800369057,29.198682766191,0.6456843106108471,31.72338090010977,0.43239278121384844,45.225027442371015,0.7638888888888888,52.57958287596048
GLCA_WS_009_02,GLCA,Glen Canyon National Recreation Area,-24.329231754583162,-9.68662884458587,4.420165449199103,76.38888888888889,0.6131357800369057,29.198682766191,0.6456843106108471,31.72338090010977,0.43239278121384844,45.225027442371015,0.7638888888888888,52.57958287596048
GOGA_WS_003_01,GOGA,Golden Gate National Recreation Area,-19.744560556509274,-1.428138807221341,13.310754152171295,54.166666666666664,0.6737333327606989,39.18770581778266,0.7564862180531715,79.80241492864984,0.530200200656894,79.91218441273325,0.5416666666666666,19.538968166849617
GOSP_WS_001_01,GOSP,Golden Spike National Historic Site,-37.60818563792819,-19.505963215099385,-5.539671431883579,94.44444444444444,0.43762218848406415,15.806805708013172,0.5139409806383767,15.477497255762898,0.32282231563976294,11.85510428100988,0.9444444444444444,88.03512623490668
GRBA_WS_002_01,GRBA,Great Basin National Park,-39.876334982361136,-29.48294727233757,-17.041097152060537,100,0.4076430921548758,13.611416026344674,0.38008250783498354,8.562019758507136,0.19629247524456972,5.488474204171241,1,100
GRBA_WS_003_01,GRBA,Great Basin National Park,-36.70975566844604,-19.726134622147494,-4.149028135629981,95.83333333333333,0.4494971202059295,16.794731064763997,0.5109870009453799,15.257958287596049,0.3381211036859205,13.391877058177826,0.9583333333333333,89.3523600439078
GRBA_WS_003_02,GRBA,Great Basin National Park,-36.70975566844604,-19.726134622147494,-4.149028135629981,95.83333333333333,0.4494971202059295,16.794731064763997,0.5109870009453799,15.257958287596049,0.3381211036859205,13.391877058177826,0.9583333333333333,89.3523600439078
GRCA_WS_003_01,GRCA,Grand Canyon National Park,-35.17888090561761,-20.676639687215292,-3.8240812574706586,93.05555555555556,0.4697313442421033,18.00219538968167,0.4982343338395766,14.5993413830955,0.3416959193331917,13.611416026344674,0.9305555555555556,86.2788144895719
GRSA_WS_001_01,GRSA,Great Sand Dunes National Park,-48.982264183278836,-39.336963770183445,-29.600578864527844,100,0.28728614592859936,6.256860592755214,0.24787385722336525,2.96377607025247,0.05812271653917799,1.2074643249176729,1,100
GRSA_WS_002_01,GRSA,Great Sand Dunes National Park,-48.982264183278836,-39.336963770183445,-29.600578864527844,100,0.28728614592859936,6.256860592755214,0.24787385722336525,2.96377607025247,0.05812271653917799,1.2074643249176729,1,100
GRSM_WS_001_01,GRSM,Great Smoky Mountains National Park,-10.002258409635305,-2.7668058422948434,6.209501410083783,69.44444444444444,0.8025014913680903,85.07135016465422,0.7385256877086148,71.45993413830955,0.4520776793345168,52.79912184412733,0.6944444444444444,38.96816684961581
GRSM_WS_002_01,GRSM,Great Smoky Mountains National Park,-8.695223582762262,-2.4067218547182723,7.5022080176980435,62.5,0.8197771275939877,89.24259055982436,0.743356836318398,74.53347969264544,0.4662990432522353,58.397365532382,0.625,29.637760702524695
GRSM_WS_003_01,GRSM,Great Smoky Mountains National Park,-23.66089944098552,-16.687667004902348,-6.593295976900011,94.44444444444444,0.6219694129978174,31.503841931942922,0.5517532918979975,18.88035126234907,0.3112311487043879,11.306256860592754,0.9444444444444444,88.03512623490668
GRSM_WS_005_01,GRSM,Great Smoky Mountains National Park,-9.989313439168146,-2.7198360639020884,5.923478433692851,70.83333333333333,0.8026725905585234,85.18111964873765,0.7391558684092652,71.56970362239298,0.44893107451937514,52.14050493962679,0.7083333333333333,40.61470911086718
GRSM_WS_006_01,GRSM,Great Smoky Mountains National Park,-9.622540647913086,-2.2596660121981915,6.1909957952593695,69.44444444444444,0.807520382820064,85.8397365532382,0.7453298444322352,76.28979143798024,0.45187409479229435,52.689352360043905,0.6944444444444444,38.96816684961581
GRSM_WS_007_01,GRSM,Great Smoky Mountains National Park,-13.517630827124542,-7.0828069420851225,2.6337075576444198,84.72222222222223,0.7560373162486037,69.0450054884742,0.6806190786049796,43.468715697036224,0.41273954539851776,36.553238199780466,0.8472222222222223,67.72777167947311
GRSM_WS_008_01,GRSM,Great Smoky Mountains National Park,-13.517630827124542,-7.0828069420851225,2.6337075576444198,84.72222222222223,0.7560373162486037,69.0450054884742,0.6806190786049796,43.468715697036224,0.41273954539851776,36.553238199780466,0.8472222222222223,67.72777167947311
GRSM_WS_009_01,GRSM,Great Smoky Mountains National Park,-13.517630827124542,-7.0828069420851225,2.6337075576444198,84.72222222222223,0.7560373162486037,69.0450054884742,0.6806190786049796,43.468715697036224,0.41273954539851776,36.553238199780466,0.8472222222222223,67.72777167947311
GRSM_WS_011_01,GRSM,Great Smoky Mountains National Park,-11.220800975084334,-4.236249377039239,4.122613124541332,79.16666666666667,0.7863954950674167,79.80241492864984,0.7188105647512916,63.33699231613611,0.42911933937592756,43.3589462129528,0.7916666666666667,56.42151481888035
GRSM_WS_012_01,GRSM,Great Smoky Mountains National Park,-10.835325468781647,-3.8770379856087898,3.419376372888181,77.77777777777777,0.7914904890828481,81.11964873765093,0.7236300059766765,65.42261251372119,0.4213828694711045,40.28540065861691,0.7777777777777777,54.55543358946213
GRSM_WS_013_01,GRSM,Great Smoky Mountains National Park,-18.300892059513487,-11.432200527934272,-2.618911571387743,94.44444444444444,0.6928149144233346,44.89571899012075,0.622264451627275,28.649835345773877,0.35495426936206537,14.5993413830955,0.9444444444444444,88.03512623490668
GRSM_WS_014_01,GRSM,Great Smoky Mountains National Park,-18.300892059513487,-11.432200527934272,-2.618911571387743,94.44444444444444,0.6928149144233346,44.89571899012075,0.622264451627275,28.649835345773877,0.35495426936206537,14.5993413830955,0.9444444444444444,88.03512623490668
GRSM_WS_016_01,GRSM,Great Smoky Mountains National Park,-10.140322630447029,-3.184402993568277,7.595909659465843,65.27777777777777,0.8006766377333471,83.75411635565312,0.7329229006743953,68.82546652030736,0.46732987665203274,58.94621295279913,0.6527777777777777,33.15038419319429
GRSM_WS_017_01,GRSM,Great Smoky Mountains National Park,-13.359660425576974,-5.599239141896416,2.872425638789342,86.11111111111111,0.7581252783560278,70.3622392974753,0.7005237029778607,54.11635565312844,0.4153657381368428,37.43139407244786,0.8611111111111112,70.801317233809
GRSM_WS_019_01,GRSM,Great Smoky Mountains National Park,-11.220800975084334,-4.236249377039239,4.122613124541332,79.16666666666667,0.7863954950674167,79.80241492864984,0.7188105647512916,63.33699231613611,0.42911933937592756,43.3589462129528,0.7916666666666667,56.42151481888035
GRSM_WS_020_01,GRSM,Great Smoky Mountains National Park,-11.759722626279737,-3.9410024266402885,4.972884412075588,76.38888888888889,0.7792723379725246,77.82656421514818,0.7227718125245192,65.20307354555433,0.43847337016496174,49.83534577387486,0.7638888888888888,52.57958287596048
GRSM_WS_022_01,GRSM,Great Smoky Mountains National Park,-10.012164662027068,-2.961751366708983,7.103691155786786,66.66666666666667,0.8023705562092381,84.9615806805708,0.7359101567998527,69.59385290889134,0.4619148672240438,55.214050493962674,0.6666666666666667,35.455543358946215
GRSM_WS_023_01,GRSM,Great Smoky Mountains National Park,-10.766976056604541,-4.0665796841398665,3.231681957538223,77.77777777777777,0.792393892386837,81.55872667398462,0.7210869767253143,64.32491767288694,0.41931799986318824,38.52908891328211,0.7777777777777777,54.55543358946213
GRSM_WS_024_01,GRSM,Great Smoky Mountains National Park,-10.835325468781647,-3.8770379856087898,3.419376372888181,77.77777777777777,0.7914904890828481,81.11964873765093,0.7236300059766765,65.42261251372119,0.4213828694711045,40.28540065861691,0.7777777777777777,54.55543358946213
GRSM_WS_025_01,GRSM,Great Smoky Mountains National Park,-11.66490700248368,-4.350404913029864,7.025220813476674,76.38888888888889,0.7805255564725633,78.15587266739847,0.7172789710730726,62.12952799121844,0.4610515968669752,54.99451152579583,0.7638888888888888,52.57958287596048
GRSM_WS_031_01,GRSM,Great Smoky Mountains National Park,-10.833482174451168,-3.2343885671681853,6.023644145397951,73.61111111111111,0.7915148526894299,81.22941822173436,0.7322522578723322,68.49615806805708,0.4500330206453136,52.46981339187706,0.7361111111111112,47.530186608122946
GRSM_WS_032_01,GRSM,Great Smoky Mountains National Park,-9.365002842960113,-1.4243820202359325,7.888802372557277,58.333333333333336,0.8109243697233265,86.7178924259056,0.7565366218390881,79.91218441273325,0.4705520570270588,60.37321624588364,0.5833333333333334,24.259055982436884
GRSM_WS_033_01,GRSM,Great Smoky Mountains National Park,-12.61443746688095,-5.143109139781804,4.954870847727561,81.94444444444444,0.7679752077358132,75.08232711306256,0.7066434747578481,58.287596048298575,0.4382751987836602,49.61580680570801,0.8194444444444444,61.361141602634476
GRTE_WS_001_01,GRTE,Grand Teton National Park,-9.384298742126454,-1.8336279470683448,13.170947743189961,56.94444444444444,0.8106693276021866,86.60812294182217,0.7510458809045015,78.26564215148188,0.5286621580659132,79.25356750823272,0.5694444444444444,22.832052689352363
GRTE_WS_003_01,GRTE,Grand Teton National Park,-11.898325233194013,-6.169126895761271,6.5867863248208645,72.22222222222223,0.777440368259261,76.94840834248079,0.6928776744822692,49.39626783754116,0.4562282778087086,54.006586169045,0.7222222222222223,44.89571899012075
GRTE_WS_004_01,GRTE,Grand Teton National Park,-9.726723884004072,-3.648544097619307,8.690546085627865,63.888888888888886,0.806143348596844,85.72996706915478,0.7266956461256142,66.30076838638858,0.47937222476284713,65.64215148188804,0.6388888888888888,31.613611416026345
GRTE_WS_005_01,GRTE,Grand Teton National Park,-7.593768397014748,-0.7062142668481476,13.583097177394073,56.94444444444444,0.8343355301069686,91.21844127332601,0.7661720826290038,81.77826564215148,0.5331963091700959,80.57080131723382,0.5694444444444444,22.832052689352363
GRTE_WS_006_01,GRTE,Grand Teton National Park,-12.73630635782141,-2.7702156914580165,13.183845936275754,61.111111111111114,0.766364414676704,74.64324917672886,0.7384799386927946,71.35016465422612,0.5288040540666559,79.582875960483,0.6111111111111112,27.771679473106474
GRTE_WS_007_01,GRTE,Grand Teton National Park,-19.369994514432836,-9.179222846173356,1.866526062812022,83.33333333333333,0.6786841317389998,41.602634467618,0.6524920384421352,34.02854006586169,0.40429960460709075,30.40614709110867,0.8333333333333333,64.21514818880351
GRTE_WS_010_01,GRTE,Grand Teton National Park,-12.539965621641697,-5.53655959181103,10.508679929257001,63.888888888888886,0.7689595338463137,75.19209659714599,0.7013646573987858,54.22612513721185,0.4993739350419406,72.33809001097696,0.6388888888888888,31.613611416026345
GRTE_WS_011_01,GRTE,Grand Teton National Park,-9.825898243016654,-1.2500201454695274,15.590508358589714,55.55555555555556,0.8048325188362195,85.40065861690451,0.7588759875369249,80.13172338090011,0.5552803031499574,82.65642151481887,0.5555555555555556,20.74643249176729
GRTE_WS_012_01,GRTE,Grand Teton National Park,-10.733919732109033,-2.571041708667722,15.176636252153608,61.111111111111114,0.792830811912781,81.99780461031834,0.741152201673824,72.1185510428101,0.5507272005307302,82.43688254665203,0.6111111111111112,27.771679473106474
GRTE_WS_012_02,GRTE,Grand Teton National Park,-10.733919732109033,-2.571041708667722,15.176636252153608,61.111111111111114,0.792830811912781,81.99780461031834,0.741152201673824,72.1185510428101,0.5507272005307302,82.43688254665203,0.6111111111111112,27.771679473106474
GRTE_WS_013_01,GRTE,Grand Teton National Park,-19.369994514432836,-9.179222846173356,1.866526062812022,83.33333333333333,0.6786841317389998,41.602634467618,0.6524920384421352,34.02854006586169,0.40429960460709075,30.40614709110867,0.8333333333333333,64.21514818880351
GRTE_WS_014_01,GRTE,Grand Teton National Park,-9.726723884004072,-3.648544097619307,8.690546085627865,63.888888888888886,0.806143348596844,85.72996706915478,0.7266956461256142,66.30076838638858,0.47937222476284713,65.64215148188804,0.6388888888888888,31.613611416026345
GRTE_WS_015_01,GRTE,Grand Teton National Park,-19.369994514432836,-9.179222846173356,1.866526062812022,83.33333333333333,0.6786841317389998,41.602634467618,0.6524920384421352,34.02854006586169,0.40429960460709075,30.40614709110867,0.8333333333333333,64.21514818880351
GRTE_WS_016_01,GRTE,Grand Teton National Park,-12.947302564523234,-7.362251627533532,5.494610788436577,76.38888888888889,0.7635755879086022,73.54555433589462,0.6768698455088306,41.822173435784855,0.4442130025146373,51.042810098792536,0.7638888888888888,52.57958287596048
GRTE_WS_017_01,GRTE,Grand Teton National Park,-8.948796383396896,-1.8165024464006363,11.619348458711572,59.72222222222222,0.8164255478422635,88.58397365532382,0.7512756490741429,78.48518111964874,0.5115926560234024,75.52140504939628,0.5972222222222222,26.454445664105382
GRTE_WS_018_01,GRTE,Grand Teton National Park,-12.73630635782141,-2.7702156914580165,13.183845936275754,61.111111111111114,0.766364414676704,74.64324917672886,0.7384799386927946,71.35016465422612,0.5288040540666559,79.582875960483,0.6111111111111112,27.771679473106474
GRTE_WS_019_01,GRTE,Grand Teton National Park,-9.384298742126454,-1.8336279470683448,13.170947743189961,56.94444444444444,0.8106693276021866,86.60812294182217,0.7510458809045015,78.26564215148188,0.5286621580659132,79.25356750823272,0.5694444444444444,22.832052689352363
GRTE_WS_020_01,GRTE,Grand Teton National Park,-10.042657699633876,-3.4621309310184367,13.05691362299438,62.5,0.8019675167383021,84.63227222832053,0.7291967007177116,67.06915477497256,0.5274076423755114,78.92425905598243,0.625,29.637760702524695
GRTE_WS_020_02,GRTE,Grand Teton National Park,-10.042657699633876,-3.4621309310184367,13.05691362299438,62.5,0.8019675167383021,84.63227222832053,0.7291967007177116,67.06915477497256,0.5274076423755114,78.92425905598243,0.625,29.637760702524695
GRTE_WS_020_03,GRTE,Grand Teton National Park,-10.042657699633876,-3.4621309310184367,13.05691362299438,62.5,0.8019675167383021,84.63227222832053,0.7291967007177116,67.06915477497256,0.5274076423755114,78.92425905598243,0.625,29.637760702524695
GRTE_WS_022_01,GRTE,Grand Teton National Park,-10.954230308681694,-4.20142406720135,11.485525577909948,63.888888888888886,0.7899188731493032,80.68057080131723,0.7192778064310478,64.10537870472008,0.5101204396077149,74.64324917672886,0.6388888888888888,31.613611416026345
GRTE_WS_023_01,GRTE,Grand Teton National Park,-11.239643002762069,-4.320769457664161,11.593211063370607,63.888888888888886,0.7861464519591335,79.582875960483,0.7176765818914649,62.23929747530187,0.5113051125012948,75.30186608122942,0.6388888888888888,31.613611416026345
GRTE_WS_024_01,GRTE,Grand Teton National Park,-10.733919732109033,-2.571041708667722,15.176636252153608,61.111111111111114,0.792830811912781,81.99780461031834,0.741152201673824,72.1185510428101,0.5507272005307302,82.43688254665203,0.6111111111111112,27.771679473106474
GRTE_WS_025_01,GRTE,Grand Teton National Park,-11.823771446576746,-5.2979701619471715,8.534897195575496,68.05555555555556,0.7784257774238695,77.27771679473106,0.7045657466784102,57.84851811196488,0.4776598953790677,63.22722283205269,0.6805555555555556,37.102085620197585
GRTE_WS_025_02,GRTE,Grand Teton National Park,-11.823771446576746,-5.2979701619471715,8.534897195575496,68.05555555555556,0.7784257774238695,77.27771679473106,0.7045657466784102,57.84851811196488,0.4776598953790677,63.22722283205269,0.6805555555555556,37.102085620197585
GRTE_WS_026_01,GRTE,Grand Teton National Park,-7.593768397014748,-0.7062142668481476,13.583097177394073,56.94444444444444,0.8343355301069686,91.21844127332601,0.7661720826290038,81.77826564215148,0.5331963091700959,80.57080131723382,0.5694444444444444,22.832052689352363
GRTE_WS_027_01,GRTE,Grand Teton National Park,-8.948796383396896,-1.8165024464006363,11.619348458711572,59.72222222222222,0.8164255478422635,88.58397365532382,0.7512756490741429,78.48518111964874,0.5115926560234024,75.52140504939628,0.5972222222222222,26.454445664105382
GRTE_WS_030_01,GRTE,Grand Teton National Park,-10.954230308681694,-4.20142406720135,11.485525577909948,63.888888888888886,0.7899188731493032,80.68057080131723,0.7192778064310478,64.10537870472008,0.5101204396077149,74.64324917672886,0.6388888888888888,31.613611416026345
GRTE_WS_031_01,GRTE,Grand Teton National Park,-7.593768397014748,-0.7062142668481476,13.583097177394073,56.94444444444444,0.8343355301069686,91.21844127332601,0.7661720826290038,81.77826564215148,0.5331963091700959,80.57080131723382,0.5694444444444444,22.832052689352363
GRTE_WS_032_01,GRTE,Grand Teton National Park,-9.726723884004072,-3.648544097619307,8.690546085627865,63.888888888888886,0.806143348596844,85.72996706915478,0.7266956461256142,66.30076838638858,0.47937222476284713,65.64215148188804,0.6388888888888888,31.613611416026345
GRTE_WS_033_01,GRTE,Grand Teton National Park,-10.733919732109033,-2.571041708667722,15.176636252153608,61.111111111111114,0.792830811912781,81.99780461031834,0.741152201673824,72.1185510428101,0.5507272005307302,82.43688254665203,0.6111111111111112,27.771679473106474
GRTE_WS_034_01,GRTE,Grand Teton National Park,-15.954786047542093,-6.377536060059452,8.727266174005065,68.05555555555556,0.7238243972442123,55.32381997804611,0.6900815055908348,46.43249176728869,0.47977619093492907,65.75192096597145,0.6805555555555556,37.102085620197585
GRTE_WS_035_01,GRTE,Grand Teton National Park,-12.73630635782141,-2.7702156914580165,13.183845936275754,61.111111111111114,0.766364414676704,74.64324917672886,0.7384799386927946,71.35016465422612,0.5288040540666559,79.582875960483,0.6111111111111112,27.771679473106474
GUIS_WS_006_01,GUIS,Gulf Islands National Seashore,-32.103803705316714,-18.029959083845643,-3.732026881535405,94.44444444444444,0.5103759498690572,19.868276619099888,0.5337441253289594,17.34357848518112,0.3427086307811589,13.830954994511528,0.9444444444444444,88.03512623490668
GUIS_WS_006_02,GUIS,Gulf Islands National Seashore,-32.103803705316714,-18.029959083845643,-3.732026881535405,94.44444444444444,0.5103759498690572,19.868276619099888,0.5337441253289594,17.34357848518112,0.3427086307811589,13.830954994511528,0.9444444444444444,88.03512623490668
GUIS_WS_007_01,GUIS,Gulf Islands National Seashore,-27.337889408778928,-14.618719953009766,5.480937429983443,80.55555555555556,0.5733690698517638,25.356750823271128,0.5795117899660086,22.283205268935234,0.444062578740678,50.60373216245884,0.8055555555555556,58.507135016465426
GUIS_WS_015_01,GUIS,Gulf Islands National Seashore,-30.908247957196323,-18.285805030151195,3.279529479984177,87.5,0.5261781196105637,21.295279912184412,0.5303115100768027,17.014270032930845,0.41984438150714143,38.96816684961581,0.875,73.8748627881449
GUMO_WS_001_01,GUMO,Guadalupe Mountains National Park,-49.062280824835916,-30.476527770300095,-1.990220927191491,93.05555555555556,0.28622853188256414,6.0373216245883645,0.36675190939947644,7.574094401756312,0.36187064032367156,15.806805708013172,0.9305555555555556,86.2788144895719
GUMO_WS_002_01,GUMO,Guadalupe Mountains National Park,-49.062280824835916,-30.476527770300095,-1.990220927191491,93.05555555555556,0.28622853188256414,6.0373216245883645,0.36675190939947644,7.574094401756312,0.36187064032367156,15.806805708013172,0.9305555555555556,86.2788144895719
GUMO_WS_003_01,GUMO,Guadalupe Mountains National Park,-46.15220149984529,-29.82649288331702,-3.5785684814507874,93.05555555555556,0.3246922902870109,9.769484083424809,0.3754732501113877,8.122941822173436,0.3443968620789487,13.940724478594952,0.9305555555555556,86.2788144895719
GUMO_WS_004_01,GUMO,Guadalupe Mountains National Park,-50.40804445373075,-32.286033448402286,-4.286342392890159,94.44444444444444,0.2684410005782519,5.049396267837541,0.3424742654531477,6.695938529088913,0.3366104778315419,13.172338090010976,0.9444444444444444,88.03512623490668
HAFO_WS_001_01,HAFO,Hagerman Fossil Beds National Monument,-25.309870467803876,-7.68716137847368,27.0924350323895,69.44444444444444,0.6001742603204319,27.771679473106474,0.6725106200344522,41.05378704720088,0.6818156546516415,94.84083424807903,0.6944444444444444,38.96816684961581
HATU_WS_001_01,HATU,Harriet Tubman Underground Railroad National Monument,-19.19568573093299,-9.338715622355974,4.088856732027202,83.33333333333333,0.6809880452023663,42.37102085620197,0.6503521673828556,32.38199780461032,0.42874797750644755,43.13940724478595,0.8333333333333333,64.21514818880351
HOFR_WS_001_01,HOFR,Home of Franklin D. Roosevelt National Historic Site,-19.202074105145314,-9.836449217850046,-0.4315293968531418,91.66666666666667,0.6809036073383571,42.26125137211855,0.6436742115423387,31.284302963776074,0.37901816580071446,20.636663007683865,0.9166666666666667,82.98572996706916
HOFR_WS_004_01,HOFR,Home of Franklin D. Roosevelt National Historic Site,-19.202074105145314,-9.836449217850046,-0.4315293968531418,91.66666666666667,0.6809036073383571,42.26125137211855,0.6436742115423387,31.284302963776074,0.37901816580071446,20.636663007683865,0.9166666666666667,82.98572996706916
HOFU_WS_001_01,HOFU,Hopewell Furnace National Historic Site,-16.09849453510866,-5.645424245338247,7.714275003721684,76.38888888888889,0.7219249409307846,55.10428100987925,0.6999040500469227,53.567508232711305,0.4686320411385398,59.82436882546652,0.7638888888888888,52.57958287596048
HOFU_WS_002_01,HOFU,Hopewell Furnace National Historic Site,-16.09849453510866,-5.645424245338247,7.714275003721684,76.38888888888889,0.7219249409307846,55.10428100987925,0.6999040500469227,53.567508232711305,0.4686320411385398,59.82436882546652,0.7638888888888888,52.57958287596048
HOFU_WS_003_01,HOFU,Hopewell Furnace National Historic Site,-16.09849453510866,-5.645424245338247,7.714275003721684,76.38888888888889,0.7219249409307846,55.10428100987925,0.6999040500469227,53.567508232711305,0.4686320411385398,59.82436882546652,0.7638888888888888,52.57958287596048
HOFU_WS_004_01,HOFU,Hopewell Furnace National Historic Site,-16.09849453510866,-5.645424245338247,7.714275003721684,76.38888888888889,0.7219249409307846,55.10428100987925,0.6999040500469227,53.567508232711305,0.4686320411385398,59.82436882546652,0.7638888888888888,52.57958287596048
HOFU_WS_005_01,HOFU,Hopewell Furnace National Historic Site,-16.09849453510866,-5.645424245338247,7.714275003721684,76.38888888888889,0.7219249409307846,55.10428100987925,0.6999040500469227,53.567508232711305,0.4686320411385398,59.82436882546652,0.7638888888888888,52.57958287596048
HOME_WS_001_01,HOME,Homestead National Monument of America,-55.293897755152614,-34.53571128602157,-12.359863735543989,98.61111111111111,0.20386259566275544,2.96377607025247,0.31229095174674915,5.049396267837541,0.2477918051063784,7.793633369923161,0.9861111111111112,95.82875960482986
HOVE_WS_001_01,HOVE,Hovenweep National Monument,-31.07434566661199,-15.538717845963248,4.564005498689281,83.33333333333333,0.5239827354120533,20.856201975850713,0.5671684292643596,20.74643249176729,0.43397519881556373,47.85949506037321,0.8333333333333333,64.21514818880351
IATR_WS_001_01,IATR,Ice Age National Scenic Trail,-41.137421083092214,-28.609188032346154,-14.683399821432324,100,0.390974779820853,12.403951701427003,0.39180549714639284,8.89132821075741,0.22223004804662846,6.476399560922063,1,100
INDU_WS_003_01,INDU,Indiana Dunes National Lakeshore,-27.978084940629078,-14.257276704544788,0.054283699189797,88.88888888888889,0.5649073327241102,24.807903402854006,0.5843611754082475,22.722283205268933,0.3843627078600847,22.502744237102085,0.8888888888888888,77.82656421514818
INDU_WS_004_01,INDU,Indiana Dunes National Lakeshore,-27.978084940629078,-14.257276704544788,0.054283699189797,88.88888888888889,0.5649073327241102,24.807903402854006,0.5843611754082475,22.722283205268933,0.3843627078600847,22.502744237102085,0.8888888888888888,77.82656421514818
INDU_WS_005_01,INDU,Indiana Dunes National Lakeshore,-29.380139432346148,-15.623232861744693,-1.9964804740042186,94.44444444444444,0.5463757811007026,22.832052689352363,0.5660345143581559,20.52689352360044,0.361801777603655,15.477497255762898,0.9444444444444444,88.03512623490668
INDU_WS_006_01,INDU,Indiana Dunes National Lakeshore,-24.668073006451575,-12.047827070964301,0.3553139665504249,88.88888888888889,0.6086571708328872,28.649835345773877,0.6140047582776151,26.5642151481888,0.38767441134884806,23.81997804610318,0.8888888888888888,77.82656421514818
INDU_WS_007_01,INDU,Indiana Dunes National Lakeshore,-29.380139432346148,-15.623232861744693,-1.9964804740042186,94.44444444444444,0.5463757811007026,22.832052689352363,0.5660345143581559,20.52689352360044,0.361801777603655,15.477497255762898,0.9444444444444444,88.03512623490668
ISRO_WS_001_01,ISRO,Isle Royale National Park,-2.653844654523935,4.777816171953054,19.663846152729384,20.833333333333332,0.8996286070811398,96.81668496158068,0.839749822668859,94.62129527991219,0.6000920328874312,88.58397365532382,0.20833333333333331,4.390779363336993
ISRO_WS_002_01,ISRO,Isle Royale National Park,-2.3878823061617447,5.441514292530809,19.892886558251956,20.833333333333332,0.9031439447642855,97.14599341383095,0.8486544792577976,95.60922063666301,0.6026117592813496,89.02305159165752,0.20833333333333331,4.390779363336993
ISRO_WS_004_01,ISRO,Isle Royale National Park,-2.653844654523935,4.777816171953054,19.663846152729384,20.833333333333332,0.8996286070811398,96.81668496158068,0.839749822668859,94.62129527991219,0.6000920328874312,88.58397365532382,0.20833333333333331,4.390779363336993
ISRO_WS_005_01,ISRO,Isle Royale National Park,-2.3878823061617447,5.441514292530809,19.892886558251956,20.833333333333332,0.9031439447642855,97.14599341383095,0.8486544792577976,95.60922063666301,0.6026117592813496,89.02305159165752,0.20833333333333331,4.390779363336993
ISRO_WS_006_01,ISRO,Isle Royale National Park,-11.712236867217046,-3.179680767008708,12.586454360732374,58.333333333333336,0.7798999774834321,78.04610318331504,0.7329862574996512,68.93523600439077,0.5222320113872572,78.04610318331504,0.5833333333333334,24.259055982436884
ISRO_WS_007_01,ISRO,Isle Royale National Park,-2.659524000448107,6.2159665280244685,21.647677959223234,20.833333333333332,0.8995535407461275,96.4873765093304,0.8590450935864979,96.70691547749726,0.6219166247209654,90.99890230515916,0.20833333333333331,4.390779363336993
ISRO_WS_008_01,ISRO,Isle Royale National Park,-2.653844654523935,4.777816171953054,19.663846152729384,20.833333333333332,0.8996286070811398,96.81668496158068,0.839749822668859,94.62129527991219,0.6000920328874312,88.58397365532382,0.20833333333333331,4.390779363336993
ISRO_WS_009_01,ISRO,Isle Royale National Park,-5.283844639366704,3.3075487619446564,18.41632906589856,31.944444444444443,0.864866776655429,92.86498353457738,0.820023646001919,92.75521405049396,0.5863678093235588,86.16904500548847,0.3194444444444444,6.695938529088913
ISRO_WS_010_01,ISRO,Isle Royale National Park,-2.3878823061617447,5.441514292530809,19.892886558251956,20.833333333333332,0.9031439447642855,97.14599341383095,0.8486544792577976,95.60922063666301,0.6026117592813496,89.02305159165752,0.20833333333333331,4.390779363336993
JECA_WS_001_01,JECA,Jewel Cave National Monument,-49.780492542384394,-39.69750789787003,-21.685785349355385,100,0.27673562158634174,5.488474204171241,0.2430365350392785,2.634467618002195,0.14519518777888038,3.7321624588364433,1,100
JECA_WS_001_02,JECA,Jewel Cave National Monument,-49.780492542384394,-39.69750789787003,-21.685785349355385,100,0.27673562158634174,5.488474204171241,0.2430365350392785,2.634467618002195,0.14519518777888038,3.7321624588364433,1,100
JICA_WS_001_01,JICA,Jimmy Carter National Historic Site,-14.305984699017232,-0.3228743802547672,15.345415985602848,54.166666666666664,0.7456173072112939,61.80021953896817,0.7713152492903547,82.54665203073546,0.5525839853550509,82.54665203073546,0.5416666666666666,19.538968166849617
JODA_WS_006_01,JODA,John Day Fossil Beds National Monument,-40.84152554928029,-24.93793279109569,-12.58443817643645,100,0.3948857571704252,12.513721185510429,0.4410617269895902,11.306256860592754,0.24532120982069017,7.574094401756312,1,100
JOFL_WS_001_01,JOFL,Johnstown Flood National Memorial,-16.81887362865777,-6.1207175978677695,3.295961337627241,79.16666666666667,0.7124033835024569,51.92096597145993,0.6935271688232778,49.50603732162459,0.4200251521677149,39.18770581778266,0.7916666666666667,56.42151481888035
JOMU_WS_001_01,JOMU,John Muir National Historic Site,-25.723258911833437,-3.415076087662426,18.1597759412395,63.888888888888886,0.5947103291135413,26.783754116355652,0.7298280227117633,67.50823271130626,0.583545409152852,86.05927552140506,0.6388888888888888,31.613611416026345
JOTR_WS_002_01,JOTR,Joshua Tree National Park,-70.717671962005,-57.811950597173166,-31.88583281650767,98.61111111111111,0,0.10976948408342481,0,0.10976948408342481,0.03298211007512624,0.6586169045005488,0.9861111111111112,95.82875960482986
KAWW_WS_002_01,KAWW,Katahdin Woods and Waters National Monument,-10.478059742011675,-3.573039597810516,3.7679300278915218,68.05555555555556,0.7962126224221906,82.7661909989023,0.7277086693975976,66.63007683863886,0.42521738872199744,41.822173435784855,0.6805555555555556,37.102085620197585
KIMO_WS_002_01,KIMO,Kings Mountain National Military Park,-19.31100275184327,-7.085135561105839,6.579499466759982,77.77777777777777,0.6794638510011558,41.822173435784855,0.6805878361589592,43.02963776070253,0.456148113400412,53.89681668496158,0.7777777777777777,54.55543358946213
KIMO_WS_002_02,KIMO,Kings Mountain National Military Park,-19.31100275184327,-7.085135561105839,6.579499466759982,77.77777777777777,0.6794638510011558,41.822173435784855,0.6805878361589592,43.02963776070253,0.456148113400412,53.89681668496158,0.7777777777777777,54.55543358946213
KNRI_WS_002_01,KNRI,Knife River Indian Villages National Historic Site,-25.6108300829407,-11.12904484047126,12.457061619272435,72.22222222222223,0.596196348850216,27.0032930845225,0.6263318087677348,29.308452250274424,0.5208085319575286,77.93633369923162,0.7222222222222223,44.89571899012075
KNRI_WS_002_02,KNRI,Knife River Indian Villages National Historic Site,-25.6108300829407,-11.12904484047126,12.457061619272435,72.22222222222223,0.596196348850216,27.0032930845225,0.6263318087677348,29.308452250274424,0.5208085319575286,77.93633369923162,0.7222222222222223,44.89571899012075
LABE_WS_001_01,LABE,Lava Beds National Monument,-20.156950389405655,-8.8455792685005,4.589327339579021,80.55555555555556,0.6682826006226574,36.88254665203073,0.6569684432866983,35.67508232711306,0.43425377023481576,48.07903402854007,0.8055555555555556,58.507135016465426
LAKE_WS_002_01,LAKE,Lake Mead National Recreation Area,-38.72223480355304,-22.248075444975996,2.858465983138808,87.5,0.4228973259728307,15.257958287596049,0.47715080905536245,12.952799121844127,0.41521216474129974,37.32162458836443,0.875,73.8748627881449
LAKE_WS_004_01,LAKE,Lake Mead National Recreation Area,-45.83566990847935,-33.048408299760126,-15.078299533169028,98.61111111111111,0.32887602320216563,10.647639956092206,0.3322456900919955,6.256860592755214,0.21788566512282304,6.366630076838639,0.9861111111111112,95.82875960482986
LAKE_WS_005_01,LAKE,Lake Mead National Recreation Area,-46.12476756606647,-34.40308467761334,-13.001991444018573,97.22222222222223,0.32505489627918804,9.989023051591657,0.3140703667636288,5.378704720087816,0.2407276098975978,6.915477497255764,0.9722222222222223,92.53567508232712
LAKE_WS_005_02,LAKE,Lake Mead National Recreation Area,-30.048553789366505,-17.17450052454125,4.172031015472734,88.88888888888889,0.5375410637369148,21.62458836443469,0.5452215794010645,18.551042810098792,0.4296629970062375,43.468715697036224,0.8888888888888888,77.82656421514818
LAKE_WS_005_03,LAKE,Lake Mead National Recreation Area,-27.808239284018306,-11.28306414023449,16.48657232557264,73.61111111111111,0.5671522551376744,25.027442371020857,0.6242653738480962,28.7596048298573,0.5651381097806024,83.86388583973655,0.7361111111111112,47.530186608122946
LAKE_WS_005_04,LAKE,Lake Mead National Recreation Area,-30.073403095863604,-13.627457378930579,14.116417946959672,76.38888888888889,0.5372126198648133,21.514818880351264,0.5928112894492353,23.929747530186606,0.5390634941169321,80.90010976948409,0.7638888888888888,52.57958287596048
LAKE_WS_005_05,LAKE,Lake Mead National Recreation Area,-36.367301680160615,-22.432673193925265,-1.2717711498271969,90.27777777777777,0.4540234804865354,17.014270032930845,0.47467411142654675,12.623490669593854,0.36977447223751786,17.233809001097693,0.9027777777777777,81.33918770581778
LAKE_WS_006_01,LAKE,Lake Mead National Recreation Area,-46.12476756606647,-34.40308467761334,-13.001991444018573,97.22222222222223,0.32505489627918804,9.989023051591657,0.3140703667636288,5.378704720087816,0.2407276098975978,6.915477497255764,0.9722222222222223,92.53567508232712
LAKE_WS_008_01,LAKE,Lake Mead National Recreation Area,-39.27663522869295,-25.678594311162108,-7.972119163633328,100,0.4155695793273083,14.050493962678376,0.43112447346973487,10.976948408342482,0.29606239641270465,10.757409440175632,1,100
LAKE_WS_009_01,LAKE,Lake Mead National Recreation Area,-36.80124507921562,-21.95447709274998,-0.5045974940256838,90.27777777777777,0.44828786568073975,16.575192096597146,0.4810899380367358,13.721185510428102,0.3782143267899558,20.30735455543359,0.9027777777777777,81.33918770581778
LAKE_WS_009_02,LAKE,Lake Mead National Recreation Area,-36.80124507921562,-21.95447709274998,-0.5045974940256838,90.27777777777777,0.44828786568073975,16.575192096597146,0.4810899380367358,13.721185510428102,0.3782143267899558,20.30735455543359,0.9027777777777777,81.33918770581778
LAKE_WS_009_03,LAKE,Lake Mead National Recreation Area,-36.80124507921562,-21.95447709274998,-0.5045974940256838,90.27777777777777,0.44828786568073975,16.575192096597146,0.4810899380367358,13.721185510428102,0.3782143267899558,20.30735455543359,0.9027777777777777,81.33918770581778
LAKE_WS_010_01,LAKE,Lake Mead National Recreation Area,-45.687114118734016,-32.4066449976968,-8.177188394575312,91.66666666666667,0.3308395483738944,10.976948408342482,0.3408560532060005,6.586169045005488,0.2938063824460593,10.53787047200878,0.9166666666666667,82.98572996706916
LAKE_WS_010_02,LAKE,Lake Mead National Recreation Area,-45.687114118734016,-32.4066449976968,-8.177188394575312,91.66666666666667,0.3308395483738944,10.976948408342482,0.3408560532060005,6.586169045005488,0.2938063824460593,10.53787047200878,0.9166666666666667,82.98572996706916
LARO_WS_001_01,LARO,Lake Roosevelt National Recreation Area,-13.81968524265913,0.46810635866290934,16.294028533564042,48.611111111111114,0.7520449343350432,65.75192096597145,0.7819276220395729,85.62019758507134,0.5630198910601882,83.42480790340285,0.48611111111111116,15.257958287596049
LARO_WS_002_01,LARO,Lake Roosevelt National Recreation Area,-8.21490714333391,5.801824778704226,19.099664256502415,30.555555555555557,0.8261256746336515,90.12074643249177,0.8534886667374529,96.15806805708014,0.5938853375593708,87.81558726673985,0.3055555555555556,6.0373216245883645
LARO_WS_003_01,LARO,Lake Roosevelt National Recreation Area,-9.17096902245053,5.113866074770853,23.257999043178113,27.77777777777778,0.813488997405562,88.14489571899013,0.8442585125213085,94.95060373216246,0.6396321388402612,91.5477497255763,0.2777777777777778,5.378704720087816
LARO_WS_004_01,LARO,Lake Roosevelt National Recreation Area,-10.089916458153535,2.688303361270257,16.311133620072013,33.333333333333336,0.8013428775902953,83.97365532381997,0.8117153994266763,91.5477497255763,0.5632080680669747,83.64434687156971,0.33333333333333337,7.025246981339188
LARO_WS_006_01,LARO,Lake Roosevelt National Recreation Area,-8.21490714333391,5.801824778704226,19.099664256502415,30.555555555555557,0.8261256746336515,90.12074643249177,0.8534886667374529,96.15806805708014,0.5938853375593708,87.81558726673985,0.3055555555555556,6.0373216245883645
LARO_WS_007_01,LARO,Lake Roosevelt National Recreation Area,-9.58471483932099,2.651604408254894,17.048995227748406,34.72222222222222,0.808020342649559,85.94950603732163,0.8112230195876451,91.10867178924259,0.5713254540088974,84.9615806805708,0.3472222222222222,7.244785949506037
LARO_WS_008_01,LARO,Lake Roosevelt National Recreation Area,-14.015164156520363,2.0221751371873946,19.915019391495594,40.27777777777778,0.7494612062382339,64.43468715697036,0.8027781388020812,89.24259055982436,0.6028552476910427,89.46212952799122,0.4027777777777778,10.208562019758508
LARO_WS_009_01,LARO,Lake Roosevelt National Recreation Area,-11.247955898907845,2.8064995343806562,19.62912936609008,37.5,0.7860365768687032,79.47310647639955,0.8133012052306141,91.87705817782657,0.5997101055003944,88.25466520307354,0.375,8.232711306256862
LARO_WS_010_01,LARO,Lake Roosevelt National Recreation Area,-9.308431084158933,3.392825978705842,17.188919772007342,33.333333333333336,0.8116721027642634,87.81558726673985,0.8211677871506958,93.08452250274424,0.5728647962333483,85.07135016465422,0.33333333333333337,7.025246981339188
LARO_WS_012_01,LARO,Lake Roosevelt National Recreation Area,-37.16800619921846,-22.04123485476298,-5.201186101329926,97.22222222222223,0.4434402276831126,16.136114160263446,0.47992593281629303,13.391877058177826,0.32654607092828636,12.294182217343579,0.9722222222222223,92.53567508232712
LARO_WS_014_01,LARO,Lake Roosevelt National Recreation Area,-9.216800587041636,2.9693321496830714,15.612796433116305,34.72222222222222,0.812883222087827,87.92535675082327,0.8154858860000647,91.98682766190998,0.5555254994048544,82.7661909989023,0.3472222222222222,7.244785949506037
LARO_WS_015_01,LARO,Lake Roosevelt National Recreation Area,-11.183359304396571,2.6643376325424177,17.012587160917715,38.888888888888886,0.7868903775825513,79.91218441273325,0.8113938577835581,91.21844127332601,0.57092492045790455,84.74204171240395,0.38888888888888884,9.11086717892426
LARO_WS_016_01,LARO,Lake Roosevelt National Recreation Area,-8.935333969446003,3.6757243229127536,16.460127244290724,31.944444444444443,0.8166034863037003,88.69374313940725,0.8249633570440518,93.19429198682766,0.5648471813344039,83.75411635565312,0.3194444444444444,6.695938529088913
LARO_WS_017_01,LARO,Lake Roosevelt National Recreation Area,-6.284383691519074,7.738720959024363,24.055453372900583,20.833333333333332,0.8516422256798893,91.87705817782657,0.879475474292616,97.91437980241493,0.6484051180792808,92.86498353457738,0.20833333333333331,4.390779363336993
LARO_WS_018_01,LARO,Lake Roosevelt National Recreation Area,-10.089916458153535,2.688303361270257,16.311133620072013,33.333333333333336,0.8013428775902953,83.97365532381997,0.8117153994266763,91.5477497255763,0.5632080680669747,83.64434687156971,0.33333333333333337,7.025246981339188
LAVO_WS_003_01,LAVO,Lassen Volcanic National Park,-11.122393273751289,-2.6934996284191213,4.9240917824762,70.83333333333333,0.7876961915868228,80.13172338090011,0.7395092171780524,71.6794731064764,0.4379365911789581,49.39626783754116,0.7083333333333333,40.61470911086718
LAVO_WS_004_01,LAVO,Lassen Volcanic National Park,-11.996673573873204,-3.2351935973093235,5.062043442687102,73.61111111111111,0.77614045633491,76.72886937431394,0.7322414570025867,68.38638858397366,0.4394542292503944,50.054884742041715,0.7361111111111112,47.530186608122946
LAVO_WS_005_01,LAVO,Lassen Volcanic National Park,-10.702894058530445,-2.2400337340572745,5.5314233165546085,66.66666666666667,0.7932408914603087,82.21734357848518,0.745593245351242,76.50933040614709,0.4446179856376554,51.48188803512623,0.6666666666666667,35.455543358946215
LAVO_WS_006_01,LAVO,Lassen Volcanic National Park,-10.616149471856462,-3.1615778438200097,4.913912795719928,75,0.7943874316236881,82.43688254665203,0.7332291394805598,69.0450054884742,0.4378246097949984,49.28649835345774,0.75,50.49396267837542
LAVO_WS_007_01,LAVO,Lassen Volcanic National Park,-10.077695783385701,-3.263155248015898,4.457231125818673,79.16666666666667,0.8015044034558526,84.08342480790341,0.7318663031645961,68.27661909989024,0.4328005492819921,45.554335894621296,0.7916666666666667,56.42151481888035
LAVO_WS_008_01,LAVO,Lassen Volcanic National Park,-9.401711554714307,-1.787943952119602,8.671438377555278,62.5,0.8104391750387256,86.2788144895719,0.7516588105995189,78.81448957189902,0.4791620164537589,65.31284302963776,0.625,29.637760702524695
LAVO_WS_009_01,LAVO,Lassen Volcanic National Park,-10.15960126631789,-2.539643419625111,6.739122507681896,66.66666666666667,0.8004218237885394,83.64434687156971,0.7415734639506575,72.22832052689353,0.45790416333566597,54.55543358946213,0.6666666666666667,35.455543358946215
LAVO_WS_011_01,LAVO,Lassen Volcanic National Park,-10.702894058530445,-2.2400337340572745,5.5314233165546085,66.66666666666667,0.7932408914603087,82.21734357848518,0.745593245351242,76.50933040614709,0.4446179856376554,51.48188803512623,0.6666666666666667,35.455543358946215
LIBI_WS_001_01,LIBI,Little Bighorn Battlefield National Monument,-7.994127450709991,16.721874929822416,56.015048084909424,22.22222222222222,0.829043813903866,90.34028540065862,1,100,1,100,0.2222222222222222,4.720087815587267
LYJO_WS_002_01,LYJO,Lyndon B. Johnson National Historical Park,-45.992487431744266,-27.984264976610923,-2.1732183968575436,90.27777777777777,0.32680329917823725,10.428100987925356,0.4001899192703973,9.659714599341383,0.35985744289989924,15.148188803512625,0.9027777777777777,81.33918770581778
LYJO_WS_002_02,LYJO,Lyndon B. Johnson National Historical Park,-45.992487431744266,-27.984264976610923,-2.1732183968575436,90.27777777777777,0.32680329917823725,10.428100987925356,0.4001899192703973,9.659714599341383,0.35985744289989924,15.148188803512625,0.9027777777777777,81.33918770581778
LYJO_WS_003_01,LYJO,Lyndon B. Johnson National Historical Park,-45.992487431744266,-27.984264976610923,-2.1732183968575436,90.27777777777777,0.32680329917823725,10.428100987925356,0.4001899192703973,9.659714599341383,0.35985744289989924,15.148188803512625,0.9027777777777777,81.33918770581778
LYJO_WS_005_01,LYJO,Lyndon B. Johnson National Historical Park,-45.19461688959793,-26.60196211242127,1.350648849867956,88.88888888888889,0.33734909410128133,11.19648737650933,0.4187358996278525,10.757409440175632,0.3986243202549239,26.783754116355652,0.8888888888888888,77.82656421514818
LYJO_WS_006_01,LYJO,Lyndon B. Johnson National Historical Park,-45.992487431744266,-27.984264976610923,-2.1732183968575436,90.27777777777777,0.32680329917823725,10.428100987925356,0.4001899192703973,9.659714599341383,0.35985744289989924,15.148188803512625,0.9027777777777777,81.33918770581778
MABI_WS_001_01,MABI,Marsh-Billings-Rockefeller National Historical Park,-12.913629921390651,-5.404431284934357,2.9641393405056196,76.38888888888889,0.7640206535805818,73.76509330406147,0.7031373868399818,56.6410537870472,0.41637470174905433,37.76070252469814,0.7638888888888888,52.57958287596048
MAVA_WS_001_01,MAVA,Martin Van Buren National Historic Site,-19.456400960947484,-7.20673127832287,7.443502512086569,77.77777777777777,0.6775420609181856,41.05378704720088,0.6789564195993331,42.37102085620197,0.4656532104280222,57.29967069154775,0.7777777777777777,54.55543358946213
MAVA_WS_002_01,MAVA,Martin Van Buren National Historic Site,-19.456400960947484,-7.20673127832287,7.443502512086569,77.77777777777777,0.6775420609181856,41.05378704720088,0.6789564195993331,42.37102085620197,0.4656532104280222,57.29967069154775,0.7777777777777777,54.55543358946213
MAVA_WS_003_01,MAVA,Martin Van Buren National Historic Site,-19.456400960947484,-7.20673127832287,7.443502512086569,77.77777777777777,0.6775420609181856,41.05378704720088,0.6789564195993331,42.37102085620197,0.4656532104280222,57.29967069154775,0.7777777777777777,54.55543358946213
MAVA_WS_004_01,MAVA,Martin Van Buren National Historic Site,-19.456400960947484,-7.20673127832287,7.443502512086569,77.77777777777777,0.6775420609181856,41.05378704720088,0.6789564195993331,42.37102085620197,0.4656532104280222,57.29967069154775,0.7777777777777777,54.55543358946213
MEVE_WS_001_01,MEVE,Mesa Verde National Park,-28.954994759075692,-16.567812699038225,-1.3796278238916184,91.66666666666667,0.5519950993987236,23.05159165751921,0.5533613444166585,19.209659714599344,0.36858791605857505,17.014270032930845,0.9166666666666667,82.98572996706916
MIIN_WS_001_01,MIIN,Minidoka National Historic Site,-41.50111138383327,-28.136646600403996,-8.296103181400957,94.44444444444444,0.3861677301498652,12.184412733260155,0.3981454566023986,9.11086717892426,0.2924981734149579,10.208562019758508,0.9444444444444444,88.03512623490668
MIMI_WS_002_01,MIMI,Minuteman Missile National Historic Site,-26.574698527842422,-8.844350326353526,9.497430283591953,75,0.5834564889158175,26.344676180021953,0.6569849316681584,35.78485181119649,0.48824894416005143,69.26454445664105,0.75,50.49396267837542
MOCA_WS_001_01,MOCA,Montezuma Castle National Monument,-53.786702290629464,-39.63643497552139,-20.399448591665113,97.22222222222223,0.22378384032363188,3.512623490669594,0.24385593377423975,2.7442371020856204,0.15934647550658274,3.841931942919868,0.9722222222222223,92.53567508232712
MOCA_WS_003_01,MOCA,Montezuma Castle National Monument,-48.09798400817458,-35.46476673996171,-19.000698204479054,98.61111111111111,0.29897405378903597,7.4643249176728865,0.2998260682207634,4.720087815587267,0.1747344515322753,4.829857299670691,0.9861111111111112,95.82875960482986
MOCR_WS_001_01,MOCR,Moores Creek National Battlefield,-22.266739220025592,-9.2228893562766,7.534013781925113,70.83333333333333,0.6403966226809299,32.491767288693744,0.6519061767908046,33.479692645444565,0.4666489458094668,58.61690450054885,0.7083333333333333,40.61470911086718
MOCR_WS_002_01,MOCR,Moores Creek National Battlefield,-22.266739220025592,-9.2228893562766,7.534013781925113,70.83333333333333,0.6403966226809299,32.491767288693744,0.6519061767908046,33.479692645444565,0.4666489458094668,58.61690450054885,0.7083333333333333,40.61470911086718
MOJA_WS_004_01,MOJA,Mojave National Preserve,-61.59743710275921,-46.53396073695235,-27.138126956084086,100,0.12054603020794767,0.9879253567508233,0.15131371267312732,1.3172338090010975,0.08521271864297228,1.9758507135016465,1,100
MOJA_WS_005_01,MOJA,Mojave National Preserve,-68.23500353260278,-53.96969360294727,-27.679006350721174,98.61111111111111,0.032814486480426834,0.21953896816684962,0.05155051370379832,0.21953896816684962,0.07926237951619605,1.8660812294182216,0.9861111111111112,95.82875960482986
MOJA_WS_006_01,MOJA,Mojave National Preserve,-62.05754065364686,-49.186519638632646,-24.070670139504507,98.61111111111111,0.11446464552870779,0.7683863885839737,0.11572505365924703,0.7683863885839737,0.11895851945617704,2.8540065861690453,0.9861111111111112,95.82875960482986
MOJA_WS_007_01,MOJA,Mojave National Preserve,-67.91815583599427,-52.54907802381702,-33.47173000372308,100,0.03700239749326297,0.3293084522502744,0.07061052530370893,0.3293084522502744,0.015535288884121356,0.21953896816684962,1,100
MOJA_WS_008_01,MOJA,Mojave National Preserve,-27.24210785576513,-15.450467975489564,5.493203017100053,84.72222222222223,0.5746350554498497,25.466520307354557,0.5683524536968868,20.96597145993414,0.4441975152970647,50.933040614709114,0.8472222222222223,67.72777167947311
MORA_WS_001_01,MORA,Mount Rainier National Park,-5.177856236586882,0.23168118531961374,9.126312737534494,45.833333333333336,0.8662676705359454,93.08452250274424,0.7787555699991519,84.74204171240395,0.48416619433294705,67.39846322722283,0.45833333333333337,14.1602634467618
MORA_WS_003_01,MORA,Mount Rainier National Park,-5.177856236586882,0.23168118531961374,9.126312737534494,45.833333333333336,0.8662676705359454,93.08452250274424,0.7787555699991519,84.74204171240395,0.48416619433294705,67.39846322722283,0.45833333333333337,14.1602634467618
MORA_WS_004_01,MORA,Mount Rainier National Park,-1.0557189685084625,3.3202789835797617,12.998427513649128,20.833333333333332,0.9207517152242617,98.13391877058177,0.8201944439120638,92.86498353457738,0.5267642231802886,78.59495060373216,0.20833333333333331,4.390779363336993
MORA_WS_006_01,MORA,Mount Rainier National Park,0.19510642751047247,4.869064545920363,14.688958546348626,9.722222222222221,0.9372844074520839,98.79253567508232,0.8409740772045968,94.7310647639956,0.5453621454687697,81.44895718990121,0.09722222222222221,1.4270032930845227
MORA_WS_007_01,MORA,Mount Rainier National Park,-1.9459993201409735,3.844092272834749,13.308742055367206,18.055555555555557,0.9089845004740146,97.3655323819978,0.8272223038877371,93.7431394072448,0.5301780651152945,79.80241492864984,0.18055555555555558,2.7442371020856204
MORA_WS_008_01,MORA,Mount Rainier National Park,-4.36940477494938,0.3400149897365022,8.903926419325169,47.22222222222222,0.8769533179803658,94.7310647639956,0.7802090550933478,85.07135016465422,0.4817196710902036,66.52030735455543,0.4722222222222222,14.818880351262347
MORA_WS_009_01,MORA,Mount Rainier National Park,-10.323851453201529,-5.461231626044145,2.2518676790108367,81.94444444444444,0.7982508590825523,83.53457738748628,0.7023753121616975,55.98243688254665,0.40853883671461344,32.82107574094402,0.8194444444444444,61.361141602634476
MORA_WS_010_01,MORA,Mount Rainier National Park,-1.8143329107593822,4.055856792346891,14.135115398568601,20.833333333333332,0.9107247915090196,97.58507135016465,0.830063490664544,93.85290889132821,0.5392691890999223,81.0098792535675,0.20833333333333331,4.390779363336993
MORA_WS_011_01,MORA,Mount Rainier National Park,-8.900148304138405,-3.8213431310792516,4.339076380051289,79.16666666666667,0.817068550234456,88.80351262349066,0.7243772486431537,65.64215148188804,0.4315007016380904,45.00548847420417,0.7916666666666667,56.42151481888035
MORA_WS_012_01,MORA,Mount Rainier National Park,-10.323851453201529,-5.461231626044145,2.2518676790108367,81.94444444444444,0.7982508590825523,83.53457738748628,0.7023753121616975,55.98243688254665,0.40853883671461344,32.82107574094402,0.8194444444444444,61.361141602634476
MORA_WS_013_01,MORA,Mount Rainier National Park,-12.384679248081088,-8.069654935640774,-0.8461361943759914,90.27777777777777,0.7710120200121873,75.41163556531284,0.6673788083440869,39.40724478594951,0.37445698067517846,18.22173435784852,0.9027777777777777,81.33918770581778
MORR_WS_001_01,MORR,Morristown National Historic Park,-13.113772983769817,-4.9883334406211635,7.12238752502799,59.72222222222222,0.7613752774454473,72.44785949506037,0.7087200580818127,60.5927552140505,0.4621205502996567,55.32381997804611,0.5972222222222222,26.454445664105382
MORR_WS_002_01,MORR,Morristown National Historic Park,-11.280203858125422,-2.401535506099992,10.06366741216579,59.72222222222222,0.7856103418510769,79.25356750823272,0.7434264201426767,74.86278814489572,0.4944782495737787,70.69154774972559,0.5972222222222222,26.454445664105382
MORR_WS_003_01,MORR,Morristown National Historic Park,-9.348321005684323,-0.05055603220772671,11.945340715901022,51.388888888888886,0.8111448606746238,87.26673984632272,0.7749688702620624,83.97365532381997,0.5151789721267955,76.50933040614709,0.5138888888888888,17.672886937431397
MORR_WS_004_01,MORR,Morristown National Historic Park,-9.348321005684323,-0.05055603220772671,11.945340715901022,51.388888888888886,0.8111448606746238,87.26673984632272,0.7749688702620624,83.97365532381997,0.5151789721267955,76.50933040614709,0.5138888888888888,17.672886937431397
MORR_WS_005_01,MORR,Morristown National Historic Park,-9.348321005684323,-0.05055603220772671,11.945340715901022,51.388888888888886,0.8111448606746238,87.26673984632272,0.7749688702620624,83.97365532381997,0.5151789721267955,76.50933040614709,0.5138888888888888,17.672886937431397
MORR_WS_007_01,MORR,Morristown National Historic Park,-9.348321005684323,-0.05055603220772671,11.945340715901022,51.388888888888886,0.8111448606746238,87.26673984632272,0.7749688702620624,83.97365532381997,0.5151789721267955,76.50933040614709,0.5138888888888888,17.672886937431397
MORR_WS_008_01,MORR,Morristown National Historic Park,-9.348321005684323,-0.05055603220772671,11.945340715901022,51.388888888888886,0.8111448606746238,87.26673984632272,0.7749688702620624,83.97365532381997,0.5151789721267955,76.50933040614709,0.5138888888888888,17.672886937431397
MORU_WS_002_01,MORU,Mount Rushmore National Memorial,-46.25872309707064,-29.64633575594395,-11.543106217731342,98.61111111111111,0.32328434894831737,9.440175631174535,0.3778903691321713,8.342480790340286,0.2567771431753025,8.67178924259056,0.9861111111111112,95.82875960482986
MORU_WS_002_02,MORU,Mount Rushmore National Memorial,-46.25872309707064,-29.64633575594395,-11.543106217731342,98.61111111111111,0.32328434894831737,9.440175631174535,0.3778903691321713,8.342480790340286,0.2567771431753025,8.67178924259056,0.9861111111111112,95.82875960482986
NABR_WS_001_01,NABR,Natural Bridges National Monument,-34.988309793794734,-13.278898099930197,8.18558696789451,81.94444444444444,0.4722502038281888,18.22173435784852,0.5974878141886524,24.259055982436884,0.4738170528974311,62.019758507135016,0.8194444444444444,61.361141602634476
NABR_WS_001_02,NABR,Natural Bridges National Monument,-34.988309793794734,-13.278898099930197,8.18558696789451,81.94444444444444,0.4722502038281888,18.22173435784852,0.5974878141886524,24.259055982436884,0.4738170528974311,62.019758507135016,0.8194444444444444,61.361141602634476
NATC_WS_001_01,NATC,Natchez National Historical Park,-23.69157198277018,-6.788692356037824,8.309804837172088,72.22222222222223,0.6215640009436771,31.06476399560922,0.684565133754675,43.90779363336993,0.4751836023632378,62.45883644346871,0.7222222222222223,44.89571899012075
NATR_WS_002_01,NATR,Natchez Trace Parkway,-19.579627747974303,-9.350393747217256,-1.206966030465666,91.66666666666667,0.6759133199679124,39.62678375411636,0.650195485168053,32.27222832052689,0.3704874083211914,17.34357848518112,0.9166666666666667,82.98572996706916
NATR_WS_005_01,NATR,Natchez Trace Parkway,-14.5463221657125,-3.3039699641424494,9.3100901535906,65.27777777777777,0.7424406645077369,59.385290889132825,0.731318703254918,68.1668496158068,0.48618797212707104,69.15477497255763,0.6527777777777777,33.15038419319429
NATR_WS_012_01,NATR,Natchez Trace Parkway,-13.210806722103458,-5.000762769473748,3.363078915232916,75,0.7600927411804411,72.1185510428101,0.7085532971680303,60.48298572996706,0.42076352813855306,39.51701427003293,0.75,50.49396267837542
NATR_WS_013_01,NATR,Natchez Trace Parkway,-12.943030400773276,-4.640047329631291,4.670121649111739,70.83333333333333,0.7636320549172269,73.65532381997805,0.7133929178005685,61.58068057080131,0.43514260709197866,48.847420417124034,0.7083333333333333,40.61470911086718
NATR_WS_014_01,NATR,Natchez Trace Parkway,-24.839644911724818,-8.08865191083276,2.9598294109178713,83.33333333333333,0.6063894318552077,28.54006586169045,0.6671239311113987,39.29747530186608,0.41632728721835877,37.54116355653128,0.8333333333333333,64.21514818880351
NATR_WS_020_01,NATR,Natchez Trace Parkway,-17.08623629595251,-5.043702823738571,4.513374379449669,75,0.7088695372073128,50.60373216245884,0.7079771821764648,60.37321624588364,0.4334181941804619,47.530186608122946,0.75,50.49396267837542
NATR_WS_020_02,NATR,Natchez Trace Parkway,-17.08623629595251,-5.043702823738571,4.513374379449669,75,0.7088695372073128,50.60373216245884,0.7079771821764648,60.37321624588364,0.4334181941804619,47.530186608122946,0.75,50.49396267837542
NAVA_WS_001_01,NAVA,Navajo National Monument,-40.04985867065759,-22.409899694473125,-2.785584653419282,91.66666666666667,0.4053495556293363,13.50164654226125,0.4749796572547814,12.733260153677278,0.3531206602964841,14.270032930845225,0.9166666666666667,82.98572996706916
NEPE_WS_001_01,NEPE,Nez Perce National Historical Park,-16.917927738979934,-6.457736529710403,5.8456278333319185,76.38888888888889,0.7110941431200108,51.26234906695939,0.6890054777728087,45.1152579582876,0.4480746220866078,52.030735455543365,0.7638888888888888,52.57958287596048
NEPE_WS_002_01,NEPE,Nez Perce National Historical Park,-12.353380272640175,3.2245494994679547,23.99130453947743,40.27777777777778,0.7714257119068816,75.74094401756312,0.8189100675442208,92.64544456641055,0.6476994019487727,92.75521405049396,0.4027777777777778,10.208562019758508
NEPE_WS_003_01,NEPE,Nez Perce National Historical Park,-12.353380272640175,3.2245494994679547,23.99130453947743,40.27777777777778,0.7714257119068816,75.74094401756312,0.8189100675442208,92.64544456641055,0.6476994019487727,92.75521405049396,0.4027777777777778,10.208562019758508
NEPE_WS_004_01,NEPE,Nez Perce National Historical Park,-12.353380272640175,3.2245494994679547,23.99130453947743,40.27777777777778,0.7714257119068816,75.74094401756312,0.8189100675442208,92.64544456641055,0.6476994019487727,92.75521405049396,0.4027777777777778,10.208562019758508
NEPE_WS_005_01,NEPE,Nez Perce National Historical Park,-24.607536627700373,-13.433312923326108,0.29396582680757616,88.88888888888889,0.6094573059450028,28.869374313940728,0.5954160726363557,24.039517014270036,0.3869995062962869,23.380900109769485,0.8888888888888888,77.82656421514818
NERI_WS_003_01,NERI,New River Gorge National Park and Preserve,-17.428105638764045,-9.216005993258262,0.8964561724800426,88.88888888888889,0.7043509044350491,48.07903402854007,0.6519985289942459,33.69923161361142,0.39362764172334497,25.795828759604827,0.8888888888888888,77.82656421514818
NERI_WS_005_01,NERI,New River Gorge National Park and Preserve,-19.896514553772292,-9.55058837309536,0.25310177712877396,88.88888888888889,0.6717248920322546,38.30954994511526,0.6475095284972043,31.94291986827662,0.38654995144895266,23.161361141602637,0.8888888888888888,77.82656421514818
NERI_WS_006_01,NERI,New River Gorge National Park and Preserve,-17.428105638764045,-9.216005993258262,0.8964561724800426,88.88888888888889,0.7043509044350491,48.07903402854007,0.6519985289942459,33.69923161361142,0.39362764172334497,25.795828759604827,0.8888888888888888,77.82656421514818
NICO_WS_001_01,NICO,Nicodemus National Historic Site,-45.26949675755219,-36.995933109458115,-22.373714194376234,100,0.33635937498070073,11.086717892425906,0.2792828268310963,4.061470911086718,0.13762712369000513,3.1833150384193196,1,100
NIOB_WS_001_01,NIOB,Niobrara National Scenic River,-44.48466336429167,-31.066400834399904,-14.588564702649471,98.61111111111111,0.34673285235187584,11.306256860592754,0.3588377434495996,7.025246981339188,0.22327335108882462,6.586169045005488,0.9861111111111112,95.82875960482986
NOCA_WS_001_01,NOCA,North Cascades National Park,-4.674284661918988,1.3557391974318063,9.265667978087642,38.888888888888886,0.8729235906069335,94.40175631174533,0.7938367496402675,87.81558726673985,0.4856992735158601,68.93523600439077,0.38888888888888884,9.11086717892426
NOCA_WS_002_01,NOCA,North Cascades National Park,-5.627579361690459,0.25037446352098514,8.034468985805079,47.22222222222222,0.860323488367326,92.53567508232712,0.7790063726121829,84.9615806805708,0.47215456907848374,61.25137211855104,0.4722222222222222,14.818880351262347
NOCA_WS_003_01,NOCA,North Cascades National Park,-4.674284661918988,1.3557391974318063,9.265667978087642,38.888888888888886,0.8729235906069335,94.40175631174533,0.7938367496402675,87.81558726673985,0.4856992735158601,68.93523600439077,0.38888888888888884,9.11086717892426
NOCA_WS_004_01,NOCA,North Cascades National Park,-1.5987117679342497,4.144504304339814,12.959759461276782,18.055555555555557,0.9135747480285187,97.80461031833151,0.8312528501448355,93.96267837541163,0.5263388270064489,78.48518111964874,0.18055555555555558,2.7442371020856204
NOCA_WS_005_01,NOCA,North Cascades National Park,-4.674284661918988,1.3557391974318063,9.265667978087642,38.888888888888886,0.8729235906069335,94.40175631174533,0.7938367496402675,87.81558726673985,0.4856992735158601,68.93523600439077,0.38888888888888884,9.11086717892426
NOCA_WS_006_01,NOCA,North Cascades National Park,-10.024522922810434,-3.860776122485178,5.494754136023101,75,0.8022072118106891,84.85181119648738,0.7238481869570385,65.5323819978046,0.44421457951454024,51.15257958287596,0.75,50.49396267837542
NOCA_WS_007_01,NOCA,North Cascades National Park,-1.2390626180679918,4.545534299136333,11.430379417178914,22.22222222222222,0.9183283840864859,97.91437980241493,0.8366333601610734,94.18221734357849,0.5095137639584983,74.20417124039517,0.2222222222222222,4.720087815587267
NOCA_WS_009_01,NOCA,North Cascades National Park,-5.355794902170135,-0.10164059962084444,6.4016105245354185,50,0.8639157793744129,92.75521405049396,0.7742834825598759,83.42480790340285,0.454191116066746,53.45773874862788,0.5,16.465422612513724
NOCA_WS_010_01,NOCA,North Cascades National Park,1.6623123336194305,7.451466911589005,17.035603658506794,4.166666666666667,0.9566770930801068,99.01207464324918,0.8756214651175293,97.47530186608124,0.5711781302631284,84.85181119648738,0.04166666666666667,1.0976948408342482
NOCA_WS_013_01,NOCA,North Cascades National Park,-4.674284661918988,1.3557391974318063,9.265667978087642,38.888888888888886,0.8729235906069335,94.40175631174533,0.7938367496402675,87.81558726673985,0.4856992735158601,68.93523600439077,0.38888888888888884,9.11086717892426
NOCA_WS_019_01,NOCA,North Cascades National Park,-5.627579361690459,0.25037446352098514,8.034468985805079,47.22222222222222,0.860323488367326,92.53567508232712,0.7790063726121829,84.9615806805708,0.47215456907848374,61.25137211855104,0.4722222222222222,14.818880351262347
OLYM_WS_002_01,OLYM,Olympic National Park,-3.9515448136618363,1.3556036275986543,11.316139326238883,31.944444444444443,0.8824763511361396,94.95060373216246,0.7938349307368073,87.37650933040615,0.5082569823363716,73.98463227222832,0.3194444444444444,6.695938529088913
OLYM_WS_005_01,OLYM,Olympic National Park,3.9721062335104147,11.219173176352056,21.58423331375849,0,0.9872066232432608,99.89023051591658,0.9261717520258326,99.67069154774973,0.6212186555248074,90.66959385290889,0,0.5488474204171241
OLYM_WS_006_01,OLYM,Olympic National Park,3.9721062335104147,11.219173176352056,21.58423331375849,0,0.9872066232432608,99.89023051591658,0.9261717520258326,99.67069154774973,0.6212186555248074,90.66959385290889,0,0.5488474204171241
OLYM_WS_008_01,OLYM,Olympic National Park,3.9721062335104147,11.219173176352056,21.58423331375849,0,0.9872066232432608,99.89023051591658,0.9261717520258326,99.67069154774973,0.6212186555248074,90.66959385290889,0,0.5488474204171241
OLYM_WS_010_01,OLYM,Olympic National Park,-0.469892220096187,5.908479759026732,16.87679479913098,13.88888888888889,0.9284948369750288,98.57299670691548,0.8549196275068538,96.4873765093304,0.5694310373270836,84.63227222832053,0.1388888888888889,2.0856201975850714
OLYM_WS_011_01,OLYM,Olympic National Park,-0.469892220096187,5.908479759026732,16.87679479913098,13.88888888888889,0.9284948369750288,98.57299670691548,0.8549196275068538,96.4873765093304,0.5694310373270836,84.63227222832053,0.1388888888888889,2.0856201975850714
OLYM_WS_012_01,OLYM,Olympic National Park,-2.8774728406366754,3.774623710211411,14.80879151673843,18.055555555555557,0.896672818058759,96.37760702524699,0.8262902631380216,93.63336992316135,0.5466804556492985,81.55872667398462,0.18055555555555558,2.7442371020856204
OLYM_WS_013_01,OLYM,Olympic National Park,-0.5126444269633856,5.622806591870573,13.439662244223015,11.11111111111111,0.927929762840425,98.2436882546652,0.8510868285711184,95.93852908891328,0.5316183483465616,80.13172338090011,0.1111111111111111,1.5367727771679474
OLYM_WS_015_01,OLYM,Olympic National Park,1.3150070232286706,6.480323053300985,14.846610276996389,6.944444444444445,0.9520866108081177,98.90230515916575,0.8625918929545349,97.03622392974754,0.547096508564459,81.66849615806807,0.06944444444444445,1.2074643249176729
OLYM_WS_015_02,OLYM,Olympic National Park,-0.469892220096187,5.908479759026732,16.87679479913098,13.88888888888889,0.9284948369750288,98.57299670691548,0.8549196275068538,96.4873765093304,0.5694310373270836,84.63227222832053,0.1388888888888889,2.0856201975850714
OLYM_WS_016_01,OLYM,Olympic National Park,3.210946474256478,9.47660519807144,19.912989497810276,1.3888888888888888,0.9771460503799335,99.34138309549945,0.9027921929335722,98.79253567508232,0.6028329163618431,89.24259055982436,0.013888888888888888,0.8781558726673985
OLYM_WS_016_02,OLYM,Olympic National Park,3.210946474256478,9.47660519807144,19.912989497810276,1.3888888888888888,0.9771460503799335,99.34138309549945,0.9027921929335722,98.79253567508232,0.6028329163618431,89.24259055982436,0.013888888888888888,0.8781558726673985
OLYM_WS_017_01,OLYM,Olympic National Park,4.940023637866262,11.337078060779346,21.222863534212223,1.3888888888888888,1,100,0.9277536496889893,99.78046103183314,0.6172431431281641,90.12074643249177,0.013888888888888888,0.8781558726673985
OLYM_WS_018_01,OLYM,Olympic National Park,3.9721062335104147,11.219173176352056,21.58423331375849,0,0.9872066232432608,99.89023051591658,0.9261717520258326,99.67069154774973,0.6212186555248074,90.66959385290889,0,0.5488474204171241
OLYM_WS_019_01,OLYM,Olympic National Park,-3.0083896123629867,2.673886838259863,9.083291442277853,26.38888888888889,0.8949424353040595,95.93852908891328,0.8115219768710988,91.32821075740945,0.483692907128834,67.17892425905599,0.2638888888888889,5.26893523600439
OLYM_WS_020_01,OLYM,Olympic National Park,-3.357386193909818,1.8711940341368982,8.621490774688953,36.111111111111114,0.8903295987805608,95.60922063666301,0.8007524665387433,88.9132821075741,0.4786125313401254,65.09330406147092,0.36111111111111116,7.793633369923161
OLYM_WS_021_01,OLYM,Olympic National Park,-1.8525278233650622,3.1389856303598167,10.247959332058242,29.166666666666668,0.9102199530745041,97.47530186608124,0.8177620804591201,92.31613611416026,0.4965056875434217,71.6794731064764,0.2916666666666667,5.598243688254665
OLYM_WS_022_01,OLYM,Olympic National Park,-1.7408904969130352,3.323394131860165,11.042502070868224,22.22222222222222,0.9116955111861659,97.69484083424807,0.8202362390065511,92.97475301866082,0.5052466356984335,73.65532381997805,0.2222222222222222,4.720087815587267
OLYM_WS_023_01,OLYM,Olympic National Park,3.601591037795624,9.650807883714656,18.861122775509887,0,0.9823093660273614,99.45115257958288,0.9051294228343791,98.90230515916575,0.5912610876401048,86.7178924259056,0,0.5488474204171241
OLYM_WS_024_01,OLYM,Olympic National Park,-4.862112308935123,0.35913265768334945,9.226759532410425,47.22222222222222,0.8704409925641713,93.85290889132821,0.780465551627796,85.18111964873765,0.4852712327197589,68.49615806805708,0.4722222222222222,14.818880351262347
ORCA_WS_001_01,ORCA,Oregon Caves National Monument,-6.324345950218352,0.8534333429834156,9.150654122215077,44.44444444444444,0.8511140274789999,91.65751920965971,0.7870974490489345,86.05927552140506,0.4844339795270234,67.61800219538968,0.4444444444444444,12.952799121844127
ORCA_WS_003_01,ORCA,Oregon Caves National Monument,-6.324345950218352,0.8534333429834156,9.150654122215077,44.44444444444444,0.8511140274789999,91.65751920965971,0.7870974490489345,86.05927552140506,0.4844339795270234,67.61800219538968,0.4444444444444444,12.952799121844127
ORPI_WS_001_01,ORPI,Organ Pipe Cactus National Monument,-36.184363320021525,-21.80420992069719,0.5139265797197533,88.88888888888889,0.45644145474135,17.34357848518112,0.4831060316826787,13.940724478594952,0.3894193453350557,24.807903402854006,0.8888888888888888,77.82656421514818
ORPI_WS_001_02,ORPI,Organ Pipe Cactus National Monument,-36.184363320021525,-21.80420992069719,0.5139265797197533,88.88888888888889,0.45644145474135,17.34357848518112,0.4831060316826787,13.940724478594952,0.3894193453350557,24.807903402854006,0.8888888888888888,77.82656421514818
PECO_WS_001_01,PECO,Pecos National Historical Park,-53.91164830473979,-41.73338493926492,-28.510834356483816,100,0.22213237561644428,3.4028540065861685,0.21572172827872238,2.0856201975850714,0.0701112475290758,1.5367727771679474,1,100
PECO_WS_002_01,PECO,Pecos National Historical Park,-51.024638622575345,-41.268131804993125,-29.292635726615124,100,0.26029121272183137,4.939626783754116,0.22196390263354984,2.4149286498353457,0.0615104701132881,1.3172338090010975,1,100
PECO_WS_003_01,PECO,Pecos National Historical Park,-57.8589389880764,-46.65181876815159,-32.210766386827856,100,0.16995935273966337,1.9758507135016465,0.14973244362694704,1.2074643249176729,0.02940744083046663,0.5488474204171241,1,100
PECO_WS_004_01,PECO,Pecos National Historical Park,-56.60493274723688,-44.69112158627223,-30.783314992587147,100,0.1865340875488168,2.7442371020856204,0.1760385827257541,1.4270032930845227,0.045111163262749054,0.7683863885839737,1,100
PECO_WS_005_01,PECO,Pecos National Historical Park,-57.8589389880764,-46.65181876815159,-32.210766386827856,100,0.16995935273966337,1.9758507135016465,0.14973244362694704,1.2074643249176729,0.02940744083046663,0.5488474204171241,1,100
PECO_WS_006_01,PECO,Pecos National Historical Park,-57.8589389880764,-46.65181876815159,-32.210766386827856,100,0.16995935273966337,1.9758507135016465,0.14973244362694704,1.2074643249176729,0.02940744083046663,0.5488474204171241,1,100
PETE_WS_002_01,PETE,Petersburg National Battlefield,-26.51772774270646,-12.439195238950012,-2.1214552430896747,91.66666666666667,0.5842094960578439,26.454445664105382,0.6087538783553983,26.015367727771682,0.3604269013082694,15.257958287596049,0.9166666666666667,82.98572996706916
PETE_WS_005_01,PETE,Petersburg National Battlefield,-22.85747465928663,-9.593243914553625,0.3128382880224699,88.88888888888889,0.6325886206716532,31.94291986827662,0.6469372307363331,31.833150384193193,0.38720712660036755,23.71020856201976,0.8888888888888888,77.82656421514818
PINN_WS_001_01,PINN,Pinnacles National Park,-38.44060250136054,-9.323810979789922,23.907425573520587,62.5,0.426619780112618,15.697036223929747,0.6505521389053244,32.711306256860595,0.646776630073942,92.09659714599341,0.625,29.637760702524695
PINN_WS_002_01,PINN,Pinnacles National Park,-38.453550940761936,-8.162768817218478,27.23740678214139,61.111111111111114,0.42644863507180314,15.477497255762898,0.6661295248017577,39.18770581778266,0.6834105223492817,95.49945115257958,0.6111111111111112,27.771679473106474
PINN_WS_003_01,PINN,Pinnacles National Park,-38.453550940761936,-8.162768817218478,27.23740678214139,61.111111111111114,0.42644863507180314,15.477497255762898,0.6661295248017577,39.18770581778266,0.6834105223492817,95.49945115257958,0.6111111111111112,27.771679473106474
PINN_WS_004_01,PINN,Pinnacles National Park,-38.44060250136054,-9.323810979789922,23.907425573520587,62.5,0.426619780112618,15.697036223929747,0.6505521389053244,32.711306256860595,0.646776630073942,92.09659714599341,0.625,29.637760702524695
PIRO_WS_001_01,PIRO,Pictured Rocks National Lakeshore,-2.932572000585343,7.452507497839633,14.870146071199656,18.055555555555557,0.8959445489843204,96.26783754116356,0.8756354263793223,97.80461031833151,0.5473554312716579,81.99780461031834,0.18055555555555558,2.7442371020856204
PIRO_WS_005_01,PIRO,Pictured Rocks National Lakeshore,-17.512794763747245,-8.644799627395798,-0.5945876480686034,93.05555555555556,0.7032315321846557,47.74972557628979,0.6596622489472166,36.77277716794731,0.37722432432372116,19.758507135016465,0.9305555555555556,86.2788144895719
PIRO_WS_007_01,PIRO,Pictured Rocks National Lakeshore,-1.2278505257307373,8.587677890087383,16.724684091512092,13.88888888888889,0.9184765790883077,98.02414928649836,0.890865697792623,98.46322722283205,0.5677576323053345,84.08342480790341,0.1388888888888889,2.0856201975850714
PIRO_WS_008_01,PIRO,Pictured Rocks National Lakeshore,-2.932572000585343,7.452507497839633,14.870146071199656,18.055555555555557,0.8959445489843204,96.26783754116356,0.8756354263793223,97.80461031833151,0.5473554312716579,81.99780461031834,0.18055555555555558,2.7442371020856204
PIRO_WS_009_01,PIRO,Pictured Rocks National Lakeshore,-2.932572000585343,7.452507497839633,14.870146071199656,18.055555555555557,0.8959445489843204,96.26783754116356,0.8756354263793223,97.80461031833151,0.5473554312716579,81.99780461031834,0.18055555555555558,2.7442371020856204
PIRO_WS_010_01,PIRO,Pictured Rocks National Lakeshore,-11.732235363357225,-2.0590276880039187,6.678365095108041,62.5,0.7796356488387169,77.93633369923162,0.7480217540823255,77.38748627881449,0.4572357570091087,54.4456641053787,0.625,29.637760702524695
PIRO_WS_011_01,PIRO,Pictured Rocks National Lakeshore,-2.1626032450757946,8.069046648731943,15.697882314480616,13.88888888888889,0.9061215541046145,97.25576289791438,0.8839073639396586,98.13391877058177,0.5564615488347981,82.87596048298573,0.1388888888888889,2.0856201975850714
PIRO_WS_012_01,PIRO,Pictured Rocks National Lakeshore,-15.32383104144034,-6.324308548011268,1.3796268749441538,84.72222222222223,0.7321639984057209,57.84851811196488,0.690795644596472,46.65203073545554,0.3989431142007411,27.0032930845225,0.8472222222222223,67.72777167947311
PIRO_WS_013_01,PIRO,Pictured Rocks National Lakeshore,-15.32383104144034,-6.324308548011268,1.3796268749441538,84.72222222222223,0.7321639984057209,57.84851811196488,0.690795644596472,46.65203073545554,0.3989431142007411,27.0032930845225,0.8472222222222223,67.72777167947311
PIRO_WS_018_01,PIRO,Pictured Rocks National Lakeshore,-16.409336164463852,-7.195857897351751,0.632629990239189,88.88888888888889,0.7178164146679821,52.79912184412733,0.6791023047849416,42.4807903402854,0.3907252289665989,24.91767288693743,0.8888888888888888,77.82656421514818
PIRO_WS_019_01,PIRO,Pictured Rocks National Lakeshore,-3.3704977252220125,6.439548868717317,14.2222527164752,19.444444444444443,0.8901562980844686,95.49945115257958,0.8620448368455081,96.9264544456641,0.54022780685701,81.22941822173436,0.19444444444444442,3.0735455543358947
PIRO_WS_020_01,PIRO,Pictured Rocks National Lakeshore,-3.3704977252220125,6.439548868717317,14.2222527164752,19.444444444444443,0.8901562980844686,95.49945115257958,0.8620448368455081,96.9264544456641,0.54022780685701,81.22941822173436,0.19444444444444442,3.0735455543358947
PISP_WS_001_01,PISP,Pipe Spring National Monument,-55.59877188895999,-39.0291862751038,-19.190966003113576,98.61111111111111,0.1998329443313198,2.8540065861690453,0.2520032238955237,3.1833150384193196,0.172641271540569,4.281009879253568,0.9861111111111112,95.82875960482986
PORE_WS_004_01,PORE,Point Reyes National Seashore,-18.598380573672085,0.43650665348855444,17.256166775425267,50,0.6888828819737618,44.01756311745334,0.7815036574174578,85.40065861690451,0.5736045960474356,85.29088913282108,0.5,16.465422612513724
PORE_WS_005_01,PORE,Point Reyes National Seashore,-19.70593433344779,0.05391538793432717,17.984145015668798,47.22222222222222,0.6742438720092873,39.40724478594951,0.7763705348003225,84.41273326015367,0.5816132527818435,85.94950603732163,0.4722222222222222,14.818880351262347
PORE_WS_006_01,PORE,Point Reyes National Seashore,-18.03304262290804,2.1187865569884003,19.576860377325758,40.27777777777778,0.6963551945558676,46.32272228320527,0.8040743478604235,89.46212952799122,0.5991350822844147,88.03512623490668,0.4027777777777778,10.208562019758508
PORE_WS_007_01,PORE,Point Reyes National Seashore,-18.598380573672085,0.43650665348855444,17.256166775425267,50,0.6888828819737618,44.01756311745334,0.7815036574174578,85.40065861690451,0.5736045960474356,85.29088913282108,0.5,16.465422612513724
PORE_WS_008_01,PORE,Point Reyes National Seashore,-20.3617249856097,1.3954446012480464,21.59094312550452,41.666666666666664,0.6655760075314928,35.89462129527991,0.7943694662093621,88.03512623490668,0.6212924717133359,90.88913282107573,0.41666666666666663,10.867178924259056
PORE_WS_008_02,PORE,Point Reyes National Seashore,-20.3617249856097,1.3954446012480464,21.59094312550452,41.666666666666664,0.6655760075314928,35.89462129527991,0.7943694662093621,88.03512623490668,0.6212924717133359,90.88913282107573,0.41666666666666663,10.867178924259056
PORE_WS_009_01,PORE,Point Reyes National Seashore,-19.55841607119021,2.2409900360299035,23.639574699299228,37.5,0.6761936837381265,39.736553238199775,0.8057139185946165,89.57189901207464,0.6438299407512883,91.76728869374314,0.375,8.232711306256862
PORE_WS_010_01,PORE,Point Reyes National Seashore,-20.12141633125649,0.9011035976082336,19.009968810772115,44.44444444444444,0.668752269410048,37.32162458836443,0.7877370278480604,86.49835345773876,0.5928985772473409,87.26673984632272,0.4444444444444444,12.952799121844127
PORE_WS_012_01,PORE,Point Reyes National Seashore,-18.424132285233615,1.4954561775426856,18.963744285090165,44.44444444444444,0.6911859958481259,44.45664105378705,0.7957112942396223,88.14489571899013,0.5923900505655905,86.82766190998902,0.4444444444444444,12.952799121844127
PORE_WS_013_01,PORE,Point Reyes National Seashore,-20.12141633125649,0.9011035976082336,19.009968810772115,44.44444444444444,0.668752269410048,37.32162458836443,0.7877370278480604,86.49835345773876,0.5928985772473409,87.26673984632272,0.4444444444444444,12.952799121844127
PORE_WS_014_01,PORE,Point Reyes National Seashore,-18.623228369657756,2.100075018034325,19.60515848682112,40.27777777777778,0.6885544580667335,43.7980241492865,0.8038233002478561,89.3523600439078,0.5994463963219129,88.14489571899013,0.4027777777777778,10.208562019758508
PORE_WS_015_01,PORE,Point Reyes National Seashore,-19.821683081389853,1.8328058087501538,23.688700826761018,37.5,0.6727139714879414,38.85839736553238,0.8002374221932355,88.80351262349066,0.6443703886242915,91.87705817782657,0.375,8.232711306256862
PORE_WS_016_01,PORE,Point Reyes National Seashore,-19.45886751849119,1.9250686312671879,20.852572165017076,38.888888888888886,0.6775094593761462,40.61470911086718,0.8014752873083653,89.02305159165752,0.6131694822635128,89.90120746432491,0.38888888888888884,9.11086717892426
PORE_WS_017_01,PORE,Point Reyes National Seashore,-17.68528044862977,0.9683070825107267,18.794200784117905,50,0.7009517153925248,46.76180021953897,0.7886386786680382,86.93743139407245,0.5905248633583707,86.60812294182217,0.5,16.465422612513724
PORE_WS_019_01,PORE,Point Reyes National Seashore,-20.12141633125649,0.9011035976082336,19.009968810772115,44.44444444444444,0.668752269410048,37.32162458836443,0.7877370278480604,86.49835345773876,0.5928985772473409,87.26673984632272,0.4444444444444444,12.952799121844127
PORE_WS_020_01,PORE,Point Reyes National Seashore,-20.12141633125649,0.9011035976082336,19.009968810772115,44.44444444444444,0.668752269410048,37.32162458836443,0.7877370278480604,86.49835345773876,0.5928985772473409,87.26673984632272,0.4444444444444444,12.952799121844127
REDW_WS_004_01,REDW,Redwood National Park,-4.740907443013297,2.275119663894962,10.61275312721962,40.27777777777778,0.8720430089216723,93.96267837541163,0.8061718264991651,89.68166849615807,0.5005188683265617,72.88693743139407,0.4027777777777778,10.208562019758508
REDW_WS_005_01,REDW,Redwood National Park,-5.834642327191293,2.00409590742875,11.336069470025302,40.27777777777778,0.8575866489241065,92.31613611416026,0.8025355747094586,89.13282107574094,0.5084762384506744,74.09440175631174,0.4027777777777778,10.208562019758508
REDW_WS_006_01,REDW,Redwood National Park,-4.959104023936608,2.751711034390884,10.841858315681172,36.111111111111114,0.8691590117394521,93.63336992316135,0.8125661228756916,91.76728869374314,0.5030393074125522,73.21624588364435,0.36111111111111116,7.793633369923161
REDW_WS_007_01,REDW,Redwood National Park,-4.446591359234413,2.435264667822431,11.04978151462442,37.5,0.8759331100071642,94.62129527991219,0.8083204483201324,90.12074643249177,0.5053267185402522,73.76509330406147,0.375,8.232711306256862
REDW_WS_008_01,REDW,Redwood National Park,-4.959104023936608,2.751711034390884,10.841858315681172,36.111111111111114,0.8691590117394521,93.63336992316135,0.8125661228756916,91.76728869374314,0.5030393074125522,73.21624588364435,0.36111111111111116,7.793633369923161
REDW_WS_009_01,REDW,Redwood National Park,-6.321026152112734,0.9190692884867245,9.075513704563447,44.44444444444444,0.8511579066651065,91.76728869374314,0.7879780686205079,86.7178924259056,0.4836073424401091,67.06915477497256,0.4444444444444444,12.952799121844127
REDW_WS_010_01,REDW,Redwood National Park,-5.073309268869843,2.3944322885713842,11.025599218457204,36.111111111111114,0.8676495123550505,93.19429198682766,0.8077726114291324,90.01097694840834,0.50506068351565,73.54555433589462,0.36111111111111116,7.793633369923161
RICH_WS_002_01,RICH,Richmond National Battlefield Park,-26.60007119432611,-13.690238785730335,0.29545485173867647,88.88888888888889,0.5831211275717729,26.23490669593853,0.5919689684445659,23.81997804610318,0.3870158874034174,23.600439077936333,0.8888888888888888,77.82656421514818
RICH_WS_003_01,RICH,Richmond National Battlefield Park,-27.089246984023408,-13.738967888684092,-0.2660852569533718,90.27777777777777,0.5766554827246924,25.795828759604827,0.591315183366325,23.600439077936333,0.38083825499010204,21.185510428100987,0.9027777777777777,81.33918770581778
RICH_WS_004_01,RICH,Richmond National Battlefield Park,-26.60007119432611,-13.690238785730335,0.29545485173867647,88.88888888888889,0.5831211275717729,26.23490669593853,0.5919689684445659,23.81997804610318,0.3870158874034174,23.600439077936333,0.8888888888888888,77.82656421514818
RICH_WS_007_01,RICH,Richmond National Battlefield Park,-28.091781653210298,-15.238979523692036,-1.650210481439748,93.05555555555556,0.5634045548284877,24.478594950603732,0.5711899365484939,21.185510428100987,0.3656111737566871,16.245883644346872,0.9305555555555556,86.2788144895719
ROMO_WS_002_01,ROMO,Rocky Mountain National Park,-18.48056410557834,-7.7516066542404145,7.0216769884763535,72.22222222222223,0.6904401124333946,44.2371020856202,0.6716459753538516,40.83424807903403,0.46101261042976405,54.88474204171241,0.7222222222222223,44.89571899012075
ROMO_WS_003_01,ROMO,Rocky Mountain National Park,-22.92175911035561,-14.742739824896278,-4.682063546493097,98.61111111111111,0.6317389456906842,31.833150384193193,0.5778478491846303,21.734357848518112,0.33225705803606886,12.843029637760702,0.9861111111111112,95.82875960482986
ROMO_WS_004_01,ROMO,Rocky Mountain National Park,-17.92425350445706,-6.183114804112748,8.236450567293126,66.66666666666667,0.6977931066887765,46.54226125137212,0.6926900025326198,49.176728869374315,0.47437661510044926,62.34906695938529,0.6666666666666667,35.455543358946215
ROMO_WS_005_01,ROMO,Rocky Mountain National Park,-24.202597712773787,-12.445857631497438,-1.5228018618391024,93.05555555555556,0.6148095561254493,29.308452250274424,0.6086644908524717,25.905598243688253,0.3670128254036443,16.355653128430298,0.9305555555555556,86.2788144895719
ROMO_WS_006_01,ROMO,Rocky Mountain National Park,-22.059593716647118,-11.993973928212592,-0.04382250388903801,90.27777777777777,0.6431345530624473,33.69923161361142,0.6147272911996936,27.113062568605926,0.3832834188641503,22.063666300768386,0.9027777777777777,81.33918770581778
ROMO_WS_006_02,ROMO,Rocky Mountain National Park,-22.059593716647118,-11.993973928212592,-0.04382250388903801,90.27777777777777,0.6431345530624473,33.69923161361142,0.6147272911996936,27.113062568605926,0.3832834188641503,22.063666300768386,0.9027777777777777,81.33918770581778
ROMO_WS_007_01,ROMO,Rocky Mountain National Park,-22.059593716647118,-11.993973928212592,-0.04382250388903801,90.27777777777777,0.6431345530624473,33.69923161361142,0.6147272911996936,27.113062568605926,0.3832834188641503,22.063666300768386,0.9027777777777777,81.33918770581778
ROMO_WS_008_01,ROMO,Rocky Mountain National Park,-25.574638261108262,-17.64302055251981,-8.513578411760239,100,0.5966747115804774,27.332601536772778,0.5389355740247691,18.111964873765093,0.2901056781837802,9.989023051591657,1,100
ROMO_WS_010_01,ROMO,Rocky Mountain National Park,-17.079087448311075,-7.893098736238461,5.822100901983315,68.05555555555556,0.7089640265726677,50.82327113062569,0.6697476146968262,40.28540065861691,0.44781579688171996,51.92096597145993,0.6805555555555556,37.102085620197585
ROMO_WS_012_01,ROMO,Rocky Mountain National Park,-25.061716840244326,-16.285120031223517,-5.714486031331567,98.61111111111111,0.6034542125525477,28.43029637760702,0.5571541548059806,19.538968166849617,0.32089913986094626,11.745334796926453,0.9861111111111112,95.82875960482986
ROMO_WS_013_01,ROMO,Rocky Mountain National Park,-29.614112061593545,-18.314444169679895,-5.256794608532545,95.83333333333333,0.5432832651657103,22.502744237102085,0.5299272665561433,16.794731064763997,0.3259343088987652,12.074643249176729,0.9583333333333333,89.3523600439078
ROMO_WS_014_01,ROMO,Rocky Mountain National Park,-25.061716840244326,-16.285120031223517,-5.714486031331567,98.61111111111111,0.6034542125525477,28.43029637760702,0.5571541548059806,19.538968166849617,0.32089913986094626,11.745334796926453,0.9861111111111112,95.82875960482986
ROMO_WS_015_01,ROMO,Rocky Mountain National Park,-29.614112061593545,-18.314444169679895,-5.256794608532545,95.83333333333333,0.5432832651657103,22.502744237102085,0.5299272665561433,16.794731064763997,0.3259343088987652,12.074643249176729,0.9583333333333333,89.3523600439078
ROMO_WS_016_01,ROMO,Rocky Mountain National Park,-18.31630009137671,-8.453710225862146,3.3526728592501067,77.77777777777777,0.6926112599009354,44.6761800219539,0.6622260433074624,37.211855104281014,0.42064904871359454,39.40724478594951,0.7777777777777777,54.55543358946213
ROMO_WS_017_01,ROMO,Rocky Mountain National Park,-22.059593716647118,-11.993973928212592,-0.04382250388903801,90.27777777777777,0.6431345530624473,33.69923161361142,0.6147272911996936,27.113062568605926,0.3832834188641503,22.063666300768386,0.9027777777777777,81.33918770581778
ROMO_WS_018_01,ROMO,Rocky Mountain National Park,-24.562808541391885,-17.193957476679888,-6.219630782433812,98.61111111111111,0.6100484961200913,28.979143798024147,0.5449605307831912,18.441273326015367,0.31534192579997045,11.525795828759605,0.9861111111111112,95.82875960482986
ROMO_WS_019_01,ROMO,Rocky Mountain National Park,-22.059593716647118,-11.993973928212592,-0.04382250388903801,90.27777777777777,0.6431345530624473,33.69923161361142,0.6147272911996936,27.113062568605926,0.3832834188641503,22.063666300768386,0.9027777777777777,81.33918770581778
ROMO_WS_020_01,ROMO,Rocky Mountain National Park,-25.391529247329043,-18.20429288793589,-8.248783084951707,100,0.599094941437168,27.661909989023055,0.5314051362477252,17.12403951701427,0.29301875272372174,10.318331503841932,1,100
SACR_WS_001_01,SACR,Saint Croix Island International Historic Site,-10.064050648951522,-2.5134044491134944,4.4548311165461545,70.83333333333333,0.801684757011773,84.19319429198683,0.7419255050585182,72.77716794731064,0.43277414622574606,45.44456641053787,0.7083333333333333,40.61470911086718
SAGA_WS_002_01,SAGA,Saint-Gaudens National Historic Site,-18.91057266972304,-12.446704292653509,-2.723243078916062,94.44444444444444,0.6847565060172163,43.24917672886938,0.6086531314307584,25.795828759604827,0.3538064943542601,14.37980241492865,0.9444444444444444,88.03512623490668
SAGA_WS_003_01,SAGA,Saint-Gaudens National Historic Site,-17.0804995004331,-9.923735270266233,-0.7332243316326178,90.27777777777777,0.7089453628781045,50.713501646542255,0.6425031183937041,30.954994511525797,0.37569915015218336,18.331503841931944,0.9027777777777777,81.33918770581778
SAGU_WS_003_01,SAGU,Saguaro National Park,-26.410971657124566,-11.501892983201216,9.274174544560534,80.55555555555556,0.5856205367290599,26.5642151481888,0.621329406971051,28.43029637760702,0.48579285621806706,69.0450054884742,0.8055555555555556,58.507135016465426
SAGU_WS_005_01,SAGU,Saguaro National Park,-57.57775947368806,-43.81941246315372,-26.359781812520154,98.61111111111111,0.17367582219011302,2.0856201975850714,0.18773406617846894,1.5367727771679474,0.09377547331213888,2.305159165751921,0.9861111111111112,95.82875960482986
SAJH_WS_001_01,SAJH,San Juan Island National Historical Park,-12.099851616219548,0.9193176208586762,20.755756910271035,45.833333333333336,0.7747767081857195,76.18002195389681,0.7879814004281831,86.82766190998902,0.6121043952883087,89.7914379802415,0.45833333333333337,14.1602634467618
SAJH_WS_002_01,SAJH,San Juan Island National Historical Park,-13.023419593919646,-3.41560990030018,12.36608426857903,65.27777777777777,0.7625695166980941,73.10647639956093,0.7298208606932572,67.39846322722283,0.5198076691129667,77.71679473106477,0.6527777777777777,33.15038419319429
SAJH_WS_003_01,SAJH,San Juan Island National Historical Park,-13.023419593919646,-3.41560990030018,12.36608426857903,65.27777777777777,0.7625695166980941,73.10647639956093,0.7298208606932572,67.39846322722283,0.5198076691129667,77.71679473106477,0.6527777777777777,33.15038419319429
SAMO_WS_001_01,SAMO,Santa Monica Mountains National Recreation Area,-29.797859617041073,0.9032533721510034,37.73839441721775,50,0.5408545954317112,22.283205268935234,0.7877658707865193,86.60812294182217,0.7989343123370908,98.35345773874863,0.5,16.465422612513724
SAMO_WS_003_01,SAMO,Santa Monica Mountains National Recreation Area,-33.85923527882793,-7.110398935069834,37.07061461183071,58.333333333333336,0.48717366278387925,18.990120746432492,0.6802488843637795,42.81009879253567,0.7915879124862857,98.2436882546652,0.5833333333333334,24.259055982436884
SAND_WS_001_01,SAND,Sand Creek Massacre National Historic Site,-28.466535715335624,-20.880532972476345,-12.153502387026041,100,0.5584512707090866,23.71020856201976,0.495498753264993,14.270032930845225,0.2500620339568684,8.01317233809001,1,100
SAPU_WS_001_01,SAPU,Salinas Pueblo Missions National Monument,-44.089562627852494,-29.586954775081402,-16.428732448069656,98.61111111111111,0.3519550671352699,11.525795828759605,0.37868706754987214,8.45225027442371,0.20302924076779424,5.817782656421515,0.9861111111111112,95.82875960482986
SAPU_WS_002_01,SAPU,Salinas Pueblo Missions National Monument,-52.0995518122741,-37.848350428657156,-22.852466099479475,100,0.2460836270800003,4.171240395170143,0.26784617624766016,3.293084522502744,0.13236026342281768,3.0735455543358947,1,100
SAPU_WS_003_01,SAPU,Salinas Pueblo Missions National Monument,-40.783610844700334,-30.018308947832196,-18.13959608379049,98.61111111111111,0.39565124049794087,12.623490669593854,0.3728997063121941,7.903402854006586,0.18420763481802624,4.939626783754116,0.9861111111111112,95.82875960482986
SARA_WS_001_01,SARA,Saratoga National Historical Park,-18.369254629039133,-9.295319588420133,3.341674032966309,87.5,0.691911337213064,44.56641053787047,0.6509344001292497,32.82107574094402,0.4205280480856653,39.29747530186608,0.875,73.8748627881449
SEKI_WS_002_01,SEKI,Sequoia & Kings Canyon National Parks,-19.540588907270934,-5.3779878678193,12.014554039102766,70.83333333333333,0.6764293129596872,40.17563117453348,0.7034921709521361,57.409440175631175,0.5159404038789107,77.16794731064765,0.7083333333333333,40.61470911086718
SEKI_WS_003_01,SEKI,Sequoia & Kings Canyon National Parks,-19.540588907270934,-5.3779878678193,12.014554039102766,70.83333333333333,0.6764293129596872,40.17563117453348,0.7034921709521361,57.409440175631175,0.5159404038789107,77.16794731064765,0.7083333333333333,40.61470911086718
SEKI_WS_004_01,SEKI,Sequoia & Kings Canyon National Parks,-19.540588907270934,-5.3779878678193,12.014554039102766,70.83333333333333,0.6764293129596872,40.17563117453348,0.7034921709521361,57.409440175631175,0.5159404038789107,77.16794731064765,0.7083333333333333,40.61470911086718
SEKI_WS_006_01,SEKI,Sequoia & Kings Canyon National Parks,-15.233850429397824,-2.340474999599736,13.149765303341074,58.333333333333336,0.7333533104952457,58.17782656421515,0.7442456522975878,75.52140504939628,0.5284291251534319,79.03402854006586,0.5833333333333334,24.259055982436884
SEKI_WS_007_01,SEKI,Sequoia & Kings Canyon National Parks,-15.473540263471316,-2.2130232929380553,13.379710483568957,59.72222222222222,0.7301852278280029,57.29967069154775,0.7459556370697437,76.61909989023052,0.5309588051828248,80.02195389681668,0.5972222222222222,26.454445664105382
SEKI_WS_010_01,SEKI,Sequoia & Kings Canyon National Parks,-20.08394322575352,-6.424947809072081,5.97376525046068,76.38888888888889,0.6692475674125296,37.43139407244786,0.6894453950909726,45.664105378704726,0.44948429140347446,52.25027442371021,0.7638888888888888,52.57958287596048
SEKI_WS_011_01,SEKI,Sequoia & Kings Canyon National Parks,-16.441381927224626,-3.2059662196686407,11.511065889358676,65.27777777777777,0.7173928521670799,52.689352360043905,0.7326335927534895,68.71569703622393,0.5104014144720382,74.86278814489572,0.6527777777777777,33.15038419319429
SEKI_WS_012_01,SEKI,Sequoia & Kings Canyon National Parks,-19.407385579502268,-5.4829282935677774,11.759814483796017,70.83333333333333,0.6781899180998852,41.27332601536773,0.7020842138936262,55.762897914379806,0.5131379552034601,75.6311745334797,0.7083333333333333,40.61470911086718
SEKI_WS_013_01,SEKI,Sequoia & Kings Canyon National Parks,-19.540588907270934,-5.3779878678193,12.014554039102766,70.83333333333333,0.6764293129596872,40.17563117453348,0.7034921709521361,57.409440175631175,0.5159404038789107,77.16794731064765,0.7083333333333333,40.61470911086718
SEKI_WS_014_01,SEKI,Sequoia & Kings Canyon National Parks,-16.871639685403363,-3.7397808872137466,9.947569338003733,65.27777777777777,0.7117059520471736,51.37211855104281,0.7254715470142464,65.8616904500549,0.4932010278491586,70.03293084522502,0.6527777777777777,33.15038419319429
SEKI_WS_015_01,SEKI,Sequoia & Kings Canyon National Parks,-17.745880654407205,-4.599193834116901,8.802510620927626,66.66666666666667,0.7001507366514073,46.65203073545554,0.713941038002712,61.690450054884735,0.48060397247187664,66.19099890230515,0.6666666666666667,35.455543358946215
SEKI_WS_016_01,SEKI,Sequoia & Kings Canyon National Parks,-16.441381927224626,-3.2059662196686407,11.511065889358676,65.27777777777777,0.7173928521670799,52.689352360043905,0.7326335927534895,68.71569703622393,0.5104014144720382,74.86278814489572,0.6527777777777777,33.15038419319429
SEKI_WS_019_01,SEKI,Sequoia & Kings Canyon National Parks,-19.414836453828617,-6.9298881635398475,10.156626517422074,69.44444444444444,0.6780914367191443,41.1635565312843,0.682670748131722,43.7980241492865,0.49550091415793746,71.35016465422612,0.6944444444444444,38.96816684961581
SEKI_WS_020_01,SEKI,Sequoia & Kings Canyon National Parks,-18.089943319029334,-5.766865230949084,10.187271737314186,70.83333333333333,0.6956031138102126,46.10318331503842,0.698274709479037,51.92096597145993,0.4958380492989332,71.56970362239298,0.7083333333333333,40.61470911086718
SEKI_WS_021_01,SEKI,Sequoia & Kings Canyon National Parks,-18.941855618366798,-7.160966742070274,6.646799115109353,76.38888888888889,0.6843430259555289,43.13940724478595,0.679570429895048,42.590559824368825,0.45688849237354745,54.335894621295274,0.7638888888888888,52.57958287596048
SEKI_WS_022_01,SEKI,Sequoia & Kings Canyon National Parks,-18.089943319029334,-5.766865230949084,10.187271737314186,70.83333333333333,0.6956031138102126,46.10318331503842,0.698274709479037,51.92096597145993,0.4958380492989332,71.56970362239298,0.7083333333333333,40.61470911086718
SHEN_WS_001_03,SHEN,Shenandoah National Park,-19.49663537207284,-8.05875355743706,1.5980953388709342,86.11111111111111,0.6770102655627184,40.50493962678375,0.6675250691609258,39.736553238199775,0.4013465362237643,28.10098792535675,0.8611111111111112,70.801317233809
SHEN_WS_001_04,SHEN,Shenandoah National Park,-19.49663537207284,-8.05875355743706,1.5980953388709342,86.11111111111111,0.6770102655627184,40.50493962678375,0.6675250691609258,39.736553238199775,0.4013465362237643,28.10098792535675,0.8611111111111112,70.801317233809
SHEN_WS_001_05,SHEN,Shenandoah National Park,-19.49663537207284,-8.05875355743706,1.5980953388709342,86.11111111111111,0.6770102655627184,40.50493962678375,0.6675250691609258,39.736553238199775,0.4013465362237643,28.10098792535675,0.8611111111111112,70.801317233809
SHEN_WS_002_01,SHEN,Shenandoah National Park,-19.66742429560985,-7.832062607996225,1.6582486808787762,86.11111111111111,0.6747528755882702,39.51701427003293,0.6705665197753014,40.724478594950604,0.40200829703052565,28.3205268935236,0.8611111111111112,70.801317233809
SHEN_WS_003_01,SHEN,Shenandoah National Park,-24.633588117412405,-14.267168916716171,-1.9920995368277503,91.66666666666667,0.609112972305107,28.7596048298573,0.5842284542967059,22.502744237102085,0.361849973305232,15.587266739846322,0.9166666666666667,82.98572996706916
SHEN_WS_005_01,SHEN,Shenandoah National Park,-18.544338839167608,-10.205266291391045,1.8827770823691505,87.5,0.6895971746055423,44.12733260153677,0.6387258935010567,30.845225027442368,0.40447838582611956,30.62568605927552,0.875,73.8748627881449
SHEN_WS_006_01,SHEN,Shenandoah National Park,-18.97374417837425,-7.510162186248859,1.3139796114584323,84.72222222222223,0.6839215412704005,42.590559824368825,0.6748853699010173,41.49286498353458,0.39822091349507927,26.5642151481888,0.8472222222222223,67.72777167947311
SHEN_WS_007_01,SHEN,Shenandoah National Park,-20.202813873355016,-8.700464612647925,2.6824883734600706,86.11111111111111,0.6676764034131637,36.44346871569704,0.6589154070286843,36.66300768386389,0.4132761944183582,36.88254665203073,0.8611111111111112,70.801317233809
SHEN_WS_007_02,SHEN,Shenandoah National Park,-20.202813873355016,-8.700464612647925,2.6824883734600706,86.11111111111111,0.6676764034131637,36.44346871569704,0.6589154070286843,36.66300768386389,0.4132761944183582,36.88254665203073,0.8611111111111112,70.801317233809
SHEN_WS_008_01,SHEN,Shenandoah National Park,-17.675335831237614,-8.746088244649586,3.6074124476840552,84.72222222222223,0.7010831576379342,47.09110867178924,0.6583032872068575,36.44346871569704,0.42345149775348534,41.1635565312843,0.8472222222222223,67.72777167947311
SHEN_WS_008_02,SHEN,Shenandoah National Park,-17.675335831237614,-8.746088244649586,3.6074124476840552,84.72222222222223,0.7010831576379342,47.09110867178924,0.6583032872068575,36.44346871569704,0.42345149775348534,41.1635565312843,0.8472222222222223,67.72777167947311
SHEN_WS_009_02,SHEN,Shenandoah National Park,-19.713270655239516,-11.592328793318973,-0.11850039353282293,90.27777777777777,0.6741469047182066,39.29747530186608,0.6201160543827688,27.881448957189903,0.3824618701546628,21.514818880351264,0.9027777777777777,81.33918770581778
SHEN_WS_010_01,SHEN,Shenandoah National Park,-18.949627123877903,-9.005968362898015,2.765732086629822,86.11111111111111,0.6842403066558002,43.02963776070253,0.6548165465704963,34.79692645444567,0.4141919777305779,37.102085620197585,0.8611111111111112,70.801317233809
SHEN_WS_011_01,SHEN,Shenandoah National Park,-21.926390203154302,-10.524608960335211,1.424328391267392,88.88888888888889,0.6448951606574405,33.80900109769484,0.6344413600467996,29.967069154774972,0.3994348859048248,27.113062568605926,0.8888888888888888,77.82656421514818
SHEN_WS_012_01,SHEN,Shenandoah National Park,-19.866941065779727,-8.464843682520746,2.2842998226787814,84.72222222222223,0.672115777424125,38.52908891328211,0.6620766687573184,37.102085620197585,0.40889563021672515,33.80900109769484,0.8472222222222223,67.72777167947311
SHEN_WS_013_02,SHEN,Shenandoah National Park,-19.95089979328923,-9.226273094981794,2.268474915377752,87.5,0.6710060591483592,37.980241492864984,0.6518607780918747,33.260153677277714,0.4087215367570286,33.260153677277714,0.875,73.8748627881449
SHEN_WS_013_03,SHEN,Shenandoah National Park,-19.95089979328923,-9.226273094981794,2.268474915377752,87.5,0.6710060591483592,37.980241492864984,0.6518607780918747,33.260153677277714,0.4087215367570286,33.260153677277714,0.875,73.8748627881449
SHEN_WS_013_04,SHEN,Shenandoah National Park,-19.95089979328923,-9.226273094981794,2.268474915377752,87.5,0.6710060591483592,37.980241492864984,0.6518607780918747,33.260153677277714,0.4087215367570286,33.260153677277714,0.875,73.8748627881449
SHEN_WS_013_05,SHEN,Shenandoah National Park,-19.95089979328923,-9.226273094981794,2.268474915377752,87.5,0.6710060591483592,37.980241492864984,0.6518607780918747,33.260153677277714,0.4087215367570286,33.260153677277714,0.875,73.8748627881449
SHEN_WS_015_01,SHEN,Shenandoah National Park,-18.74867828726433,-8.472142839481032,1.6549248961108838,87.5,0.6868963330523261,43.578485181119646,0.6619787379600103,36.99231613611416,0.4019717313067257,28.210757409440173,0.875,73.8748627881449
SHEN_WS_016_01,SHEN,Shenandoah National Park,-17.675335831237614,-8.746088244649586,3.6074124476840552,84.72222222222223,0.7010831576379342,47.09110867178924,0.6583032872068575,36.44346871569704,0.42345149775348534,41.1635565312843,0.8472222222222223,67.72777167947311
SHEN_WS_017_01,SHEN,Shenandoah National Park,-18.949627123877903,-9.005968362898015,2.765732086629822,86.11111111111111,0.6842403066558002,43.02963776070253,0.6548165465704963,34.79692645444567,0.4141919777305779,37.102085620197585,0.8611111111111112,70.801317233809
SLBE_WS_002_01,SLBE,Sleeping Bear Dunes National Lakeshore,-13.337152223594142,-4.816593650518318,2.082243749925654,80.55555555555556,0.7584227788522347,70.58177826564214,0.7110242439851734,61.47091108671789,0.40667276469915,31.94291986827662,0.8055555555555556,58.507135016465426
SLBE_WS_002_01,SLBE,Sleeping Bear Dunes National Lakeshore,-13.337152223594142,-4.816593650518318,2.082243749925654,80.55555555555556,0.7584227788522347,70.58177826564214,0.7110242439851734,61.47091108671789,0.40667276469915,31.94291986827662,0.8055555555555556,58.507135016465426
SLBE_WS_003_01,SLBE,Sleeping Bear Dunes National Lakeshore,-15.46449415394298,-6.727440125013581,0.05725630474758655,88.88888888888889,0.7303047941121278,57.5192096597146,0.6853869382252111,44.2371020856202,0.38439541018029577,22.722283205268933,0.8888888888888888,77.82656421514818
SLBE_WS_004_01,SLBE,Sleeping Bear Dunes National Lakeshore,-15.46449415394298,-6.727440125013581,0.05725630474758655,88.88888888888889,0.7303047941121278,57.5192096597146,0.6853869382252111,44.2371020856202,0.38439541018029577,22.722283205268933,0.8888888888888888,77.82656421514818
SLBE_WS_005_01,SLBE,Sleeping Bear Dunes National Lakeshore,-10.815513880071798,-2.447984238345282,4.620177357812459,65.27777777777777,0.7917523472924165,81.44895718990121,0.7428032301760155,73.8748627881449,0.43459315840965895,48.51811196487377,0.6527777777777777,33.15038419319429
SLBE_WS_007_01,SLBE,Sleeping Bear Dunes National Lakeshore,-11.509382273208955,-2.3805625585476076,4.301212581417042,65.27777777777777,0.7825811930874722,78.59495060373216,0.7437078084573658,75.30186608122942,0.4310841532453514,44.2371020856202,0.6527777777777777,33.15038419319429
SLBE_WS_008_01,SLBE,Sleeping Bear Dunes National Lakeshore,-11.509382273208955,-2.3805625585476076,4.301212581417042,65.27777777777777,0.7825811930874722,78.59495060373216,0.7437078084573658,75.30186608122942,0.4310841532453514,44.2371020856202,0.6527777777777777,33.15038419319429
SLBE_WS_010_01,SLBE,Sleeping Bear Dunes National Lakeshore,-10.815513880071798,-2.447984238345282,4.620177357812459,65.27777777777777,0.7917523472924165,81.44895718990121,0.7428032301760155,73.8748627881449,0.43459315840965895,48.51811196487377,0.6527777777777777,33.15038419319429
SLBE_WS_011_01,SLBE,Sleeping Bear Dunes National Lakeshore,-11.509382273208955,-2.3805625585476076,4.301212581417042,65.27777777777777,0.7825811930874722,78.59495060373216,0.7437078084573658,75.30186608122942,0.4310841532453514,44.2371020856202,0.6527777777777777,33.15038419319429
SLBE_WS_013_01,SLBE,Sleeping Bear Dunes National Lakeshore,-10.43060204829176,-2.8812771507467394,4.3258004898198505,69.44444444444444,0.7968398909815041,83.31503841931944,0.7369898573974437,70.801317233809,0.43135465050382615,44.78594950603732,0.6944444444444444,38.96816684961581
SLBE_WS_014_01,SLBE,Sleeping Bear Dunes National Lakeshore,-10.43060204829176,-2.8812771507467394,4.3258004898198505,69.44444444444444,0.7968398909815041,83.31503841931944,0.7369898573974437,70.801317233809,0.43135465050382615,44.78594950603732,0.6944444444444444,38.96816684961581
SLBE_WS_015_01,SLBE,Sleeping Bear Dunes National Lakeshore,-11.509382273208955,-2.3805625585476076,4.301212581417042,65.27777777777777,0.7825811930874722,78.59495060373216,0.7437078084573658,75.30186608122942,0.4310841532453514,44.2371020856202,0.6527777777777777,33.15038419319429
SLBE_WS_017_01,SLBE,Sleeping Bear Dunes National Lakeshore,-7.67457458462551,0.02409944222365546,7.270461153747358,48.611111111111114,0.8332674802943214,90.88913282107573,0.7759705023922199,84.30296377607024,0.4637495424841413,56.75082327113062,0.48611111111111116,15.257958287596049
SLBE_WS_018_01,SLBE,Sleeping Bear Dunes National Lakeshore,-8.701453035876067,-1.0165041621187672,6.320928495371591,55.55555555555556,0.8196947902578525,89.13282107574094,0.7620090077690098,80.68057080131723,0.45330351443185035,53.238199780461024,0.5555555555555556,20.74643249176729
SLBE_WS_019_01,SLBE,Sleeping Bear Dunes National Lakeshore,-8.701453035876067,-1.0165041621187672,6.320928495371591,55.55555555555556,0.8196947902578525,89.13282107574094,0.7620090077690098,80.68057080131723,0.45330351443185035,53.238199780461024,0.5555555555555556,20.74643249176729
SLBE_WS_020_01,SLBE,Sleeping Bear Dunes National Lakeshore,-13.415983393933425,-4.01724025863727,2.968224839754543,69.44444444444444,0.7573808336844069,69.59385290889134,0.7217489503346619,64.76399560922064,0.4164196472697644,38.090010976948406,0.6944444444444444,38.96816684961581
SLBE_WS_021_01,SLBE,Sleeping Bear Dunes National Lakeshore,-13.415983393933425,-4.01724025863727,2.968224839754543,69.44444444444444,0.7573808336844069,69.59385290889134,0.7217489503346619,64.76399560922064,0.4164196472697644,38.090010976948406,0.6944444444444444,38.96816684961581
SLBE_WS_022_01,SLBE,Sleeping Bear Dunes National Lakeshore,-13.415983393933425,-4.01724025863727,2.968224839754543,69.44444444444444,0.7573808336844069,69.59385290889134,0.7217489503346619,64.76399560922064,0.4164196472697644,38.090010976948406,0.6944444444444444,38.96816684961581
STRI_WS_001_01,STRI,Stones River National Battlefield,-12.408356775431047,-2.960142445483521,7.177635764049163,59.72222222222222,0.7706990640443611,75.30186608122942,0.7359317432569289,69.70362239297475,0.46272834893571635,55.54335894621295,0.5972222222222222,26.454445664105382
THRO_WS_001_01,THRO,Theodore Roosevelt National Park,-4.891157350361657,8.251397505793207,32.274487724702496,29.166666666666668,0.8700570918757319,93.7431394072448,0.8863539156330937,98.2436882546652,0.7388246130216962,97.25576289791438,0.2916666666666667,5.598243688254665
THRO_WS_002_01,THRO,Theodore Roosevelt National Park,-5.6077930312566355,8.020250724727816,33.402420185198054,30.555555555555557,0.8605850127274979,92.64544456641055,0.8832526823416176,98.02414928649836,0.7512332584953344,97.69484083424807,0.3055555555555556,6.0373216245883645
THRO_WS_004_01,THRO,Theodore Roosevelt National Park,-3.7213797623497293,9.782166781702486,34.811704452907406,20.833333333333332,0.8855185406911769,95.27991218441272,0.9068918293264523,99.12184412733261,0.7667371201732741,97.91437980241493,0.20833333333333331,4.390779363336993
THRO_WS_007_01,THRO,Theodore Roosevelt National Park,-3.7213797623497293,9.782166781702486,34.811704452907406,20.833333333333332,0.8855185406911769,95.27991218441272,0.9068918293264523,99.12184412733261,0.7667371201732741,97.91437980241493,0.20833333333333331,4.390779363336993
THRO_WS_008_01,THRO,Theodore Roosevelt National Park,-3.0425279911014798,9.868049738361318,32.46319485512723,19.444444444444443,0.8944912138061296,95.82875960482986,0.9080440975221553,99.23161361141602,0.7409006237420184,97.3655323819978,0.19444444444444442,3.0735455543358947
THST_WS_001_01,THST,Thomas Stone National Historic Site,-21.755656853275728,-6.530050049989529,4.965270524614802,84.72222222222223,0.6471518160911656,34.24807903402854,0.6880352670024931,44.89571899012075,0.4383896080307152,49.72557628979144,0.8472222222222223,67.72777167947311
TICA_WS_001_01,TICA,Timpanogos Cave National Monument,-20.250857675824864,-11.538651934261697,-4.862727170832077,97.22222222222223,0.6670413880047652,36.11416026344676,0.6208362221546194,28.10098792535675,0.3302695357836992,12.513721185510429,0.9722222222222223,92.53567508232712
TIMU_WS_002_01,TIMU,Timucuan Ecological and Historic Preserve,-30.965411579264206,-5.968272379273172,23.981317804961883,63.888888888888886,0.5254225636606416,21.185510428100987,0.69557248472537625,49.83534577387486,0.6475895355761104,92.42590559824369,0.6388888888888888,31.613611416026345
TIMU_WS_003_01,TIMU,Timucuan Ecological and Historic Preserve,-30.965411579264206,-5.968272379273172,23.981317804961883,63.888888888888886,0.5254225636606416,21.185510428100987,0.69557248472537625,49.83534577387486,0.6475895355761104,92.42590559824369,0.6388888888888888,31.613611416026345
TIMU_WS_006_01,TIMU,Timucuan Ecological and Historic Preserve,-31.59631109714513,-2.8248977524679266,26.931576954477382,63.888888888888886,0.5170836959105907,20.30735455543359,0.7377462844006222,71.02085620197585,0.6800460177892487,94.29198682766192,0.6388888888888888,31.613611416026345
TIMU_WS_007_01,TIMU,Timucuan Ecological and Historic Preserve,-31.59631109714513,-2.8248977524679266,26.931576954477382,63.888888888888886,0.5170836959105907,20.30735455543359,0.7377462844006222,71.02085620197585,0.6800460177892487,94.29198682766192,0.6388888888888888,31.613611416026345
TIMU_WS_008_01,TIMU,Timucuan Ecological and Historic Preserve,-30.965411579264206,-5.968272379273172,23.981317804961883,63.888888888888886,0.5254225636606416,21.185510428100987,0.69557248472537625,49.83534577387486,0.6475895355761104,92.42590559824369,0.6388888888888888,31.613611416026345
TIMU_WS_009_01,TIMU,Timucuan Ecological and Historic Preserve,-28.800763031668136,-6.6245429424918925,21.97478143788365,58.333333333333336,0.5540336458570142,23.380900109769485,0.6867674816468609,44.34687156970362,0.6255151656283772,91.10867178924259,0.5833333333333334,24.259055982436884
TONT_WS_001_01,TONT,Tonto National Monument,-57.00316135887184,-41.54392375945021,-16.8037124155759,95.83333333333333,0.18127053030619258,2.634467618002195,0.21826367723243725,2.1953896816684964,0.19890399955037497,5.708013172338091,0.9583333333333333,89.3523600439078
TUMA_WS_001_01,TUMA,Tumacacori National Historical Park,-46.4172042655112,-35.220528652796176,-17.923891526936522,97.22222222222223,0.321189635817234,9.11086717892426,0.3031029439941272,4.939626783754116,0.18658065046106675,5.159165751920966,0.9722222222222223,92.53567508232712
TUMA_WS_002_01,TUMA,Tumacacori National Historical Park,-46.4172042655112,-35.220528652796176,-17.923891526936522,97.22222222222223,0.321189635817234,9.11086717892426,0.3031029439941272,4.939626783754116,0.18658065046106675,5.159165751920966,0.9722222222222223,92.53567508232712
TUZI_WS_001_01,TUZI,Tuzigoot National Monument,-42.81967489996597,-31.986133759377044,-4.916013190410797,93.05555555555556,0.3687397143257229,11.85510428100988,0.34649793775099075,6.915477497255764,0.32968332397686534,12.403951701427003,0.9305555555555556,86.2788144895719
UPDE_WS_001_01,UPDE,Upper Delaware Scenic and Recreation River,-15.993099145173343,-7.001071659546184,3.2053430686848086,79.16666666666667,0.723317996707856,55.214050493962674,0.6817156985887389,43.578485181119646,0.41902823966441893,38.41931942919869,0.7916666666666667,56.42151481888035
UPDE_WS_002_01,UPDE,Upper Delaware Scenic and Recreation River,-12.961370210623999,-4.124913606579787,9.584032116811438,59.72222222222222,0.7633896498359551,73.21624588364435,0.7203043264047723,64.21514818880351,0.48920167092643563,69.4840834248079,0.5972222222222222,26.454445664105382
UPDE_WS_004_01,UPDE,Upper Delaware Scenic and Recreation River,-13.777031306811443,-5.198723533316359,8.415403596840248,61.111111111111114,0.7526087095797093,65.8616904500549,0.7058973116145862,57.958287596048294,0.4763453187044826,63.007683863885845,0.6111111111111112,27.771679473106474
UPDE_WS_005_01,UPDE,Upper Delaware Scenic and Recreation River,-14.446779292065104,-6.311805228770178,7.146808806635381,66.66666666666667,0.7437563650833114,61.58068057080131,0.6909633982191083,47.85949506037321,0.4623892144582756,55.43358946212953,0.6666666666666667,35.455543358946215
VAFO_WS_002_01,VAFO,Valley Forge National Historical Park,-16.141312978103773,-6.451889941429412,7.750112538700203,72.22222222222223,0.7213589913250555,54.4456641053787,0.6890839198524907,45.225027442371015,0.46902629813687297,60.043907793633366,0.7222222222222223,44.89571899012075
VAFO_WS_003_01,VAFO,Valley Forge National Historical Park,-14.80606376701373,-4.8858723552995,7.756248451071006,69.44444444444444,0.7390075490891161,59.16575192096597,0.7100947505063221,61.25137211855104,0.46909380072584284,60.263446761800225,0.6944444444444444,38.96816684961581
VAFO_WS_004_01,VAFO,Valley Forge National Historical Park,-14.80606376701373,-4.8858723552995,7.756248451071006,69.44444444444444,0.7390075490891161,59.16575192096597,0.7100947505063221,61.25137211855104,0.46909380072584284,60.263446761800225,0.6944444444444444,38.96816684961581
VALL_WS_001_01,VALL,Valles Caldera National Preserve,-47.79983259560805,-36.970827800351216,-27.912572053229283,100,0.30291484804932317,7.683863885839736,0.2796196579132176,4.281009879253568,0.07669286928510381,1.756311745334797,1,100
VALL_WS_003_01,VALL,Valles Caldera National Preserve,-47.79983259560805,-36.970827800351216,-27.912572053229283,100,0.30291484804932317,7.683863885839736,0.2796196579132176,4.281009879253568,0.07669286928510381,1.756311745334797,1,100
WACA_WS_001_01,WACA,Walnut Canyon National Monument,-29.928081785833268,-14.947483905287026,3.1840730196431513,84.72222222222223,0.5391333935399578,22.17343578485181,0.575100853723937,21.514818880351264,0.4187942429429761,38.30954994511526,0.8472222222222223,67.72777167947311
WEFA_WS_001_01,WEFA,Weir Farm National Historic Site,-12.081957575768417,-1.5934632316625614,10.087684184254929,55.55555555555556,0.7750132213428975,76.61909989023052,0.7542681053604138,79.25356750823272,0.4947424636297731,71.02085620197585,0.5555555555555556,20.74643249176729
WEFA_WS_003_01,WEFA,Weir Farm National Historic Site,-12.081957575768417,-1.5934632316625614,10.087684184254929,55.55555555555556,0.7750132213428975,76.61909989023052,0.7542681053604138,79.25356750823272,0.4947424636297731,71.02085620197585,0.5555555555555556,20.74643249176729
WEFA_WS_004_01,WEFA,Weir Farm National Historic Site,-12.081957575768417,-1.5934632316625614,10.087684184254929,55.55555555555556,0.7750132213428975,76.61909989023052,0.7542681053604138,79.25356750823272,0.4947424636297731,71.02085620197585,0.5555555555555556,20.74643249176729
WHIS_WS_003_01,WHIS,Whiskeytown National Recreation Area,-16.743048272020346,-7.083186400223569,2.371015291225962,84.72222222222223,0.7134055995498295,52.030735455543365,0.680613987518674,43.13940724478595,0.40984960711159135,34.577387486278816,0.8472222222222223,67.72777167947311
WHIS_WS_005_01,WHIS,Whiskeytown National Recreation Area,-17.65657520967594,-8.447571185352254,1.820541858619128,84.72222222222223,0.7013311247668949,47.42041712403952,0.6623084091389018,37.54116355653128,0.40379372175753936,29.967069154774972,0.8472222222222223,67.72777167947311
WHIS_WS_006_01,WHIS,Whiskeytown National Recreation Area,-18.065849322537233,-10.405993435684834,0.2889137443244978,88.88888888888889,0.6959215744281453,46.212952799121844,0.6360327921759262,30.62568605927552,0.3869439271702029,23.27113062568606,0.8888888888888888,77.82656421514818
WHIS_WS_007_01,WHIS,Whiskeytown National Recreation Area,-17.65657520967594,-8.447571185352254,1.820541858619128,84.72222222222223,0.7013311247668949,47.42041712403952,0.6623084091389018,37.54116355653128,0.40379372175753936,29.967069154774972,0.8472222222222223,67.72777167947311
WHIS_WS_008_01,WHIS,Whiskeytown National Recreation Area,-17.33938756171273,-7.28280080953828,3.2804255503945994,83.33333333333333,0.7055235290616372,49.83534577387486,0.67793581545514,41.93194291986828,0.4198542393846578,39.077936333699235,0.8333333333333333,64.21514818880351
WHIS_WS_010_01,WHIS,Whiskeytown National Recreation Area,-17.65657520967594,-8.447571185352254,1.820541858619128,84.72222222222223,0.7013311247668949,47.42041712403952,0.6623084091389018,37.54116355653128,0.40379372175753936,29.967069154774972,0.8472222222222223,67.72777167947311
WHIS_WS_014_01,WHIS,Whiskeytown National Recreation Area,-17.573004014143773,-7.396930171059338,2.667676017663036,84.72222222222223,0.7024357208673913,47.63995609220636,0.6764045729526373,41.602634467618,0.41311324027158774,36.66300768386389,0.8472222222222223,67.72777167947311
WHMI_WS_001_01,WHMI,Whitman Mission National Historic Site,-44.47891512931228,-30.05816420388753,-16.03222989945984,98.61111111111111,0.34680882922288436,11.416026344676181,0.3723649792164958,7.793633369923161,0.2073912568701871,5.92755214050494,0.9861111111111112,95.82875960482986
WICA_WS_001_01,WICA,Wind Cave National Park,-50.2215550170048,-37.68283394760906,-15.833608244622305,100,0.2709059109254059,5.26893523600439,0.2700668657115083,3.512623490669594,0.2095763395631557,6.147091108671789,1,100
WICA_WS_001_02,WICA,Wind Cave National Park,-50.2215550170048,-37.68283394760906,-15.833608244622305,100,0.2709059109254059,5.26893523600439,0.2700668657115083,3.512623490669594,0.2095763395631557,6.147091108671789,1,100
WUPA_WS_001_01,WUPA,Wupatki National Monument,-36.87722827316641,-23.695103090304563,-6.4968229626687055,94.44444444444444,0.44728356343034287,16.245883644346872,0.45773643396999314,12.184412733260155,0.31229247061265497,11.416026344676181,0.9444444444444444,88.03512623490668
YELL_WS_001_01,YELL,Yellowstone National Park,-12.770852493728595,-4.292645055780707,10.381991030956604,72.22222222222223,0.765907803678533,74.3139407244786,0.7180539193175878,62.67837541163557,0.4979802012152142,72.00878155872668,0.7222222222222223,44.89571899012075
YELL_WS_001_02,YELL,Yellowstone National Park,-12.770852493728595,-4.292645055780707,10.381991030956604,72.22222222222223,0.765907803678533,74.3139407244786,0.7180539193175878,62.67837541163557,0.4979802012152142,72.00878155872668,0.7222222222222223,44.89571899012075
YELL_WS_002_01,YELL,Yellowstone National Park,-22.150886014951745,-12.809591223890166,-1.9552936671261476,93.05555555555556,0.641927903856695,32.711306256860595,0.6037843764906913,25.13721185510428,0.3622548831774733,16.02634467618002,0.9305555555555556,86.2788144895719
YELL_WS_002_02,YELL,Yellowstone National Park,-22.150886014951745,-12.809591223890166,-1.9552936671261476,93.05555555555556,0.641927903856695,32.711306256860595,0.6037843764906913,25.13721185510428,0.3622548831774733,16.02634467618002,0.9305555555555556,86.2788144895719
YELL_WS_003_01,YELL,Yellowstone National Park,-18.125785265068846,-10.713499692486435,0.09778892214198218,88.88888888888889,0.6951293755373862,45.664105378704726,0.631907064633735,29.637760702524695,0.3848413188645309,22.832052689352363,0.8888888888888888,77.82656421514818
YELL_WS_004_01,YELL,Yellowstone National Park,-12.906187103788453,-3.718169775764983,12.075313716382256,66.66666666666667,0.7641190284721666,74.09440175631174,0.7257614973998058,65.97145993413831,0.5166088351200177,77.27771679473106,0.6666666666666667,35.455543358946215
YELL_WS_006_01,YELL,Yellowstone National Park,-19.93165586566504,-11.968862526485658,0.1516509297175429,88.88888888888889,0.6712604143394817,38.199780461031835,0.6150642040248355,27.442371020856204,0.38543386724833206,23.05159165751921,0.8888888888888888,77.82656421514818
YELL_WS_006_02,YELL,Yellowstone National Park,-19.93165586566504,-11.968862526485658,0.1516509297175429,88.88888888888889,0.6712604143394817,38.199780461031835,0.6150642040248355,27.442371020856204,0.38543386724833206,23.05159165751921,0.8888888888888888,77.82656421514818
YELL_WS_007_01,YELL,Yellowstone National Park,-18.858658443890942,-11.262052664066417,-1.1165818666189715,93.05555555555556,0.6854426784603561,43.3589462129528,0.6245472790907094,28.869374313940728,0.37148174538026685,17.45334796926454,0.9305555555555556,86.2788144895719
YELL_WS_008_01,YELL,Yellowstone National Park,-17.959953005450295,-11.10446397509676,1.7210711856222742,87.5,0.6973212511728216,46.43249176728869,0.6266616035313967,29.418221734357846,0.40269942191293706,29.527991218441272,0.875,73.8748627881449
YELL_WS_010_01,YELL,Yellowstone National Park,-12.698921226070986,-2.8963614305121803,11.95059390355632,62.5,0.7668585498926132,74.86278814489572,0.7367874757316861,70.58177826564214,0.5152367636573206,76.72886937431394,0.625,29.637760702524695
YELL_WS_010_02,YELL,Yellowstone National Park,-10.612396311556292,-1.3553838532875486,13.222072976781094,56.94444444444444,0.7944370387425728,82.54665203073546,0.7574623514183836,80.02195389681668,0.5292245985671029,79.69264544456641,0.5694444444444444,22.832052689352363
YELL_WS_011_01,YELL,Yellowstone National Park,-21.514157492417322,-12.27250286447044,2.315327896961538,86.11111111111111,0.6503438160449523,34.46761800219539,0.6109903444605655,26.23490669593853,0.4092369772272857,34.13830954994512,0.8611111111111112,70.801317233809
YELL_WS_011_02,YELL,Yellowstone National Park,-21.514157492417322,-12.27250286447044,2.315327896961538,86.11111111111111,0.6503438160449523,34.46761800219539,0.6109903444605655,26.23490669593853,0.4092369772272857,34.13830954994512,0.8611111111111112,70.801317233809
YELL_WS_012_01,YELL,Yellowstone National Park,-16.35917071977493,-9.325666719584607,3.1146025954395844,86.11111111111111,0.7184794727256082,53.018660812294186,0.6505272409508512,32.491767288693744,0.418029982763367,38.199780461031835,0.8611111111111112,70.801317233809
YELL_WS_013_01,YELL,Yellowstone National Park,-14.456858417243435,-4.974122827046452,10.543568685027035,69.44444444444444,0.7436231449911791,60.37321624588364,0.7089107180066755,60.922063666300765,0.49975775430109776,72.77716794731064,0.6944444444444444,38.96816684961581
YELL_WS_013_02,YELL,Yellowstone National Park,-14.456858417243435,-4.974122827046452,10.543568685027035,69.44444444444444,0.7436231449911791,60.37321624588364,0.7089107180066755,60.922063666300765,0.49975775430109776,72.77716794731064,0.6944444444444444,38.96816684961581
YELL_WS_014_01,YELL,Yellowstone National Park,-13.691103021354165,-7.880674353388286,2.7693018450984366,81.94444444444444,0.7537444603420868,65.97145993413831,0.6699143092514438,40.50493962678375,0.4142312494678627,37.211855104281014,0.8194444444444444,61.361141602634476
YELL_WS_015_01,YELL,Yellowstone National Park,-16.442565006480734,-9.109244554218158,2.235638790979731,84.72222222222223,0.7173772149044495,52.46981339187706,0.6534309180912129,34.357848518111965,0.4083602989696133,32.601536772777166,0.8472222222222223,67.72777167947311
YELL_WS_016_01,YELL,Yellowstone National Park,-17.106694388328226,-10.573131829909551,-0.3488730145164472,90.27777777777777,0.7085991338833217,50.38419319429198,0.6337903419455382,29.857299670691546,0.37992748775080615,20.74643249176729,0.9027777777777777,81.33918770581778
YELL_WS_017_01,YELL,Yellowstone National Park,-14.456858417243435,-4.974122827046452,10.543568685027035,69.44444444444444,0.7436231449911791,60.37321624588364,0.7089107180066755,60.922063666300765,0.49975775430109776,72.77716794731064,0.6944444444444444,38.96816684961581
YELL_WS_018_01,YELL,Yellowstone National Park,-12.698921226070986,-2.8963614305121803,11.95059390355632,62.5,0.7668585498926132,74.86278814489572,0.7367874757316861,70.58177826564214,0.5152367636573206,76.72886937431394,0.625,29.637760702524695
YELL_WS_019_01,YELL,Yellowstone National Park,-15.610303649707458,-9.364175410106895,0.39276016147725723,88.88888888888889,0.7283775678781222,57.189901207464324,0.6500105803574896,32.05268935236004,0.3880863655867637,24.259055982436884,0.8888888888888888,77.82656421514818
YELL_WS_020_01,YELL,Yellowstone National Park,-25.752957216272215,-17.68304956535365,-4.361191120626419,94.44444444444444,0.5943177939695179,26.67398463227223,0.5383985156817844,18.00219538968167,0.3357870496927471,13.062568605927552,0.9444444444444444,88.03512623490668
YELL_WS_022_01,YELL,Yellowstone National Park,-11.453252725782075,-5.155288733168244,4.297418261500203,72.22222222222223,0.7833230812322516,78.70472008781559,0.7064800644766728,58.17782656421515,0.4310424110557163,43.7980241492865,0.7222222222222223,44.89571899012075
YELL_WS_023_01,YELL,Yellowstone National Park,-15.347082127963157,-7.887361380005231,4.311963771975608,77.77777777777777,0.7318566788880108,57.62897914379802,0.6698245912399281,40.39517014270033,0.4312024295754804,44.34687156970362,0.7777777777777777,54.55543358946213
YOSE_WS_001_01,YOSE,Yosemite National Park,-16.3911789317023,-7.111615488484945,2.4110313674805917,84.72222222222223,0.7180564065500713,52.908891328210764,0.6802325621985543,42.700329308452254,0.41028983320746204,35.89462129527991,0.8472222222222223,67.72777167947311
YOSE_WS_006_01,YOSE,Yosemite National Park,-15.256713643479742,-5.516285727293684,4.726595392628339,75,0.7330511176528568,58.068057080131716,0.7016366663071438,54.4456641053787,0.43576388778600067,49.066959385290886,0.75,50.49396267837542
YOSE_WS_007_01,YOSE,Yosemite National Park,-18.258094938618466,-6.575320829028273,4.040689069355288,80.55555555555556,0.6933805822057815,45.225027442371015,0.6874278813125911,44.45664105378705,0.42821807392593797,42.590559824368825,0.8055555555555556,58.507135016465426
YOSE_WS_009_01,YOSE,Yosemite National Park,-15.256713643479742,-5.516285727293684,4.726595392628339,75,0.7330511176528568,58.068057080131716,0.7016366663071438,54.4456641053787,0.43576388778600067,49.066959385290886,0.75,50.49396267837542
YOSE_WS_011_01,YOSE,Yosemite National Park,-13.277183381961729,-4.288223819493698,5.529192662418847,70.83333333333333,0.7592154125844274,71.13062568605928,0.7181132378384842,62.788144895718986,0.4445934456963785,51.26234906695939,0.7083333333333333,40.61470911086718
YOSE_WS_012_01,YOSE,Yosemite National Park,-18.261165783493194,-5.4269647171517414,6.266966678371457,72.22222222222223,0.693339993540605,45.1152579582876,0.7028350619283319,56.2019758507135,0.4527098680215203,53.018660812294186,0.7222222222222223,44.89571899012075
YOSE_WS_014_01,YOSE,Yosemite National Park,-14.161258078532532,-4.298165768962411,7.733200917937751,68.05555555555556,0.7475302206213205,63.88583973655324,0.7179798494151957,62.45883644346871,0.46884024949143044,59.934138309549944,0.6805555555555556,37.102085620197585
YOSE_WS_015_01,YOSE,Yosemite National Park,-12.096732919947561,-4.2514007225159,7.289614943302289,66.66666666666667,0.7748179293232027,76.28979143798024,0.7186072832831859,63.11745334796927,0.46396025774625854,56.86059275521404,0.6666666666666667,35.455543358946215
YOSE_WS_016_01,YOSE,Yosemite National Park,-18.261165783493194,-5.4269647171517414,6.266966678371457,72.22222222222223,0.693339993540605,45.1152579582876,0.7028350619283319,56.2019758507135,0.4527098680215203,53.018660812294186,0.7222222222222223,44.89571899012075
YOSE_WS_017_01,YOSE,Yosemite National Park,-11.024366914611791,-2.140471373261665,7.446742791430146,55.55555555555556,0.7889918477439694,80.46103183315039,0.7469290463797235,77.16794731064765,0.46568885748936517,57.5192096597146,0.5555555555555556,20.74643249176729
YOSE_WS_017_02,YOSE,Yosemite National Park,-11.024366914611791,-2.140471373261665,7.446742791430146,55.55555555555556,0.7889918477439694,80.46103183315039,0.7469290463797235,77.16794731064765,0.46568885748936517,57.5192096597146,0.5555555555555556,20.74643249176729
YOSE_WS_018_01,YOSE,Yosemite National Park,-15.881041844543747,-5.1281530420230155,7.563453606557891,72.22222222222223,0.7247991057971711,56.75082327113062,0.7068441366405979,58.397365532382,0.46697282011885033,58.72667398463227,0.7222222222222223,44.89571899012075
YOSE_WS_020_01,YOSE,Yosemite National Park,-20.299545032175477,-6.743731534337402,6.12095988277318,75,0.6663978664705104,36.00439077936334,0.6851683608315428,44.01756311745334,0.45110361354549866,52.57958287596048,0.75,50.49396267837542
ZION_WS_003_01,ZION,Zion National Park,-49.541563488319056,-29.294300402089974,-12.991061599652365,98.61111111111111,0.2798936487000534,5.708013172338091,0.38261353141942667,8.781558726673985,0.24084785163952152,7.135016465422613,0.9861111111111112,95.82875960482986
ZION_WS_003_02,ZION,Zion National Park,-47.228225261276684,-27.47978510903519,-9.62259358166078,97.22222222222223,0.31047002574538213,8.122941822173436,0.4069583880026646,10.098792535675083,0.27790514619258594,9.220636663007683,0.9722222222222223,92.53567508232712
ZION_WS_003_03,ZION,Zion National Park,-47.228225261276684,-27.47978510903519,-9.62259358166078,97.22222222222223,0.31047002574538213,8.122941822173436,0.4069583880026646,10.098792535675083,0.27790514619258594,9.220636663007683,0.9722222222222223,92.53567508232712
ZION_WS_003_04,ZION,Zion National Park,-49.541563488319056,-29.294300402089974,-12.991061599652365,98.61111111111111,0.2798936487000534,5.708013172338091,0.38261353141942667,8.781558726673985,0.24084785163952152,7.135016465422613,0.9861111111111112,95.82875960482986
ZION_WS_004_01,ZION,Zion National Park,-43.941714806320284,-15.96518606226974,3.5630707887987203,86.11111111111111,0.35390923478946507,11.63556531284303,0.5614466215711261,19.868276619099888,0.4229636849241787,40.724478594950604,0.8611111111111112,70.801317233809
ZION_WS_005_01,ZION,Zion National Park,-47.08893016066499,-30.171212410902225,-12.79185696673798,98.61111111111111,0.3123111484429116,8.232711306256862,0.3708482422690041,7.683863885839736,0.24303934780894185,7.244785949506037,0.9861111111111112,95.82875960482986
ZION_WS_006_01,ZION,Zion National Park,-47.228225261276684,-27.47978510903519,-9.62259358166078,97.22222222222223,0.31047002574538213,8.122941822173436,0.4069583880026646,10.098792535675083,0.27790514619258594,9.220636663007683,0.9722222222222223,92.53567508232712
